model,llm_name,noise_level,language,personality,matchup,nice,forgiving,retaliatory,troublemaking,emulative,coop_rate
Mistral-7B,Mistral-7B-Instruct-v0.3,0,en,selfish,Self vs Self,0,0.0,1.0,1.0,1.0,0.0
Mistral-7B,Mistral-7B-Instruct-v0.3,0,en,selfish,Self vs Self,0,0.0,1.0,1.0,1.0,0.0
Mistral-7B,Mistral-7B-Instruct-v0.3,0,en,cooperative,Coop vs Coop,1,0.0,0.0,0.0,1.0,1.0
Mistral-7B,Mistral-7B-Instruct-v0.3,0,en,cooperative,Coop vs Coop,1,0.0,0.0,0.0,1.0,1.0
Mistral-7B,Mistral-7B-Instruct-v0.3,0,en,selfish,Coop vs Self,0,0.0,0.0,1.0,0.41379310344827586,0.0
Mistral-7B,Mistral-7B-Instruct-v0.3,0,en,cooperative,Coop vs Self,1,0.9411764705882353,0.3333333333333333,0.0,0.4482758620689655,0.5666666666666667
Mistral-7B,Mistral-7B-Instruct-v0.3,0,en,cooperative,Coop vs Self,1,0.9655172413793104,0.03571428571428571,0.0,0.034482758620689655,0.9666666666666667
Mistral-7B,Mistral-7B-Instruct-v0.3,0,en,selfish,Coop vs Self,0,0.0,0.0,1.0,0.034482758620689655,0.0
Mistral-7B,Mistral-7B-Instruct-v0.3,0,en,selfish,Coop vs Self,0,0.0,0.0,1.0,0.1724137931034483,0.0
Mistral-7B,Mistral-7B-Instruct-v0.3,0,en,cooperative,Coop vs Self,1,0.96,0.125,0.0,0.1724137931034483,0.8333333333333334
Mistral-7B,Mistral-7B-Instruct-v0.3,0,en,cooperative,Coop vs Coop,1,1.0,0.0,0.0,0.9655172413793104,1.0
Mistral-7B,Mistral-7B-Instruct-v0.3,0,en,cooperative,Coop vs Coop,0,0.0,0.0,0.03333333333333333,0.9655172413793104,0.9666666666666667
Mistral-7B,Mistral-7B-Instruct-v0.3,0,en,selfish,Self vs Self,0,0.0,1.0,1.0,1.0,0.0
Mistral-7B,Mistral-7B-Instruct-v0.3,0,en,selfish,Self vs Self,0,0.0,1.0,1.0,1.0,0.0
Mistral-7B,Mistral-7B-Instruct-v0.3,0,en,cooperative,Coop vs Self,1,0.9655172413793104,0.03571428571428571,0.0,0.034482758620689655,0.9666666666666667
Mistral-7B,Mistral-7B-Instruct-v0.3,0,en,selfish,Coop vs Self,0,0.0,0.0,1.0,0.034482758620689655,0.0
Mistral-7B,Mistral-7B-Instruct-v0.3,0,en,cooperative,Coop vs Coop,1,0.0,0.0,0.0,1.0,1.0
Mistral-7B,Mistral-7B-Instruct-v0.3,0,en,cooperative,Coop vs Coop,1,0.0,0.0,0.0,1.0,1.0
Mistral-7B,Mistral-7B-Instruct-v0.3,0,en,selfish,Coop vs Self,0,0.0,0.0,1.0,0.896551724137931,0.0
Mistral-7B,Mistral-7B-Instruct-v0.3,0,en,cooperative,Coop vs Self,1,0.6666666666666666,1.0,0.0,0.9310344827586207,0.1
Mistral-7B,Mistral-7B-Instruct-v0.3,0,en,cooperative,Coop vs Self,1,0.9666666666666667,0.0,0.0,0.0,1.0
Mistral-7B,Mistral-7B-Instruct-v0.3,0,en,selfish,Coop vs Self,0,0.0,0.0,1.0,0.0,0.0
Mistral-7B,Mistral-7B-Instruct-v0.3,0,en,selfish,Self vs Self,0,0.0,1.0,1.0,1.0,0.0
Mistral-7B,Mistral-7B-Instruct-v0.3,0,en,selfish,Self vs Self,0,0.0,1.0,1.0,1.0,0.0
Mistral-7B,Mistral-7B-Instruct-v0.3,0,en,cooperative,Coop vs Coop,1,0.0,0.0,0.0,1.0,1.0
Mistral-7B,Mistral-7B-Instruct-v0.3,0,en,cooperative,Coop vs Coop,1,0.0,0.0,0.0,1.0,1.0
Mistral-7B,Mistral-7B-Instruct-v0.3,0,en,cooperative,Coop vs Self,1,0.9666666666666667,0.0,0.0,0.0,1.0
Mistral-7B,Mistral-7B-Instruct-v0.3,0,en,selfish,Coop vs Self,0,0.0,0.0,1.0,0.0,0.0
Mistral-7B,Mistral-7B-Instruct-v0.3,0,en,selfish,Self vs Self,0,0.0,1.0,1.0,1.0,0.0
Mistral-7B,Mistral-7B-Instruct-v0.3,0,en,selfish,Self vs Self,0,0.0,1.0,1.0,1.0,0.0
Mistral-7B,Mistral-7B-Instruct-v0.3,0,en,selfish,Coop vs Self,0,0.0,0.0,1.0,0.3448275862068966,0.0
Mistral-7B,Mistral-7B-Instruct-v0.3,0,en,cooperative,Coop vs Self,1,0.95,0.47368421052631576,0.0,0.3448275862068966,0.6666666666666666
Mistral-7B,Mistral-7B-Instruct-v0.3,0,en,cooperative,Coop vs Coop,1,0.0,0.0,0.0,1.0,1.0
Mistral-7B,Mistral-7B-Instruct-v0.3,0,en,cooperative,Coop vs Coop,1,0.0,0.0,0.0,1.0,1.0
Mistral-7B,Mistral-7B-Instruct-v0.3,0,en,selfish,Coop vs Self,0,0.0,0.0,1.0,0.3793103448275862,0.0
Mistral-7B,Mistral-7B-Instruct-v0.3,0,en,cooperative,Coop vs Self,1,0.9473684210526315,0.3157894736842105,0.0,0.3793103448275862,0.6333333333333333
Mistral-7B,Mistral-7B-Instruct-v0.3,0,en,selfish,Self vs Self,0,0.0,1.0,1.0,1.0,0.0
Mistral-7B,Mistral-7B-Instruct-v0.3,0,en,selfish,Self vs Self,0,0.0,1.0,1.0,1.0,0.0
Mistral-7B,Mistral-7B-Instruct-v0.3,0,en,cooperative,Coop vs Self,1,0.9666666666666667,0.0,0.0,0.0,1.0
Mistral-7B,Mistral-7B-Instruct-v0.3,0,en,selfish,Coop vs Self,0,0.0,0.0,1.0,0.0,0.0
Mistral-7B,Mistral-7B-Instruct-v0.3,0,en,cooperative,Coop vs Coop,1,0.0,0.0,0.0,1.0,1.0
Mistral-7B,Mistral-7B-Instruct-v0.3,0,en,cooperative,Coop vs Coop,1,0.0,0.0,0.0,1.0,1.0
Mistral-7B,Mistral-7B-Instruct-v0.3,0,en,cooperative,Coop vs Self,1,0.9629629629629629,0.07692307692307693,0.0,0.10344827586206896,0.9333333333333333
Mistral-7B,Mistral-7B-Instruct-v0.3,0,en,selfish,Coop vs Self,0,0.0625,0.0,0.9642857142857143,0.10344827586206896,0.03333333333333333
Mistral-7B,Mistral-7B-Instruct-v0.3,0,en,selfish,Self vs Self,0,0.0,1.0,1.0,1.0,0.0
Mistral-7B,Mistral-7B-Instruct-v0.3,0,en,selfish,Self vs Self,0,0.0,1.0,1.0,1.0,0.0
Mistral-7B,Mistral-7B-Instruct-v0.3,0,en,selfish,Coop vs Self,0,0.0,0.0,1.0,0.034482758620689655,0.0
Mistral-7B,Mistral-7B-Instruct-v0.3,0,en,cooperative,Coop vs Self,1,0.9655172413793104,0.03571428571428571,0.0,0.034482758620689655,0.9666666666666667
Mistral-7B,Mistral-7B-Instruct-v0.3,0,en,cooperative,Coop vs Coop,1,0.0,0.0,0.0,1.0,1.0
Mistral-7B,Mistral-7B-Instruct-v0.3,0,en,cooperative,Coop vs Coop,1,0.0,0.0,0.0,1.0,1.0
Mistral-7B,Mistral-7B-Instruct-v0.3,0,en,cooperative,Coop vs Self,1,0.96,0.125,0.0,0.1724137931034483,0.8333333333333334
Mistral-7B,Mistral-7B-Instruct-v0.3,0,en,selfish,Coop vs Self,0,0.0,0.0,1.0,0.1724137931034483,0.0
Mistral-7B,Mistral-7B-Instruct-v0.3,0,en,selfish,Coop vs Self,0,0.0,0.0,1.0,0.10344827586206896,0.0
Mistral-7B,Mistral-7B-Instruct-v0.3,0,en,cooperative,Coop vs Self,1,0.9629629629629629,0.11538461538461539,0.0,0.10344827586206896,0.9
Mistral-7B,Mistral-7B-Instruct-v0.3,0,en,selfish,Self vs Self,0,0.0,1.0,1.0,1.0,0.0
Mistral-7B,Mistral-7B-Instruct-v0.3,0,en,selfish,Self vs Self,0,0.0,1.0,1.0,1.0,0.0
Mistral-7B,Mistral-7B-Instruct-v0.3,0,en,cooperative,Coop vs Coop,1,0.0,0.0,0.0,1.0,1.0
Mistral-7B,Mistral-7B-Instruct-v0.3,0,en,cooperative,Coop vs Coop,1,0.0,0.0,0.0,1.0,1.0
Mistral-7B,Mistral-7B-Instruct-v0.3,0,en,selfish,Self vs Self,0,0.0,1.0,1.0,1.0,0.0
Mistral-7B,Mistral-7B-Instruct-v0.3,0,en,selfish,Self vs Self,0,0.0,1.0,1.0,1.0,0.0
Mistral-7B,Mistral-7B-Instruct-v0.3,0,en,cooperative,Coop vs Self,1,0.75,1.0,0.0,0.896551724137931,0.13333333333333333
Mistral-7B,Mistral-7B-Instruct-v0.3,0,en,selfish,Coop vs Self,0,0.0,0.0,1.0,0.8620689655172413,0.0
Mistral-7B,Mistral-7B-Instruct-v0.3,0,en,selfish,Coop vs Self,0,0.0,0.0,1.0,0.06896551724137931,0.0
Mistral-7B,Mistral-7B-Instruct-v0.3,0,en,cooperative,Coop vs Self,1,0.9642857142857143,0.07142857142857142,0.0,0.06896551724137931,0.9333333333333333
Mistral-7B,Mistral-7B-Instruct-v0.3,0,en,cooperative,Coop vs Coop,1,1.0,0.0,0.034482758620689655,0.9310344827586207,0.9666666666666667
Mistral-7B,Mistral-7B-Instruct-v0.3,0,en,cooperative,Coop vs Coop,0,1.0,0.0,0.034482758620689655,0.9310344827586207,0.9666666666666667
Mistral-7B,Mistral-7B-Instruct-v0.3,0,en,cooperative,Coop vs Self,1,0.9655172413793104,0.03571428571428571,0.0,0.034482758620689655,0.9666666666666667
Mistral-7B,Mistral-7B-Instruct-v0.3,0,en,selfish,Coop vs Self,0,0.0,0.0,1.0,0.034482758620689655,0.0
Mistral-7B,Mistral-7B-Instruct-v0.3,0,en,selfish,Coop vs Self,0,0.0,0.0,1.0,0.034482758620689655,0.0
Mistral-7B,Mistral-7B-Instruct-v0.3,0,en,cooperative,Coop vs Self,1,0.9655172413793104,0.03571428571428571,0.0,0.034482758620689655,0.9666666666666667
Mistral-7B,Mistral-7B-Instruct-v0.3,0,en,selfish,Self vs Self,0,0.5,0.5,1.0,0.9655172413793104,0.03333333333333333
Mistral-7B,Mistral-7B-Instruct-v0.3,0,en,selfish,Self vs Self,0,0.0,1.0,1.0,0.9655172413793104,0.0
Mistral-7B,Mistral-7B-Instruct-v0.3,0,en,cooperative,Coop vs Coop,0,1.0,0.0,0.037037037037037035,0.8620689655172413,0.9666666666666667
Mistral-7B,Mistral-7B-Instruct-v0.3,0,en,cooperative,Coop vs Coop,1,0.3333333333333333,1.0,0.06896551724137931,0.9310344827586207,0.9
Mistral-7B,Mistral-7B-Instruct-v0.3,0,en,cooperative,Coop vs Self,1,0.5,0.6666666666666666,0.0,0.9655172413793104,0.06666666666666667
Mistral-7B,Mistral-7B-Instruct-v0.3,0,en,selfish,Coop vs Self,0,0.0,0.0,1.0,0.9310344827586207,0.0
Mistral-7B,Mistral-7B-Instruct-v0.3,0,en,selfish,Self vs Self,0,0.0,1.0,1.0,1.0,0.0
Mistral-7B,Mistral-7B-Instruct-v0.3,0,en,selfish,Self vs Self,0,0.0,1.0,1.0,1.0,0.0
Mistral-7B,Mistral-7B-Instruct-v0.3,0,en,selfish,Coop vs Self,0,0.0,0.0,1.0,0.2413793103448276,0.0
Mistral-7B,Mistral-7B-Instruct-v0.3,0,en,cooperative,Coop vs Self,1,0.9545454545454546,0.22727272727272727,0.0,0.27586206896551724,0.7333333333333333
Mistral-7B,Mistral-7B-Instruct-v0.3,0,fr,cooperative,Coop vs Self,1,0.9666666666666667,0.0,0.0,0.0,1.0
Mistral-7B,Mistral-7B-Instruct-v0.3,0,fr,selfish,Coop vs Self,0,0.0,0.0,1.0,0.0,0.0
Mistral-7B,Mistral-7B-Instruct-v0.3,0,fr,cooperative,Coop vs Coop,1,0.0,0.0,0.0,1.0,1.0
Mistral-7B,Mistral-7B-Instruct-v0.3,0,fr,cooperative,Coop vs Coop,1,0.0,0.0,0.0,1.0,1.0
Mistral-7B,Mistral-7B-Instruct-v0.3,0,fr,selfish,Coop vs Self,0,0.0,0.0,1.0,0.0,0.0
Mistral-7B,Mistral-7B-Instruct-v0.3,0,fr,cooperative,Coop vs Self,1,0.9666666666666667,0.0,0.0,0.0,1.0
Mistral-7B,Mistral-7B-Instruct-v0.3,0,fr,selfish,Self vs Self,0,0.0,1.0,1.0,1.0,0.0
Mistral-7B,Mistral-7B-Instruct-v0.3,0,fr,selfish,Self vs Self,0,0.0,1.0,1.0,1.0,0.0
Mistral-7B,Mistral-7B-Instruct-v0.3,0,fr,cooperative,Coop vs Coop,1,0.0,0.0,0.0,1.0,1.0
Mistral-7B,Mistral-7B-Instruct-v0.3,0,fr,cooperative,Coop vs Coop,1,0.0,0.0,0.0,1.0,1.0
Mistral-7B,Mistral-7B-Instruct-v0.3,0,fr,cooperative,Coop vs Self,1,0.9666666666666667,0.0,0.0,0.0,1.0
Mistral-7B,Mistral-7B-Instruct-v0.3,0,fr,selfish,Coop vs Self,0,0.0,0.0,1.0,0.0,0.0
Mistral-7B,Mistral-7B-Instruct-v0.3,0,fr,selfish,Coop vs Self,0,0.0,0.0,1.0,0.034482758620689655,0.0
Mistral-7B,Mistral-7B-Instruct-v0.3,0,fr,cooperative,Coop vs Self,1,0.9655172413793104,0.03571428571428571,0.0,0.034482758620689655,0.9666666666666667
Mistral-7B,Mistral-7B-Instruct-v0.3,0,fr,selfish,Self vs Self,0,0.0,1.0,1.0,1.0,0.0
Mistral-7B,Mistral-7B-Instruct-v0.3,0,fr,selfish,Self vs Self,0,0.0,1.0,1.0,1.0,0.0
Mistral-7B,Mistral-7B-Instruct-v0.3,0,fr,cooperative,Coop vs Self,1,0.9666666666666667,0.0,0.0,0.0,1.0
Mistral-7B,Mistral-7B-Instruct-v0.3,0,fr,selfish,Coop vs Self,0,0.0,0.0,1.0,0.0,0.0
Mistral-7B,Mistral-7B-Instruct-v0.3,0,fr,cooperative,Coop vs Coop,1,0.0,0.0,0.0,1.0,1.0
Mistral-7B,Mistral-7B-Instruct-v0.3,0,fr,cooperative,Coop vs Coop,1,0.0,0.0,0.0,1.0,1.0
Mistral-7B,Mistral-7B-Instruct-v0.3,0,fr,selfish,Self vs Self,0,0.0,1.0,1.0,1.0,0.0
Mistral-7B,Mistral-7B-Instruct-v0.3,0,fr,selfish,Self vs Self,0,0.0,1.0,1.0,1.0,0.0
Mistral-7B,Mistral-7B-Instruct-v0.3,0,fr,selfish,Coop vs Self,0,0.0,0.0,1.0,0.0,0.0
Mistral-7B,Mistral-7B-Instruct-v0.3,0,fr,cooperative,Coop vs Self,1,0.9666666666666667,0.0,0.0,0.0,1.0
Mistral-7B,Mistral-7B-Instruct-v0.3,0,fr,cooperative,Coop vs Self,1,0.9666666666666667,0.0,0.0,0.0,1.0
Mistral-7B,Mistral-7B-Instruct-v0.3,0,fr,selfish,Coop vs Self,0,0.0,0.0,1.0,0.0,0.0
Mistral-7B,Mistral-7B-Instruct-v0.3,0,fr,cooperative,Coop vs Coop,1,0.0,0.0,0.0,1.0,1.0
Mistral-7B,Mistral-7B-Instruct-v0.3,0,fr,cooperative,Coop vs Coop,1,0.0,0.0,0.0,1.0,1.0
Mistral-7B,Mistral-7B-Instruct-v0.3,0,fr,selfish,Coop vs Self,0,0.0,0.0,1.0,0.034482758620689655,0.0
Mistral-7B,Mistral-7B-Instruct-v0.3,0,fr,cooperative,Coop vs Self,1,0.9655172413793104,0.03571428571428571,0.0,0.034482758620689655,0.9666666666666667
Mistral-7B,Mistral-7B-Instruct-v0.3,0,fr,selfish,Self vs Self,0,0.0,1.0,1.0,1.0,0.0
Mistral-7B,Mistral-7B-Instruct-v0.3,0,fr,selfish,Self vs Self,0,0.0,1.0,1.0,1.0,0.0
Mistral-7B,Mistral-7B-Instruct-v0.3,0,fr,cooperative,Coop vs Coop,1,0.0,0.0,0.0,1.0,1.0
Mistral-7B,Mistral-7B-Instruct-v0.3,0,fr,cooperative,Coop vs Coop,1,0.0,0.0,0.0,1.0,1.0
Mistral-7B,Mistral-7B-Instruct-v0.3,0,fr,cooperative,Coop vs Self,1,0.9642857142857143,0.037037037037037035,0.0,0.06896551724137931,0.9333333333333333
Mistral-7B,Mistral-7B-Instruct-v0.3,0,fr,selfish,Coop vs Self,0,0.0,0.0,1.0,0.06896551724137931,0.0
Mistral-7B,Mistral-7B-Instruct-v0.3,0,fr,selfish,Coop vs Self,0,0.0,0.0,1.0,0.034482758620689655,0.0
Mistral-7B,Mistral-7B-Instruct-v0.3,0,fr,cooperative,Coop vs Self,1,0.9655172413793104,0.03571428571428571,0.0,0.034482758620689655,0.9666666666666667
Mistral-7B,Mistral-7B-Instruct-v0.3,0,fr,selfish,Self vs Self,0,0.0,1.0,1.0,1.0,0.0
Mistral-7B,Mistral-7B-Instruct-v0.3,0,fr,selfish,Self vs Self,0,0.0,1.0,1.0,1.0,0.0
Mistral-7B,Mistral-7B-Instruct-v0.3,0,fr,cooperative,Coop vs Coop,0,1.0,0.0,0.034482758620689655,0.9655172413793104,0.9666666666666667
Mistral-7B,Mistral-7B-Instruct-v0.3,0,fr,cooperative,Coop vs Coop,1,1.0,0.0,0.034482758620689655,0.9310344827586207,0.9666666666666667
Mistral-7B,Mistral-7B-Instruct-v0.3,0,fr,cooperative,Coop vs Self,1,0.9666666666666667,0.0,0.0,0.0,1.0
Mistral-7B,Mistral-7B-Instruct-v0.3,0,fr,selfish,Coop vs Self,0,0.0,0.0,1.0,0.0,0.0
Mistral-7B,Mistral-7B-Instruct-v0.3,0,fr,selfish,Coop vs Self,0,0.0,0.0,1.0,0.034482758620689655,0.0
Mistral-7B,Mistral-7B-Instruct-v0.3,0,fr,cooperative,Coop vs Self,1,0.9655172413793104,0.03571428571428571,0.0,0.034482758620689655,0.9666666666666667
Mistral-7B,Mistral-7B-Instruct-v0.3,0,fr,selfish,Self vs Self,0,0.0,1.0,1.0,1.0,0.0
Mistral-7B,Mistral-7B-Instruct-v0.3,0,fr,selfish,Self vs Self,0,0.0,1.0,1.0,1.0,0.0
Mistral-7B,Mistral-7B-Instruct-v0.3,0,fr,cooperative,Coop vs Coop,1,0.0,0.0,0.0,1.0,1.0
Mistral-7B,Mistral-7B-Instruct-v0.3,0,fr,cooperative,Coop vs Coop,1,0.0,0.0,0.0,1.0,1.0
Mistral-7B,Mistral-7B-Instruct-v0.3,0,fr,selfish,Coop vs Self,0,0.0,0.0,1.0,0.034482758620689655,0.0
Mistral-7B,Mistral-7B-Instruct-v0.3,0,fr,cooperative,Coop vs Self,1,0.9655172413793104,0.03571428571428571,0.0,0.034482758620689655,0.9666666666666667
Mistral-7B,Mistral-7B-Instruct-v0.3,0,fr,cooperative,Coop vs Self,1,0.9666666666666667,0.0,0.0,0.0,1.0
Mistral-7B,Mistral-7B-Instruct-v0.3,0,fr,selfish,Coop vs Self,0,0.0,0.0,1.0,0.0,0.0
Mistral-7B,Mistral-7B-Instruct-v0.3,0,fr,selfish,Self vs Self,0,0.0,1.0,1.0,1.0,0.0
Mistral-7B,Mistral-7B-Instruct-v0.3,0,fr,selfish,Self vs Self,0,0.0,1.0,1.0,1.0,0.0
Mistral-7B,Mistral-7B-Instruct-v0.3,0,fr,cooperative,Coop vs Coop,1,0.0,0.0,0.0,1.0,1.0
Mistral-7B,Mistral-7B-Instruct-v0.3,0,fr,cooperative,Coop vs Coop,1,0.0,0.0,0.0,1.0,1.0
Mistral-7B,Mistral-7B-Instruct-v0.3,0,fr,cooperative,Coop vs Self,1,0.9565217391304348,0.13636363636363635,0.0,0.2413793103448276,0.7666666666666667
Mistral-7B,Mistral-7B-Instruct-v0.3,0,fr,selfish,Coop vs Self,0,0.0,0.0,1.0,0.2413793103448276,0.0
Mistral-7B,Mistral-7B-Instruct-v0.3,0,fr,selfish,Coop vs Self,0,0.16666666666666666,0.0,0.9655172413793104,0.06896551724137931,0.03333333333333333
Mistral-7B,Mistral-7B-Instruct-v0.3,0,fr,cooperative,Coop vs Self,1,0.9642857142857143,0.037037037037037035,0.0,0.06896551724137931,0.9666666666666667
Mistral-7B,Mistral-7B-Instruct-v0.3,0,fr,selfish,Self vs Self,0,0.0,1.0,1.0,1.0,0.0
Mistral-7B,Mistral-7B-Instruct-v0.3,0,fr,selfish,Self vs Self,0,0.0,1.0,1.0,1.0,0.0
Mistral-7B,Mistral-7B-Instruct-v0.3,0,fr,cooperative,Coop vs Coop,1,0.0,0.0,0.0,1.0,1.0
Mistral-7B,Mistral-7B-Instruct-v0.3,0,fr,cooperative,Coop vs Coop,1,0.0,0.0,0.0,1.0,1.0
Mistral-7B,Mistral-7B-Instruct-v0.3,0,fr,cooperative,Coop vs Self,1,0.9666666666666667,0.0,0.0,0.0,1.0
Mistral-7B,Mistral-7B-Instruct-v0.3,0,fr,selfish,Coop vs Self,0,0.0,0.0,1.0,0.0,0.0
Mistral-7B,Mistral-7B-Instruct-v0.3,0,fr,selfish,Coop vs Self,0,0.0,0.0,1.0,0.034482758620689655,0.0
Mistral-7B,Mistral-7B-Instruct-v0.3,0,fr,cooperative,Coop vs Self,1,0.9655172413793104,0.03571428571428571,0.0,0.034482758620689655,0.9666666666666667
Mistral-7B,Mistral-7B-Instruct-v0.3,0,fr,selfish,Self vs Self,0,0.0,1.0,1.0,1.0,0.0
Mistral-7B,Mistral-7B-Instruct-v0.3,0,fr,selfish,Self vs Self,0,0.0,1.0,1.0,1.0,0.0
Mistral-7B,Mistral-7B-Instruct-v0.3,0,fr,cooperative,Coop vs Self,1,0.9666666666666667,0.0,0.0,0.0,1.0
Mistral-7B,Mistral-7B-Instruct-v0.3,0,fr,selfish,Coop vs Self,0,0.0,0.0,1.0,0.0,0.0
Mistral-7B,Mistral-7B-Instruct-v0.3,0,fr,cooperative,Coop vs Coop,1,1.0,0.0,0.0,0.9655172413793104,1.0
Mistral-7B,Mistral-7B-Instruct-v0.3,0,fr,cooperative,Coop vs Coop,0,0.0,0.0,0.03333333333333333,0.9655172413793104,0.9666666666666667
Mistral-7B,Mistral-7B-Instruct-v0.3,0,fr,selfish,Coop vs Self,0,0.0,0.0,1.0,0.0,0.0
Mistral-7B,Mistral-7B-Instruct-v0.3,0,fr,cooperative,Coop vs Self,1,0.9666666666666667,0.0,0.0,0.0,1.0
Mistral-7B,Mistral-7B-Instruct-v0.3,0,fr,selfish,Self vs Self,0,0.0,1.0,1.0,1.0,0.0
Mistral-7B,Mistral-7B-Instruct-v0.3,0,fr,selfish,Self vs Self,0,0.0,1.0,1.0,1.0,0.0
Mistral-7B,Mistral-7B-Instruct-v0.3,0,ar,cooperative,Coop vs Self,0,0.0,1.0,1.0,1.0,0.0
Mistral-7B,Mistral-7B-Instruct-v0.3,0,ar,selfish,Coop vs Self,0,0.0,1.0,1.0,1.0,0.0
Mistral-7B,Mistral-7B-Instruct-v0.3,0,ar,selfish,Self vs Self,0,0.0,1.0,1.0,1.0,0.0
Mistral-7B,Mistral-7B-Instruct-v0.3,0,ar,selfish,Self vs Self,0,0.0,1.0,1.0,1.0,0.0
Mistral-7B,Mistral-7B-Instruct-v0.3,0,ar,cooperative,Coop vs Coop,0,0.0,1.0,1.0,1.0,0.0
Mistral-7B,Mistral-7B-Instruct-v0.3,0,ar,cooperative,Coop vs Coop,0,0.0,1.0,1.0,1.0,0.0
Mistral-7B,Mistral-7B-Instruct-v0.3,0,ar,selfish,Coop vs Self,0,0.0,1.0,1.0,1.0,0.0
Mistral-7B,Mistral-7B-Instruct-v0.3,0,ar,cooperative,Coop vs Self,0,0.0,1.0,1.0,1.0,0.0
Mistral-7B,Mistral-7B-Instruct-v0.3,0,ar,cooperative,Coop vs Coop,0,0.0,1.0,1.0,1.0,0.0
Mistral-7B,Mistral-7B-Instruct-v0.3,0,ar,cooperative,Coop vs Coop,0,0.0,1.0,1.0,1.0,0.0
Mistral-7B,Mistral-7B-Instruct-v0.3,0,ar,selfish,Coop vs Self,0,0.0,1.0,1.0,1.0,0.0
Mistral-7B,Mistral-7B-Instruct-v0.3,0,ar,cooperative,Coop vs Self,0,0.0,1.0,1.0,1.0,0.0
Mistral-7B,Mistral-7B-Instruct-v0.3,0,ar,cooperative,Coop vs Self,0,0.0,1.0,1.0,1.0,0.0
Mistral-7B,Mistral-7B-Instruct-v0.3,0,ar,selfish,Coop vs Self,0,0.0,1.0,1.0,1.0,0.0
Mistral-7B,Mistral-7B-Instruct-v0.3,0,ar,selfish,Self vs Self,0,0.0,1.0,1.0,1.0,0.0
Mistral-7B,Mistral-7B-Instruct-v0.3,0,ar,selfish,Self vs Self,0,0.0,1.0,1.0,1.0,0.0
Mistral-7B,Mistral-7B-Instruct-v0.3,0,ar,cooperative,Coop vs Coop,0,0.0,1.0,1.0,1.0,0.0
Mistral-7B,Mistral-7B-Instruct-v0.3,0,ar,cooperative,Coop vs Coop,0,0.0,1.0,1.0,1.0,0.0
Mistral-7B,Mistral-7B-Instruct-v0.3,0,ar,selfish,Coop vs Self,0,0.0,1.0,1.0,1.0,0.0
Mistral-7B,Mistral-7B-Instruct-v0.3,0,ar,cooperative,Coop vs Self,0,0.0,1.0,1.0,1.0,0.0
Mistral-7B,Mistral-7B-Instruct-v0.3,0,ar,cooperative,Coop vs Self,0,0.0,1.0,1.0,1.0,0.0
Mistral-7B,Mistral-7B-Instruct-v0.3,0,ar,selfish,Coop vs Self,0,0.0,1.0,1.0,1.0,0.0
Mistral-7B,Mistral-7B-Instruct-v0.3,0,ar,selfish,Self vs Self,0,0.0,1.0,1.0,1.0,0.0
Mistral-7B,Mistral-7B-Instruct-v0.3,0,ar,selfish,Self vs Self,0,0.0,1.0,1.0,1.0,0.0
Mistral-7B,Mistral-7B-Instruct-v0.3,0,ar,cooperative,Coop vs Coop,0,0.0,1.0,1.0,1.0,0.0
Mistral-7B,Mistral-7B-Instruct-v0.3,0,ar,cooperative,Coop vs Coop,0,0.0,1.0,1.0,1.0,0.0
Mistral-7B,Mistral-7B-Instruct-v0.3,0,ar,cooperative,Coop vs Self,0,0.0,1.0,1.0,1.0,0.0
Mistral-7B,Mistral-7B-Instruct-v0.3,0,ar,selfish,Coop vs Self,0,0.0,1.0,1.0,1.0,0.0
Mistral-7B,Mistral-7B-Instruct-v0.3,0,ar,selfish,Coop vs Self,0,0.0,1.0,1.0,1.0,0.0
Mistral-7B,Mistral-7B-Instruct-v0.3,0,ar,cooperative,Coop vs Self,0,0.0,1.0,1.0,1.0,0.0
Mistral-7B,Mistral-7B-Instruct-v0.3,0,ar,selfish,Self vs Self,0,0.0,1.0,1.0,1.0,0.0
Mistral-7B,Mistral-7B-Instruct-v0.3,0,ar,selfish,Self vs Self,0,0.0,1.0,1.0,1.0,0.0
Mistral-7B,Mistral-7B-Instruct-v0.3,0,ar,cooperative,Coop vs Coop,0,0.0,1.0,1.0,1.0,0.0
Mistral-7B,Mistral-7B-Instruct-v0.3,0,ar,cooperative,Coop vs Coop,0,0.0,1.0,1.0,1.0,0.0
Mistral-7B,Mistral-7B-Instruct-v0.3,0,ar,cooperative,Coop vs Self,0,0.0,1.0,1.0,1.0,0.0
Mistral-7B,Mistral-7B-Instruct-v0.3,0,ar,selfish,Coop vs Self,0,0.0,1.0,1.0,1.0,0.0
Mistral-7B,Mistral-7B-Instruct-v0.3,0,ar,selfish,Coop vs Self,0,0.0,1.0,1.0,1.0,0.0
Mistral-7B,Mistral-7B-Instruct-v0.3,0,ar,cooperative,Coop vs Self,0,0.0,1.0,1.0,1.0,0.0
Mistral-7B,Mistral-7B-Instruct-v0.3,0,ar,selfish,Self vs Self,0,0.0,1.0,1.0,1.0,0.0
Mistral-7B,Mistral-7B-Instruct-v0.3,0,ar,selfish,Self vs Self,0,0.0,1.0,1.0,1.0,0.0
Mistral-7B,Mistral-7B-Instruct-v0.3,0,ar,cooperative,Coop vs Coop,0,0.0,1.0,1.0,1.0,0.0
Mistral-7B,Mistral-7B-Instruct-v0.3,0,ar,cooperative,Coop vs Coop,0,0.0,1.0,1.0,1.0,0.0
Mistral-7B,Mistral-7B-Instruct-v0.3,0,ar,selfish,Coop vs Self,0,0.0,1.0,1.0,1.0,0.0
Mistral-7B,Mistral-7B-Instruct-v0.3,0,ar,cooperative,Coop vs Self,0,0.0,1.0,1.0,1.0,0.0
Mistral-7B,Mistral-7B-Instruct-v0.3,0,ar,cooperative,Coop vs Self,0,0.0,1.0,1.0,1.0,0.0
Mistral-7B,Mistral-7B-Instruct-v0.3,0,ar,selfish,Coop vs Self,0,0.0,1.0,1.0,1.0,0.0
Mistral-7B,Mistral-7B-Instruct-v0.3,0,ar,selfish,Self vs Self,0,0.0,1.0,1.0,1.0,0.0
Mistral-7B,Mistral-7B-Instruct-v0.3,0,ar,selfish,Self vs Self,0,0.0,1.0,1.0,1.0,0.0
Mistral-7B,Mistral-7B-Instruct-v0.3,0,ar,cooperative,Coop vs Coop,0,0.0,1.0,1.0,1.0,0.0
Mistral-7B,Mistral-7B-Instruct-v0.3,0,ar,cooperative,Coop vs Coop,0,0.0,1.0,1.0,1.0,0.0
Mistral-7B,Mistral-7B-Instruct-v0.3,0,ar,cooperative,Coop vs Self,0,0.0,1.0,1.0,1.0,0.0
Mistral-7B,Mistral-7B-Instruct-v0.3,0,ar,selfish,Coop vs Self,0,0.0,1.0,1.0,1.0,0.0
Mistral-7B,Mistral-7B-Instruct-v0.3,0,ar,selfish,Coop vs Self,0,0.0,1.0,1.0,1.0,0.0
Mistral-7B,Mistral-7B-Instruct-v0.3,0,ar,cooperative,Coop vs Self,0,0.0,1.0,1.0,1.0,0.0
Mistral-7B,Mistral-7B-Instruct-v0.3,0,ar,selfish,Self vs Self,0,0.0,1.0,1.0,1.0,0.0
Mistral-7B,Mistral-7B-Instruct-v0.3,0,ar,selfish,Self vs Self,0,0.0,1.0,1.0,1.0,0.0
Mistral-7B,Mistral-7B-Instruct-v0.3,0,ar,cooperative,Coop vs Self,0,0.0,1.0,1.0,1.0,0.0
Mistral-7B,Mistral-7B-Instruct-v0.3,0,ar,selfish,Coop vs Self,0,0.0,1.0,1.0,1.0,0.0
Mistral-7B,Mistral-7B-Instruct-v0.3,0,ar,cooperative,Coop vs Coop,0,0.0,1.0,1.0,1.0,0.0
Mistral-7B,Mistral-7B-Instruct-v0.3,0,ar,cooperative,Coop vs Coop,0,0.0,1.0,1.0,1.0,0.0
Mistral-7B,Mistral-7B-Instruct-v0.3,0,ar,selfish,Coop vs Self,0,0.0,1.0,1.0,1.0,0.0
Mistral-7B,Mistral-7B-Instruct-v0.3,0,ar,cooperative,Coop vs Self,0,0.0,1.0,1.0,1.0,0.0
Mistral-7B,Mistral-7B-Instruct-v0.3,0,ar,selfish,Self vs Self,0,0.0,1.0,1.0,1.0,0.0
Mistral-7B,Mistral-7B-Instruct-v0.3,0,ar,selfish,Self vs Self,0,0.0,1.0,1.0,1.0,0.0
Mistral-7B,Mistral-7B-Instruct-v0.3,0,ar,cooperative,Coop vs Coop,0,0.0,1.0,1.0,1.0,0.0
Mistral-7B,Mistral-7B-Instruct-v0.3,0,ar,cooperative,Coop vs Coop,0,0.0,1.0,1.0,1.0,0.0
Mistral-7B,Mistral-7B-Instruct-v0.3,0,ar,selfish,Coop vs Self,0,0.0,1.0,1.0,1.0,0.0
Mistral-7B,Mistral-7B-Instruct-v0.3,0,ar,cooperative,Coop vs Self,0,0.0,1.0,1.0,1.0,0.0
Mistral-7B,Mistral-7B-Instruct-v0.3,0,ar,cooperative,Coop vs Self,0,0.0,1.0,1.0,1.0,0.0
Mistral-7B,Mistral-7B-Instruct-v0.3,0,ar,selfish,Coop vs Self,0,0.0,1.0,1.0,1.0,0.0
Mistral-7B,Mistral-7B-Instruct-v0.3,0,ar,selfish,Self vs Self,0,0.0,1.0,1.0,1.0,0.0
Mistral-7B,Mistral-7B-Instruct-v0.3,0,ar,selfish,Self vs Self,0,0.0,1.0,1.0,1.0,0.0
Mistral-7B,Mistral-7B-Instruct-v0.3,0,ar,cooperative,Coop vs Coop,0,0.0,1.0,1.0,1.0,0.0
Mistral-7B,Mistral-7B-Instruct-v0.3,0,ar,cooperative,Coop vs Coop,0,0.0,1.0,1.0,1.0,0.0
Mistral-7B,Mistral-7B-Instruct-v0.3,0,ar,cooperative,Coop vs Self,0,0.0,1.0,1.0,1.0,0.0
Mistral-7B,Mistral-7B-Instruct-v0.3,0,ar,selfish,Coop vs Self,0,0.0,1.0,1.0,1.0,0.0
Mistral-7B,Mistral-7B-Instruct-v0.3,0,cn,cooperative,Coop vs Coop,0,0.0,1.0,1.0,1.0,0.0
Mistral-7B,Mistral-7B-Instruct-v0.3,0,cn,cooperative,Coop vs Coop,0,0.0,1.0,1.0,1.0,0.0
Mistral-7B,Mistral-7B-Instruct-v0.3,0,ar,selfish,Self vs Self,0,0.0,1.0,1.0,1.0,0.0
Mistral-7B,Mistral-7B-Instruct-v0.3,0,ar,selfish,Self vs Self,0,0.0,1.0,1.0,1.0,0.0
Mistral-7B,Mistral-7B-Instruct-v0.3,0,ar,selfish,Coop vs Self,0,0.0,1.0,1.0,1.0,0.0
Mistral-7B,Mistral-7B-Instruct-v0.3,0,ar,cooperative,Coop vs Self,0,0.0,1.0,1.0,1.0,0.0
Mistral-7B,Mistral-7B-Instruct-v0.3,0,cn,selfish,Self vs Self,0,0.0,1.0,1.0,1.0,0.0
Mistral-7B,Mistral-7B-Instruct-v0.3,0,cn,selfish,Self vs Self,0,0.0,1.0,1.0,1.0,0.0
Mistral-7B,Mistral-7B-Instruct-v0.3,0,cn,cooperative,Coop vs Self,0,0.0,1.0,1.0,1.0,0.0
Mistral-7B,Mistral-7B-Instruct-v0.3,0,cn,selfish,Coop vs Self,0,0.0,1.0,1.0,1.0,0.0
Mistral-7B,Mistral-7B-Instruct-v0.3,0,cn,selfish,Coop vs Self,0,0.0,1.0,1.0,1.0,0.0
Mistral-7B,Mistral-7B-Instruct-v0.3,0,cn,cooperative,Coop vs Self,0,0.0,1.0,1.0,1.0,0.0
Mistral-7B,Mistral-7B-Instruct-v0.3,0,cn,cooperative,Coop vs Coop,0,0.0,1.0,1.0,1.0,0.0
Mistral-7B,Mistral-7B-Instruct-v0.3,0,cn,cooperative,Coop vs Coop,0,0.0,1.0,1.0,1.0,0.0
Mistral-7B,Mistral-7B-Instruct-v0.3,0,cn,selfish,Self vs Self,0,0.0,1.0,1.0,1.0,0.0
Mistral-7B,Mistral-7B-Instruct-v0.3,0,cn,selfish,Self vs Self,0,0.0,1.0,1.0,1.0,0.0
Mistral-7B,Mistral-7B-Instruct-v0.3,0,cn,cooperative,Coop vs Self,0,0.0,1.0,1.0,1.0,0.0
Mistral-7B,Mistral-7B-Instruct-v0.3,0,cn,selfish,Coop vs Self,0,0.0,1.0,1.0,1.0,0.0
Mistral-7B,Mistral-7B-Instruct-v0.3,0,cn,selfish,Coop vs Self,0,0.0,1.0,1.0,1.0,0.0
Mistral-7B,Mistral-7B-Instruct-v0.3,0,cn,cooperative,Coop vs Self,0,0.0,1.0,1.0,1.0,0.0
Mistral-7B,Mistral-7B-Instruct-v0.3,0,cn,cooperative,Coop vs Coop,0,0.0,1.0,1.0,1.0,0.0
Mistral-7B,Mistral-7B-Instruct-v0.3,0,cn,cooperative,Coop vs Coop,0,0.0,1.0,1.0,1.0,0.0
Mistral-7B,Mistral-7B-Instruct-v0.3,0,cn,selfish,Coop vs Self,0,0.0,1.0,1.0,1.0,0.0
Mistral-7B,Mistral-7B-Instruct-v0.3,0,cn,cooperative,Coop vs Self,0,0.0,1.0,1.0,1.0,0.0
Mistral-7B,Mistral-7B-Instruct-v0.3,0,cn,selfish,Self vs Self,0,0.0,1.0,1.0,1.0,0.0
Mistral-7B,Mistral-7B-Instruct-v0.3,0,cn,selfish,Self vs Self,0,0.0,1.0,1.0,1.0,0.0
Mistral-7B,Mistral-7B-Instruct-v0.3,0,cn,cooperative,Coop vs Self,0,0.0,1.0,1.0,1.0,0.0
Mistral-7B,Mistral-7B-Instruct-v0.3,0,cn,selfish,Coop vs Self,0,0.0,1.0,1.0,1.0,0.0
Mistral-7B,Mistral-7B-Instruct-v0.3,0,cn,cooperative,Coop vs Coop,0,0.0,1.0,1.0,1.0,0.0
Mistral-7B,Mistral-7B-Instruct-v0.3,0,cn,cooperative,Coop vs Coop,0,0.0,1.0,1.0,1.0,0.0
Mistral-7B,Mistral-7B-Instruct-v0.3,0,cn,selfish,Coop vs Self,0,0.0,1.0,1.0,1.0,0.0
Mistral-7B,Mistral-7B-Instruct-v0.3,0,cn,cooperative,Coop vs Self,0,0.0,1.0,1.0,1.0,0.0
Mistral-7B,Mistral-7B-Instruct-v0.3,0,cn,selfish,Self vs Self,0,0.0,1.0,1.0,1.0,0.0
Mistral-7B,Mistral-7B-Instruct-v0.3,0,cn,selfish,Self vs Self,0,0.0,1.0,1.0,1.0,0.0
Mistral-7B,Mistral-7B-Instruct-v0.3,0,cn,cooperative,Coop vs Self,0,0.0,1.0,1.0,1.0,0.0
Mistral-7B,Mistral-7B-Instruct-v0.3,0,cn,selfish,Coop vs Self,0,0.0,1.0,1.0,1.0,0.0
Mistral-7B,Mistral-7B-Instruct-v0.3,0,cn,cooperative,Coop vs Coop,0,0.0,1.0,1.0,1.0,0.0
Mistral-7B,Mistral-7B-Instruct-v0.3,0,cn,cooperative,Coop vs Coop,0,0.0,1.0,1.0,1.0,0.0
Mistral-7B,Mistral-7B-Instruct-v0.3,0,cn,cooperative,Coop vs Self,0,0.0,1.0,1.0,1.0,0.0
Mistral-7B,Mistral-7B-Instruct-v0.3,0,cn,selfish,Coop vs Self,0,0.0,1.0,1.0,1.0,0.0
Mistral-7B,Mistral-7B-Instruct-v0.3,0,cn,selfish,Coop vs Self,0,0.0,1.0,1.0,1.0,0.0
Mistral-7B,Mistral-7B-Instruct-v0.3,0,cn,cooperative,Coop vs Self,0,0.0,1.0,1.0,1.0,0.0
Mistral-7B,Mistral-7B-Instruct-v0.3,0,cn,selfish,Self vs Self,0,0.0,1.0,1.0,1.0,0.0
Mistral-7B,Mistral-7B-Instruct-v0.3,0,cn,selfish,Self vs Self,0,0.0,1.0,1.0,1.0,0.0
Mistral-7B,Mistral-7B-Instruct-v0.3,0,cn,cooperative,Coop vs Coop,0,0.0,1.0,1.0,1.0,0.0
Mistral-7B,Mistral-7B-Instruct-v0.3,0,cn,cooperative,Coop vs Coop,0,0.0,1.0,1.0,1.0,0.0
Mistral-7B,Mistral-7B-Instruct-v0.3,0,cn,cooperative,Coop vs Coop,0,0.0,1.0,1.0,1.0,0.0
Mistral-7B,Mistral-7B-Instruct-v0.3,0,cn,cooperative,Coop vs Coop,0,0.0,1.0,1.0,1.0,0.0
Mistral-7B,Mistral-7B-Instruct-v0.3,0,cn,cooperative,Coop vs Self,0,0.0,1.0,1.0,1.0,0.0
Mistral-7B,Mistral-7B-Instruct-v0.3,0,cn,selfish,Coop vs Self,0,0.0,1.0,1.0,1.0,0.0
Mistral-7B,Mistral-7B-Instruct-v0.3,0,cn,selfish,Self vs Self,0,0.0,1.0,1.0,1.0,0.0
Mistral-7B,Mistral-7B-Instruct-v0.3,0,cn,selfish,Self vs Self,0,0.0,1.0,1.0,1.0,0.0
Mistral-7B,Mistral-7B-Instruct-v0.3,0,cn,selfish,Coop vs Self,0,0.0,1.0,1.0,1.0,0.0
Mistral-7B,Mistral-7B-Instruct-v0.3,0,cn,cooperative,Coop vs Self,0,0.0,1.0,1.0,1.0,0.0
Mistral-7B,Mistral-7B-Instruct-v0.3,0,cn,cooperative,Coop vs Self,0,0.0,1.0,1.0,1.0,0.0
Mistral-7B,Mistral-7B-Instruct-v0.3,0,cn,selfish,Coop vs Self,0,0.0,1.0,1.0,1.0,0.0
Mistral-7B,Mistral-7B-Instruct-v0.3,0,cn,selfish,Self vs Self,0,0.0,1.0,1.0,1.0,0.0
Mistral-7B,Mistral-7B-Instruct-v0.3,0,cn,selfish,Self vs Self,0,0.0,1.0,1.0,1.0,0.0
Mistral-7B,Mistral-7B-Instruct-v0.3,0,cn,cooperative,Coop vs Coop,0,0.0,1.0,1.0,1.0,0.0
Mistral-7B,Mistral-7B-Instruct-v0.3,0,cn,cooperative,Coop vs Coop,0,0.0,1.0,1.0,1.0,0.0
Mistral-7B,Mistral-7B-Instruct-v0.3,0,cn,selfish,Coop vs Self,0,0.0,1.0,1.0,1.0,0.0
Mistral-7B,Mistral-7B-Instruct-v0.3,0,cn,cooperative,Coop vs Self,0,0.0,1.0,1.0,1.0,0.0
Mistral-7B,Mistral-7B-Instruct-v0.3,0,cn,selfish,Coop vs Self,0,0.0,1.0,1.0,1.0,0.0
Mistral-7B,Mistral-7B-Instruct-v0.3,0,cn,cooperative,Coop vs Self,0,0.0,1.0,1.0,1.0,0.0
Mistral-7B,Mistral-7B-Instruct-v0.3,0,cn,selfish,Self vs Self,0,0.0,1.0,1.0,1.0,0.0
Mistral-7B,Mistral-7B-Instruct-v0.3,0,cn,selfish,Self vs Self,0,0.0,1.0,1.0,1.0,0.0
Mistral-7B,Mistral-7B-Instruct-v0.3,0,cn,cooperative,Coop vs Self,0,0.0,1.0,1.0,1.0,0.0
Mistral-7B,Mistral-7B-Instruct-v0.3,0,cn,selfish,Coop vs Self,0,0.0,1.0,1.0,1.0,0.0
Mistral-7B,Mistral-7B-Instruct-v0.3,0,cn,cooperative,Coop vs Coop,0,0.0,1.0,1.0,1.0,0.0
Mistral-7B,Mistral-7B-Instruct-v0.3,0,cn,cooperative,Coop vs Coop,0,0.0,1.0,1.0,1.0,0.0
Mistral-7B,Mistral-7B-Instruct-v0.3,0,cn,selfish,Coop vs Self,0,0.0,1.0,1.0,1.0,0.0
Mistral-7B,Mistral-7B-Instruct-v0.3,0,cn,cooperative,Coop vs Self,0,0.0,1.0,1.0,1.0,0.0
Mistral-7B,Mistral-7B-Instruct-v0.3,0,cn,selfish,Self vs Self,0,0.0,1.0,1.0,1.0,0.0
Mistral-7B,Mistral-7B-Instruct-v0.3,0,cn,selfish,Self vs Self,0,0.0,1.0,1.0,1.0,0.0
Mistral-7B,Mistral-7B-Instruct-v0.3,0,cn,cooperative,Coop vs Self,0,0.0,1.0,1.0,1.0,0.0
Mistral-7B,Mistral-7B-Instruct-v0.3,0,cn,selfish,Coop vs Self,0,0.0,1.0,1.0,1.0,0.0
Mistral-7B,Mistral-7B-Instruct-v0.3,0,cn,cooperative,Coop vs Coop,0,0.0,1.0,1.0,1.0,0.0
Mistral-7B,Mistral-7B-Instruct-v0.3,0,cn,cooperative,Coop vs Coop,0,0.0,1.0,1.0,1.0,0.0
Mistral-7B,Mistral-7B-Instruct-v0.3,0,cn,cooperative,Coop vs Self,0,0.0,1.0,1.0,1.0,0.0
Mistral-7B,Mistral-7B-Instruct-v0.3,0,cn,selfish,Coop vs Self,0,0.0,1.0,1.0,1.0,0.0
Mistral-7B,Mistral-7B-Instruct-v0.3,0,cn,selfish,Self vs Self,0,0.0,1.0,1.0,1.0,0.0
Mistral-7B,Mistral-7B-Instruct-v0.3,0,cn,selfish,Self vs Self,0,0.0,1.0,1.0,1.0,0.0
Mistral-7B,Mistral-7B-Instruct-v0.3,0,cn,selfish,Coop vs Self,0,0.0,1.0,1.0,1.0,0.0
Mistral-7B,Mistral-7B-Instruct-v0.3,0,cn,cooperative,Coop vs Self,0,0.0,1.0,1.0,1.0,0.0
Mistral-7B,Mistral-7B-Instruct-v0.3,0,vn,cooperative,Coop vs Coop,0,0.0,1.0,1.0,1.0,0.0
Mistral-7B,Mistral-7B-Instruct-v0.3,0,vn,cooperative,Coop vs Coop,0,0.0,1.0,1.0,1.0,0.0
Mistral-7B,Mistral-7B-Instruct-v0.3,0,vn,selfish,Coop vs Self,0,0.0,1.0,1.0,1.0,0.0
Mistral-7B,Mistral-7B-Instruct-v0.3,0,vn,cooperative,Coop vs Self,0,0.0,1.0,1.0,1.0,0.0
Mistral-7B,Mistral-7B-Instruct-v0.3,0,vn,cooperative,Coop vs Self,0,0.0,1.0,1.0,1.0,0.0
Mistral-7B,Mistral-7B-Instruct-v0.3,0,vn,selfish,Coop vs Self,0,0.0,1.0,1.0,1.0,0.0
Mistral-7B,Mistral-7B-Instruct-v0.3,0,vn,selfish,Self vs Self,0,0.0,1.0,1.0,1.0,0.0
Mistral-7B,Mistral-7B-Instruct-v0.3,0,vn,selfish,Self vs Self,0,0.0,1.0,1.0,1.0,0.0
Mistral-7B,Mistral-7B-Instruct-v0.3,0,vn,cooperative,Coop vs Coop,0,0.0,1.0,1.0,1.0,0.0
Mistral-7B,Mistral-7B-Instruct-v0.3,0,vn,cooperative,Coop vs Coop,0,0.0,1.0,1.0,1.0,0.0
Mistral-7B,Mistral-7B-Instruct-v0.3,0,vn,cooperative,Coop vs Self,0,0.0,1.0,1.0,1.0,0.0
Mistral-7B,Mistral-7B-Instruct-v0.3,0,vn,selfish,Coop vs Self,0,0.0,1.0,1.0,1.0,0.0
Mistral-7B,Mistral-7B-Instruct-v0.3,0,vn,selfish,Self vs Self,0,0.0,1.0,1.0,1.0,0.0
Mistral-7B,Mistral-7B-Instruct-v0.3,0,vn,selfish,Self vs Self,0,0.0,1.0,1.0,1.0,0.0
Mistral-7B,Mistral-7B-Instruct-v0.3,0,vn,selfish,Coop vs Self,0,0.0,1.0,1.0,1.0,0.0
Mistral-7B,Mistral-7B-Instruct-v0.3,0,vn,cooperative,Coop vs Self,0,0.0,1.0,1.0,1.0,0.0
Mistral-7B,Mistral-7B-Instruct-v0.3,0,vn,cooperative,Coop vs Coop,0,0.0,1.0,1.0,1.0,0.0
Mistral-7B,Mistral-7B-Instruct-v0.3,0,vn,cooperative,Coop vs Coop,0,0.0,1.0,1.0,1.0,0.0
Mistral-7B,Mistral-7B-Instruct-v0.3,0,vn,cooperative,Coop vs Self,0,0.0,1.0,1.0,1.0,0.0
Mistral-7B,Mistral-7B-Instruct-v0.3,0,vn,selfish,Coop vs Self,0,0.0,1.0,1.0,1.0,0.0
Mistral-7B,Mistral-7B-Instruct-v0.3,0,vn,selfish,Coop vs Self,0,0.0,1.0,1.0,1.0,0.0
Mistral-7B,Mistral-7B-Instruct-v0.3,0,vn,cooperative,Coop vs Self,0,0.0,1.0,1.0,1.0,0.0
Mistral-7B,Mistral-7B-Instruct-v0.3,0,vn,selfish,Self vs Self,0,0.0,1.0,1.0,1.0,0.0
Mistral-7B,Mistral-7B-Instruct-v0.3,0,vn,selfish,Self vs Self,0,0.0,1.0,1.0,1.0,0.0
Mistral-7B,Mistral-7B-Instruct-v0.3,0,vn,cooperative,Coop vs Coop,0,0.0,1.0,1.0,1.0,0.0
Mistral-7B,Mistral-7B-Instruct-v0.3,0,vn,cooperative,Coop vs Coop,0,0.0,1.0,1.0,1.0,0.0
Mistral-7B,Mistral-7B-Instruct-v0.3,0,vn,selfish,Coop vs Self,0,0.0,1.0,1.0,1.0,0.0
Mistral-7B,Mistral-7B-Instruct-v0.3,0,vn,cooperative,Coop vs Self,0,0.0,1.0,1.0,1.0,0.0
Mistral-7B,Mistral-7B-Instruct-v0.3,0,vn,cooperative,Coop vs Self,0,0.0,1.0,1.0,1.0,0.0
Mistral-7B,Mistral-7B-Instruct-v0.3,0,vn,selfish,Coop vs Self,0,0.0,1.0,1.0,1.0,0.0
Mistral-7B,Mistral-7B-Instruct-v0.3,0,vn,selfish,Self vs Self,0,0.0,1.0,1.0,1.0,0.0
Mistral-7B,Mistral-7B-Instruct-v0.3,0,vn,selfish,Self vs Self,0,0.0,1.0,1.0,1.0,0.0
Mistral-7B,Mistral-7B-Instruct-v0.3,0,vn,cooperative,Coop vs Coop,0,0.0,1.0,1.0,1.0,0.0
Mistral-7B,Mistral-7B-Instruct-v0.3,0,vn,cooperative,Coop vs Coop,0,0.0,1.0,1.0,1.0,0.0
Mistral-7B,Mistral-7B-Instruct-v0.3,0,vn,cooperative,Coop vs Self,0,0.0,1.0,1.0,1.0,0.0
Mistral-7B,Mistral-7B-Instruct-v0.3,0,vn,selfish,Coop vs Self,0,0.0,1.0,1.0,1.0,0.0
Mistral-7B,Mistral-7B-Instruct-v0.3,0,vn,selfish,Self vs Self,0,0.0,1.0,1.0,1.0,0.0
Mistral-7B,Mistral-7B-Instruct-v0.3,0,vn,selfish,Self vs Self,0,0.0,1.0,1.0,1.0,0.0
Mistral-7B,Mistral-7B-Instruct-v0.3,0,vn,selfish,Coop vs Self,0,0.0,1.0,1.0,1.0,0.0
Mistral-7B,Mistral-7B-Instruct-v0.3,0,vn,cooperative,Coop vs Self,0,0.0,1.0,1.0,1.0,0.0
Mistral-7B,Mistral-7B-Instruct-v0.3,0,vn,cooperative,Coop vs Coop,0,0.0,1.0,1.0,1.0,0.0
Mistral-7B,Mistral-7B-Instruct-v0.3,0,vn,cooperative,Coop vs Coop,0,0.0,1.0,1.0,1.0,0.0
Mistral-7B,Mistral-7B-Instruct-v0.3,0,vn,cooperative,Coop vs Self,0,0.0,1.0,1.0,1.0,0.0
Mistral-7B,Mistral-7B-Instruct-v0.3,0,vn,selfish,Coop vs Self,0,0.0,1.0,1.0,1.0,0.0
Mistral-7B,Mistral-7B-Instruct-v0.3,0,vn,selfish,Coop vs Self,0,0.0,1.0,1.0,1.0,0.0
Mistral-7B,Mistral-7B-Instruct-v0.3,0,vn,cooperative,Coop vs Self,0,0.0,1.0,1.0,1.0,0.0
Mistral-7B,Mistral-7B-Instruct-v0.3,0,vn,selfish,Self vs Self,0,0.0,1.0,1.0,1.0,0.0
Mistral-7B,Mistral-7B-Instruct-v0.3,0,vn,selfish,Self vs Self,0,0.0,1.0,1.0,1.0,0.0
Mistral-7B,Mistral-7B-Instruct-v0.3,0,vn,cooperative,Coop vs Coop,0,0.0,1.0,1.0,1.0,0.0
Mistral-7B,Mistral-7B-Instruct-v0.3,0,vn,cooperative,Coop vs Coop,0,0.0,1.0,1.0,1.0,0.0
Mistral-7B,Mistral-7B-Instruct-v0.3,0,vn,cooperative,Coop vs Self,0,0.0,1.0,1.0,1.0,0.0
Mistral-7B,Mistral-7B-Instruct-v0.3,0,vn,selfish,Coop vs Self,0,0.0,1.0,1.0,1.0,0.0
Mistral-7B,Mistral-7B-Instruct-v0.3,0,vn,selfish,Coop vs Self,0,0.0,1.0,1.0,1.0,0.0
Mistral-7B,Mistral-7B-Instruct-v0.3,0,vn,cooperative,Coop vs Self,0,0.0,1.0,1.0,1.0,0.0
Mistral-7B,Mistral-7B-Instruct-v0.3,0,vn,selfish,Self vs Self,0,0.0,1.0,1.0,1.0,0.0
Mistral-7B,Mistral-7B-Instruct-v0.3,0,vn,selfish,Self vs Self,0,0.0,1.0,1.0,1.0,0.0
Mistral-7B,Mistral-7B-Instruct-v0.3,0,vn,cooperative,Coop vs Coop,0,0.0,1.0,1.0,1.0,0.0
Mistral-7B,Mistral-7B-Instruct-v0.3,0,vn,cooperative,Coop vs Coop,0,0.0,1.0,1.0,1.0,0.0
Mistral-7B,Mistral-7B-Instruct-v0.3,0,vn,cooperative,Coop vs Self,0,0.0,1.0,1.0,1.0,0.0
Mistral-7B,Mistral-7B-Instruct-v0.3,0,vn,selfish,Coop vs Self,0,0.0,1.0,1.0,1.0,0.0
Mistral-7B,Mistral-7B-Instruct-v0.3,0,vn,selfish,Self vs Self,0,0.0,1.0,1.0,1.0,0.0
Mistral-7B,Mistral-7B-Instruct-v0.3,0,vn,selfish,Self vs Self,0,0.0,1.0,1.0,1.0,0.0
Mistral-7B,Mistral-7B-Instruct-v0.3,0,vn,selfish,Coop vs Self,0,0.0,1.0,1.0,1.0,0.0
Mistral-7B,Mistral-7B-Instruct-v0.3,0,vn,cooperative,Coop vs Self,0,0.0,1.0,1.0,1.0,0.0
Mistral-7B,Mistral-7B-Instruct-v0.3,0,vn,cooperative,Coop vs Coop,0,0.0,1.0,1.0,1.0,0.0
Mistral-7B,Mistral-7B-Instruct-v0.3,0,vn,cooperative,Coop vs Coop,0,0.0,1.0,1.0,1.0,0.0
Mistral-7B,Mistral-7B-Instruct-v0.3,0,vn,cooperative,Coop vs Self,0,0.0,1.0,1.0,1.0,0.0
Mistral-7B,Mistral-7B-Instruct-v0.3,0,vn,selfish,Coop vs Self,0,0.0,1.0,1.0,1.0,0.0
Mistral-7B,Mistral-7B-Instruct-v0.3,0,vn,cooperative,Coop vs Coop,0,0.0,1.0,1.0,1.0,0.0
Mistral-7B,Mistral-7B-Instruct-v0.3,0,vn,cooperative,Coop vs Coop,0,0.0,1.0,1.0,1.0,0.0
Mistral-7B,Mistral-7B-Instruct-v0.3,0,vn,selfish,Coop vs Self,0,0.0,1.0,1.0,1.0,0.0
Mistral-7B,Mistral-7B-Instruct-v0.3,0,vn,cooperative,Coop vs Self,0,0.0,1.0,1.0,1.0,0.0
Mistral-7B,Mistral-7B-Instruct-v0.3,0,vn,selfish,Self vs Self,0,0.0,1.0,1.0,1.0,0.0
Mistral-7B,Mistral-7B-Instruct-v0.3,0,vn,selfish,Self vs Self,0,0.0,1.0,1.0,1.0,0.0
Mistral-7B,Mistral-7B-Instruct-v0.3,0,vn,cooperative,Coop vs Self,0,0.0,1.0,1.0,1.0,0.0
Mistral-7B,Mistral-7B-Instruct-v0.3,0,vn,selfish,Coop vs Self,0,0.0,1.0,1.0,1.0,0.0
Mistral-7B,Mistral-7B-Instruct-v0.3,0,it,cooperative,Coop vs Coop,0,0.4,0.0,0.36,0.6206896551724138,0.6
Mistral-7B,Mistral-7B-Instruct-v0.3,0,it,cooperative,Coop vs Coop,1,1.0,0.3333333333333333,0.05555555555555555,0.6896551724137931,0.8333333333333334
Mistral-7B,Mistral-7B-Instruct-v0.3,0,vn,selfish,Self vs Self,0,0.0,1.0,1.0,1.0,0.0
Mistral-7B,Mistral-7B-Instruct-v0.3,0,vn,selfish,Self vs Self,0,0.0,1.0,1.0,1.0,0.0
Mistral-7B,Mistral-7B-Instruct-v0.3,0,it,cooperative,Coop vs Self,1,0.9666666666666667,0.0,0.0,0.0,1.0
Mistral-7B,Mistral-7B-Instruct-v0.3,0,it,selfish,Coop vs Self,0,0.0,0.0,1.0,0.0,0.0
Mistral-7B,Mistral-7B-Instruct-v0.3,0,vn,selfish,Coop vs Self,0,0.0,1.0,1.0,1.0,0.0
Mistral-7B,Mistral-7B-Instruct-v0.3,0,vn,cooperative,Coop vs Self,0,0.0,1.0,1.0,1.0,0.0
Mistral-7B,Mistral-7B-Instruct-v0.3,0,it,selfish,Coop vs Self,0,0.0,0.0,0.9333333333333333,0.034482758620689655,0.06666666666666667
Mistral-7B,Mistral-7B-Instruct-v0.3,0,it,cooperative,Coop vs Self,1,0.9642857142857143,0.0,0.0,0.06896551724137931,1.0
Mistral-7B,Mistral-7B-Instruct-v0.3,0,it,cooperative,Coop vs Coop,0,1.0,0.0,0.13793103448275862,0.8275862068965517,0.8666666666666667
Mistral-7B,Mistral-7B-Instruct-v0.3,0,it,cooperative,Coop vs Coop,1,1.0,0.0,0.038461538461538464,0.8275862068965517,0.9666666666666667
Mistral-7B,Mistral-7B-Instruct-v0.3,0,it,selfish,Self vs Self,0,0.0,0.0,1.0,0.9655172413793104,0.0
Mistral-7B,Mistral-7B-Instruct-v0.3,0,it,selfish,Self vs Self,1,0.0,1.0,0.0,1.0,0.03333333333333333
Mistral-7B,Mistral-7B-Instruct-v0.3,0,it,cooperative,Coop vs Self,1,0.9666666666666667,0.0,0.0,0.0,1.0
Mistral-7B,Mistral-7B-Instruct-v0.3,0,it,selfish,Coop vs Self,0,0.0,0.0,1.0,0.0,0.0
Mistral-7B,Mistral-7B-Instruct-v0.3,0,it,selfish,Coop vs Self,0,0.0,0.0,0.9333333333333333,0.06896551724137931,0.06666666666666667
Mistral-7B,Mistral-7B-Instruct-v0.3,0,it,cooperative,Coop vs Self,1,0.9642857142857143,0.0,0.0,0.06896551724137931,1.0
Mistral-7B,Mistral-7B-Instruct-v0.3,0,it,selfish,Self vs Self,0,0.0,1.0,1.0,1.0,0.0
Mistral-7B,Mistral-7B-Instruct-v0.3,0,it,selfish,Self vs Self,0,0.0,1.0,1.0,1.0,0.0
Mistral-7B,Mistral-7B-Instruct-v0.3,0,it,cooperative,Coop vs Coop,1,0.0,0.0,0.0,1.0,1.0
Mistral-7B,Mistral-7B-Instruct-v0.3,0,it,cooperative,Coop vs Coop,1,0.0,0.0,0.0,1.0,1.0
Mistral-7B,Mistral-7B-Instruct-v0.3,0,it,cooperative,Coop vs Self,1,0.9642857142857143,0.0,0.0,0.06896551724137931,1.0
Mistral-7B,Mistral-7B-Instruct-v0.3,0,it,selfish,Coop vs Self,0,0.0,0.0,0.9333333333333333,0.06896551724137931,0.06666666666666667
Mistral-7B,Mistral-7B-Instruct-v0.3,0,it,selfish,Coop vs Self,0,0.0,0.0,1.0,0.034482758620689655,0.0
Mistral-7B,Mistral-7B-Instruct-v0.3,0,it,cooperative,Coop vs Self,1,0.9655172413793104,0.03571428571428571,0.0,0.034482758620689655,0.9666666666666667
Mistral-7B,Mistral-7B-Instruct-v0.3,0,it,selfish,Self vs Self,0,0.0,1.0,1.0,1.0,0.0
Mistral-7B,Mistral-7B-Instruct-v0.3,0,it,selfish,Self vs Self,0,0.0,1.0,1.0,1.0,0.0
Mistral-7B,Mistral-7B-Instruct-v0.3,0,it,cooperative,Coop vs Coop,1,0.0,0.0,0.0,1.0,1.0
Mistral-7B,Mistral-7B-Instruct-v0.3,0,it,cooperative,Coop vs Coop,1,0.0,0.0,0.0,1.0,1.0
Mistral-7B,Mistral-7B-Instruct-v0.3,0,it,cooperative,Coop vs Self,1,0.9642857142857143,0.07407407407407407,0.0,0.06896551724137931,0.9333333333333333
Mistral-7B,Mistral-7B-Instruct-v0.3,0,it,selfish,Coop vs Self,0,0.0,0.0,1.0,0.06896551724137931,0.0
Mistral-7B,Mistral-7B-Instruct-v0.3,0,it,selfish,Self vs Self,0,0.5,0.5,1.0,0.9655172413793104,0.03333333333333333
Mistral-7B,Mistral-7B-Instruct-v0.3,0,it,selfish,Self vs Self,0,0.0,1.0,1.0,0.9655172413793104,0.0
Mistral-7B,Mistral-7B-Instruct-v0.3,0,it,selfish,Coop vs Self,0,0.0,0.0,1.0,0.10344827586206896,0.0
Mistral-7B,Mistral-7B-Instruct-v0.3,0,it,cooperative,Coop vs Self,1,0.9629629629629629,0.11538461538461539,0.0,0.10344827586206896,0.9
Mistral-7B,Mistral-7B-Instruct-v0.3,0,it,cooperative,Coop vs Coop,0,1.0,1.0,0.39285714285714285,0.6206896551724138,0.5666666666666667
Mistral-7B,Mistral-7B-Instruct-v0.3,0,it,cooperative,Coop vs Coop,1,0.9166666666666666,0.1,0.05555555555555555,0.5862068965517241,0.9333333333333333
Mistral-7B,Mistral-7B-Instruct-v0.3,0,it,cooperative,Coop vs Self,1,0.9642857142857143,0.0,0.0,0.06896551724137931,1.0
Mistral-7B,Mistral-7B-Instruct-v0.3,0,it,selfish,Coop vs Self,0,0.0,0.0,0.9333333333333333,0.06896551724137931,0.06666666666666667
Mistral-7B,Mistral-7B-Instruct-v0.3,0,it,selfish,Coop vs Self,0,0.0,0.0,1.0,0.0,0.0
Mistral-7B,Mistral-7B-Instruct-v0.3,0,it,cooperative,Coop vs Self,1,0.9666666666666667,0.0,0.0,0.0,1.0
Mistral-7B,Mistral-7B-Instruct-v0.3,0,it,selfish,Self vs Self,0,0.0,1.0,1.0,1.0,0.0
Mistral-7B,Mistral-7B-Instruct-v0.3,0,it,selfish,Self vs Self,0,0.0,1.0,1.0,1.0,0.0
Mistral-7B,Mistral-7B-Instruct-v0.3,0,it,cooperative,Coop vs Coop,1,0.0,0.0,0.0,1.0,1.0
Mistral-7B,Mistral-7B-Instruct-v0.3,0,it,cooperative,Coop vs Coop,1,0.0,0.0,0.0,1.0,1.0
Mistral-7B,Mistral-7B-Instruct-v0.3,0,it,cooperative,Coop vs Self,1,0.9655172413793104,0.0,0.0,0.034482758620689655,1.0
Mistral-7B,Mistral-7B-Instruct-v0.3,0,it,selfish,Coop vs Self,0,0.0,0.0,0.9666666666666667,0.034482758620689655,0.03333333333333333
Mistral-7B,Mistral-7B-Instruct-v0.3,0,it,selfish,Coop vs Self,0,0.0,0.0,0.9655172413793104,0.034482758620689655,0.03333333333333333
Mistral-7B,Mistral-7B-Instruct-v0.3,0,it,cooperative,Coop vs Self,1,0.9642857142857143,0.037037037037037035,0.0,0.06896551724137931,0.9666666666666667
Mistral-7B,Mistral-7B-Instruct-v0.3,0,it,selfish,Self vs Self,0,0.0,1.0,1.0,1.0,0.0
Mistral-7B,Mistral-7B-Instruct-v0.3,0,it,selfish,Self vs Self,0,0.0,1.0,1.0,1.0,0.0
Mistral-7B,Mistral-7B-Instruct-v0.3,0,it,cooperative,Coop vs Coop,1,0.0,0.0,0.0,1.0,1.0
Mistral-7B,Mistral-7B-Instruct-v0.3,0,it,cooperative,Coop vs Coop,1,0.0,0.0,0.0,1.0,1.0
Mistral-7B,Mistral-7B-Instruct-v0.3,0,it,cooperative,Coop vs Self,1,0.9666666666666667,0.0,0.0,0.0,1.0
Mistral-7B,Mistral-7B-Instruct-v0.3,0,it,selfish,Coop vs Self,0,0.0,0.0,1.0,0.0,0.0
Mistral-7B,Mistral-7B-Instruct-v0.3,0,it,selfish,Self vs Self,0,0.0,1.0,1.0,0.9310344827586207,0.0
Mistral-7B,Mistral-7B-Instruct-v0.3,0,it,selfish,Self vs Self,0,0.6666666666666666,0.6666666666666666,1.0,0.9310344827586207,0.06666666666666667
Mistral-7B,Mistral-7B-Instruct-v0.3,0,it,selfish,Coop vs Self,0,0.0,0.0,1.0,0.06896551724137931,0.0
Mistral-7B,Mistral-7B-Instruct-v0.3,0,it,cooperative,Coop vs Self,1,0.9642857142857143,0.07407407407407407,0.0,0.06896551724137931,0.9333333333333333
Mistral-7B,Mistral-7B-Instruct-v0.3,0,it,cooperative,Coop vs Coop,1,0.0,0.0,0.0,1.0,1.0
Mistral-7B,Mistral-7B-Instruct-v0.3,0,it,cooperative,Coop vs Coop,1,0.0,0.0,0.0,1.0,1.0
Mistral-7B,Mistral-7B-Instruct-v0.3,0,it,cooperative,Coop vs Self,1,0.9642857142857143,0.037037037037037035,0.0,0.06896551724137931,0.9666666666666667
Mistral-7B,Mistral-7B-Instruct-v0.3,0,it,selfish,Coop vs Self,0,0.0,0.0,0.9655172413793104,0.034482758620689655,0.03333333333333333
Mistral-7B,Mistral-7B-Instruct-v0.3,0,it,selfish,Self vs Self,0,0.0,1.0,1.0,1.0,0.0
Mistral-7B,Mistral-7B-Instruct-v0.3,0,it,selfish,Self vs Self,0,0.0,1.0,1.0,1.0,0.0
Mistral-7B,Mistral-7B-Instruct-v0.3,0,it,selfish,Coop vs Self,0,0.0,0.0,1.0,0.06896551724137931,0.0
Mistral-7B,Mistral-7B-Instruct-v0.3,0,it,cooperative,Coop vs Self,1,0.9642857142857143,0.07407407407407407,0.0,0.06896551724137931,0.9333333333333333
Mistral-7B,Mistral-7B-Instruct-v0.3,0,it,cooperative,Coop vs Coop,1,0.0,0.0,0.0,1.0,1.0
Mistral-7B,Mistral-7B-Instruct-v0.3,0,it,cooperative,Coop vs Coop,1,0.0,0.0,0.0,1.0,1.0
Mistral-7B,Mistral-7B-Instruct-v0.3,0,it,cooperative,Coop vs Self,1,0.9629629629629629,0.0,0.0,0.10344827586206896,1.0
Mistral-7B,Mistral-7B-Instruct-v0.3,0,it,selfish,Coop vs Self,0,0.0,0.0,0.9,0.10344827586206896,0.1
Mistral-7B,Mistral-7B-Instruct-v0.3,0,it,selfish,Coop vs Self,0,0.0,0.0,1.0,0.034482758620689655,0.0
Mistral-7B,Mistral-7B-Instruct-v0.3,0,it,cooperative,Coop vs Self,1,0.9655172413793104,0.03571428571428571,0.0,0.034482758620689655,0.9666666666666667
Mistral-7B,Mistral-7B-Instruct-v0.3,0,it,selfish,Self vs Self,0,0.8,0.3333333333333333,0.3,0.7931034482758621,0.36666666666666664
Mistral-7B,Mistral-7B-Instruct-v0.3,0,it,selfish,Self vs Self,0,0.4,0.6666666666666666,0.2727272727272727,0.896551724137931,0.3
Mistral-7B,Mistral-7B-Instruct-v0.3,0,it,cooperative,Coop vs Coop,0,1.0,0.0,0.06896551724137931,0.896551724137931,0.9333333333333333
Mistral-7B,Mistral-7B-Instruct-v0.3,0,it,cooperative,Coop vs Coop,1,1.0,0.0,0.03571428571428571,0.896551724137931,0.9666666666666667
Mistral-7B,Mistral-7B-Instruct-v0.3,0,it,cooperative,Coop vs Self,1,0.9666666666666667,0.0,0.0,0.0,1.0
Mistral-7B,Mistral-7B-Instruct-v0.3,0,it,selfish,Coop vs Self,0,0.0,0.0,1.0,0.0,0.0
Mistral-7B,Mistral-7B-Instruct-v0.3,0,it,selfish,Coop vs Self,0,0.0,0.0,1.0,0.06896551724137931,0.0
Mistral-7B,Mistral-7B-Instruct-v0.3,0,it,cooperative,Coop vs Self,1,0.9642857142857143,0.037037037037037035,0.0,0.06896551724137931,0.9333333333333333
Mistral-7B,Mistral-7B-Instruct-v0.3,0,it,selfish,Self vs Self,0,0.0,0.0,1.0,0.9310344827586207,0.0
Mistral-7B,Mistral-7B-Instruct-v0.3,0,it,selfish,Self vs Self,1,0.5,1.0,0.0,0.9655172413793104,0.06666666666666667
Mistral-7B,Mistral-7B-Instruct-v0.3,5,en,cooperative,Coop vs Self,1,0.8571428571428571,0.625,0.0,0.8275862068965517,0.23333333333333334
Mistral-7B,Mistral-7B-Instruct-v0.3,5,en,selfish,Coop vs Self,0,0.14285714285714285,0.0,1.0,0.7241379310344828,0.03333333333333333
Mistral-7B,Mistral-7B-Instruct-v0.3,5,en,cooperative,Coop vs Coop,1,1.0,0.0,0.10344827586206896,0.8620689655172413,0.9
Mistral-7B,Mistral-7B-Instruct-v0.3,5,en,cooperative,Coop vs Coop,0,1.0,0.0,0.037037037037037035,0.8620689655172413,0.9666666666666667
Mistral-7B,Mistral-7B-Instruct-v0.3,5,en,selfish,Self vs Self,0,0.25,1.0,1.0,0.896551724137931,0.03333333333333333
Mistral-7B,Mistral-7B-Instruct-v0.3,5,en,selfish,Self vs Self,0,0.5,1.0,1.0,0.896551724137931,0.06666666666666667
Mistral-7B,Mistral-7B-Instruct-v0.3,5,en,selfish,Coop vs Self,0,0.2857142857142857,1.0,0.9090909090909091,0.5862068965517241,0.1
Mistral-7B,Mistral-7B-Instruct-v0.3,5,en,cooperative,Coop vs Self,1,0.7777777777777778,0.7,0.25,0.7241379310344828,0.3333333333333333
Mistral-7B,Mistral-7B-Instruct-v0.3,5,en,cooperative,Coop vs Coop,1,1.0,0.0,0.034482758620689655,0.9310344827586207,0.9666666666666667
Mistral-7B,Mistral-7B-Instruct-v0.3,5,en,cooperative,Coop vs Coop,0,1.0,0.0,0.034482758620689655,0.9310344827586207,0.9666666666666667
Mistral-7B,Mistral-7B-Instruct-v0.3,5,en,cooperative,Coop vs Self,1,0.95,0.19047619047619047,0.0,0.3448275862068966,0.6666666666666666
Mistral-7B,Mistral-7B-Instruct-v0.3,5,en,selfish,Coop vs Self,0,0.0,0.0,1.0,0.3103448275862069,0.0
Mistral-7B,Mistral-7B-Instruct-v0.3,5,en,selfish,Coop vs Self,0,0.0,0.0,1.0,0.10344827586206896,0.0
Mistral-7B,Mistral-7B-Instruct-v0.3,5,en,cooperative,Coop vs Self,1,0.9629629629629629,0.11538461538461539,0.0,0.10344827586206896,0.9
Mistral-7B,Mistral-7B-Instruct-v0.3,5,en,selfish,Self vs Self,0,0.0,1.0,1.0,0.896551724137931,0.0
Mistral-7B,Mistral-7B-Instruct-v0.3,5,en,selfish,Self vs Self,0,0.75,0.75,1.0,0.896551724137931,0.1
Mistral-7B,Mistral-7B-Instruct-v0.3,5,en,cooperative,Coop vs Coop,1,0.6666666666666666,0.5,0.07142857142857142,0.896551724137931,0.9
Mistral-7B,Mistral-7B-Instruct-v0.3,5,en,cooperative,Coop vs Coop,0,1.0,0.0,0.07407407407407407,0.8275862068965517,0.9333333333333333
Mistral-7B,Mistral-7B-Instruct-v0.3,5,en,cooperative,Coop vs Self,1,1.0,0.038461538461538464,0.5,0.034482758620689655,0.9333333333333333
Mistral-7B,Mistral-7B-Instruct-v0.3,5,en,selfish,Coop vs Self,0,0.04,1.0,0.9285714285714286,0.13793103448275862,0.06666666666666667
Mistral-7B,Mistral-7B-Instruct-v0.3,5,en,selfish,Coop vs Self,0,0.09523809523809523,0.0,0.92,0.2413793103448276,0.06666666666666667
Mistral-7B,Mistral-7B-Instruct-v0.3,5,en,cooperative,Coop vs Self,1,0.9583333333333334,0.18181818181818182,0.0,0.2413793103448276,0.8333333333333334
Mistral-7B,Mistral-7B-Instruct-v0.3,5,en,selfish,Self vs Self,0,0.0,1.0,1.0,1.0,0.0
Mistral-7B,Mistral-7B-Instruct-v0.3,5,en,selfish,Self vs Self,0,0.0,1.0,1.0,1.0,0.0
Mistral-7B,Mistral-7B-Instruct-v0.3,5,en,cooperative,Coop vs Coop,1,1.0,0.0,0.0,0.8275862068965517,1.0
Mistral-7B,Mistral-7B-Instruct-v0.3,5,en,cooperative,Coop vs Coop,0,0.0,0.0,0.16666666666666666,0.8275862068965517,0.8333333333333334
Mistral-7B,Mistral-7B-Instruct-v0.3,5,en,cooperative,Coop vs Self,1,1.0,0.07407407407407407,0.0,0.06896551724137931,0.9333333333333333
Mistral-7B,Mistral-7B-Instruct-v0.3,5,en,selfish,Coop vs Self,0,0.038461538461538464,0.0,0.9642857142857143,0.10344827586206896,0.03333333333333333
Mistral-7B,Mistral-7B-Instruct-v0.3,5,en,selfish,Coop vs Self,0,1.0,0.0,0.896551724137931,0.13793103448275862,0.1
Mistral-7B,Mistral-7B-Instruct-v0.3,5,en,cooperative,Coop vs Self,1,1.0,0.038461538461538464,0.0,0.10344827586206896,0.9666666666666667
Mistral-7B,Mistral-7B-Instruct-v0.3,5,en,selfish,Self vs Self,0,0.25,1.0,1.0,0.896551724137931,0.03333333333333333
Mistral-7B,Mistral-7B-Instruct-v0.3,5,en,selfish,Self vs Self,0,0.5,1.0,1.0,0.896551724137931,0.06666666666666667
Mistral-7B,Mistral-7B-Instruct-v0.3,5,en,cooperative,Coop vs Coop,1,1.0,0.0,0.06896551724137931,0.896551724137931,0.9333333333333333
Mistral-7B,Mistral-7B-Instruct-v0.3,5,en,cooperative,Coop vs Coop,0,1.0,0.0,0.03571428571428571,0.896551724137931,0.9666666666666667
Mistral-7B,Mistral-7B-Instruct-v0.3,5,en,cooperative,Coop vs Self,1,0.9615384615384616,0.0,0.2,0.10344827586206896,0.9666666666666667
Mistral-7B,Mistral-7B-Instruct-v0.3,5,en,selfish,Coop vs Self,0,0.3333333333333333,1.0,0.8620689655172413,0.1724137931034483,0.13333333333333333
Mistral-7B,Mistral-7B-Instruct-v0.3,5,en,selfish,Coop vs Self,0,0.0,0.0,0.9629629629629629,0.13793103448275862,0.03333333333333333
Mistral-7B,Mistral-7B-Instruct-v0.3,5,en,cooperative,Coop vs Self,1,0.9615384615384616,0.12,0.0,0.13793103448275862,0.9
Mistral-7B,Mistral-7B-Instruct-v0.3,5,en,selfish,Self vs Self,0,0.0,1.0,1.0,1.0,0.0
Mistral-7B,Mistral-7B-Instruct-v0.3,5,en,selfish,Self vs Self,0,0.0,1.0,1.0,1.0,0.0
Mistral-7B,Mistral-7B-Instruct-v0.3,5,en,cooperative,Coop vs Self,1,0.9655172413793104,0.0,0.0,0.034482758620689655,1.0
Mistral-7B,Mistral-7B-Instruct-v0.3,5,en,selfish,Coop vs Self,0,0.0,0.0,0.9666666666666667,0.034482758620689655,0.03333333333333333
Mistral-7B,Mistral-7B-Instruct-v0.3,5,en,selfish,Coop vs Self,0,0.08333333333333333,0.0,1.0,0.10344827586206896,0.03333333333333333
Mistral-7B,Mistral-7B-Instruct-v0.3,5,en,cooperative,Coop vs Self,1,0.96,0.16,0.0,0.1724137931034483,0.8666666666666667
Mistral-7B,Mistral-7B-Instruct-v0.3,5,en,selfish,Self vs Self,0,0.6,0.6666666666666666,1.0,0.8620689655172413,0.1
Mistral-7B,Mistral-7B-Instruct-v0.3,5,en,selfish,Self vs Self,0,0.2,1.0,1.0,0.8620689655172413,0.03333333333333333
Mistral-7B,Mistral-7B-Instruct-v0.3,5,en,cooperative,Coop vs Coop,0,0.5,0.0,0.41379310344827586,0.5517241379310345,0.6
Mistral-7B,Mistral-7B-Instruct-v0.3,5,en,cooperative,Coop vs Coop,1,1.0,0.0,0.1111111111111111,0.5172413793103449,0.9333333333333333
Mistral-7B,Mistral-7B-Instruct-v0.3,5,en,cooperative,Coop vs Coop,1,1.0,0.0,0.0,0.7931034482758621,1.0
Mistral-7B,Mistral-7B-Instruct-v0.3,5,en,cooperative,Coop vs Coop,0,0.0,0.0,0.2,0.7931034482758621,0.8
Mistral-7B,Mistral-7B-Instruct-v0.3,5,en,cooperative,Coop vs Self,1,0.9545454545454546,0.09523809523809523,0.0,0.27586206896551724,0.9333333333333333
Mistral-7B,Mistral-7B-Instruct-v0.3,5,en,selfish,Coop vs Self,0,0.14285714285714285,0.0,0.7857142857142857,0.27586206896551724,0.2
Mistral-7B,Mistral-7B-Instruct-v0.3,5,en,selfish,Coop vs Self,0,0.0,0.0,0.9230769230769231,0.1724137931034483,0.06666666666666667
Mistral-7B,Mistral-7B-Instruct-v0.3,5,en,cooperative,Coop vs Self,1,0.9583333333333334,0.13043478260869565,0.0,0.20689655172413793,0.8666666666666667
Mistral-7B,Mistral-7B-Instruct-v0.3,5,en,selfish,Self vs Self,0,0.6,1.0,1.0,0.8620689655172413,0.1
Mistral-7B,Mistral-7B-Instruct-v0.3,5,en,selfish,Self vs Self,0,0.2,1.0,1.0,0.8620689655172413,0.03333333333333333
Mistral-7B,Mistral-7B-Instruct-v0.3,5,en,cooperative,Coop vs Coop,1,1.0,0.5,0.0,0.9655172413793104,0.9666666666666667
Mistral-7B,Mistral-7B-Instruct-v0.3,5,en,cooperative,Coop vs Coop,0,1.0,0.0,0.06896551724137931,0.896551724137931,0.9333333333333333
Mistral-7B,Mistral-7B-Instruct-v0.3,5,en,selfish,Coop vs Self,0,0.07692307692307693,0.0,0.9655172413793104,0.06896551724137931,0.03333333333333333
Mistral-7B,Mistral-7B-Instruct-v0.3,5,en,cooperative,Coop vs Self,1,0.9642857142857143,0.037037037037037035,0.0,0.06896551724137931,0.9666666666666667
Mistral-7B,Mistral-7B-Instruct-v0.3,5,en,selfish,Self vs Self,0,0.3333333333333333,1.0,1.0,0.9310344827586207,0.03333333333333333
Mistral-7B,Mistral-7B-Instruct-v0.3,5,en,selfish,Self vs Self,0,0.3333333333333333,1.0,1.0,0.9310344827586207,0.03333333333333333
Mistral-7B,Mistral-7B-Instruct-v0.3,5,en,cooperative,Coop vs Self,1,0.9583333333333334,0.14285714285714285,0.25,0.20689655172413793,0.8333333333333334
Mistral-7B,Mistral-7B-Instruct-v0.3,5,en,selfish,Coop vs Self,0,0.13333333333333333,1.0,0.88,0.27586206896551724,0.1
Mistral-7B,Mistral-7B-Instruct-v0.3,5,en,cooperative,Coop vs Coop,1,1.0,0.0,0.03571428571428571,0.896551724137931,0.9666666666666667
Mistral-7B,Mistral-7B-Instruct-v0.3,5,en,cooperative,Coop vs Coop,0,1.0,0.0,0.06896551724137931,0.896551724137931,0.9333333333333333
Mistral-7B,Mistral-7B-Instruct-v0.3,5,en,cooperative,Coop vs Self,1,0.9545454545454546,0.23809523809523808,0.0,0.27586206896551724,0.8
Mistral-7B,Mistral-7B-Instruct-v0.3,5,en,selfish,Coop vs Self,0,0.1111111111111111,0.0,0.9166666666666666,0.27586206896551724,0.06666666666666667
Mistral-7B,Mistral-7B-Instruct-v0.3,5,en,selfish,Coop vs Self,0,0.1111111111111111,0.0,0.9655172413793104,0.06896551724137931,0.03333333333333333
Mistral-7B,Mistral-7B-Instruct-v0.3,5,en,cooperative,Coop vs Self,1,0.9642857142857143,0.037037037037037035,0.0,0.06896551724137931,0.9666666666666667
Mistral-7B,Mistral-7B-Instruct-v0.3,5,en,selfish,Self vs Self,0,0.0,1.0,0.6666666666666666,0.9310344827586207,0.03333333333333333
Mistral-7B,Mistral-7B-Instruct-v0.3,5,en,selfish,Self vs Self,0,0.5,1.0,0.5,0.9310344827586207,0.06666666666666667
Mistral-7B,Mistral-7B-Instruct-v0.3,5,en,cooperative,Coop vs Coop,0,0.0,0.0,0.03333333333333333,0.9655172413793104,0.9666666666666667
Mistral-7B,Mistral-7B-Instruct-v0.3,5,en,cooperative,Coop vs Coop,1,1.0,0.0,0.0,0.9655172413793104,1.0
Mistral-7B,Mistral-7B-Instruct-v0.3,5,en,selfish,Coop vs Self,0,0.0,0.0,1.0,0.13793103448275862,0.0
Mistral-7B,Mistral-7B-Instruct-v0.3,5,en,cooperative,Coop vs Self,1,0.9615384615384616,0.12,0.0,0.13793103448275862,0.8666666666666667
Mistral-7B,Mistral-7B-Instruct-v0.3,5,en,cooperative,Coop vs Self,1,0.9583333333333334,0.08695652173913043,0.0,0.2413793103448276,0.9333333333333333
Mistral-7B,Mistral-7B-Instruct-v0.3,5,en,selfish,Coop vs Self,0,0.4,0.0,0.8571428571428571,0.1724137931034483,0.16666666666666666
Mistral-7B,Mistral-7B-Instruct-v0.3,5,en,selfish,Self vs Self,0,0.5,1.0,1.0,0.896551724137931,0.06666666666666667
Mistral-7B,Mistral-7B-Instruct-v0.3,5,en,selfish,Self vs Self,0,0.3333333333333333,1.0,1.0,0.9310344827586207,0.03333333333333333
Mistral-7B,Mistral-7B-Instruct-v0.3,5,fr,cooperative,Coop vs Self,0,1.0,0.05555555555555555,0.09090909090909091,0.3793103448275862,0.9333333333333333
Mistral-7B,Mistral-7B-Instruct-v0.3,5,fr,selfish,Coop vs Self,0,1.0,1.0,0.6428571428571429,0.3793103448275862,0.36666666666666664
Mistral-7B,Mistral-7B-Instruct-v0.3,5,fr,cooperative,Coop vs Coop,1,1.0,0.0,0.0,0.9655172413793104,1.0
Mistral-7B,Mistral-7B-Instruct-v0.3,5,fr,cooperative,Coop vs Coop,0,0.0,0.0,0.03333333333333333,0.9655172413793104,0.9666666666666667
Mistral-7B,Mistral-7B-Instruct-v0.3,5,fr,selfish,Coop vs Self,0,0.5,0.0,0.92,0.20689655172413793,0.1
Mistral-7B,Mistral-7B-Instruct-v0.3,5,fr,cooperative,Coop vs Self,1,0.9545454545454546,0.18181818181818182,0.0,0.27586206896551724,0.8333333333333334
Mistral-7B,Mistral-7B-Instruct-v0.3,5,fr,selfish,Self vs Self,0,0.3333333333333333,1.0,1.0,0.9310344827586207,0.03333333333333333
Mistral-7B,Mistral-7B-Instruct-v0.3,5,fr,selfish,Self vs Self,0,0.3333333333333333,1.0,1.0,0.9310344827586207,0.03333333333333333
Mistral-7B,Mistral-7B-Instruct-v0.3,5,fr,cooperative,Coop vs Coop,1,1.0,0.0,0.0,0.9310344827586207,1.0
Mistral-7B,Mistral-7B-Instruct-v0.3,5,fr,cooperative,Coop vs Coop,0,0.0,0.0,0.06666666666666667,0.9310344827586207,0.9333333333333333
Mistral-7B,Mistral-7B-Instruct-v0.3,5,fr,cooperative,Coop vs Self,1,0.9629629629629629,0.04,0.3333333333333333,0.06896551724137931,0.9333333333333333
Mistral-7B,Mistral-7B-Instruct-v0.3,5,fr,selfish,Coop vs Self,0,0.14285714285714285,1.0,0.9285714285714286,0.13793103448275862,0.06666666666666667
Mistral-7B,Mistral-7B-Instruct-v0.3,5,fr,selfish,Coop vs Self,0,0.043478260869565216,0.0,0.9615384615384616,0.1724137931034483,0.03333333333333333
Mistral-7B,Mistral-7B-Instruct-v0.3,5,fr,cooperative,Coop vs Self,1,0.96,0.16666666666666666,0.0,0.1724137931034483,0.8666666666666667
Mistral-7B,Mistral-7B-Instruct-v0.3,5,fr,selfish,Self vs Self,0,0.5,1.0,1.0,0.9655172413793104,0.03333333333333333
Mistral-7B,Mistral-7B-Instruct-v0.3,5,fr,selfish,Self vs Self,0,0.3333333333333333,1.0,1.0,0.9310344827586207,0.03333333333333333
Mistral-7B,Mistral-7B-Instruct-v0.3,5,fr,cooperative,Coop vs Coop,0,0.8333333333333334,0.25,0.12,0.7586206896551724,0.8666666666666667
Mistral-7B,Mistral-7B-Instruct-v0.3,5,fr,cooperative,Coop vs Coop,0,0.6666666666666666,0.3333333333333333,0.15384615384615385,0.7586206896551724,0.8333333333333334
Mistral-7B,Mistral-7B-Instruct-v0.3,5,fr,selfish,Coop vs Self,0,0.2,0.0,0.9310344827586207,0.10344827586206896,0.06666666666666667
Mistral-7B,Mistral-7B-Instruct-v0.3,5,fr,cooperative,Coop vs Self,1,0.9642857142857143,0.038461538461538464,0.0,0.10344827586206896,0.9666666666666667
Mistral-7B,Mistral-7B-Instruct-v0.3,5,fr,cooperative,Coop vs Self,1,0.9615384615384616,0.12,0.0,0.13793103448275862,0.9
Mistral-7B,Mistral-7B-Instruct-v0.3,5,fr,selfish,Coop vs Self,0,0.08333333333333333,0.0,0.9629629629629629,0.13793103448275862,0.03333333333333333
Mistral-7B,Mistral-7B-Instruct-v0.3,5,fr,selfish,Self vs Self,0,0.0,0.0,1.0,0.8620689655172413,0.0
Mistral-7B,Mistral-7B-Instruct-v0.3,5,fr,selfish,Self vs Self,1,0.75,1.0,0.0,0.896551724137931,0.13333333333333333
Mistral-7B,Mistral-7B-Instruct-v0.3,5,fr,cooperative,Coop vs Coop,0,1.0,0.0,0.10344827586206896,0.896551724137931,0.9
Mistral-7B,Mistral-7B-Instruct-v0.3,5,fr,cooperative,Coop vs Coop,1,1.0,0.0,0.037037037037037035,0.8620689655172413,0.9666666666666667
Mistral-7B,Mistral-7B-Instruct-v0.3,5,fr,cooperative,Coop vs Self,1,0.9615384615384616,0.04,0.0,0.13793103448275862,0.9666666666666667
Mistral-7B,Mistral-7B-Instruct-v0.3,5,fr,selfish,Coop vs Self,0,0.1,0.0,0.896551724137931,0.13793103448275862,0.1
Mistral-7B,Mistral-7B-Instruct-v0.3,5,fr,selfish,Coop vs Self,0,0.0,0.0,1.0,0.06896551724137931,0.0
Mistral-7B,Mistral-7B-Instruct-v0.3,5,fr,cooperative,Coop vs Self,1,0.9642857142857143,0.07407407407407407,0.0,0.06896551724137931,0.9333333333333333
Mistral-7B,Mistral-7B-Instruct-v0.3,5,fr,selfish,Self vs Self,0,0.0,1.0,0.6666666666666666,0.9310344827586207,0.03333333333333333
Mistral-7B,Mistral-7B-Instruct-v0.3,5,fr,selfish,Self vs Self,0,0.5,0.5,0.5,0.9310344827586207,0.06666666666666667
Mistral-7B,Mistral-7B-Instruct-v0.3,5,fr,cooperative,Coop vs Coop,1,1.0,0.0,0.037037037037037035,0.8620689655172413,0.9666666666666667
Mistral-7B,Mistral-7B-Instruct-v0.3,5,fr,cooperative,Coop vs Coop,0,1.0,0.0,0.10344827586206896,0.8620689655172413,0.9
Mistral-7B,Mistral-7B-Instruct-v0.3,5,fr,cooperative,Coop vs Self,1,0.9615384615384616,0.038461538461538464,0.0,0.13793103448275862,0.9666666666666667
Mistral-7B,Mistral-7B-Instruct-v0.3,5,fr,selfish,Coop vs Self,0,0.0,0.0,0.896551724137931,0.13793103448275862,0.1
Mistral-7B,Mistral-7B-Instruct-v0.3,5,fr,selfish,Self vs Self,0,0.5,1.0,0.5,1.0,0.03333333333333333
Mistral-7B,Mistral-7B-Instruct-v0.3,5,fr,selfish,Self vs Self,0,0.3333333333333333,1.0,1.0,0.9310344827586207,0.03333333333333333
Mistral-7B,Mistral-7B-Instruct-v0.3,5,fr,selfish,Coop vs Self,0,0.5,0.0,0.9285714285714286,0.10344827586206896,0.1
Mistral-7B,Mistral-7B-Instruct-v0.3,5,fr,cooperative,Coop vs Self,1,1.0,0.07692307692307693,0.0,0.13793103448275862,0.9333333333333333
Mistral-7B,Mistral-7B-Instruct-v0.3,5,fr,cooperative,Coop vs Coop,1,1.0,0.0,0.10344827586206896,0.8620689655172413,0.9
Mistral-7B,Mistral-7B-Instruct-v0.3,5,fr,cooperative,Coop vs Coop,0,1.0,0.0,0.037037037037037035,0.8620689655172413,0.9666666666666667
Mistral-7B,Mistral-7B-Instruct-v0.3,5,fr,selfish,Coop vs Self,0,0.05555555555555555,1.0,0.9629629629629629,0.13793103448275862,0.03333333333333333
Mistral-7B,Mistral-7B-Instruct-v0.3,5,fr,cooperative,Coop vs Self,1,0.9629629629629629,0.08,0.5,0.06896551724137931,0.9
Mistral-7B,Mistral-7B-Instruct-v0.3,5,fr,cooperative,Coop vs Self,1,0.6666666666666666,0.3333333333333333,0.5,0.8275862068965517,0.16666666666666666
Mistral-7B,Mistral-7B-Instruct-v0.3,5,fr,selfish,Coop vs Self,0,0.5,1.0,1.0,0.7931034482758621,0.03333333333333333
Mistral-7B,Mistral-7B-Instruct-v0.3,5,fr,selfish,Self vs Self,0,0.4,1.0,1.0,0.8620689655172413,0.06666666666666667
Mistral-7B,Mistral-7B-Instruct-v0.3,5,fr,selfish,Self vs Self,0,0.5,1.0,0.6666666666666666,0.9310344827586207,0.06666666666666667
Mistral-7B,Mistral-7B-Instruct-v0.3,5,fr,cooperative,Coop vs Coop,0,1.0,0.0,0.07692307692307693,0.7931034482758621,0.9333333333333333
Mistral-7B,Mistral-7B-Instruct-v0.3,5,fr,cooperative,Coop vs Coop,1,1.0,0.5,0.10714285714285714,0.8620689655172413,0.8666666666666667
Mistral-7B,Mistral-7B-Instruct-v0.3,5,fr,cooperative,Coop vs Self,1,0.9615384615384616,0.08695652173913043,0.25,0.13793103448275862,0.9
Mistral-7B,Mistral-7B-Instruct-v0.3,5,fr,selfish,Coop vs Self,0,0.2,1.0,0.8888888888888888,0.20689655172413793,0.1
Mistral-7B,Mistral-7B-Instruct-v0.3,5,fr,selfish,Coop vs Self,0,0.0,0.0,1.0,0.13793103448275862,0.0
Mistral-7B,Mistral-7B-Instruct-v0.3,5,fr,cooperative,Coop vs Self,1,0.9615384615384616,0.12,0.0,0.13793103448275862,0.8666666666666667
Mistral-7B,Mistral-7B-Instruct-v0.3,5,fr,selfish,Self vs Self,0,0.5,1.0,1.0,0.896551724137931,0.06666666666666667
Mistral-7B,Mistral-7B-Instruct-v0.3,5,fr,selfish,Self vs Self,0,0.25,1.0,1.0,0.896551724137931,0.03333333333333333
Mistral-7B,Mistral-7B-Instruct-v0.3,5,fr,cooperative,Coop vs Coop,1,1.0,0.0,0.06896551724137931,0.896551724137931,0.9333333333333333
Mistral-7B,Mistral-7B-Instruct-v0.3,5,fr,cooperative,Coop vs Coop,0,1.0,0.0,0.03571428571428571,0.896551724137931,0.9666666666666667
Mistral-7B,Mistral-7B-Instruct-v0.3,5,fr,cooperative,Coop vs Self,1,1.0,0.09523809523809523,0.14285714285714285,0.2413793103448276,0.9
Mistral-7B,Mistral-7B-Instruct-v0.3,5,fr,selfish,Coop vs Self,0,0.4,1.0,0.7777777777777778,0.27586206896551724,0.23333333333333334
Mistral-7B,Mistral-7B-Instruct-v0.3,5,fr,selfish,Coop vs Self,0,0.0,0.0,1.0,0.034482758620689655,0.0
Mistral-7B,Mistral-7B-Instruct-v0.3,5,fr,cooperative,Coop vs Self,1,0.9655172413793104,0.03571428571428571,0.0,0.034482758620689655,0.9666666666666667
Mistral-7B,Mistral-7B-Instruct-v0.3,5,fr,selfish,Self vs Self,0,0.4,1.0,1.0,0.8275862068965517,0.06666666666666667
Mistral-7B,Mistral-7B-Instruct-v0.3,5,fr,selfish,Self vs Self,1,0.4,1.0,0.6666666666666666,0.8620689655172413,0.1
Mistral-7B,Mistral-7B-Instruct-v0.3,5,fr,cooperative,Coop vs Coop,0,1.0,0.0,0.034482758620689655,0.9310344827586207,0.9666666666666667
Mistral-7B,Mistral-7B-Instruct-v0.3,5,fr,cooperative,Coop vs Coop,1,1.0,0.0,0.034482758620689655,0.9310344827586207,0.9666666666666667
Mistral-7B,Mistral-7B-Instruct-v0.3,5,fr,cooperative,Coop vs Self,1,0.9629629629629629,0.11538461538461539,0.0,0.10344827586206896,0.9
Mistral-7B,Mistral-7B-Instruct-v0.3,5,fr,selfish,Coop vs Self,0,0.0,0.0,1.0,0.10344827586206896,0.0
Mistral-7B,Mistral-7B-Instruct-v0.3,5,fr,selfish,Coop vs Self,0,0.09090909090909091,0.0,0.96,0.20689655172413793,0.03333333333333333
Mistral-7B,Mistral-7B-Instruct-v0.3,5,fr,cooperative,Coop vs Self,1,0.9583333333333334,0.17391304347826086,0.0,0.20689655172413793,0.8333333333333334
Mistral-7B,Mistral-7B-Instruct-v0.3,5,fr,selfish,Self vs Self,0,0.3333333333333333,1.0,1.0,0.9310344827586207,0.03333333333333333
Mistral-7B,Mistral-7B-Instruct-v0.3,5,fr,selfish,Self vs Self,0,0.5,0.5,1.0,0.9655172413793104,0.03333333333333333
Mistral-7B,Mistral-7B-Instruct-v0.3,5,fr,cooperative,Coop vs Coop,0,0.0,0.0,0.06666666666666667,0.9310344827586207,0.9333333333333333
Mistral-7B,Mistral-7B-Instruct-v0.3,5,fr,cooperative,Coop vs Coop,1,1.0,0.0,0.0,0.9310344827586207,1.0
Mistral-7B,Mistral-7B-Instruct-v0.3,5,fr,cooperative,Coop vs Self,1,0.9642857142857143,0.07407407407407407,0.0,0.06896551724137931,0.9333333333333333
Mistral-7B,Mistral-7B-Instruct-v0.3,5,fr,selfish,Coop vs Self,0,0.0,0.0,1.0,0.06896551724137931,0.0
Mistral-7B,Mistral-7B-Instruct-v0.3,5,fr,selfish,Coop vs Self,0,0.07142857142857142,0.0,0.9642857142857143,0.10344827586206896,0.03333333333333333
Mistral-7B,Mistral-7B-Instruct-v0.3,5,fr,cooperative,Coop vs Self,1,0.9629629629629629,0.07692307692307693,0.0,0.10344827586206896,0.9333333333333333
Mistral-7B,Mistral-7B-Instruct-v0.3,5,fr,selfish,Self vs Self,0,0.8,0.0,0.2727272727272727,0.7931034482758621,0.4
Mistral-7B,Mistral-7B-Instruct-v0.3,5,fr,selfish,Self vs Self,1,0.6666666666666666,1.0,0.16666666666666666,0.896551724137931,0.36666666666666664
Mistral-7B,Mistral-7B-Instruct-v0.3,5,ar,cooperative,Coop vs Self,0,0.0,1.0,1.0,1.0,0.0
Mistral-7B,Mistral-7B-Instruct-v0.3,5,ar,selfish,Coop vs Self,0,0.0,1.0,1.0,1.0,0.0
Mistral-7B,Mistral-7B-Instruct-v0.3,5,ar,cooperative,Coop vs Coop,0,0.0,1.0,1.0,1.0,0.0
Mistral-7B,Mistral-7B-Instruct-v0.3,5,ar,cooperative,Coop vs Coop,0,0.0,1.0,1.0,1.0,0.0
Mistral-7B,Mistral-7B-Instruct-v0.3,5,ar,selfish,Self vs Self,0,0.0,1.0,1.0,1.0,0.0
Mistral-7B,Mistral-7B-Instruct-v0.3,5,ar,selfish,Self vs Self,0,0.0,1.0,1.0,1.0,0.0
Mistral-7B,Mistral-7B-Instruct-v0.3,5,ar,selfish,Coop vs Self,0,0.0,1.0,1.0,1.0,0.0
Mistral-7B,Mistral-7B-Instruct-v0.3,5,ar,cooperative,Coop vs Self,0,0.0,1.0,1.0,1.0,0.0
Mistral-7B,Mistral-7B-Instruct-v0.3,5,ar,selfish,Coop vs Self,0,0.0,1.0,1.0,1.0,0.0
Mistral-7B,Mistral-7B-Instruct-v0.3,5,ar,cooperative,Coop vs Self,0,0.0,1.0,1.0,1.0,0.0
Mistral-7B,Mistral-7B-Instruct-v0.3,5,ar,cooperative,Coop vs Coop,0,0.0,1.0,1.0,1.0,0.0
Mistral-7B,Mistral-7B-Instruct-v0.3,5,ar,cooperative,Coop vs Coop,0,0.0,1.0,1.0,1.0,0.0
Mistral-7B,Mistral-7B-Instruct-v0.3,5,ar,selfish,Self vs Self,0,0.0,1.0,1.0,1.0,0.0
Mistral-7B,Mistral-7B-Instruct-v0.3,5,ar,selfish,Self vs Self,0,0.0,1.0,1.0,1.0,0.0
Mistral-7B,Mistral-7B-Instruct-v0.3,5,ar,cooperative,Coop vs Self,0,0.0,1.0,1.0,1.0,0.0
Mistral-7B,Mistral-7B-Instruct-v0.3,5,ar,selfish,Coop vs Self,0,0.0,1.0,1.0,1.0,0.0
Mistral-7B,Mistral-7B-Instruct-v0.3,5,ar,cooperative,Coop vs Coop,0,0.0,1.0,1.0,1.0,0.0
Mistral-7B,Mistral-7B-Instruct-v0.3,5,ar,cooperative,Coop vs Coop,0,0.0,1.0,1.0,1.0,0.0
Mistral-7B,Mistral-7B-Instruct-v0.3,5,ar,cooperative,Coop vs Self,0,0.0,1.0,1.0,1.0,0.0
Mistral-7B,Mistral-7B-Instruct-v0.3,5,ar,selfish,Coop vs Self,0,0.0,1.0,1.0,1.0,0.0
Mistral-7B,Mistral-7B-Instruct-v0.3,5,ar,selfish,Self vs Self,0,0.0,1.0,1.0,1.0,0.0
Mistral-7B,Mistral-7B-Instruct-v0.3,5,ar,selfish,Self vs Self,0,0.0,1.0,1.0,1.0,0.0
Mistral-7B,Mistral-7B-Instruct-v0.3,5,ar,selfish,Coop vs Self,0,0.0,1.0,1.0,1.0,0.0
Mistral-7B,Mistral-7B-Instruct-v0.3,5,ar,cooperative,Coop vs Self,0,0.0,1.0,1.0,1.0,0.0
Mistral-7B,Mistral-7B-Instruct-v0.3,5,ar,cooperative,Coop vs Self,0,0.0,1.0,1.0,1.0,0.0
Mistral-7B,Mistral-7B-Instruct-v0.3,5,ar,selfish,Coop vs Self,0,0.0,1.0,1.0,1.0,0.0
Mistral-7B,Mistral-7B-Instruct-v0.3,5,ar,cooperative,Coop vs Coop,0,0.0,1.0,1.0,1.0,0.0
Mistral-7B,Mistral-7B-Instruct-v0.3,5,ar,cooperative,Coop vs Coop,0,0.0,1.0,1.0,1.0,0.0
Mistral-7B,Mistral-7B-Instruct-v0.3,5,ar,selfish,Coop vs Self,0,0.0,1.0,1.0,1.0,0.0
Mistral-7B,Mistral-7B-Instruct-v0.3,5,ar,cooperative,Coop vs Self,0,0.0,1.0,1.0,1.0,0.0
Mistral-7B,Mistral-7B-Instruct-v0.3,5,ar,selfish,Self vs Self,0,0.0,1.0,1.0,1.0,0.0
Mistral-7B,Mistral-7B-Instruct-v0.3,5,ar,selfish,Self vs Self,0,0.0,1.0,1.0,1.0,0.0
Mistral-7B,Mistral-7B-Instruct-v0.3,5,ar,cooperative,Coop vs Coop,0,0.0,1.0,1.0,1.0,0.0
Mistral-7B,Mistral-7B-Instruct-v0.3,5,ar,cooperative,Coop vs Coop,0,0.0,1.0,1.0,1.0,0.0
Mistral-7B,Mistral-7B-Instruct-v0.3,5,ar,cooperative,Coop vs Self,0,0.0,1.0,1.0,1.0,0.0
Mistral-7B,Mistral-7B-Instruct-v0.3,5,ar,selfish,Coop vs Self,0,0.0,1.0,1.0,1.0,0.0
Mistral-7B,Mistral-7B-Instruct-v0.3,5,ar,selfish,Self vs Self,0,0.0,1.0,1.0,1.0,0.0
Mistral-7B,Mistral-7B-Instruct-v0.3,5,ar,selfish,Self vs Self,0,0.0,1.0,1.0,1.0,0.0
Mistral-7B,Mistral-7B-Instruct-v0.3,5,ar,selfish,Coop vs Self,0,0.0,1.0,1.0,1.0,0.0
Mistral-7B,Mistral-7B-Instruct-v0.3,5,ar,cooperative,Coop vs Self,0,0.0,1.0,1.0,1.0,0.0
Mistral-7B,Mistral-7B-Instruct-v0.3,5,ar,cooperative,Coop vs Coop,0,0.0,1.0,1.0,1.0,0.0
Mistral-7B,Mistral-7B-Instruct-v0.3,5,ar,cooperative,Coop vs Coop,0,0.0,1.0,1.0,1.0,0.0
Mistral-7B,Mistral-7B-Instruct-v0.3,5,ar,cooperative,Coop vs Self,0,0.0,1.0,1.0,1.0,0.0
Mistral-7B,Mistral-7B-Instruct-v0.3,5,ar,selfish,Coop vs Self,0,0.0,1.0,1.0,1.0,0.0
Mistral-7B,Mistral-7B-Instruct-v0.3,5,ar,selfish,Coop vs Self,0,0.0,1.0,1.0,1.0,0.0
Mistral-7B,Mistral-7B-Instruct-v0.3,5,ar,cooperative,Coop vs Self,0,0.0,1.0,1.0,1.0,0.0
Mistral-7B,Mistral-7B-Instruct-v0.3,5,ar,selfish,Self vs Self,0,0.0,1.0,1.0,1.0,0.0
Mistral-7B,Mistral-7B-Instruct-v0.3,5,ar,selfish,Self vs Self,0,0.0,1.0,1.0,1.0,0.0
Mistral-7B,Mistral-7B-Instruct-v0.3,5,ar,cooperative,Coop vs Self,0,0.0,1.0,1.0,1.0,0.0
Mistral-7B,Mistral-7B-Instruct-v0.3,5,ar,selfish,Coop vs Self,0,0.0,1.0,1.0,1.0,0.0
Mistral-7B,Mistral-7B-Instruct-v0.3,5,ar,cooperative,Coop vs Coop,0,0.0,1.0,1.0,1.0,0.0
Mistral-7B,Mistral-7B-Instruct-v0.3,5,ar,cooperative,Coop vs Coop,0,0.0,1.0,1.0,1.0,0.0
Mistral-7B,Mistral-7B-Instruct-v0.3,5,ar,selfish,Self vs Self,0,0.0,1.0,1.0,1.0,0.0
Mistral-7B,Mistral-7B-Instruct-v0.3,5,ar,selfish,Self vs Self,0,0.0,1.0,1.0,1.0,0.0
Mistral-7B,Mistral-7B-Instruct-v0.3,5,ar,selfish,Coop vs Self,0,0.0,1.0,1.0,1.0,0.0
Mistral-7B,Mistral-7B-Instruct-v0.3,5,ar,cooperative,Coop vs Self,0,0.0,1.0,1.0,1.0,0.0
Mistral-7B,Mistral-7B-Instruct-v0.3,5,ar,cooperative,Coop vs Coop,0,0.0,1.0,1.0,1.0,0.0
Mistral-7B,Mistral-7B-Instruct-v0.3,5,ar,cooperative,Coop vs Coop,0,0.0,1.0,1.0,1.0,0.0
Mistral-7B,Mistral-7B-Instruct-v0.3,5,ar,selfish,Self vs Self,0,0.0,1.0,1.0,1.0,0.0
Mistral-7B,Mistral-7B-Instruct-v0.3,5,ar,selfish,Self vs Self,0,0.0,1.0,1.0,1.0,0.0
Mistral-7B,Mistral-7B-Instruct-v0.3,5,ar,selfish,Coop vs Self,0,0.0,1.0,1.0,1.0,0.0
Mistral-7B,Mistral-7B-Instruct-v0.3,5,ar,cooperative,Coop vs Self,0,0.0,1.0,1.0,1.0,0.0
Mistral-7B,Mistral-7B-Instruct-v0.3,5,ar,cooperative,Coop vs Self,0,0.0,1.0,1.0,1.0,0.0
Mistral-7B,Mistral-7B-Instruct-v0.3,5,ar,selfish,Coop vs Self,0,0.0,1.0,1.0,1.0,0.0
Mistral-7B,Mistral-7B-Instruct-v0.3,5,ar,cooperative,Coop vs Coop,0,0.0,1.0,1.0,1.0,0.0
Mistral-7B,Mistral-7B-Instruct-v0.3,5,ar,cooperative,Coop vs Coop,0,0.0,1.0,1.0,1.0,0.0
Mistral-7B,Mistral-7B-Instruct-v0.3,5,ar,cooperative,Coop vs Self,0,0.0,1.0,1.0,1.0,0.0
Mistral-7B,Mistral-7B-Instruct-v0.3,5,ar,selfish,Coop vs Self,0,0.0,1.0,1.0,1.0,0.0
Mistral-7B,Mistral-7B-Instruct-v0.3,5,ar,selfish,Coop vs Self,0,0.0,1.0,1.0,1.0,0.0
Mistral-7B,Mistral-7B-Instruct-v0.3,5,ar,cooperative,Coop vs Self,0,0.0,1.0,1.0,1.0,0.0
Mistral-7B,Mistral-7B-Instruct-v0.3,5,ar,selfish,Self vs Self,0,0.0,1.0,1.0,1.0,0.0
Mistral-7B,Mistral-7B-Instruct-v0.3,5,ar,selfish,Self vs Self,0,0.0,1.0,1.0,1.0,0.0
Mistral-7B,Mistral-7B-Instruct-v0.3,5,ar,cooperative,Coop vs Coop,0,0.0,1.0,1.0,1.0,0.0
Mistral-7B,Mistral-7B-Instruct-v0.3,5,ar,cooperative,Coop vs Coop,0,0.0,1.0,1.0,1.0,0.0
Mistral-7B,Mistral-7B-Instruct-v0.3,5,ar,selfish,Coop vs Self,0,0.0,1.0,1.0,1.0,0.0
Mistral-7B,Mistral-7B-Instruct-v0.3,5,ar,cooperative,Coop vs Self,0,0.0,1.0,1.0,1.0,0.0
Mistral-7B,Mistral-7B-Instruct-v0.3,5,ar,cooperative,Coop vs Self,0,0.0,1.0,1.0,1.0,0.0
Mistral-7B,Mistral-7B-Instruct-v0.3,5,ar,selfish,Coop vs Self,0,0.0,1.0,1.0,1.0,0.0
Mistral-7B,Mistral-7B-Instruct-v0.3,5,ar,selfish,Self vs Self,0,0.0,1.0,1.0,1.0,0.0
Mistral-7B,Mistral-7B-Instruct-v0.3,5,ar,selfish,Self vs Self,0,0.0,1.0,1.0,1.0,0.0
Mistral-7B,Mistral-7B-Instruct-v0.3,5,cn,cooperative,Coop vs Coop,0,0.0,1.0,1.0,1.0,0.0
Mistral-7B,Mistral-7B-Instruct-v0.3,5,cn,cooperative,Coop vs Coop,0,0.0,1.0,1.0,1.0,0.0
Mistral-7B,Mistral-7B-Instruct-v0.3,5,cn,cooperative,Coop vs Self,0,0.0,1.0,1.0,1.0,0.0
Mistral-7B,Mistral-7B-Instruct-v0.3,5,cn,selfish,Coop vs Self,0,0.0,1.0,1.0,1.0,0.0
Mistral-7B,Mistral-7B-Instruct-v0.3,5,cn,selfish,Coop vs Self,0,0.0,1.0,1.0,1.0,0.0
Mistral-7B,Mistral-7B-Instruct-v0.3,5,cn,cooperative,Coop vs Self,0,0.0,1.0,1.0,1.0,0.0
Mistral-7B,Mistral-7B-Instruct-v0.3,5,cn,selfish,Self vs Self,0,0.0,1.0,1.0,1.0,0.0
Mistral-7B,Mistral-7B-Instruct-v0.3,5,cn,selfish,Self vs Self,0,0.0,1.0,1.0,1.0,0.0
Mistral-7B,Mistral-7B-Instruct-v0.3,5,cn,cooperative,Coop vs Coop,0,0.0,1.0,1.0,1.0,0.0
Mistral-7B,Mistral-7B-Instruct-v0.3,5,cn,cooperative,Coop vs Coop,0,0.0,1.0,1.0,1.0,0.0
Mistral-7B,Mistral-7B-Instruct-v0.3,5,cn,cooperative,Coop vs Self,0,0.0,1.0,1.0,1.0,0.0
Mistral-7B,Mistral-7B-Instruct-v0.3,5,cn,selfish,Coop vs Self,0,0.0,1.0,1.0,1.0,0.0
Mistral-7B,Mistral-7B-Instruct-v0.3,5,cn,selfish,Coop vs Self,0,0.0,1.0,1.0,1.0,0.0
Mistral-7B,Mistral-7B-Instruct-v0.3,5,cn,cooperative,Coop vs Self,0,0.0,1.0,1.0,1.0,0.0
Mistral-7B,Mistral-7B-Instruct-v0.3,5,cn,selfish,Self vs Self,0,0.0,1.0,1.0,1.0,0.0
Mistral-7B,Mistral-7B-Instruct-v0.3,5,cn,selfish,Self vs Self,0,0.0,1.0,1.0,1.0,0.0
Mistral-7B,Mistral-7B-Instruct-v0.3,5,cn,cooperative,Coop vs Coop,0,0.0,1.0,1.0,1.0,0.0
Mistral-7B,Mistral-7B-Instruct-v0.3,5,cn,cooperative,Coop vs Coop,0,0.0,1.0,1.0,1.0,0.0
Mistral-7B,Mistral-7B-Instruct-v0.3,5,cn,cooperative,Coop vs Self,0,0.0,1.0,1.0,1.0,0.0
Mistral-7B,Mistral-7B-Instruct-v0.3,5,cn,selfish,Coop vs Self,0,0.0,1.0,1.0,1.0,0.0
Mistral-7B,Mistral-7B-Instruct-v0.3,5,cn,selfish,Coop vs Self,0,0.0,1.0,1.0,1.0,0.0
Mistral-7B,Mistral-7B-Instruct-v0.3,5,cn,cooperative,Coop vs Self,0,0.0,1.0,1.0,1.0,0.0
Mistral-7B,Mistral-7B-Instruct-v0.3,5,cn,selfish,Self vs Self,0,0.0,1.0,1.0,1.0,0.0
Mistral-7B,Mistral-7B-Instruct-v0.3,5,cn,selfish,Self vs Self,0,0.0,1.0,1.0,1.0,0.0
Mistral-7B,Mistral-7B-Instruct-v0.3,5,cn,cooperative,Coop vs Coop,0,0.0,1.0,1.0,1.0,0.0
Mistral-7B,Mistral-7B-Instruct-v0.3,5,cn,cooperative,Coop vs Coop,0,0.0,1.0,1.0,1.0,0.0
Mistral-7B,Mistral-7B-Instruct-v0.3,5,cn,cooperative,Coop vs Self,0,0.0,1.0,1.0,1.0,0.0
Mistral-7B,Mistral-7B-Instruct-v0.3,5,cn,selfish,Coop vs Self,0,0.0,1.0,1.0,1.0,0.0
Mistral-7B,Mistral-7B-Instruct-v0.3,5,cn,selfish,Coop vs Self,0,0.0,1.0,1.0,1.0,0.0
Mistral-7B,Mistral-7B-Instruct-v0.3,5,cn,cooperative,Coop vs Self,0,0.0,1.0,1.0,1.0,0.0
Mistral-7B,Mistral-7B-Instruct-v0.3,5,cn,selfish,Self vs Self,0,0.0,1.0,1.0,1.0,0.0
Mistral-7B,Mistral-7B-Instruct-v0.3,5,cn,selfish,Self vs Self,0,0.0,1.0,1.0,1.0,0.0
Mistral-7B,Mistral-7B-Instruct-v0.3,5,cn,cooperative,Coop vs Coop,0,0.0,1.0,1.0,1.0,0.0
Mistral-7B,Mistral-7B-Instruct-v0.3,5,cn,cooperative,Coop vs Coop,0,0.0,1.0,1.0,1.0,0.0
Mistral-7B,Mistral-7B-Instruct-v0.3,5,cn,cooperative,Coop vs Self,0,0.0,1.0,1.0,1.0,0.0
Mistral-7B,Mistral-7B-Instruct-v0.3,5,cn,selfish,Coop vs Self,0,0.0,1.0,1.0,1.0,0.0
Mistral-7B,Mistral-7B-Instruct-v0.3,5,cn,selfish,Coop vs Self,0,0.0,1.0,1.0,1.0,0.0
Mistral-7B,Mistral-7B-Instruct-v0.3,5,cn,cooperative,Coop vs Self,0,0.0,1.0,1.0,1.0,0.0
Mistral-7B,Mistral-7B-Instruct-v0.3,5,cn,cooperative,Coop vs Coop,0,0.0,1.0,1.0,1.0,0.0
Mistral-7B,Mistral-7B-Instruct-v0.3,5,cn,cooperative,Coop vs Coop,0,0.0,1.0,1.0,1.0,0.0
Mistral-7B,Mistral-7B-Instruct-v0.3,5,cn,selfish,Self vs Self,0,0.0,1.0,1.0,1.0,0.0
Mistral-7B,Mistral-7B-Instruct-v0.3,5,cn,selfish,Self vs Self,0,0.0,1.0,1.0,1.0,0.0
Mistral-7B,Mistral-7B-Instruct-v0.3,5,cn,cooperative,Coop vs Self,0,0.0,1.0,1.0,1.0,0.0
Mistral-7B,Mistral-7B-Instruct-v0.3,5,cn,selfish,Coop vs Self,0,0.0,1.0,1.0,1.0,0.0
Mistral-7B,Mistral-7B-Instruct-v0.3,5,cn,selfish,Coop vs Self,0,0.0,1.0,1.0,1.0,0.0
Mistral-7B,Mistral-7B-Instruct-v0.3,5,cn,cooperative,Coop vs Self,0,0.0,1.0,1.0,1.0,0.0
Mistral-7B,Mistral-7B-Instruct-v0.3,5,cn,selfish,Self vs Self,0,0.0,1.0,1.0,1.0,0.0
Mistral-7B,Mistral-7B-Instruct-v0.3,5,cn,selfish,Self vs Self,0,0.0,1.0,1.0,1.0,0.0
Mistral-7B,Mistral-7B-Instruct-v0.3,5,cn,cooperative,Coop vs Coop,0,0.0,1.0,1.0,1.0,0.0
Mistral-7B,Mistral-7B-Instruct-v0.3,5,cn,cooperative,Coop vs Coop,0,0.0,1.0,1.0,1.0,0.0
Mistral-7B,Mistral-7B-Instruct-v0.3,5,cn,cooperative,Coop vs Self,0,0.0,1.0,1.0,1.0,0.0
Mistral-7B,Mistral-7B-Instruct-v0.3,5,cn,selfish,Coop vs Self,0,0.0,1.0,1.0,1.0,0.0
Mistral-7B,Mistral-7B-Instruct-v0.3,5,cn,selfish,Coop vs Self,0,0.0,1.0,1.0,1.0,0.0
Mistral-7B,Mistral-7B-Instruct-v0.3,5,cn,cooperative,Coop vs Self,0,0.0,1.0,1.0,1.0,0.0
Mistral-7B,Mistral-7B-Instruct-v0.3,5,cn,selfish,Self vs Self,0,0.0,1.0,1.0,1.0,0.0
Mistral-7B,Mistral-7B-Instruct-v0.3,5,cn,selfish,Self vs Self,0,0.0,1.0,1.0,1.0,0.0
Mistral-7B,Mistral-7B-Instruct-v0.3,5,cn,cooperative,Coop vs Coop,0,0.0,1.0,1.0,1.0,0.0
Mistral-7B,Mistral-7B-Instruct-v0.3,5,cn,cooperative,Coop vs Coop,0,0.0,1.0,1.0,1.0,0.0
Mistral-7B,Mistral-7B-Instruct-v0.3,5,cn,cooperative,Coop vs Self,0,0.0,1.0,1.0,1.0,0.0
Mistral-7B,Mistral-7B-Instruct-v0.3,5,cn,selfish,Coop vs Self,0,0.0,1.0,1.0,1.0,0.0
Mistral-7B,Mistral-7B-Instruct-v0.3,5,cn,selfish,Coop vs Self,0,0.0,1.0,1.0,1.0,0.0
Mistral-7B,Mistral-7B-Instruct-v0.3,5,cn,cooperative,Coop vs Self,0,0.0,1.0,1.0,1.0,0.0
Mistral-7B,Mistral-7B-Instruct-v0.3,5,cn,cooperative,Coop vs Coop,0,0.0,1.0,1.0,1.0,0.0
Mistral-7B,Mistral-7B-Instruct-v0.3,5,cn,cooperative,Coop vs Coop,0,0.0,1.0,1.0,1.0,0.0
Mistral-7B,Mistral-7B-Instruct-v0.3,5,cn,selfish,Self vs Self,0,0.0,1.0,1.0,1.0,0.0
Mistral-7B,Mistral-7B-Instruct-v0.3,5,cn,selfish,Self vs Self,0,0.0,1.0,1.0,1.0,0.0
Mistral-7B,Mistral-7B-Instruct-v0.3,5,cn,cooperative,Coop vs Self,0,0.0,1.0,1.0,1.0,0.0
Mistral-7B,Mistral-7B-Instruct-v0.3,5,cn,selfish,Coop vs Self,0,0.0,1.0,1.0,1.0,0.0
Mistral-7B,Mistral-7B-Instruct-v0.3,5,cn,selfish,Coop vs Self,0,0.0,1.0,1.0,1.0,0.0
Mistral-7B,Mistral-7B-Instruct-v0.3,5,cn,cooperative,Coop vs Self,0,0.0,1.0,1.0,1.0,0.0
Mistral-7B,Mistral-7B-Instruct-v0.3,5,cn,selfish,Self vs Self,0,0.0,1.0,1.0,1.0,0.0
Mistral-7B,Mistral-7B-Instruct-v0.3,5,cn,selfish,Self vs Self,0,0.0,1.0,1.0,1.0,0.0
Mistral-7B,Mistral-7B-Instruct-v0.3,5,cn,cooperative,Coop vs Coop,0,0.0,1.0,1.0,1.0,0.0
Mistral-7B,Mistral-7B-Instruct-v0.3,5,cn,cooperative,Coop vs Coop,0,0.0,1.0,1.0,1.0,0.0
Mistral-7B,Mistral-7B-Instruct-v0.3,5,cn,cooperative,Coop vs Self,0,0.0,1.0,1.0,1.0,0.0
Mistral-7B,Mistral-7B-Instruct-v0.3,5,cn,selfish,Coop vs Self,0,0.0,1.0,1.0,1.0,0.0
Mistral-7B,Mistral-7B-Instruct-v0.3,5,cn,selfish,Coop vs Self,0,0.0,1.0,1.0,1.0,0.0
Mistral-7B,Mistral-7B-Instruct-v0.3,5,cn,cooperative,Coop vs Self,0,0.0,1.0,1.0,1.0,0.0
Mistral-7B,Mistral-7B-Instruct-v0.3,5,cn,selfish,Self vs Self,0,0.0,1.0,1.0,1.0,0.0
Mistral-7B,Mistral-7B-Instruct-v0.3,5,cn,selfish,Self vs Self,0,0.0,1.0,1.0,1.0,0.0
Mistral-7B,Mistral-7B-Instruct-v0.3,5,vn,cooperative,Coop vs Coop,0,0.0,1.0,1.0,1.0,0.0
Mistral-7B,Mistral-7B-Instruct-v0.3,5,vn,cooperative,Coop vs Coop,0,0.0,1.0,1.0,1.0,0.0
Mistral-7B,Mistral-7B-Instruct-v0.3,5,vn,selfish,Coop vs Self,0,0.0,1.0,1.0,1.0,0.0
Mistral-7B,Mistral-7B-Instruct-v0.3,5,vn,cooperative,Coop vs Self,0,0.0,1.0,1.0,1.0,0.0
Mistral-7B,Mistral-7B-Instruct-v0.3,5,vn,cooperative,Coop vs Self,0,0.0,1.0,1.0,1.0,0.0
Mistral-7B,Mistral-7B-Instruct-v0.3,5,vn,selfish,Coop vs Self,0,0.0,1.0,1.0,1.0,0.0
Mistral-7B,Mistral-7B-Instruct-v0.3,5,vn,selfish,Self vs Self,0,0.0,1.0,1.0,1.0,0.0
Mistral-7B,Mistral-7B-Instruct-v0.3,5,vn,selfish,Self vs Self,0,0.0,1.0,1.0,1.0,0.0
Mistral-7B,Mistral-7B-Instruct-v0.3,5,vn,cooperative,Coop vs Coop,0,0.0,1.0,1.0,1.0,0.0
Mistral-7B,Mistral-7B-Instruct-v0.3,5,vn,cooperative,Coop vs Coop,0,0.0,1.0,1.0,1.0,0.0
Mistral-7B,Mistral-7B-Instruct-v0.3,5,vn,cooperative,Coop vs Self,0,0.0,1.0,1.0,1.0,0.0
Mistral-7B,Mistral-7B-Instruct-v0.3,5,vn,selfish,Coop vs Self,0,0.0,1.0,1.0,1.0,0.0
Mistral-7B,Mistral-7B-Instruct-v0.3,5,vn,selfish,Coop vs Self,0,0.0,1.0,1.0,1.0,0.0
Mistral-7B,Mistral-7B-Instruct-v0.3,5,vn,cooperative,Coop vs Self,0,0.0,1.0,1.0,1.0,0.0
Mistral-7B,Mistral-7B-Instruct-v0.3,5,vn,selfish,Self vs Self,0,0.0,1.0,1.0,1.0,0.0
Mistral-7B,Mistral-7B-Instruct-v0.3,5,vn,selfish,Self vs Self,0,0.0,1.0,1.0,1.0,0.0
Mistral-7B,Mistral-7B-Instruct-v0.3,5,vn,cooperative,Coop vs Coop,0,0.0,1.0,1.0,1.0,0.0
Mistral-7B,Mistral-7B-Instruct-v0.3,5,vn,cooperative,Coop vs Coop,0,0.0,1.0,1.0,1.0,0.0
Mistral-7B,Mistral-7B-Instruct-v0.3,5,vn,cooperative,Coop vs Self,0,0.0,1.0,1.0,1.0,0.0
Mistral-7B,Mistral-7B-Instruct-v0.3,5,vn,selfish,Coop vs Self,0,0.0,1.0,1.0,1.0,0.0
Mistral-7B,Mistral-7B-Instruct-v0.3,5,vn,selfish,Coop vs Self,0,0.0,1.0,1.0,1.0,0.0
Mistral-7B,Mistral-7B-Instruct-v0.3,5,vn,cooperative,Coop vs Self,0,0.0,1.0,1.0,1.0,0.0
Mistral-7B,Mistral-7B-Instruct-v0.3,5,vn,selfish,Self vs Self,0,0.0,1.0,1.0,1.0,0.0
Mistral-7B,Mistral-7B-Instruct-v0.3,5,vn,selfish,Self vs Self,0,0.0,1.0,1.0,1.0,0.0
Mistral-7B,Mistral-7B-Instruct-v0.3,5,vn,cooperative,Coop vs Coop,0,0.0,1.0,1.0,1.0,0.0
Mistral-7B,Mistral-7B-Instruct-v0.3,5,vn,cooperative,Coop vs Coop,0,0.0,1.0,1.0,1.0,0.0
Mistral-7B,Mistral-7B-Instruct-v0.3,5,vn,cooperative,Coop vs Self,0,0.0,1.0,1.0,1.0,0.0
Mistral-7B,Mistral-7B-Instruct-v0.3,5,vn,selfish,Coop vs Self,0,0.0,1.0,1.0,1.0,0.0
Mistral-7B,Mistral-7B-Instruct-v0.3,5,vn,selfish,Coop vs Self,0,0.0,1.0,1.0,1.0,0.0
Mistral-7B,Mistral-7B-Instruct-v0.3,5,vn,cooperative,Coop vs Self,0,0.0,1.0,1.0,1.0,0.0
Mistral-7B,Mistral-7B-Instruct-v0.3,5,vn,selfish,Self vs Self,0,0.0,1.0,1.0,1.0,0.0
Mistral-7B,Mistral-7B-Instruct-v0.3,5,vn,selfish,Self vs Self,0,0.0,1.0,1.0,1.0,0.0
Mistral-7B,Mistral-7B-Instruct-v0.3,5,vn,cooperative,Coop vs Coop,0,0.0,1.0,1.0,1.0,0.0
Mistral-7B,Mistral-7B-Instruct-v0.3,5,vn,cooperative,Coop vs Coop,0,0.0,1.0,1.0,1.0,0.0
Mistral-7B,Mistral-7B-Instruct-v0.3,5,vn,selfish,Coop vs Self,0,0.0,1.0,1.0,1.0,0.0
Mistral-7B,Mistral-7B-Instruct-v0.3,5,vn,cooperative,Coop vs Self,0,0.0,1.0,1.0,1.0,0.0
Mistral-7B,Mistral-7B-Instruct-v0.3,5,vn,cooperative,Coop vs Self,0,0.0,1.0,1.0,1.0,0.0
Mistral-7B,Mistral-7B-Instruct-v0.3,5,vn,selfish,Coop vs Self,0,0.0,1.0,1.0,1.0,0.0
Mistral-7B,Mistral-7B-Instruct-v0.3,5,vn,selfish,Self vs Self,0,0.0,1.0,1.0,1.0,0.0
Mistral-7B,Mistral-7B-Instruct-v0.3,5,vn,selfish,Self vs Self,0,0.0,1.0,1.0,1.0,0.0
Mistral-7B,Mistral-7B-Instruct-v0.3,5,vn,selfish,Coop vs Self,0,0.0,1.0,1.0,1.0,0.0
Mistral-7B,Mistral-7B-Instruct-v0.3,5,vn,cooperative,Coop vs Self,0,0.0,1.0,1.0,1.0,0.0
Mistral-7B,Mistral-7B-Instruct-v0.3,5,vn,cooperative,Coop vs Coop,0,0.0,1.0,1.0,1.0,0.0
Mistral-7B,Mistral-7B-Instruct-v0.3,5,vn,cooperative,Coop vs Coop,0,0.0,1.0,1.0,1.0,0.0
Mistral-7B,Mistral-7B-Instruct-v0.3,5,vn,cooperative,Coop vs Self,0,0.0,1.0,1.0,1.0,0.0
Mistral-7B,Mistral-7B-Instruct-v0.3,5,vn,selfish,Coop vs Self,0,0.0,1.0,1.0,1.0,0.0
Mistral-7B,Mistral-7B-Instruct-v0.3,5,vn,selfish,Self vs Self,0,0.0,1.0,1.0,1.0,0.0
Mistral-7B,Mistral-7B-Instruct-v0.3,5,vn,selfish,Self vs Self,0,0.0,1.0,1.0,1.0,0.0
Mistral-7B,Mistral-7B-Instruct-v0.3,5,vn,cooperative,Coop vs Coop,0,0.0,1.0,1.0,1.0,0.0
Mistral-7B,Mistral-7B-Instruct-v0.3,5,vn,cooperative,Coop vs Coop,0,0.0,1.0,1.0,1.0,0.0
Mistral-7B,Mistral-7B-Instruct-v0.3,5,vn,cooperative,Coop vs Self,0,0.0,1.0,1.0,1.0,0.0
Mistral-7B,Mistral-7B-Instruct-v0.3,5,vn,selfish,Coop vs Self,0,0.0,1.0,1.0,1.0,0.0
Mistral-7B,Mistral-7B-Instruct-v0.3,5,vn,selfish,Self vs Self,0,0.0,1.0,1.0,1.0,0.0
Mistral-7B,Mistral-7B-Instruct-v0.3,5,vn,selfish,Self vs Self,0,0.0,1.0,1.0,1.0,0.0
Mistral-7B,Mistral-7B-Instruct-v0.3,5,vn,selfish,Coop vs Self,0,0.0,1.0,1.0,1.0,0.0
Mistral-7B,Mistral-7B-Instruct-v0.3,5,vn,cooperative,Coop vs Self,0,0.0,1.0,1.0,1.0,0.0
Mistral-7B,Mistral-7B-Instruct-v0.3,5,vn,cooperative,Coop vs Self,0,0.0,1.0,1.0,1.0,0.0
Mistral-7B,Mistral-7B-Instruct-v0.3,5,vn,selfish,Coop vs Self,0,0.0,1.0,1.0,1.0,0.0
Mistral-7B,Mistral-7B-Instruct-v0.3,5,vn,cooperative,Coop vs Coop,0,0.0,1.0,1.0,1.0,0.0
Mistral-7B,Mistral-7B-Instruct-v0.3,5,vn,cooperative,Coop vs Coop,0,0.0,1.0,1.0,1.0,0.0
Mistral-7B,Mistral-7B-Instruct-v0.3,5,vn,selfish,Coop vs Self,0,0.0,1.0,1.0,1.0,0.0
Mistral-7B,Mistral-7B-Instruct-v0.3,5,vn,cooperative,Coop vs Self,0,0.0,1.0,1.0,1.0,0.0
Mistral-7B,Mistral-7B-Instruct-v0.3,5,vn,selfish,Self vs Self,0,0.0,1.0,1.0,1.0,0.0
Mistral-7B,Mistral-7B-Instruct-v0.3,5,vn,selfish,Self vs Self,0,0.0,1.0,1.0,1.0,0.0
Mistral-7B,Mistral-7B-Instruct-v0.3,5,vn,cooperative,Coop vs Coop,0,0.0,1.0,1.0,1.0,0.0
Mistral-7B,Mistral-7B-Instruct-v0.3,5,vn,cooperative,Coop vs Coop,0,0.0,1.0,1.0,1.0,0.0
Mistral-7B,Mistral-7B-Instruct-v0.3,5,vn,cooperative,Coop vs Self,0,0.0,1.0,1.0,1.0,0.0
Mistral-7B,Mistral-7B-Instruct-v0.3,5,vn,selfish,Coop vs Self,0,0.0,1.0,1.0,1.0,0.0
Mistral-7B,Mistral-7B-Instruct-v0.3,5,vn,selfish,Self vs Self,0,0.0,1.0,1.0,1.0,0.0
Mistral-7B,Mistral-7B-Instruct-v0.3,5,vn,selfish,Self vs Self,0,0.0,1.0,1.0,1.0,0.0
Mistral-7B,Mistral-7B-Instruct-v0.3,5,vn,selfish,Coop vs Self,0,0.0,1.0,1.0,1.0,0.0
Mistral-7B,Mistral-7B-Instruct-v0.3,5,vn,cooperative,Coop vs Self,0,0.0,1.0,1.0,1.0,0.0
Mistral-7B,Mistral-7B-Instruct-v0.3,5,vn,cooperative,Coop vs Self,0,0.0,1.0,1.0,1.0,0.0
Mistral-7B,Mistral-7B-Instruct-v0.3,5,vn,selfish,Coop vs Self,0,0.0,1.0,1.0,1.0,0.0
Mistral-7B,Mistral-7B-Instruct-v0.3,5,vn,cooperative,Coop vs Coop,0,0.0,1.0,1.0,1.0,0.0
Mistral-7B,Mistral-7B-Instruct-v0.3,5,vn,cooperative,Coop vs Coop,0,0.0,1.0,1.0,1.0,0.0
Mistral-7B,Mistral-7B-Instruct-v0.3,5,vn,selfish,Coop vs Self,0,0.0,1.0,1.0,1.0,0.0
Mistral-7B,Mistral-7B-Instruct-v0.3,5,vn,cooperative,Coop vs Self,0,0.0,1.0,1.0,1.0,0.0
Mistral-7B,Mistral-7B-Instruct-v0.3,5,vn,selfish,Self vs Self,0,0.0,1.0,1.0,1.0,0.0
Mistral-7B,Mistral-7B-Instruct-v0.3,5,vn,selfish,Self vs Self,0,0.0,1.0,1.0,1.0,0.0
Mistral-7B,Mistral-7B-Instruct-v0.3,5,it,cooperative,Coop vs Coop,0,0.8333333333333334,0.2,0.08,0.7931034482758621,0.9
Mistral-7B,Mistral-7B-Instruct-v0.3,5,it,cooperative,Coop vs Coop,1,1.0,0.0,0.2222222222222222,0.6896551724137931,0.8
Mistral-7B,Mistral-7B-Instruct-v0.3,5,it,cooperative,Coop vs Self,1,0.8571428571428571,0.375,0.0,0.7931034482758621,0.23333333333333334
Mistral-7B,Mistral-7B-Instruct-v0.3,5,it,selfish,Coop vs Self,0,0.0,0.0,1.0,0.7586206896551724,0.0
Mistral-7B,Mistral-7B-Instruct-v0.3,5,it,selfish,Coop vs Self,0,0.0,0.0,1.0,0.13793103448275862,0.0
Mistral-7B,Mistral-7B-Instruct-v0.3,5,it,cooperative,Coop vs Self,1,0.9615384615384616,0.16,0.0,0.13793103448275862,0.8666666666666667
Mistral-7B,Mistral-7B-Instruct-v0.3,5,it,selfish,Self vs Self,0,0.0,0.0,1.0,0.8620689655172413,0.0
Mistral-7B,Mistral-7B-Instruct-v0.3,5,it,selfish,Self vs Self,1,0.75,1.0,0.0,0.896551724137931,0.13333333333333333
Mistral-7B,Mistral-7B-Instruct-v0.3,5,it,cooperative,Coop vs Coop,0,0.0,0.0,0.1,0.896551724137931,0.9
Mistral-7B,Mistral-7B-Instruct-v0.3,5,it,cooperative,Coop vs Coop,1,1.0,0.0,0.0,0.896551724137931,1.0
Mistral-7B,Mistral-7B-Instruct-v0.3,5,it,cooperative,Coop vs Self,1,0.9642857142857143,0.07407407407407407,0.0,0.06896551724137931,0.9333333333333333
Mistral-7B,Mistral-7B-Instruct-v0.3,5,it,selfish,Coop vs Self,0,0.0,0.0,1.0,0.06896551724137931,0.0
Mistral-7B,Mistral-7B-Instruct-v0.3,5,it,selfish,Coop vs Self,0,0.07692307692307693,0.0,0.9259259259259259,0.1724137931034483,0.06666666666666667
Mistral-7B,Mistral-7B-Instruct-v0.3,5,it,cooperative,Coop vs Self,1,0.96,0.125,0.0,0.1724137931034483,0.9
Mistral-7B,Mistral-7B-Instruct-v0.3,5,it,selfish,Self vs Self,0,0.0,1.0,1.0,0.9310344827586207,0.0
Mistral-7B,Mistral-7B-Instruct-v0.3,5,it,selfish,Self vs Self,0,0.6666666666666666,1.0,1.0,0.9310344827586207,0.06666666666666667
Mistral-7B,Mistral-7B-Instruct-v0.3,5,it,cooperative,Coop vs Coop,0,0.0,0.0,0.03333333333333333,0.9655172413793104,0.9666666666666667
Mistral-7B,Mistral-7B-Instruct-v0.3,5,it,cooperative,Coop vs Coop,1,1.0,0.0,0.0,0.9655172413793104,1.0
Mistral-7B,Mistral-7B-Instruct-v0.3,5,it,cooperative,Coop vs Self,1,0.875,0.38461538461538464,0.5,0.4827586206896552,0.5
Mistral-7B,Mistral-7B-Instruct-v0.3,5,it,selfish,Coop vs Self,0,0.09090909090909091,1.0,0.9333333333333333,0.5517241379310345,0.03333333333333333
Mistral-7B,Mistral-7B-Instruct-v0.3,5,it,selfish,Coop vs Self,0,0.14285714285714285,0.0,0.9090909090909091,0.3103448275862069,0.1
Mistral-7B,Mistral-7B-Instruct-v0.3,5,it,cooperative,Coop vs Self,1,0.95,0.3684210526315789,0.0,0.3793103448275862,0.7333333333333333
Mistral-7B,Mistral-7B-Instruct-v0.3,5,it,selfish,Self vs Self,0,0.0,1.0,1.0,1.0,0.0
Mistral-7B,Mistral-7B-Instruct-v0.3,5,it,selfish,Self vs Self,0,0.0,1.0,1.0,1.0,0.0
Mistral-7B,Mistral-7B-Instruct-v0.3,5,it,cooperative,Coop vs Self,1,0.9615384615384616,0.11538461538461539,0.0,0.13793103448275862,0.9
Mistral-7B,Mistral-7B-Instruct-v0.3,5,it,selfish,Coop vs Self,0,0.08333333333333333,0.0,1.0,0.06896551724137931,0.03333333333333333
Mistral-7B,Mistral-7B-Instruct-v0.3,5,it,cooperative,Coop vs Coop,1,1.0,0.0,0.06896551724137931,0.896551724137931,0.9333333333333333
Mistral-7B,Mistral-7B-Instruct-v0.3,5,it,cooperative,Coop vs Coop,0,1.0,0.0,0.03571428571428571,0.896551724137931,0.9666666666666667
Mistral-7B,Mistral-7B-Instruct-v0.3,5,it,selfish,Coop vs Self,0,0.16666666666666666,0.0,0.9,0.3793103448275862,0.1
Mistral-7B,Mistral-7B-Instruct-v0.3,5,it,cooperative,Coop vs Self,1,0.9375,0.4117647058823529,0.0,0.4827586206896552,0.6333333333333333
Mistral-7B,Mistral-7B-Instruct-v0.3,5,it,selfish,Self vs Self,0,0.0,1.0,1.0,0.9310344827586207,0.0
Mistral-7B,Mistral-7B-Instruct-v0.3,5,it,selfish,Self vs Self,0,0.75,1.0,1.0,0.896551724137931,0.1
Mistral-7B,Mistral-7B-Instruct-v0.3,5,it,cooperative,Coop vs Coop,0,0.0,0.0,0.03333333333333333,0.9655172413793104,0.9666666666666667
Mistral-7B,Mistral-7B-Instruct-v0.3,5,it,cooperative,Coop vs Coop,1,1.0,0.0,0.0,0.9655172413793104,1.0
Mistral-7B,Mistral-7B-Instruct-v0.3,5,it,cooperative,Coop vs Self,1,0.9629629629629629,0.11538461538461539,0.0,0.10344827586206896,0.9
Mistral-7B,Mistral-7B-Instruct-v0.3,5,it,selfish,Coop vs Self,0,0.0,0.0,1.0,0.10344827586206896,0.0
Mistral-7B,Mistral-7B-Instruct-v0.3,5,it,selfish,Coop vs Self,0,0.17647058823529413,0.0,0.875,0.3103448275862069,0.1
Mistral-7B,Mistral-7B-Instruct-v0.3,5,it,cooperative,Coop vs Self,1,1.0,0.2857142857142857,0.0,0.27586206896551724,0.8
Mistral-7B,Mistral-7B-Instruct-v0.3,5,it,selfish,Self vs Self,0,0.42857142857142855,0.75,1.0,0.7586206896551724,0.1
Mistral-7B,Mistral-7B-Instruct-v0.3,5,it,selfish,Self vs Self,0,0.5714285714285714,1.0,1.0,0.7586206896551724,0.13333333333333333
Mistral-7B,Mistral-7B-Instruct-v0.3,5,it,cooperative,Coop vs Self,1,0.75,0.4,0.5,0.6206896551724138,0.36666666666666664
Mistral-7B,Mistral-7B-Instruct-v0.3,5,it,selfish,Coop vs Self,0,0.5,1.0,0.8333333333333334,0.6551724137931034,0.1
Mistral-7B,Mistral-7B-Instruct-v0.3,5,it,cooperative,Coop vs Coop,0,1.0,0.0,0.24,0.6551724137931034,0.7666666666666667
Mistral-7B,Mistral-7B-Instruct-v0.3,5,it,cooperative,Coop vs Coop,0,0.8571428571428571,0.4,0.125,0.7586206896551724,0.8333333333333334
Mistral-7B,Mistral-7B-Instruct-v0.3,5,it,selfish,Coop vs Self,0,0.16666666666666666,1.0,0.9333333333333333,0.5172413793103449,0.06666666666666667
Mistral-7B,Mistral-7B-Instruct-v0.3,5,it,cooperative,Coop vs Self,1,0.8666666666666667,0.38461538461538464,0.3333333333333333,0.5172413793103449,0.5
Mistral-7B,Mistral-7B-Instruct-v0.3,5,it,selfish,Self vs Self,0,0.5,1.0,1.0,0.7931034482758621,0.1
Mistral-7B,Mistral-7B-Instruct-v0.3,5,it,selfish,Self vs Self,1,0.4,1.0,0.5,0.896551724137931,0.1
Mistral-7B,Mistral-7B-Instruct-v0.3,5,it,cooperative,Coop vs Coop,0,1.0,0.0,0.07142857142857142,0.8620689655172413,0.9333333333333333
Mistral-7B,Mistral-7B-Instruct-v0.3,5,it,cooperative,Coop vs Coop,1,1.0,0.5,0.03571428571428571,0.9310344827586207,0.9333333333333333
Mistral-7B,Mistral-7B-Instruct-v0.3,5,it,cooperative,Coop vs Self,1,0.96,0.043478260869565216,0.2,0.13793103448275862,0.9333333333333333
Mistral-7B,Mistral-7B-Instruct-v0.3,5,it,selfish,Coop vs Self,0,0.2,1.0,0.8571428571428571,0.20689655172413793,0.13333333333333333
Mistral-7B,Mistral-7B-Instruct-v0.3,5,it,selfish,Coop vs Self,0,0.0,0.0,0.9473684210526315,0.3793103448275862,0.03333333333333333
Mistral-7B,Mistral-7B-Instruct-v0.3,5,it,cooperative,Coop vs Self,1,0.9444444444444444,0.3333333333333333,0.0,0.41379310344827586,0.6333333333333333
Mistral-7B,Mistral-7B-Instruct-v0.3,5,it,selfish,Self vs Self,0,0.4,1.0,1.0,0.8620689655172413,0.06666666666666667
Mistral-7B,Mistral-7B-Instruct-v0.3,5,it,selfish,Self vs Self,0,0.4,1.0,1.0,0.8620689655172413,0.06666666666666667
Mistral-7B,Mistral-7B-Instruct-v0.3,5,it,cooperative,Coop vs Coop,0,0.0,0.0,0.1,0.896551724137931,0.9
Mistral-7B,Mistral-7B-Instruct-v0.3,5,it,cooperative,Coop vs Coop,1,1.0,0.0,0.0,0.896551724137931,1.0
Mistral-7B,Mistral-7B-Instruct-v0.3,5,it,cooperative,Coop vs Self,0,0.9523809523809523,0.19047619047619047,0.5,0.3103448275862069,0.7
Mistral-7B,Mistral-7B-Instruct-v0.3,5,it,selfish,Coop vs Self,1,0.0,1.0,0.9545454545454546,0.27586206896551724,0.03333333333333333
Mistral-7B,Mistral-7B-Instruct-v0.3,5,it,selfish,Coop vs Self,0,0.25,1.0,0.875,0.7241379310344828,0.1
Mistral-7B,Mistral-7B-Instruct-v0.3,5,it,cooperative,Coop vs Self,1,0.7,0.6666666666666666,0.75,0.6551724137931034,0.26666666666666666
Mistral-7B,Mistral-7B-Instruct-v0.3,5,it,selfish,Self vs Self,0,0.5,1.0,1.0,0.7931034482758621,0.1
Mistral-7B,Mistral-7B-Instruct-v0.3,5,it,selfish,Self vs Self,1,0.4,1.0,0.5,0.896551724137931,0.1
Mistral-7B,Mistral-7B-Instruct-v0.3,5,it,cooperative,Coop vs Coop,1,1.0,0.0,0.034482758620689655,0.9310344827586207,0.9666666666666667
Mistral-7B,Mistral-7B-Instruct-v0.3,5,it,cooperative,Coop vs Coop,0,1.0,0.0,0.034482758620689655,0.9310344827586207,0.9666666666666667
Mistral-7B,Mistral-7B-Instruct-v0.3,5,it,cooperative,Coop vs Self,1,0.9615384615384616,0.04,0.0,0.13793103448275862,0.9666666666666667
Mistral-7B,Mistral-7B-Instruct-v0.3,5,it,selfish,Coop vs Self,0,0.0,0.0,0.896551724137931,0.13793103448275862,0.1
Mistral-7B,Mistral-7B-Instruct-v0.3,5,it,selfish,Coop vs Self,0,0.15384615384615385,0.0,0.92,0.2413793103448276,0.06666666666666667
Mistral-7B,Mistral-7B-Instruct-v0.3,5,it,cooperative,Coop vs Self,1,0.9583333333333334,0.18181818181818182,0.0,0.2413793103448276,0.8333333333333334
Mistral-7B,Mistral-7B-Instruct-v0.3,5,it,selfish,Self vs Self,0,0.4,1.0,1.0,0.8275862068965517,0.06666666666666667
Mistral-7B,Mistral-7B-Instruct-v0.3,5,it,selfish,Self vs Self,1,0.4,1.0,0.6666666666666666,0.8620689655172413,0.1
Mistral-7B,Mistral-7B-Instruct-v0.3,5,it,cooperative,Coop vs Coop,1,0.8888888888888888,0.2222222222222222,0.05,0.6896551724137931,0.9
Mistral-7B,Mistral-7B-Instruct-v0.3,5,it,cooperative,Coop vs Coop,0,0.5,1.0,0.32142857142857145,0.6896551724137931,0.6333333333333333
Mistral-7B,Mistral-7B-Instruct-v0.3,5,it,cooperative,Coop vs Self,1,0.9615384615384616,0.08,0.0,0.13793103448275862,0.9333333333333333
Mistral-7B,Mistral-7B-Instruct-v0.3,5,it,selfish,Coop vs Self,0,0.0,0.0,0.9285714285714286,0.10344827586206896,0.06666666666666667
Mistral-7B,Mistral-7B-Instruct-v0.3,5,it,selfish,Coop vs Self,0,0.2727272727272727,1.0,0.9285714285714286,0.5172413793103449,0.1
Mistral-7B,Mistral-7B-Instruct-v0.3,5,it,cooperative,Coop vs Self,1,0.8461538461538461,0.75,0.25,0.6206896551724138,0.43333333333333335
Mistral-7B,Mistral-7B-Instruct-v0.3,5,it,selfish,Self vs Self,0,0.25,1.0,0.8,0.896551724137931,0.03333333333333333
Mistral-7B,Mistral-7B-Instruct-v0.3,5,it,selfish,Self vs Self,0,0.8,0.75,1.0,0.8275862068965517,0.13333333333333333
Qwen-32B,Qwen2.5-32B-Instruct,0,en,cooperative,Coop vs Coop,1,0.0,0.0,0.0,1.0,1.0
Qwen-32B,Qwen2.5-32B-Instruct,0,en,cooperative,Coop vs Coop,1,0.0,0.0,0.0,1.0,1.0
Qwen-32B,Qwen2.5-32B-Instruct,0,en,selfish,Coop vs Self,0,0.0,0.0,1.0,0.896551724137931,0.0
Qwen-32B,Qwen2.5-32B-Instruct,0,en,cooperative,Coop vs Self,1,0.75,0.6666666666666666,0.0,0.896551724137931,0.13333333333333333
Qwen-32B,Qwen2.5-32B-Instruct,0,en,cooperative,Coop vs Self,1,0.6666666666666666,0.5,0.0,0.9310344827586207,0.1
Qwen-32B,Qwen2.5-32B-Instruct,0,en,selfish,Coop vs Self,0,0.0,0.0,1.0,0.896551724137931,0.0
Qwen-32B,Qwen2.5-32B-Instruct,0,en,selfish,Self vs Self,0,0.0,1.0,1.0,1.0,0.0
Qwen-32B,Qwen2.5-32B-Instruct,0,en,selfish,Self vs Self,0,0.0,1.0,1.0,1.0,0.0
Qwen-32B,Qwen2.5-32B-Instruct,0,en,cooperative,Coop vs Coop,1,0.0,0.0,0.0,1.0,1.0
Qwen-32B,Qwen2.5-32B-Instruct,0,en,cooperative,Coop vs Coop,1,0.0,0.0,0.0,1.0,1.0
Qwen-32B,Qwen2.5-32B-Instruct,0,en,cooperative,Coop vs Self,1,0.6666666666666666,0.5,0.0,0.9310344827586207,0.1
Qwen-32B,Qwen2.5-32B-Instruct,0,en,selfish,Coop vs Self,0,0.0,0.0,1.0,0.896551724137931,0.0
Qwen-32B,Qwen2.5-32B-Instruct,0,en,selfish,Coop vs Self,0,0.0,0.0,1.0,0.9655172413793104,0.0
Qwen-32B,Qwen2.5-32B-Instruct,0,en,cooperative,Coop vs Self,1,0.0,1.0,0.0,1.0,0.03333333333333333
Qwen-32B,Qwen2.5-32B-Instruct,0,en,selfish,Self vs Self,0,0.0,1.0,1.0,1.0,0.0
Qwen-32B,Qwen2.5-32B-Instruct,0,en,selfish,Self vs Self,0,0.0,1.0,1.0,1.0,0.0
Qwen-32B,Qwen2.5-32B-Instruct,0,en,cooperative,Coop vs Coop,1,0.0,0.0,0.0,1.0,1.0
Qwen-32B,Qwen2.5-32B-Instruct,0,en,cooperative,Coop vs Coop,1,0.0,0.0,0.0,1.0,1.0
Qwen-32B,Qwen2.5-32B-Instruct,0,en,cooperative,Coop vs Self,1,0.75,0.4,0.0,0.896551724137931,0.13333333333333333
Qwen-32B,Qwen2.5-32B-Instruct,0,en,selfish,Coop vs Self,0,0.0,0.0,1.0,0.8620689655172413,0.0
Qwen-32B,Qwen2.5-32B-Instruct,0,en,selfish,Coop vs Self,0,0.0,0.0,1.0,0.9310344827586207,0.0
Qwen-32B,Qwen2.5-32B-Instruct,0,en,cooperative,Coop vs Self,1,0.6666666666666666,1.0,0.0,0.9310344827586207,0.1
Qwen-32B,Qwen2.5-32B-Instruct,0,en,selfish,Self vs Self,0,0.0,1.0,1.0,1.0,0.0
Qwen-32B,Qwen2.5-32B-Instruct,0,en,selfish,Self vs Self,0,0.0,1.0,1.0,1.0,0.0
Qwen-32B,Qwen2.5-32B-Instruct,0,en,cooperative,Coop vs Coop,1,0.0,0.0,0.0,1.0,1.0
Qwen-32B,Qwen2.5-32B-Instruct,0,en,cooperative,Coop vs Coop,1,0.0,0.0,0.0,1.0,1.0
Qwen-32B,Qwen2.5-32B-Instruct,0,en,cooperative,Coop vs Self,1,0.5,0.6666666666666666,0.0,0.9655172413793104,0.06666666666666667
Qwen-32B,Qwen2.5-32B-Instruct,0,en,selfish,Coop vs Self,0,0.0,0.0,1.0,0.9310344827586207,0.0
Qwen-32B,Qwen2.5-32B-Instruct,0,en,selfish,Coop vs Self,0,0.0,0.0,1.0,0.9655172413793104,0.0
Qwen-32B,Qwen2.5-32B-Instruct,0,en,cooperative,Coop vs Self,1,0.0,1.0,0.0,1.0,0.03333333333333333
Qwen-32B,Qwen2.5-32B-Instruct,0,en,selfish,Self vs Self,0,0.0,1.0,1.0,1.0,0.0
Qwen-32B,Qwen2.5-32B-Instruct,0,en,selfish,Self vs Self,0,0.0,1.0,1.0,1.0,0.0
Qwen-32B,Qwen2.5-32B-Instruct,0,en,cooperative,Coop vs Coop,1,0.0,0.0,0.0,1.0,1.0
Qwen-32B,Qwen2.5-32B-Instruct,0,en,cooperative,Coop vs Coop,1,0.0,0.0,0.0,1.0,1.0
Qwen-32B,Qwen2.5-32B-Instruct,0,en,cooperative,Coop vs Self,1,0.9666666666666667,0.0,0.0,0.0,1.0
Qwen-32B,Qwen2.5-32B-Instruct,0,en,selfish,Coop vs Self,0,0.0,0.0,1.0,0.0,0.0
Qwen-32B,Qwen2.5-32B-Instruct,0,en,selfish,Coop vs Self,0,0.0,0.0,1.0,0.8620689655172413,0.0
Qwen-32B,Qwen2.5-32B-Instruct,0,en,cooperative,Coop vs Self,1,0.8,0.5,0.0,0.8620689655172413,0.16666666666666666
Qwen-32B,Qwen2.5-32B-Instruct,0,en,selfish,Self vs Self,0,0.0,1.0,1.0,1.0,0.0
Qwen-32B,Qwen2.5-32B-Instruct,0,en,selfish,Self vs Self,0,0.0,1.0,1.0,1.0,0.0
Qwen-32B,Qwen2.5-32B-Instruct,0,en,cooperative,Coop vs Coop,1,0.0,0.0,0.0,1.0,1.0
Qwen-32B,Qwen2.5-32B-Instruct,0,en,cooperative,Coop vs Coop,1,0.0,0.0,0.0,1.0,1.0
Qwen-32B,Qwen2.5-32B-Instruct,0,en,selfish,Coop vs Self,0,0.0,0.0,1.0,0.9655172413793104,0.0
Qwen-32B,Qwen2.5-32B-Instruct,0,en,cooperative,Coop vs Self,1,0.0,1.0,0.0,1.0,0.03333333333333333
Qwen-32B,Qwen2.5-32B-Instruct,0,en,cooperative,Coop vs Self,1,0.6666666666666666,0.5,0.0,0.9310344827586207,0.1
Qwen-32B,Qwen2.5-32B-Instruct,0,en,selfish,Coop vs Self,0,0.0,0.0,1.0,0.896551724137931,0.0
Qwen-32B,Qwen2.5-32B-Instruct,0,en,selfish,Self vs Self,0,0.0,1.0,1.0,1.0,0.0
Qwen-32B,Qwen2.5-32B-Instruct,0,en,selfish,Self vs Self,0,0.0,1.0,1.0,1.0,0.0
Qwen-32B,Qwen2.5-32B-Instruct,0,en,cooperative,Coop vs Coop,1,0.0,0.0,0.0,1.0,1.0
Qwen-32B,Qwen2.5-32B-Instruct,0,en,cooperative,Coop vs Coop,1,0.0,0.0,0.0,1.0,1.0
Qwen-32B,Qwen2.5-32B-Instruct,0,en,selfish,Coop vs Self,0,0.0,0.0,1.0,0.8620689655172413,0.0
Qwen-32B,Qwen2.5-32B-Instruct,0,en,cooperative,Coop vs Self,1,0.8,0.5,0.0,0.8620689655172413,0.16666666666666666
Qwen-32B,Qwen2.5-32B-Instruct,0,en,cooperative,Coop vs Self,1,0.5,1.0,0.0,0.9655172413793104,0.06666666666666667
Qwen-32B,Qwen2.5-32B-Instruct,0,en,selfish,Coop vs Self,0,0.0,0.0,1.0,0.9310344827586207,0.0
Qwen-32B,Qwen2.5-32B-Instruct,0,en,selfish,Self vs Self,0,0.0,1.0,1.0,1.0,0.0
Qwen-32B,Qwen2.5-32B-Instruct,0,en,selfish,Self vs Self,0,0.0,1.0,1.0,1.0,0.0
Qwen-32B,Qwen2.5-32B-Instruct,0,en,cooperative,Coop vs Coop,1,0.0,0.0,0.0,1.0,1.0
Qwen-32B,Qwen2.5-32B-Instruct,0,en,cooperative,Coop vs Coop,1,0.0,0.0,0.0,1.0,1.0
Qwen-32B,Qwen2.5-32B-Instruct,0,en,cooperative,Coop vs Self,1,0.9666666666666667,0.0,0.0,0.0,1.0
Qwen-32B,Qwen2.5-32B-Instruct,0,en,selfish,Coop vs Self,0,0.0,0.0,1.0,0.0,0.0
Qwen-32B,Qwen2.5-32B-Instruct,0,en,selfish,Coop vs Self,0,0.0,0.0,1.0,0.896551724137931,0.0
Qwen-32B,Qwen2.5-32B-Instruct,0,en,cooperative,Coop vs Self,1,0.75,0.6666666666666666,0.0,0.896551724137931,0.13333333333333333
Qwen-32B,Qwen2.5-32B-Instruct,0,en,selfish,Self vs Self,0,0.0,1.0,1.0,1.0,0.0
Qwen-32B,Qwen2.5-32B-Instruct,0,en,selfish,Self vs Self,0,0.0,1.0,1.0,1.0,0.0
Qwen-32B,Qwen2.5-32B-Instruct,0,en,cooperative,Coop vs Coop,1,0.0,0.0,0.0,1.0,1.0
Qwen-32B,Qwen2.5-32B-Instruct,0,en,cooperative,Coop vs Coop,1,0.0,0.0,0.0,1.0,1.0
Qwen-32B,Qwen2.5-32B-Instruct,0,en,cooperative,Coop vs Self,1,0.5,0.6666666666666666,0.0,0.9655172413793104,0.06666666666666667
Qwen-32B,Qwen2.5-32B-Instruct,0,en,selfish,Coop vs Self,0,0.0,0.0,1.0,0.9310344827586207,0.0
Qwen-32B,Qwen2.5-32B-Instruct,0,en,selfish,Coop vs Self,0,0.0,0.0,1.0,0.9655172413793104,0.0
Qwen-32B,Qwen2.5-32B-Instruct,0,en,cooperative,Coop vs Self,1,0.0,1.0,0.0,1.0,0.03333333333333333
Qwen-32B,Qwen2.5-32B-Instruct,0,en,selfish,Self vs Self,0,0.0,1.0,1.0,1.0,0.0
Qwen-32B,Qwen2.5-32B-Instruct,0,en,selfish,Self vs Self,0,0.0,1.0,1.0,1.0,0.0
Qwen-32B,Qwen2.5-32B-Instruct,0,en,cooperative,Coop vs Coop,1,0.0,0.0,0.0,1.0,1.0
Qwen-32B,Qwen2.5-32B-Instruct,0,en,cooperative,Coop vs Coop,1,0.0,0.0,0.0,1.0,1.0
Qwen-32B,Qwen2.5-32B-Instruct,0,en,cooperative,Coop vs Self,1,0.9666666666666667,0.0,0.0,0.0,1.0
Qwen-32B,Qwen2.5-32B-Instruct,0,en,selfish,Coop vs Self,0,0.0,0.0,1.0,0.0,0.0
Qwen-32B,Qwen2.5-32B-Instruct,0,en,selfish,Coop vs Self,0,0.0,0.0,1.0,0.6551724137931034,0.0
Qwen-32B,Qwen2.5-32B-Instruct,0,en,cooperative,Coop vs Self,1,0.9090909090909091,0.2,0.0,0.6551724137931034,0.36666666666666664
Qwen-32B,Qwen2.5-32B-Instruct,0,en,selfish,Self vs Self,0,0.0,1.0,1.0,1.0,0.0
Qwen-32B,Qwen2.5-32B-Instruct,0,en,selfish,Self vs Self,0,0.0,1.0,1.0,1.0,0.0
Qwen-32B,Qwen2.5-32B-Instruct,0,fr,cooperative,Coop vs Coop,1,0.0,0.0,0.0,1.0,1.0
Qwen-32B,Qwen2.5-32B-Instruct,0,fr,cooperative,Coop vs Coop,1,0.0,0.0,0.0,1.0,1.0
Qwen-32B,Qwen2.5-32B-Instruct,0,fr,cooperative,Coop vs Self,1,0.9666666666666667,0.0,0.0,0.0,1.0
Qwen-32B,Qwen2.5-32B-Instruct,0,fr,selfish,Coop vs Self,0,0.0,0.0,1.0,0.0,0.0
Qwen-32B,Qwen2.5-32B-Instruct,0,fr,selfish,Coop vs Self,0,0.0,0.0,1.0,0.034482758620689655,0.0
Qwen-32B,Qwen2.5-32B-Instruct,0,fr,cooperative,Coop vs Self,1,0.9655172413793104,0.03571428571428571,0.0,0.034482758620689655,0.9666666666666667
Qwen-32B,Qwen2.5-32B-Instruct,0,fr,selfish,Self vs Self,0,0.0,1.0,1.0,1.0,0.0
Qwen-32B,Qwen2.5-32B-Instruct,0,fr,selfish,Self vs Self,0,0.0,1.0,1.0,1.0,0.0
Qwen-32B,Qwen2.5-32B-Instruct,0,fr,cooperative,Coop vs Coop,1,0.0,0.0,0.0,1.0,1.0
Qwen-32B,Qwen2.5-32B-Instruct,0,fr,cooperative,Coop vs Coop,1,0.0,0.0,0.0,1.0,1.0
Qwen-32B,Qwen2.5-32B-Instruct,0,fr,cooperative,Coop vs Self,1,0.5,0.6666666666666666,0.0,0.9655172413793104,0.06666666666666667
Qwen-32B,Qwen2.5-32B-Instruct,0,fr,selfish,Coop vs Self,0,0.0,0.0,1.0,0.9310344827586207,0.0
Qwen-32B,Qwen2.5-32B-Instruct,0,fr,selfish,Self vs Self,0,0.0,1.0,1.0,1.0,0.0
Qwen-32B,Qwen2.5-32B-Instruct,0,fr,selfish,Self vs Self,0,0.0,1.0,1.0,1.0,0.0
Qwen-32B,Qwen2.5-32B-Instruct,0,fr,selfish,Coop vs Self,0,0.0,0.0,1.0,0.9655172413793104,0.0
Qwen-32B,Qwen2.5-32B-Instruct,0,fr,cooperative,Coop vs Self,1,0.0,1.0,0.0,1.0,0.03333333333333333
Qwen-32B,Qwen2.5-32B-Instruct,0,fr,cooperative,Coop vs Coop,1,0.0,0.0,0.0,1.0,1.0
Qwen-32B,Qwen2.5-32B-Instruct,0,fr,cooperative,Coop vs Coop,1,0.0,0.0,0.0,1.0,1.0
Qwen-32B,Qwen2.5-32B-Instruct,0,fr,cooperative,Coop vs Self,1,0.5,0.6666666666666666,0.0,0.9655172413793104,0.06666666666666667
Qwen-32B,Qwen2.5-32B-Instruct,0,fr,selfish,Coop vs Self,0,0.0,0.0,1.0,0.9310344827586207,0.0
Qwen-32B,Qwen2.5-32B-Instruct,0,fr,selfish,Coop vs Self,0,0.0,0.0,1.0,0.9655172413793104,0.0
Qwen-32B,Qwen2.5-32B-Instruct,0,fr,cooperative,Coop vs Self,1,0.0,1.0,0.0,1.0,0.03333333333333333
Qwen-32B,Qwen2.5-32B-Instruct,0,fr,selfish,Self vs Self,0,0.0,1.0,1.0,1.0,0.0
Qwen-32B,Qwen2.5-32B-Instruct,0,fr,selfish,Self vs Self,0,0.0,1.0,1.0,1.0,0.0
Qwen-32B,Qwen2.5-32B-Instruct,0,fr,cooperative,Coop vs Coop,1,0.0,0.0,0.0,1.0,1.0
Qwen-32B,Qwen2.5-32B-Instruct,0,fr,cooperative,Coop vs Coop,1,0.0,0.0,0.0,1.0,1.0
Qwen-32B,Qwen2.5-32B-Instruct,0,fr,cooperative,Coop vs Self,1,0.5,0.6666666666666666,0.0,0.9655172413793104,0.06666666666666667
Qwen-32B,Qwen2.5-32B-Instruct,0,fr,selfish,Coop vs Self,0,0.0,0.0,1.0,0.9310344827586207,0.0
Qwen-32B,Qwen2.5-32B-Instruct,0,fr,selfish,Coop vs Self,0,0.0,0.0,1.0,0.9655172413793104,0.0
Qwen-32B,Qwen2.5-32B-Instruct,0,fr,cooperative,Coop vs Self,1,0.0,1.0,0.0,1.0,0.03333333333333333
Qwen-32B,Qwen2.5-32B-Instruct,0,fr,selfish,Self vs Self,0,0.0,1.0,1.0,1.0,0.0
Qwen-32B,Qwen2.5-32B-Instruct,0,fr,selfish,Self vs Self,0,0.0,1.0,1.0,1.0,0.0
Qwen-32B,Qwen2.5-32B-Instruct,0,fr,cooperative,Coop vs Coop,1,0.0,0.0,0.0,1.0,1.0
Qwen-32B,Qwen2.5-32B-Instruct,0,fr,cooperative,Coop vs Coop,1,0.0,0.0,0.0,1.0,1.0
Qwen-32B,Qwen2.5-32B-Instruct,0,fr,cooperative,Coop vs Self,1,0.0,1.0,0.0,1.0,0.03333333333333333
Qwen-32B,Qwen2.5-32B-Instruct,0,fr,selfish,Coop vs Self,0,0.0,0.0,1.0,0.9655172413793104,0.0
Qwen-32B,Qwen2.5-32B-Instruct,0,fr,selfish,Coop vs Self,0,0.0,0.0,1.0,0.0,0.0
Qwen-32B,Qwen2.5-32B-Instruct,0,fr,cooperative,Coop vs Self,1,0.9666666666666667,0.0,0.0,0.0,1.0
Qwen-32B,Qwen2.5-32B-Instruct,0,fr,selfish,Self vs Self,0,0.0,1.0,1.0,1.0,0.0
Qwen-32B,Qwen2.5-32B-Instruct,0,fr,selfish,Self vs Self,0,0.0,1.0,1.0,1.0,0.0
Qwen-32B,Qwen2.5-32B-Instruct,0,fr,cooperative,Coop vs Coop,1,0.0,0.0,0.0,1.0,1.0
Qwen-32B,Qwen2.5-32B-Instruct,0,fr,cooperative,Coop vs Coop,1,0.0,0.0,0.0,1.0,1.0
Qwen-32B,Qwen2.5-32B-Instruct,0,fr,cooperative,Coop vs Self,1,0.0,1.0,0.0,1.0,0.03333333333333333
Qwen-32B,Qwen2.5-32B-Instruct,0,fr,selfish,Coop vs Self,0,0.0,0.0,1.0,0.9655172413793104,0.0
Qwen-32B,Qwen2.5-32B-Instruct,0,fr,selfish,Coop vs Self,0,0.0,0.0,1.0,0.9655172413793104,0.0
Qwen-32B,Qwen2.5-32B-Instruct,0,fr,cooperative,Coop vs Self,1,0.0,1.0,0.0,1.0,0.03333333333333333
Qwen-32B,Qwen2.5-32B-Instruct,0,fr,selfish,Self vs Self,0,0.0,1.0,1.0,1.0,0.0
Qwen-32B,Qwen2.5-32B-Instruct,0,fr,selfish,Self vs Self,0,0.0,1.0,1.0,1.0,0.0
Qwen-32B,Qwen2.5-32B-Instruct,0,fr,cooperative,Coop vs Coop,1,0.0,0.0,0.0,1.0,1.0
Qwen-32B,Qwen2.5-32B-Instruct,0,fr,cooperative,Coop vs Coop,1,0.0,0.0,0.0,1.0,1.0
Qwen-32B,Qwen2.5-32B-Instruct,0,fr,cooperative,Coop vs Self,1,0.5,0.6666666666666666,0.0,0.9655172413793104,0.06666666666666667
Qwen-32B,Qwen2.5-32B-Instruct,0,fr,selfish,Coop vs Self,0,0.0,0.0,1.0,0.9310344827586207,0.0
Qwen-32B,Qwen2.5-32B-Instruct,0,fr,selfish,Self vs Self,0,0.0,1.0,1.0,1.0,0.0
Qwen-32B,Qwen2.5-32B-Instruct,0,fr,selfish,Self vs Self,0,0.0,1.0,1.0,1.0,0.0
Qwen-32B,Qwen2.5-32B-Instruct,0,fr,selfish,Coop vs Self,0,0.0,0.0,1.0,0.27586206896551724,0.0
Qwen-32B,Qwen2.5-32B-Instruct,0,fr,cooperative,Coop vs Self,1,0.9545454545454546,0.09523809523809523,0.0,0.27586206896551724,0.7333333333333333
Qwen-32B,Qwen2.5-32B-Instruct,0,fr,cooperative,Coop vs Coop,1,0.0,0.0,0.0,1.0,1.0
Qwen-32B,Qwen2.5-32B-Instruct,0,fr,cooperative,Coop vs Coop,1,0.0,0.0,0.0,1.0,1.0
Qwen-32B,Qwen2.5-32B-Instruct,0,fr,cooperative,Coop vs Self,1,0.9666666666666667,0.0,0.0,0.0,1.0
Qwen-32B,Qwen2.5-32B-Instruct,0,fr,selfish,Coop vs Self,0,0.0,0.0,1.0,0.0,0.0
Qwen-32B,Qwen2.5-32B-Instruct,0,fr,selfish,Coop vs Self,0,0.0,0.0,1.0,0.20689655172413793,0.0
Qwen-32B,Qwen2.5-32B-Instruct,0,fr,cooperative,Coop vs Self,1,0.9583333333333334,0.08695652173913043,0.0,0.20689655172413793,0.8
Qwen-32B,Qwen2.5-32B-Instruct,0,fr,selfish,Self vs Self,0,0.0,1.0,1.0,1.0,0.0
Qwen-32B,Qwen2.5-32B-Instruct,0,fr,selfish,Self vs Self,0,0.0,1.0,1.0,1.0,0.0
Qwen-32B,Qwen2.5-32B-Instruct,0,fr,cooperative,Coop vs Coop,1,0.0,0.0,0.0,1.0,1.0
Qwen-32B,Qwen2.5-32B-Instruct,0,fr,cooperative,Coop vs Coop,1,0.0,0.0,0.0,1.0,1.0
Qwen-32B,Qwen2.5-32B-Instruct,0,fr,cooperative,Coop vs Self,1,0.9666666666666667,0.0,0.0,0.0,1.0
Qwen-32B,Qwen2.5-32B-Instruct,0,fr,selfish,Coop vs Self,0,0.0,0.0,1.0,0.0,0.0
Qwen-32B,Qwen2.5-32B-Instruct,0,fr,selfish,Self vs Self,0,0.0,1.0,1.0,1.0,0.0
Qwen-32B,Qwen2.5-32B-Instruct,0,fr,selfish,Self vs Self,0,0.0,1.0,1.0,1.0,0.0
Qwen-32B,Qwen2.5-32B-Instruct,0,fr,selfish,Coop vs Self,0,0.0,0.0,1.0,0.8620689655172413,0.0
Qwen-32B,Qwen2.5-32B-Instruct,0,fr,cooperative,Coop vs Self,1,0.75,1.0,0.0,0.896551724137931,0.13333333333333333
Qwen-32B,Qwen2.5-32B-Instruct,0,fr,cooperative,Coop vs Coop,1,0.0,0.0,0.0,1.0,1.0
Qwen-32B,Qwen2.5-32B-Instruct,0,fr,cooperative,Coop vs Coop,1,0.0,0.0,0.0,1.0,1.0
Qwen-32B,Qwen2.5-32B-Instruct,0,fr,cooperative,Coop vs Self,1,0.5,0.6666666666666666,0.0,0.9655172413793104,0.06666666666666667
Qwen-32B,Qwen2.5-32B-Instruct,0,fr,selfish,Coop vs Self,0,0.0,0.0,1.0,0.9310344827586207,0.0
Qwen-32B,Qwen2.5-32B-Instruct,0,fr,selfish,Coop vs Self,0,0.0,0.0,1.0,0.9655172413793104,0.0
Qwen-32B,Qwen2.5-32B-Instruct,0,fr,cooperative,Coop vs Self,1,0.0,1.0,0.0,1.0,0.03333333333333333
Qwen-32B,Qwen2.5-32B-Instruct,0,fr,selfish,Self vs Self,0,0.0,1.0,1.0,1.0,0.0
Qwen-32B,Qwen2.5-32B-Instruct,0,fr,selfish,Self vs Self,0,0.0,1.0,1.0,1.0,0.0
Qwen-32B,Qwen2.5-32B-Instruct,0,ar,cooperative,Coop vs Coop,0,0.0,1.0,1.0,1.0,0.0
Qwen-32B,Qwen2.5-32B-Instruct,0,ar,cooperative,Coop vs Coop,0,0.0,1.0,1.0,1.0,0.0
Qwen-32B,Qwen2.5-32B-Instruct,0,ar,selfish,Self vs Self,0,0.0,1.0,1.0,1.0,0.0
Qwen-32B,Qwen2.5-32B-Instruct,0,ar,selfish,Self vs Self,0,0.0,1.0,1.0,1.0,0.0
Qwen-32B,Qwen2.5-32B-Instruct,0,ar,cooperative,Coop vs Self,0,0.0,1.0,1.0,1.0,0.0
Qwen-32B,Qwen2.5-32B-Instruct,0,ar,selfish,Coop vs Self,0,0.0,1.0,1.0,1.0,0.0
Qwen-32B,Qwen2.5-32B-Instruct,0,ar,selfish,Coop vs Self,0,0.0,1.0,1.0,1.0,0.0
Qwen-32B,Qwen2.5-32B-Instruct,0,ar,cooperative,Coop vs Self,0,0.0,1.0,1.0,1.0,0.0
Qwen-32B,Qwen2.5-32B-Instruct,0,ar,cooperative,Coop vs Coop,0,0.0,1.0,1.0,1.0,0.0
Qwen-32B,Qwen2.5-32B-Instruct,0,ar,cooperative,Coop vs Coop,0,0.0,1.0,1.0,1.0,0.0
Qwen-32B,Qwen2.5-32B-Instruct,0,ar,cooperative,Coop vs Self,0,0.0,1.0,1.0,1.0,0.0
Qwen-32B,Qwen2.5-32B-Instruct,0,ar,selfish,Coop vs Self,0,0.0,1.0,1.0,1.0,0.0
Qwen-32B,Qwen2.5-32B-Instruct,0,ar,selfish,Coop vs Self,0,0.0,1.0,1.0,1.0,0.0
Qwen-32B,Qwen2.5-32B-Instruct,0,ar,cooperative,Coop vs Self,0,0.0,1.0,1.0,1.0,0.0
Qwen-32B,Qwen2.5-32B-Instruct,0,ar,selfish,Self vs Self,0,0.0,1.0,1.0,1.0,0.0
Qwen-32B,Qwen2.5-32B-Instruct,0,ar,selfish,Self vs Self,0,0.0,1.0,1.0,1.0,0.0
Qwen-32B,Qwen2.5-32B-Instruct,0,ar,cooperative,Coop vs Coop,0,0.0,1.0,1.0,1.0,0.0
Qwen-32B,Qwen2.5-32B-Instruct,0,ar,cooperative,Coop vs Coop,0,0.0,1.0,1.0,1.0,0.0
Qwen-32B,Qwen2.5-32B-Instruct,0,ar,cooperative,Coop vs Self,0,0.0,1.0,1.0,1.0,0.0
Qwen-32B,Qwen2.5-32B-Instruct,0,ar,selfish,Coop vs Self,0,0.0,1.0,1.0,1.0,0.0
Qwen-32B,Qwen2.5-32B-Instruct,0,ar,selfish,Coop vs Self,0,0.0,1.0,1.0,1.0,0.0
Qwen-32B,Qwen2.5-32B-Instruct,0,ar,cooperative,Coop vs Self,0,0.0,1.0,1.0,1.0,0.0
Qwen-32B,Qwen2.5-32B-Instruct,0,ar,selfish,Self vs Self,0,0.0,1.0,1.0,1.0,0.0
Qwen-32B,Qwen2.5-32B-Instruct,0,ar,selfish,Self vs Self,0,0.0,1.0,1.0,1.0,0.0
Qwen-32B,Qwen2.5-32B-Instruct,0,ar,cooperative,Coop vs Coop,0,0.0,1.0,1.0,1.0,0.0
Qwen-32B,Qwen2.5-32B-Instruct,0,ar,cooperative,Coop vs Coop,0,0.0,1.0,1.0,1.0,0.0
Qwen-32B,Qwen2.5-32B-Instruct,0,ar,cooperative,Coop vs Self,0,0.0,1.0,1.0,1.0,0.0
Qwen-32B,Qwen2.5-32B-Instruct,0,ar,selfish,Coop vs Self,0,0.0,1.0,1.0,1.0,0.0
Qwen-32B,Qwen2.5-32B-Instruct,0,ar,selfish,Coop vs Self,0,0.0,1.0,1.0,1.0,0.0
Qwen-32B,Qwen2.5-32B-Instruct,0,ar,cooperative,Coop vs Self,0,0.0,1.0,1.0,1.0,0.0
Qwen-32B,Qwen2.5-32B-Instruct,0,ar,selfish,Self vs Self,0,0.0,1.0,1.0,1.0,0.0
Qwen-32B,Qwen2.5-32B-Instruct,0,ar,selfish,Self vs Self,0,0.0,1.0,1.0,1.0,0.0
Qwen-32B,Qwen2.5-32B-Instruct,0,ar,cooperative,Coop vs Coop,0,0.0,1.0,1.0,1.0,0.0
Qwen-32B,Qwen2.5-32B-Instruct,0,ar,cooperative,Coop vs Coop,0,0.0,1.0,1.0,1.0,0.0
Qwen-32B,Qwen2.5-32B-Instruct,0,ar,cooperative,Coop vs Self,0,0.0,1.0,1.0,1.0,0.0
Qwen-32B,Qwen2.5-32B-Instruct,0,ar,selfish,Coop vs Self,0,0.0,1.0,1.0,1.0,0.0
Qwen-32B,Qwen2.5-32B-Instruct,0,ar,selfish,Coop vs Self,0,0.0,1.0,1.0,1.0,0.0
Qwen-32B,Qwen2.5-32B-Instruct,0,ar,cooperative,Coop vs Self,0,0.0,1.0,1.0,1.0,0.0
Qwen-32B,Qwen2.5-32B-Instruct,0,ar,selfish,Self vs Self,0,0.0,1.0,1.0,1.0,0.0
Qwen-32B,Qwen2.5-32B-Instruct,0,ar,selfish,Self vs Self,0,0.0,1.0,1.0,1.0,0.0
Qwen-32B,Qwen2.5-32B-Instruct,0,ar,cooperative,Coop vs Coop,0,0.0,1.0,1.0,1.0,0.0
Qwen-32B,Qwen2.5-32B-Instruct,0,ar,cooperative,Coop vs Coop,0,0.0,1.0,1.0,1.0,0.0
Qwen-32B,Qwen2.5-32B-Instruct,0,ar,selfish,Coop vs Self,0,0.0,1.0,1.0,1.0,0.0
Qwen-32B,Qwen2.5-32B-Instruct,0,ar,cooperative,Coop vs Self,0,0.0,1.0,1.0,1.0,0.0
Qwen-32B,Qwen2.5-32B-Instruct,0,ar,cooperative,Coop vs Self,0,0.0,1.0,1.0,1.0,0.0
Qwen-32B,Qwen2.5-32B-Instruct,0,ar,selfish,Coop vs Self,0,0.0,1.0,1.0,1.0,0.0
Qwen-32B,Qwen2.5-32B-Instruct,0,ar,selfish,Self vs Self,0,0.0,1.0,1.0,1.0,0.0
Qwen-32B,Qwen2.5-32B-Instruct,0,ar,selfish,Self vs Self,0,0.0,1.0,1.0,1.0,0.0
Qwen-32B,Qwen2.5-32B-Instruct,0,ar,cooperative,Coop vs Coop,0,0.0,1.0,1.0,1.0,0.0
Qwen-32B,Qwen2.5-32B-Instruct,0,ar,cooperative,Coop vs Coop,0,0.0,1.0,1.0,1.0,0.0
Qwen-32B,Qwen2.5-32B-Instruct,0,ar,cooperative,Coop vs Self,0,0.0,1.0,1.0,1.0,0.0
Qwen-32B,Qwen2.5-32B-Instruct,0,ar,selfish,Coop vs Self,0,0.0,1.0,1.0,1.0,0.0
Qwen-32B,Qwen2.5-32B-Instruct,0,ar,selfish,Coop vs Self,0,0.0,1.0,1.0,1.0,0.0
Qwen-32B,Qwen2.5-32B-Instruct,0,ar,cooperative,Coop vs Self,0,0.0,1.0,1.0,1.0,0.0
Qwen-32B,Qwen2.5-32B-Instruct,0,ar,selfish,Self vs Self,0,0.0,1.0,1.0,1.0,0.0
Qwen-32B,Qwen2.5-32B-Instruct,0,ar,selfish,Self vs Self,0,0.0,1.0,1.0,1.0,0.0
Qwen-32B,Qwen2.5-32B-Instruct,0,ar,cooperative,Coop vs Coop,0,0.0,1.0,1.0,1.0,0.0
Qwen-32B,Qwen2.5-32B-Instruct,0,ar,cooperative,Coop vs Coop,0,0.0,1.0,1.0,1.0,0.0
Qwen-32B,Qwen2.5-32B-Instruct,0,ar,cooperative,Coop vs Self,0,0.0,1.0,1.0,1.0,0.0
Qwen-32B,Qwen2.5-32B-Instruct,0,ar,selfish,Coop vs Self,0,0.0,1.0,1.0,1.0,0.0
Qwen-32B,Qwen2.5-32B-Instruct,0,ar,selfish,Self vs Self,0,0.0,1.0,1.0,1.0,0.0
Qwen-32B,Qwen2.5-32B-Instruct,0,ar,selfish,Self vs Self,0,0.0,1.0,1.0,1.0,0.0
Qwen-32B,Qwen2.5-32B-Instruct,0,ar,selfish,Coop vs Self,0,0.0,1.0,1.0,1.0,0.0
Qwen-32B,Qwen2.5-32B-Instruct,0,ar,cooperative,Coop vs Self,0,0.0,1.0,1.0,1.0,0.0
Qwen-32B,Qwen2.5-32B-Instruct,0,ar,cooperative,Coop vs Coop,0,0.0,1.0,1.0,1.0,0.0
Qwen-32B,Qwen2.5-32B-Instruct,0,ar,cooperative,Coop vs Coop,0,0.0,1.0,1.0,1.0,0.0
Qwen-32B,Qwen2.5-32B-Instruct,0,ar,cooperative,Coop vs Self,0,0.0,1.0,1.0,1.0,0.0
Qwen-32B,Qwen2.5-32B-Instruct,0,ar,selfish,Coop vs Self,0,0.0,1.0,1.0,1.0,0.0
Qwen-32B,Qwen2.5-32B-Instruct,0,ar,selfish,Self vs Self,0,0.0,1.0,1.0,1.0,0.0
Qwen-32B,Qwen2.5-32B-Instruct,0,ar,selfish,Self vs Self,0,0.0,1.0,1.0,1.0,0.0
Qwen-32B,Qwen2.5-32B-Instruct,0,ar,selfish,Coop vs Self,0,0.0,1.0,1.0,1.0,0.0
Qwen-32B,Qwen2.5-32B-Instruct,0,ar,cooperative,Coop vs Self,0,0.0,1.0,1.0,1.0,0.0
Qwen-32B,Qwen2.5-32B-Instruct,0,ar,cooperative,Coop vs Coop,0,0.0,1.0,1.0,1.0,0.0
Qwen-32B,Qwen2.5-32B-Instruct,0,ar,cooperative,Coop vs Coop,0,0.0,1.0,1.0,1.0,0.0
Qwen-32B,Qwen2.5-32B-Instruct,0,ar,cooperative,Coop vs Self,0,0.0,1.0,1.0,1.0,0.0
Qwen-32B,Qwen2.5-32B-Instruct,0,ar,selfish,Coop vs Self,0,0.0,1.0,1.0,1.0,0.0
Qwen-32B,Qwen2.5-32B-Instruct,0,ar,selfish,Coop vs Self,0,0.0,1.0,1.0,1.0,0.0
Qwen-32B,Qwen2.5-32B-Instruct,0,ar,cooperative,Coop vs Self,0,0.0,1.0,1.0,1.0,0.0
Qwen-32B,Qwen2.5-32B-Instruct,0,ar,selfish,Self vs Self,0,0.0,1.0,1.0,1.0,0.0
Qwen-32B,Qwen2.5-32B-Instruct,0,ar,selfish,Self vs Self,0,0.0,1.0,1.0,1.0,0.0
Qwen-32B,Qwen2.5-32B-Instruct,0,cn,cooperative,Coop vs Coop,0,0.0,1.0,1.0,1.0,0.0
Qwen-32B,Qwen2.5-32B-Instruct,0,cn,cooperative,Coop vs Coop,0,0.0,1.0,1.0,1.0,0.0
Qwen-32B,Qwen2.5-32B-Instruct,0,cn,cooperative,Coop vs Self,0,0.0,1.0,1.0,1.0,0.0
Qwen-32B,Qwen2.5-32B-Instruct,0,cn,selfish,Coop vs Self,0,0.0,1.0,1.0,1.0,0.0
Qwen-32B,Qwen2.5-32B-Instruct,0,cn,selfish,Coop vs Self,0,0.0,1.0,1.0,1.0,0.0
Qwen-32B,Qwen2.5-32B-Instruct,0,cn,cooperative,Coop vs Self,0,0.0,1.0,1.0,1.0,0.0
Qwen-32B,Qwen2.5-32B-Instruct,0,cn,cooperative,Coop vs Coop,0,0.0,1.0,1.0,1.0,0.0
Qwen-32B,Qwen2.5-32B-Instruct,0,cn,cooperative,Coop vs Coop,0,0.0,1.0,1.0,1.0,0.0
Qwen-32B,Qwen2.5-32B-Instruct,0,cn,selfish,Self vs Self,0,0.0,1.0,1.0,1.0,0.0
Qwen-32B,Qwen2.5-32B-Instruct,0,cn,selfish,Self vs Self,0,0.0,1.0,1.0,1.0,0.0
Qwen-32B,Qwen2.5-32B-Instruct,0,cn,cooperative,Coop vs Self,0,0.0,1.0,1.0,1.0,0.0
Qwen-32B,Qwen2.5-32B-Instruct,0,cn,selfish,Coop vs Self,0,0.0,1.0,1.0,1.0,0.0
Qwen-32B,Qwen2.5-32B-Instruct,0,cn,selfish,Coop vs Self,0,0.0,1.0,1.0,1.0,0.0
Qwen-32B,Qwen2.5-32B-Instruct,0,cn,cooperative,Coop vs Self,0,0.0,1.0,1.0,1.0,0.0
Qwen-32B,Qwen2.5-32B-Instruct,0,cn,cooperative,Coop vs Coop,0,0.0,1.0,1.0,1.0,0.0
Qwen-32B,Qwen2.5-32B-Instruct,0,cn,cooperative,Coop vs Coop,0,0.0,1.0,1.0,1.0,0.0
Qwen-32B,Qwen2.5-32B-Instruct,0,cn,selfish,Self vs Self,0,0.0,1.0,1.0,1.0,0.0
Qwen-32B,Qwen2.5-32B-Instruct,0,cn,selfish,Self vs Self,0,0.0,1.0,1.0,1.0,0.0
Qwen-32B,Qwen2.5-32B-Instruct,0,cn,cooperative,Coop vs Self,0,0.0,1.0,1.0,1.0,0.0
Qwen-32B,Qwen2.5-32B-Instruct,0,cn,selfish,Coop vs Self,0,0.0,1.0,1.0,1.0,0.0
Qwen-32B,Qwen2.5-32B-Instruct,0,cn,selfish,Coop vs Self,0,0.0,1.0,1.0,1.0,0.0
Qwen-32B,Qwen2.5-32B-Instruct,0,cn,cooperative,Coop vs Self,0,0.0,1.0,1.0,1.0,0.0
Qwen-32B,Qwen2.5-32B-Instruct,0,cn,cooperative,Coop vs Coop,0,0.0,1.0,1.0,1.0,0.0
Qwen-32B,Qwen2.5-32B-Instruct,0,cn,cooperative,Coop vs Coop,0,0.0,1.0,1.0,1.0,0.0
Qwen-32B,Qwen2.5-32B-Instruct,0,cn,selfish,Self vs Self,0,0.0,1.0,1.0,1.0,0.0
Qwen-32B,Qwen2.5-32B-Instruct,0,cn,selfish,Self vs Self,0,0.0,1.0,1.0,1.0,0.0
Qwen-32B,Qwen2.5-32B-Instruct,0,cn,cooperative,Coop vs Self,0,0.0,1.0,1.0,1.0,0.0
Qwen-32B,Qwen2.5-32B-Instruct,0,cn,selfish,Coop vs Self,0,0.0,1.0,1.0,1.0,0.0
Qwen-32B,Qwen2.5-32B-Instruct,0,cn,selfish,Coop vs Self,0,0.0,1.0,1.0,1.0,0.0
Qwen-32B,Qwen2.5-32B-Instruct,0,cn,cooperative,Coop vs Self,0,0.0,1.0,1.0,1.0,0.0
Qwen-32B,Qwen2.5-32B-Instruct,0,cn,selfish,Self vs Self,0,0.0,1.0,1.0,1.0,0.0
Qwen-32B,Qwen2.5-32B-Instruct,0,cn,selfish,Self vs Self,0,0.0,1.0,1.0,1.0,0.0
Qwen-32B,Qwen2.5-32B-Instruct,0,cn,cooperative,Coop vs Coop,0,0.0,1.0,1.0,1.0,0.0
Qwen-32B,Qwen2.5-32B-Instruct,0,cn,cooperative,Coop vs Coop,0,0.0,1.0,1.0,1.0,0.0
Qwen-32B,Qwen2.5-32B-Instruct,0,cn,cooperative,Coop vs Self,0,0.0,1.0,1.0,1.0,0.0
Qwen-32B,Qwen2.5-32B-Instruct,0,cn,selfish,Coop vs Self,0,0.0,1.0,1.0,1.0,0.0
Qwen-32B,Qwen2.5-32B-Instruct,0,cn,selfish,Coop vs Self,0,0.0,1.0,1.0,1.0,0.0
Qwen-32B,Qwen2.5-32B-Instruct,0,cn,cooperative,Coop vs Self,0,0.0,1.0,1.0,1.0,0.0
Qwen-32B,Qwen2.5-32B-Instruct,0,cn,selfish,Self vs Self,0,0.0,1.0,1.0,1.0,0.0
Qwen-32B,Qwen2.5-32B-Instruct,0,cn,selfish,Self vs Self,0,0.0,1.0,1.0,1.0,0.0
Qwen-32B,Qwen2.5-32B-Instruct,0,cn,cooperative,Coop vs Coop,0,0.0,1.0,1.0,1.0,0.0
Qwen-32B,Qwen2.5-32B-Instruct,0,cn,cooperative,Coop vs Coop,0,0.0,1.0,1.0,1.0,0.0
Qwen-32B,Qwen2.5-32B-Instruct,0,cn,cooperative,Coop vs Self,0,0.0,1.0,1.0,1.0,0.0
Qwen-32B,Qwen2.5-32B-Instruct,0,cn,selfish,Coop vs Self,0,0.0,1.0,1.0,1.0,0.0
Qwen-32B,Qwen2.5-32B-Instruct,0,cn,selfish,Coop vs Self,0,0.0,1.0,1.0,1.0,0.0
Qwen-32B,Qwen2.5-32B-Instruct,0,cn,cooperative,Coop vs Self,0,0.0,1.0,1.0,1.0,0.0
Qwen-32B,Qwen2.5-32B-Instruct,0,cn,selfish,Self vs Self,0,0.0,1.0,1.0,1.0,0.0
Qwen-32B,Qwen2.5-32B-Instruct,0,cn,selfish,Self vs Self,0,0.0,1.0,1.0,1.0,0.0
Qwen-32B,Qwen2.5-32B-Instruct,0,cn,cooperative,Coop vs Coop,0,0.0,1.0,1.0,1.0,0.0
Qwen-32B,Qwen2.5-32B-Instruct,0,cn,cooperative,Coop vs Coop,0,0.0,1.0,1.0,1.0,0.0
Qwen-32B,Qwen2.5-32B-Instruct,0,cn,cooperative,Coop vs Self,0,0.0,1.0,1.0,1.0,0.0
Qwen-32B,Qwen2.5-32B-Instruct,0,cn,selfish,Coop vs Self,0,0.0,1.0,1.0,1.0,0.0
Qwen-32B,Qwen2.5-32B-Instruct,0,cn,selfish,Coop vs Self,0,0.0,1.0,1.0,1.0,0.0
Qwen-32B,Qwen2.5-32B-Instruct,0,cn,cooperative,Coop vs Self,0,0.0,1.0,1.0,1.0,0.0
Qwen-32B,Qwen2.5-32B-Instruct,0,cn,selfish,Self vs Self,0,0.0,1.0,1.0,1.0,0.0
Qwen-32B,Qwen2.5-32B-Instruct,0,cn,selfish,Self vs Self,0,0.0,1.0,1.0,1.0,0.0
Qwen-32B,Qwen2.5-32B-Instruct,0,cn,cooperative,Coop vs Coop,0,0.0,1.0,1.0,1.0,0.0
Qwen-32B,Qwen2.5-32B-Instruct,0,cn,cooperative,Coop vs Coop,0,0.0,1.0,1.0,1.0,0.0
Qwen-32B,Qwen2.5-32B-Instruct,0,cn,cooperative,Coop vs Self,0,0.0,1.0,1.0,1.0,0.0
Qwen-32B,Qwen2.5-32B-Instruct,0,cn,selfish,Coop vs Self,0,0.0,1.0,1.0,1.0,0.0
Qwen-32B,Qwen2.5-32B-Instruct,0,cn,selfish,Coop vs Self,0,0.0,1.0,1.0,1.0,0.0
Qwen-32B,Qwen2.5-32B-Instruct,0,cn,cooperative,Coop vs Self,0,0.0,1.0,1.0,1.0,0.0
Qwen-32B,Qwen2.5-32B-Instruct,0,cn,selfish,Self vs Self,0,0.0,1.0,1.0,1.0,0.0
Qwen-32B,Qwen2.5-32B-Instruct,0,cn,selfish,Self vs Self,0,0.0,1.0,1.0,1.0,0.0
Qwen-32B,Qwen2.5-32B-Instruct,0,cn,cooperative,Coop vs Coop,0,0.0,1.0,1.0,1.0,0.0
Qwen-32B,Qwen2.5-32B-Instruct,0,cn,cooperative,Coop vs Coop,0,0.0,1.0,1.0,1.0,0.0
Qwen-32B,Qwen2.5-32B-Instruct,0,cn,cooperative,Coop vs Self,0,0.0,1.0,1.0,1.0,0.0
Qwen-32B,Qwen2.5-32B-Instruct,0,cn,selfish,Coop vs Self,0,0.0,1.0,1.0,1.0,0.0
Qwen-32B,Qwen2.5-32B-Instruct,0,cn,selfish,Coop vs Self,0,0.0,1.0,1.0,1.0,0.0
Qwen-32B,Qwen2.5-32B-Instruct,0,cn,cooperative,Coop vs Self,0,0.0,1.0,1.0,1.0,0.0
Qwen-32B,Qwen2.5-32B-Instruct,0,cn,selfish,Self vs Self,0,0.0,1.0,1.0,1.0,0.0
Qwen-32B,Qwen2.5-32B-Instruct,0,cn,selfish,Self vs Self,0,0.0,1.0,1.0,1.0,0.0
Qwen-32B,Qwen2.5-32B-Instruct,0,cn,cooperative,Coop vs Coop,0,0.0,1.0,1.0,1.0,0.0
Qwen-32B,Qwen2.5-32B-Instruct,0,cn,cooperative,Coop vs Coop,0,0.0,1.0,1.0,1.0,0.0
Qwen-32B,Qwen2.5-32B-Instruct,0,cn,cooperative,Coop vs Self,0,0.0,1.0,1.0,1.0,0.0
Qwen-32B,Qwen2.5-32B-Instruct,0,cn,selfish,Coop vs Self,0,0.0,1.0,1.0,1.0,0.0
Qwen-32B,Qwen2.5-32B-Instruct,0,cn,selfish,Coop vs Self,0,0.0,1.0,1.0,1.0,0.0
Qwen-32B,Qwen2.5-32B-Instruct,0,cn,cooperative,Coop vs Self,0,0.0,1.0,1.0,1.0,0.0
Qwen-32B,Qwen2.5-32B-Instruct,0,cn,selfish,Self vs Self,0,0.0,1.0,1.0,1.0,0.0
Qwen-32B,Qwen2.5-32B-Instruct,0,cn,selfish,Self vs Self,0,0.0,1.0,1.0,1.0,0.0
Qwen-32B,Qwen2.5-32B-Instruct,0,vn,cooperative,Coop vs Coop,0,0.0,1.0,1.0,1.0,0.0
Qwen-32B,Qwen2.5-32B-Instruct,0,vn,cooperative,Coop vs Coop,0,0.0,1.0,1.0,1.0,0.0
Qwen-32B,Qwen2.5-32B-Instruct,0,vn,cooperative,Coop vs Self,0,0.0,1.0,1.0,1.0,0.0
Qwen-32B,Qwen2.5-32B-Instruct,0,vn,selfish,Coop vs Self,0,0.0,1.0,1.0,1.0,0.0
Qwen-32B,Qwen2.5-32B-Instruct,0,vn,selfish,Coop vs Self,0,0.0,1.0,1.0,1.0,0.0
Qwen-32B,Qwen2.5-32B-Instruct,0,vn,cooperative,Coop vs Self,0,0.0,1.0,1.0,1.0,0.0
Qwen-32B,Qwen2.5-32B-Instruct,0,vn,selfish,Self vs Self,0,0.0,1.0,1.0,1.0,0.0
Qwen-32B,Qwen2.5-32B-Instruct,0,vn,selfish,Self vs Self,0,0.0,1.0,1.0,1.0,0.0
Qwen-32B,Qwen2.5-32B-Instruct,0,vn,cooperative,Coop vs Coop,0,0.0,1.0,1.0,1.0,0.0
Qwen-32B,Qwen2.5-32B-Instruct,0,vn,cooperative,Coop vs Coop,0,0.0,1.0,1.0,1.0,0.0
Qwen-32B,Qwen2.5-32B-Instruct,0,vn,cooperative,Coop vs Self,0,0.0,1.0,1.0,1.0,0.0
Qwen-32B,Qwen2.5-32B-Instruct,0,vn,selfish,Coop vs Self,0,0.0,1.0,1.0,1.0,0.0
Qwen-32B,Qwen2.5-32B-Instruct,0,vn,selfish,Coop vs Self,0,0.0,1.0,1.0,1.0,0.0
Qwen-32B,Qwen2.5-32B-Instruct,0,vn,cooperative,Coop vs Self,0,0.0,1.0,1.0,1.0,0.0
Qwen-32B,Qwen2.5-32B-Instruct,0,vn,selfish,Self vs Self,0,0.0,1.0,1.0,1.0,0.0
Qwen-32B,Qwen2.5-32B-Instruct,0,vn,selfish,Self vs Self,0,0.0,1.0,1.0,1.0,0.0
Qwen-32B,Qwen2.5-32B-Instruct,0,vn,cooperative,Coop vs Coop,0,0.0,1.0,1.0,1.0,0.0
Qwen-32B,Qwen2.5-32B-Instruct,0,vn,cooperative,Coop vs Coop,0,0.0,1.0,1.0,1.0,0.0
Qwen-32B,Qwen2.5-32B-Instruct,0,vn,cooperative,Coop vs Self,0,0.0,1.0,1.0,1.0,0.0
Qwen-32B,Qwen2.5-32B-Instruct,0,vn,selfish,Coop vs Self,0,0.0,1.0,1.0,1.0,0.0
Qwen-32B,Qwen2.5-32B-Instruct,0,vn,selfish,Coop vs Self,0,0.0,1.0,1.0,1.0,0.0
Qwen-32B,Qwen2.5-32B-Instruct,0,vn,cooperative,Coop vs Self,0,0.0,1.0,1.0,1.0,0.0
Qwen-32B,Qwen2.5-32B-Instruct,0,vn,selfish,Self vs Self,0,0.0,1.0,1.0,1.0,0.0
Qwen-32B,Qwen2.5-32B-Instruct,0,vn,selfish,Self vs Self,0,0.0,1.0,1.0,1.0,0.0
Qwen-32B,Qwen2.5-32B-Instruct,0,vn,cooperative,Coop vs Coop,0,0.0,1.0,1.0,1.0,0.0
Qwen-32B,Qwen2.5-32B-Instruct,0,vn,cooperative,Coop vs Coop,0,0.0,1.0,1.0,1.0,0.0
Qwen-32B,Qwen2.5-32B-Instruct,0,vn,selfish,Coop vs Self,0,0.0,1.0,1.0,1.0,0.0
Qwen-32B,Qwen2.5-32B-Instruct,0,vn,cooperative,Coop vs Self,0,0.0,1.0,1.0,1.0,0.0
Qwen-32B,Qwen2.5-32B-Instruct,0,vn,cooperative,Coop vs Self,0,0.0,1.0,1.0,1.0,0.0
Qwen-32B,Qwen2.5-32B-Instruct,0,vn,selfish,Coop vs Self,0,0.0,1.0,1.0,1.0,0.0
Qwen-32B,Qwen2.5-32B-Instruct,0,vn,selfish,Self vs Self,0,0.0,1.0,1.0,1.0,0.0
Qwen-32B,Qwen2.5-32B-Instruct,0,vn,selfish,Self vs Self,0,0.0,1.0,1.0,1.0,0.0
Qwen-32B,Qwen2.5-32B-Instruct,0,vn,cooperative,Coop vs Coop,0,0.0,1.0,1.0,1.0,0.0
Qwen-32B,Qwen2.5-32B-Instruct,0,vn,cooperative,Coop vs Coop,0,0.0,1.0,1.0,1.0,0.0
Qwen-32B,Qwen2.5-32B-Instruct,0,vn,cooperative,Coop vs Self,0,0.0,1.0,1.0,1.0,0.0
Qwen-32B,Qwen2.5-32B-Instruct,0,vn,selfish,Coop vs Self,0,0.0,1.0,1.0,1.0,0.0
Qwen-32B,Qwen2.5-32B-Instruct,0,vn,selfish,Coop vs Self,0,0.0,1.0,1.0,1.0,0.0
Qwen-32B,Qwen2.5-32B-Instruct,0,vn,cooperative,Coop vs Self,0,0.0,1.0,1.0,1.0,0.0
Qwen-32B,Qwen2.5-32B-Instruct,0,vn,selfish,Self vs Self,0,0.0,1.0,1.0,1.0,0.0
Qwen-32B,Qwen2.5-32B-Instruct,0,vn,selfish,Self vs Self,0,0.0,1.0,1.0,1.0,0.0
Qwen-32B,Qwen2.5-32B-Instruct,0,vn,cooperative,Coop vs Coop,0,0.0,1.0,1.0,1.0,0.0
Qwen-32B,Qwen2.5-32B-Instruct,0,vn,cooperative,Coop vs Coop,0,0.0,1.0,1.0,1.0,0.0
Qwen-32B,Qwen2.5-32B-Instruct,0,vn,cooperative,Coop vs Self,0,0.0,1.0,1.0,1.0,0.0
Qwen-32B,Qwen2.5-32B-Instruct,0,vn,selfish,Coop vs Self,0,0.0,1.0,1.0,1.0,0.0
Qwen-32B,Qwen2.5-32B-Instruct,0,vn,selfish,Coop vs Self,0,0.0,1.0,1.0,1.0,0.0
Qwen-32B,Qwen2.5-32B-Instruct,0,vn,cooperative,Coop vs Self,0,0.0,1.0,1.0,1.0,0.0
Qwen-32B,Qwen2.5-32B-Instruct,0,vn,selfish,Self vs Self,0,0.0,1.0,1.0,1.0,0.0
Qwen-32B,Qwen2.5-32B-Instruct,0,vn,selfish,Self vs Self,0,0.0,1.0,1.0,1.0,0.0
Qwen-32B,Qwen2.5-32B-Instruct,0,vn,cooperative,Coop vs Coop,0,0.0,1.0,1.0,1.0,0.0
Qwen-32B,Qwen2.5-32B-Instruct,0,vn,cooperative,Coop vs Coop,0,0.0,1.0,1.0,1.0,0.0
Qwen-32B,Qwen2.5-32B-Instruct,0,vn,selfish,Coop vs Self,0,0.0,1.0,1.0,1.0,0.0
Qwen-32B,Qwen2.5-32B-Instruct,0,vn,cooperative,Coop vs Self,0,0.0,1.0,1.0,1.0,0.0
Qwen-32B,Qwen2.5-32B-Instruct,0,vn,cooperative,Coop vs Self,0,0.0,1.0,1.0,1.0,0.0
Qwen-32B,Qwen2.5-32B-Instruct,0,vn,selfish,Coop vs Self,0,0.0,1.0,1.0,1.0,0.0
Qwen-32B,Qwen2.5-32B-Instruct,0,vn,selfish,Self vs Self,0,0.0,1.0,1.0,1.0,0.0
Qwen-32B,Qwen2.5-32B-Instruct,0,vn,selfish,Self vs Self,0,0.0,1.0,1.0,1.0,0.0
Qwen-32B,Qwen2.5-32B-Instruct,0,vn,cooperative,Coop vs Coop,0,0.0,1.0,1.0,1.0,0.0
Qwen-32B,Qwen2.5-32B-Instruct,0,vn,cooperative,Coop vs Coop,0,0.0,1.0,1.0,1.0,0.0
Qwen-32B,Qwen2.5-32B-Instruct,0,vn,cooperative,Coop vs Self,0,0.0,1.0,1.0,1.0,0.0
Qwen-32B,Qwen2.5-32B-Instruct,0,vn,selfish,Coop vs Self,0,0.0,1.0,1.0,1.0,0.0
Qwen-32B,Qwen2.5-32B-Instruct,0,vn,selfish,Coop vs Self,0,0.0,1.0,1.0,1.0,0.0
Qwen-32B,Qwen2.5-32B-Instruct,0,vn,cooperative,Coop vs Self,0,0.0,1.0,1.0,1.0,0.0
Qwen-32B,Qwen2.5-32B-Instruct,0,vn,selfish,Self vs Self,0,0.0,1.0,1.0,1.0,0.0
Qwen-32B,Qwen2.5-32B-Instruct,0,vn,selfish,Self vs Self,0,0.0,1.0,1.0,1.0,0.0
Qwen-32B,Qwen2.5-32B-Instruct,0,vn,cooperative,Coop vs Coop,0,0.0,1.0,1.0,1.0,0.0
Qwen-32B,Qwen2.5-32B-Instruct,0,vn,cooperative,Coop vs Coop,0,0.0,1.0,1.0,1.0,0.0
Qwen-32B,Qwen2.5-32B-Instruct,0,vn,cooperative,Coop vs Self,0,0.0,1.0,1.0,1.0,0.0
Qwen-32B,Qwen2.5-32B-Instruct,0,vn,selfish,Coop vs Self,0,0.0,1.0,1.0,1.0,0.0
Qwen-32B,Qwen2.5-32B-Instruct,0,vn,selfish,Coop vs Self,0,0.0,1.0,1.0,1.0,0.0
Qwen-32B,Qwen2.5-32B-Instruct,0,vn,cooperative,Coop vs Self,0,0.0,1.0,1.0,1.0,0.0
Qwen-32B,Qwen2.5-32B-Instruct,0,vn,cooperative,Coop vs Coop,0,0.0,1.0,1.0,1.0,0.0
Qwen-32B,Qwen2.5-32B-Instruct,0,vn,cooperative,Coop vs Coop,0,0.0,1.0,1.0,1.0,0.0
Qwen-32B,Qwen2.5-32B-Instruct,0,vn,selfish,Self vs Self,0,0.0,1.0,1.0,1.0,0.0
Qwen-32B,Qwen2.5-32B-Instruct,0,vn,selfish,Self vs Self,0,0.0,1.0,1.0,1.0,0.0
Qwen-32B,Qwen2.5-32B-Instruct,0,vn,cooperative,Coop vs Self,0,0.0,1.0,1.0,1.0,0.0
Qwen-32B,Qwen2.5-32B-Instruct,0,vn,selfish,Coop vs Self,0,0.0,1.0,1.0,1.0,0.0
Qwen-32B,Qwen2.5-32B-Instruct,0,vn,selfish,Coop vs Self,0,0.0,1.0,1.0,1.0,0.0
Qwen-32B,Qwen2.5-32B-Instruct,0,vn,cooperative,Coop vs Self,0,0.0,1.0,1.0,1.0,0.0
Qwen-32B,Qwen2.5-32B-Instruct,0,vn,selfish,Self vs Self,0,0.0,1.0,1.0,1.0,0.0
Qwen-32B,Qwen2.5-32B-Instruct,0,vn,selfish,Self vs Self,0,0.0,1.0,1.0,1.0,0.0
Qwen-32B,Qwen2.5-32B-Instruct,0,it,cooperative,Coop vs Coop,1,0.0,0.0,0.0,1.0,1.0
Qwen-32B,Qwen2.5-32B-Instruct,0,it,cooperative,Coop vs Coop,1,0.0,0.0,0.0,1.0,1.0
Qwen-32B,Qwen2.5-32B-Instruct,0,it,cooperative,Coop vs Self,1,0.6666666666666666,0.5,0.0,0.9310344827586207,0.1
Qwen-32B,Qwen2.5-32B-Instruct,0,it,selfish,Coop vs Self,0,0.0,0.0,1.0,0.896551724137931,0.0
Qwen-32B,Qwen2.5-32B-Instruct,0,it,selfish,Coop vs Self,0,0.0,0.0,1.0,0.0,0.0
Qwen-32B,Qwen2.5-32B-Instruct,0,it,cooperative,Coop vs Self,1,0.9666666666666667,0.0,0.0,0.0,1.0
Qwen-32B,Qwen2.5-32B-Instruct,0,it,selfish,Self vs Self,0,0.0,1.0,1.0,1.0,0.0
Qwen-32B,Qwen2.5-32B-Instruct,0,it,selfish,Self vs Self,0,0.0,1.0,1.0,1.0,0.0
Qwen-32B,Qwen2.5-32B-Instruct,0,it,cooperative,Coop vs Coop,1,0.0,0.0,0.0,1.0,1.0
Qwen-32B,Qwen2.5-32B-Instruct,0,it,cooperative,Coop vs Coop,1,0.0,0.0,0.0,1.0,1.0
Qwen-32B,Qwen2.5-32B-Instruct,0,it,cooperative,Coop vs Self,1,0.75,0.4,0.0,0.896551724137931,0.13333333333333333
Qwen-32B,Qwen2.5-32B-Instruct,0,it,selfish,Coop vs Self,0,0.0,0.0,1.0,0.8620689655172413,0.0
Qwen-32B,Qwen2.5-32B-Instruct,0,it,selfish,Self vs Self,0,0.0,1.0,1.0,1.0,0.0
Qwen-32B,Qwen2.5-32B-Instruct,0,it,selfish,Self vs Self,0,0.0,1.0,1.0,1.0,0.0
Qwen-32B,Qwen2.5-32B-Instruct,0,it,selfish,Coop vs Self,0,0.0,0.0,1.0,0.0,0.0
Qwen-32B,Qwen2.5-32B-Instruct,0,it,cooperative,Coop vs Self,1,0.9666666666666667,0.0,0.0,0.0,1.0
Qwen-32B,Qwen2.5-32B-Instruct,0,it,cooperative,Coop vs Coop,1,0.0,0.0,0.0,1.0,1.0
Qwen-32B,Qwen2.5-32B-Instruct,0,it,cooperative,Coop vs Coop,1,0.0,0.0,0.0,1.0,1.0
Qwen-32B,Qwen2.5-32B-Instruct,0,it,selfish,Coop vs Self,0,0.0,0.0,1.0,0.0,0.0
Qwen-32B,Qwen2.5-32B-Instruct,0,it,cooperative,Coop vs Self,1,0.9666666666666667,0.0,0.0,0.0,1.0
Qwen-32B,Qwen2.5-32B-Instruct,0,it,cooperative,Coop vs Self,1,0.9666666666666667,0.0,0.0,0.0,1.0
Qwen-32B,Qwen2.5-32B-Instruct,0,it,selfish,Coop vs Self,0,0.0,0.0,1.0,0.0,0.0
Qwen-32B,Qwen2.5-32B-Instruct,0,it,selfish,Self vs Self,0,0.0,1.0,1.0,1.0,0.0
Qwen-32B,Qwen2.5-32B-Instruct,0,it,selfish,Self vs Self,0,0.0,1.0,1.0,1.0,0.0
Qwen-32B,Qwen2.5-32B-Instruct,0,it,cooperative,Coop vs Coop,1,0.0,0.0,0.0,1.0,1.0
Qwen-32B,Qwen2.5-32B-Instruct,0,it,cooperative,Coop vs Coop,1,0.0,0.0,0.0,1.0,1.0
Qwen-32B,Qwen2.5-32B-Instruct,0,it,cooperative,Coop vs Self,1,0.9666666666666667,0.0,0.0,0.0,1.0
Qwen-32B,Qwen2.5-32B-Instruct,0,it,selfish,Coop vs Self,0,0.0,0.0,1.0,0.0,0.0
Qwen-32B,Qwen2.5-32B-Instruct,0,it,selfish,Coop vs Self,0,0.0,0.0,1.0,0.9655172413793104,0.0
Qwen-32B,Qwen2.5-32B-Instruct,0,it,cooperative,Coop vs Self,1,0.0,1.0,0.0,1.0,0.03333333333333333
Qwen-32B,Qwen2.5-32B-Instruct,0,it,selfish,Self vs Self,0,0.0,1.0,1.0,1.0,0.0
Qwen-32B,Qwen2.5-32B-Instruct,0,it,selfish,Self vs Self,0,0.0,1.0,1.0,1.0,0.0
Qwen-32B,Qwen2.5-32B-Instruct,0,it,cooperative,Coop vs Coop,1,0.0,0.0,0.0,1.0,1.0
Qwen-32B,Qwen2.5-32B-Instruct,0,it,cooperative,Coop vs Coop,1,0.0,0.0,0.0,1.0,1.0
Qwen-32B,Qwen2.5-32B-Instruct,0,it,cooperative,Coop vs Self,1,0.5,0.6666666666666666,0.0,0.9655172413793104,0.06666666666666667
Qwen-32B,Qwen2.5-32B-Instruct,0,it,selfish,Coop vs Self,0,0.0,0.0,1.0,0.9310344827586207,0.0
Qwen-32B,Qwen2.5-32B-Instruct,0,it,selfish,Coop vs Self,0,0.0,0.0,1.0,0.9655172413793104,0.0
Qwen-32B,Qwen2.5-32B-Instruct,0,it,cooperative,Coop vs Self,1,0.0,1.0,0.0,1.0,0.03333333333333333
Qwen-32B,Qwen2.5-32B-Instruct,0,it,selfish,Self vs Self,0,0.0,1.0,1.0,1.0,0.0
Qwen-32B,Qwen2.5-32B-Instruct,0,it,selfish,Self vs Self,0,0.0,1.0,1.0,1.0,0.0
Qwen-32B,Qwen2.5-32B-Instruct,0,it,cooperative,Coop vs Coop,1,0.0,0.0,0.0,1.0,1.0
Qwen-32B,Qwen2.5-32B-Instruct,0,it,cooperative,Coop vs Coop,1,0.0,0.0,0.0,1.0,1.0
Qwen-32B,Qwen2.5-32B-Instruct,0,it,cooperative,Coop vs Self,1,0.9,0.18181818181818182,0.0,0.6896551724137931,0.3333333333333333
Qwen-32B,Qwen2.5-32B-Instruct,0,it,selfish,Coop vs Self,0,0.0,0.0,1.0,0.6551724137931034,0.0
Qwen-32B,Qwen2.5-32B-Instruct,0,it,selfish,Self vs Self,0,0.0,1.0,1.0,1.0,0.0
Qwen-32B,Qwen2.5-32B-Instruct,0,it,selfish,Self vs Self,0,0.0,1.0,1.0,1.0,0.0
Qwen-32B,Qwen2.5-32B-Instruct,0,it,selfish,Coop vs Self,0,0.0,0.0,1.0,0.0,0.0
Qwen-32B,Qwen2.5-32B-Instruct,0,it,cooperative,Coop vs Self,1,0.9666666666666667,0.0,0.0,0.0,1.0
Qwen-32B,Qwen2.5-32B-Instruct,0,it,cooperative,Coop vs Coop,1,0.0,0.0,0.0,1.0,1.0
Qwen-32B,Qwen2.5-32B-Instruct,0,it,cooperative,Coop vs Coop,1,0.0,0.0,0.0,1.0,1.0
Qwen-32B,Qwen2.5-32B-Instruct,0,it,cooperative,Coop vs Self,1,0.9666666666666667,0.0,0.0,0.0,1.0
Qwen-32B,Qwen2.5-32B-Instruct,0,it,selfish,Coop vs Self,0,0.0,0.0,1.0,0.0,0.0
Qwen-32B,Qwen2.5-32B-Instruct,0,it,selfish,Coop vs Self,0,0.0,0.0,1.0,0.0,0.0
Qwen-32B,Qwen2.5-32B-Instruct,0,it,cooperative,Coop vs Self,1,0.9666666666666667,0.0,0.0,0.0,1.0
Qwen-32B,Qwen2.5-32B-Instruct,0,it,selfish,Self vs Self,0,0.0,1.0,1.0,1.0,0.0
Qwen-32B,Qwen2.5-32B-Instruct,0,it,selfish,Self vs Self,0,0.0,1.0,1.0,1.0,0.0
Qwen-32B,Qwen2.5-32B-Instruct,0,it,cooperative,Coop vs Coop,1,0.0,0.0,0.0,1.0,1.0
Qwen-32B,Qwen2.5-32B-Instruct,0,it,cooperative,Coop vs Coop,1,0.0,0.0,0.0,1.0,1.0
Qwen-32B,Qwen2.5-32B-Instruct,0,it,cooperative,Coop vs Self,1,0.9666666666666667,0.0,0.0,0.0,1.0
Qwen-32B,Qwen2.5-32B-Instruct,0,it,selfish,Coop vs Self,0,0.0,0.0,1.0,0.0,0.0
Qwen-32B,Qwen2.5-32B-Instruct,0,it,selfish,Self vs Self,0,0.0,1.0,1.0,1.0,0.0
Qwen-32B,Qwen2.5-32B-Instruct,0,it,selfish,Self vs Self,0,0.0,1.0,1.0,1.0,0.0
Qwen-32B,Qwen2.5-32B-Instruct,0,it,selfish,Coop vs Self,0,0.0,0.0,1.0,0.0,0.0
Qwen-32B,Qwen2.5-32B-Instruct,0,it,cooperative,Coop vs Self,1,0.9666666666666667,0.0,0.0,0.0,1.0
Qwen-32B,Qwen2.5-32B-Instruct,0,it,cooperative,Coop vs Coop,1,0.0,0.0,0.0,1.0,1.0
Qwen-32B,Qwen2.5-32B-Instruct,0,it,cooperative,Coop vs Coop,1,0.0,0.0,0.0,1.0,1.0
Qwen-32B,Qwen2.5-32B-Instruct,0,it,cooperative,Coop vs Self,1,0.9666666666666667,0.0,0.0,0.0,1.0
Qwen-32B,Qwen2.5-32B-Instruct,0,it,selfish,Coop vs Self,0,0.0,0.0,1.0,0.0,0.0
Qwen-32B,Qwen2.5-32B-Instruct,0,it,selfish,Coop vs Self,0,0.0,0.0,1.0,0.0,0.0
Qwen-32B,Qwen2.5-32B-Instruct,0,it,cooperative,Coop vs Self,1,0.9666666666666667,0.0,0.0,0.0,1.0
Qwen-32B,Qwen2.5-32B-Instruct,0,it,selfish,Self vs Self,0,0.0,1.0,1.0,1.0,0.0
Qwen-32B,Qwen2.5-32B-Instruct,0,it,selfish,Self vs Self,0,0.0,1.0,1.0,1.0,0.0
Qwen-32B,Qwen2.5-32B-Instruct,0,it,cooperative,Coop vs Coop,1,0.0,0.0,0.0,1.0,1.0
Qwen-32B,Qwen2.5-32B-Instruct,0,it,cooperative,Coop vs Coop,1,0.0,0.0,0.0,1.0,1.0
Qwen-32B,Qwen2.5-32B-Instruct,0,it,cooperative,Coop vs Self,1,0.9,0.18181818181818182,0.0,0.6896551724137931,0.3333333333333333
Qwen-32B,Qwen2.5-32B-Instruct,0,it,selfish,Coop vs Self,0,0.0,0.0,1.0,0.6551724137931034,0.0
Qwen-32B,Qwen2.5-32B-Instruct,0,it,selfish,Self vs Self,0,0.0,1.0,1.0,1.0,0.0
Qwen-32B,Qwen2.5-32B-Instruct,0,it,selfish,Self vs Self,0,0.0,1.0,1.0,1.0,0.0
Qwen-32B,Qwen2.5-32B-Instruct,0,it,selfish,Coop vs Self,0,0.0,0.0,1.0,0.0,0.0
Qwen-32B,Qwen2.5-32B-Instruct,0,it,cooperative,Coop vs Self,1,0.9666666666666667,0.0,0.0,0.0,1.0
Qwen-32B,Qwen2.5-32B-Instruct,5,en,cooperative,Coop vs Self,1,0.9642857142857143,0.07407407407407407,0.0,0.06896551724137931,0.9333333333333333
Qwen-32B,Qwen2.5-32B-Instruct,5,en,selfish,Coop vs Self,0,0.0,0.0,1.0,0.06896551724137931,0.0
Qwen-32B,Qwen2.5-32B-Instruct,5,en,selfish,Self vs Self,0,0.6666666666666666,1.0,1.0,0.9310344827586207,0.06666666666666667
Qwen-32B,Qwen2.5-32B-Instruct,5,en,selfish,Self vs Self,0,0.0,1.0,1.0,0.9310344827586207,0.0
Qwen-32B,Qwen2.5-32B-Instruct,5,en,selfish,Coop vs Self,0,0.0,0.0,1.0,0.06896551724137931,0.0
Qwen-32B,Qwen2.5-32B-Instruct,5,en,cooperative,Coop vs Self,1,0.9642857142857143,0.07407407407407407,0.0,0.06896551724137931,0.9333333333333333
Qwen-32B,Qwen2.5-32B-Instruct,5,en,cooperative,Coop vs Coop,1,1.0,0.0,0.06896551724137931,0.896551724137931,0.9333333333333333
Qwen-32B,Qwen2.5-32B-Instruct,5,en,cooperative,Coop vs Coop,0,1.0,0.0,0.03571428571428571,0.896551724137931,0.9666666666666667
Qwen-32B,Qwen2.5-32B-Instruct,5,en,cooperative,Coop vs Coop,1,1.0,0.0,0.07407407407407407,0.8275862068965517,0.9333333333333333
Qwen-32B,Qwen2.5-32B-Instruct,5,en,cooperative,Coop vs Coop,0,1.0,0.0,0.10714285714285714,0.8275862068965517,0.9
Qwen-32B,Qwen2.5-32B-Instruct,5,en,selfish,Coop vs Self,0,0.0,0.0,1.0,0.896551724137931,0.0
Qwen-32B,Qwen2.5-32B-Instruct,5,en,cooperative,Coop vs Self,1,0.6666666666666666,0.75,0.0,0.9310344827586207,0.1
Qwen-32B,Qwen2.5-32B-Instruct,5,en,cooperative,Coop vs Self,1,0.9629629629629629,0.038461538461538464,0.0,0.10344827586206896,0.9666666666666667
Qwen-32B,Qwen2.5-32B-Instruct,5,en,selfish,Coop vs Self,0,0.0,0.0,0.9310344827586207,0.10344827586206896,0.06666666666666667
Qwen-32B,Qwen2.5-32B-Instruct,5,en,selfish,Self vs Self,0,0.3333333333333333,1.0,1.0,0.9310344827586207,0.03333333333333333
Qwen-32B,Qwen2.5-32B-Instruct,5,en,selfish,Self vs Self,0,0.3333333333333333,1.0,1.0,0.9310344827586207,0.03333333333333333
Qwen-32B,Qwen2.5-32B-Instruct,5,en,cooperative,Coop vs Coop,0,1.0,0.0,0.034482758620689655,0.9310344827586207,0.9666666666666667
Qwen-32B,Qwen2.5-32B-Instruct,5,en,cooperative,Coop vs Coop,1,1.0,1.0,0.0,1.0,0.9666666666666667
Qwen-32B,Qwen2.5-32B-Instruct,5,en,selfish,Coop vs Self,0,0.5,1.0,1.0,0.8620689655172413,0.06666666666666667
Qwen-32B,Qwen2.5-32B-Instruct,5,en,cooperative,Coop vs Self,1,0.25,1.0,0.6666666666666666,0.896551724137931,0.06666666666666667
Qwen-32B,Qwen2.5-32B-Instruct,5,en,cooperative,Coop vs Self,1,0.9090909090909091,0.36363636363636365,0.0,0.6551724137931034,0.36666666666666664
Qwen-32B,Qwen2.5-32B-Instruct,5,en,selfish,Coop vs Self,0,0.0,0.0,1.0,0.6206896551724138,0.0
Qwen-32B,Qwen2.5-32B-Instruct,5,en,selfish,Self vs Self,0,0.3333333333333333,1.0,1.0,0.9310344827586207,0.03333333333333333
Qwen-32B,Qwen2.5-32B-Instruct,5,en,selfish,Self vs Self,0,0.3333333333333333,1.0,1.0,0.9310344827586207,0.03333333333333333
Qwen-32B,Qwen2.5-32B-Instruct,5,en,cooperative,Coop vs Coop,0,1.0,0.0,0.06896551724137931,0.9310344827586207,0.9333333333333333
Qwen-32B,Qwen2.5-32B-Instruct,5,en,cooperative,Coop vs Coop,1,1.0,0.5,0.0,0.9655172413793104,0.9666666666666667
Qwen-32B,Qwen2.5-32B-Instruct,5,en,cooperative,Coop vs Self,1,0.9310344827586207,0.038461538461538464,0.5,0.034482758620689655,0.9333333333333333
Qwen-32B,Qwen2.5-32B-Instruct,5,en,selfish,Coop vs Self,0,0.0,1.0,0.9642857142857143,0.10344827586206896,0.03333333333333333
Qwen-32B,Qwen2.5-32B-Instruct,5,en,selfish,Coop vs Self,0,0.07142857142857142,0.0,0.9642857142857143,0.10344827586206896,0.03333333333333333
Qwen-32B,Qwen2.5-32B-Instruct,5,en,cooperative,Coop vs Self,1,0.9629629629629629,0.07692307692307693,0.0,0.10344827586206896,0.9333333333333333
Qwen-32B,Qwen2.5-32B-Instruct,5,en,selfish,Self vs Self,0,0.75,0.75,1.0,0.8620689655172413,0.1
Qwen-32B,Qwen2.5-32B-Instruct,5,en,selfish,Self vs Self,0,0.25,1.0,1.0,0.8620689655172413,0.03333333333333333
Qwen-32B,Qwen2.5-32B-Instruct,5,en,cooperative,Coop vs Coop,1,0.0,0.0,0.0,1.0,1.0
Qwen-32B,Qwen2.5-32B-Instruct,5,en,cooperative,Coop vs Coop,1,0.0,0.0,0.0,1.0,1.0
Qwen-32B,Qwen2.5-32B-Instruct,5,en,cooperative,Coop vs Self,1,0.9642857142857143,0.0,0.0,0.06896551724137931,1.0
Qwen-32B,Qwen2.5-32B-Instruct,5,en,selfish,Coop vs Self,0,0.0,0.0,0.9333333333333333,0.06896551724137931,0.06666666666666667
Qwen-32B,Qwen2.5-32B-Instruct,5,en,selfish,Coop vs Self,0,0.0,0.0,1.0,0.7586206896551724,0.0
Qwen-32B,Qwen2.5-32B-Instruct,5,en,cooperative,Coop vs Self,1,0.8571428571428571,0.8571428571428571,0.0,0.7931034482758621,0.23333333333333334
Qwen-32B,Qwen2.5-32B-Instruct,5,en,selfish,Self vs Self,1,0.3333333333333333,0.6666666666666666,0.5,0.9310344827586207,0.06666666666666667
Qwen-32B,Qwen2.5-32B-Instruct,5,en,selfish,Self vs Self,0,0.5,1.0,1.0,0.896551724137931,0.03333333333333333
Qwen-32B,Qwen2.5-32B-Instruct,5,en,cooperative,Coop vs Coop,1,1.0,0.0,0.03571428571428571,0.896551724137931,0.9666666666666667
Qwen-32B,Qwen2.5-32B-Instruct,5,en,cooperative,Coop vs Coop,0,1.0,0.0,0.06896551724137931,0.896551724137931,0.9333333333333333
Qwen-32B,Qwen2.5-32B-Instruct,5,en,cooperative,Coop vs Self,1,0.5,0.6666666666666666,0.5,0.896551724137931,0.1
Qwen-32B,Qwen2.5-32B-Instruct,5,en,selfish,Coop vs Self,0,0.25,1.0,1.0,0.8620689655172413,0.03333333333333333
Qwen-32B,Qwen2.5-32B-Instruct,5,en,selfish,Coop vs Self,0,0.5,0.0,0.9310344827586207,0.10344827586206896,0.06666666666666667
Qwen-32B,Qwen2.5-32B-Instruct,5,en,cooperative,Coop vs Self,1,0.9629629629629629,0.038461538461538464,0.0,0.10344827586206896,0.9666666666666667
Qwen-32B,Qwen2.5-32B-Instruct,5,en,selfish,Self vs Self,0,0.0,1.0,1.0,0.896551724137931,0.0
Qwen-32B,Qwen2.5-32B-Instruct,5,en,selfish,Self vs Self,0,0.75,0.75,1.0,0.896551724137931,0.1
Qwen-32B,Qwen2.5-32B-Instruct,5,en,cooperative,Coop vs Coop,0,0.0,0.0,0.06666666666666667,0.9310344827586207,0.9333333333333333
Qwen-32B,Qwen2.5-32B-Instruct,5,en,cooperative,Coop vs Coop,1,1.0,0.0,0.0,0.9310344827586207,1.0
Qwen-32B,Qwen2.5-32B-Instruct,5,en,cooperative,Coop vs Self,0,0.875,0.5714285714285714,0.3333333333333333,0.8275862068965517,0.23333333333333334
Qwen-32B,Qwen2.5-32B-Instruct,5,en,selfish,Coop vs Self,0,0.2,1.0,1.0,0.6896551724137931,0.06666666666666667
Qwen-32B,Qwen2.5-32B-Instruct,5,en,selfish,Coop vs Self,0,0.25,1.0,0.896551724137931,0.13793103448275862,0.1
Qwen-32B,Qwen2.5-32B-Instruct,5,en,cooperative,Coop vs Self,0,0.9629629629629629,0.0,0.25,0.10344827586206896,0.9666666666666667
Qwen-32B,Qwen2.5-32B-Instruct,5,en,selfish,Self vs Self,0,0.5,1.0,1.0,0.9655172413793104,0.03333333333333333
Qwen-32B,Qwen2.5-32B-Instruct,5,en,selfish,Self vs Self,0,0.0,1.0,1.0,0.9655172413793104,0.0
Qwen-32B,Qwen2.5-32B-Instruct,5,en,cooperative,Coop vs Coop,0,1.0,0.0,0.10344827586206896,0.8620689655172413,0.9
Qwen-32B,Qwen2.5-32B-Instruct,5,en,cooperative,Coop vs Coop,1,1.0,0.0,0.037037037037037035,0.8620689655172413,0.9666666666666667
Qwen-32B,Qwen2.5-32B-Instruct,5,en,cooperative,Coop vs Self,1,0.9642857142857143,0.037037037037037035,0.5,0.034482758620689655,0.9333333333333333
Qwen-32B,Qwen2.5-32B-Instruct,5,en,selfish,Coop vs Self,0,0.0,1.0,0.9655172413793104,0.06896551724137931,0.03333333333333333
Qwen-32B,Qwen2.5-32B-Instruct,5,en,selfish,Coop vs Self,0,0.07692307692307693,0.0,1.0,0.27586206896551724,0.03333333333333333
Qwen-32B,Qwen2.5-32B-Instruct,5,en,cooperative,Coop vs Self,1,0.9473684210526315,0.25,0.0,0.3793103448275862,0.6666666666666666
Qwen-32B,Qwen2.5-32B-Instruct,5,en,selfish,Self vs Self,0,0.4,1.0,1.0,0.8275862068965517,0.06666666666666667
Qwen-32B,Qwen2.5-32B-Instruct,5,en,selfish,Self vs Self,1,0.5,1.0,0.5,0.896551724137931,0.1
Qwen-32B,Qwen2.5-32B-Instruct,5,en,cooperative,Coop vs Coop,1,1.0,0.0,0.06896551724137931,0.896551724137931,0.9333333333333333
Qwen-32B,Qwen2.5-32B-Instruct,5,en,cooperative,Coop vs Coop,0,1.0,0.0,0.03571428571428571,0.9310344827586207,0.9666666666666667
Qwen-32B,Qwen2.5-32B-Instruct,5,en,cooperative,Coop vs Self,1,0.9642857142857143,0.0,0.0,0.06896551724137931,1.0
Qwen-32B,Qwen2.5-32B-Instruct,5,en,selfish,Coop vs Self,0,0.0,0.0,0.9333333333333333,0.06896551724137931,0.06666666666666667
Qwen-32B,Qwen2.5-32B-Instruct,5,en,selfish,Coop vs Self,0,0.0,0.0,1.0,0.034482758620689655,0.0
Qwen-32B,Qwen2.5-32B-Instruct,5,en,cooperative,Coop vs Self,1,0.9655172413793104,0.03571428571428571,0.0,0.034482758620689655,0.9666666666666667
Qwen-32B,Qwen2.5-32B-Instruct,5,en,selfish,Self vs Self,0,0.0,1.0,1.0,0.9655172413793104,0.0
Qwen-32B,Qwen2.5-32B-Instruct,5,en,selfish,Self vs Self,0,0.5,1.0,1.0,0.9655172413793104,0.03333333333333333
Qwen-32B,Qwen2.5-32B-Instruct,5,en,cooperative,Coop vs Coop,0,0.0,0.0,0.03333333333333333,0.9655172413793104,0.9666666666666667
Qwen-32B,Qwen2.5-32B-Instruct,5,en,cooperative,Coop vs Coop,1,1.0,0.0,0.0,0.9655172413793104,1.0
Qwen-32B,Qwen2.5-32B-Instruct,5,en,cooperative,Coop vs Self,0,0.875,0.5,0.5,0.7586206896551724,0.26666666666666666
Qwen-32B,Qwen2.5-32B-Instruct,5,en,selfish,Coop vs Self,0,0.125,1.0,1.0,0.6896551724137931,0.03333333333333333
Qwen-32B,Qwen2.5-32B-Instruct,5,en,selfish,Coop vs Self,0,0.05555555555555555,0.0,0.9259259259259259,0.1724137931034483,0.06666666666666667
Qwen-32B,Qwen2.5-32B-Instruct,5,en,cooperative,Coop vs Self,1,0.96,0.125,0.0,0.1724137931034483,0.9
Qwen-32B,Qwen2.5-32B-Instruct,5,en,selfish,Self vs Self,0,0.5,1.0,1.0,0.7586206896551724,0.1
Qwen-32B,Qwen2.5-32B-Instruct,5,en,selfish,Self vs Self,0,0.8,0.8,0.75,0.8275862068965517,0.13333333333333333
Qwen-32B,Qwen2.5-32B-Instruct,5,fr,cooperative,Coop vs Coop,1,1.0,0.0,0.07142857142857142,0.8620689655172413,0.9333333333333333
Qwen-32B,Qwen2.5-32B-Instruct,5,fr,cooperative,Coop vs Coop,0,1.0,0.0,0.07142857142857142,0.8620689655172413,0.9333333333333333
Qwen-32B,Qwen2.5-32B-Instruct,5,fr,cooperative,Coop vs Self,0,0.4,1.0,0.75,0.896551724137931,0.06666666666666667
Qwen-32B,Qwen2.5-32B-Instruct,5,fr,selfish,Coop vs Self,0,0.5,0.6666666666666666,1.0,0.8275862068965517,0.1
Qwen-32B,Qwen2.5-32B-Instruct,5,fr,selfish,Coop vs Self,0,0.06666666666666667,0.0,0.9655172413793104,0.06896551724137931,0.03333333333333333
Qwen-32B,Qwen2.5-32B-Instruct,5,fr,cooperative,Coop vs Self,1,0.9642857142857143,0.037037037037037035,0.0,0.06896551724137931,0.9666666666666667
Qwen-32B,Qwen2.5-32B-Instruct,5,fr,selfish,Self vs Self,0,0.0,1.0,1.0,1.0,0.0
Qwen-32B,Qwen2.5-32B-Instruct,5,fr,selfish,Self vs Self,0,0.0,1.0,1.0,1.0,0.0
Qwen-32B,Qwen2.5-32B-Instruct,5,fr,cooperative,Coop vs Coop,0,1.0,0.0,0.10714285714285714,0.8275862068965517,0.9
Qwen-32B,Qwen2.5-32B-Instruct,5,fr,cooperative,Coop vs Coop,1,1.0,0.0,0.07407407407407407,0.8275862068965517,0.9333333333333333
Qwen-32B,Qwen2.5-32B-Instruct,5,fr,cooperative,Coop vs Self,1,0.96,0.13043478260869565,0.0,0.20689655172413793,0.9
Qwen-32B,Qwen2.5-32B-Instruct,5,fr,selfish,Coop vs Self,0,0.045454545454545456,0.0,0.8888888888888888,0.20689655172413793,0.1
Qwen-32B,Qwen2.5-32B-Instruct,5,fr,selfish,Self vs Self,0,0.3333333333333333,0.6666666666666666,1.0,0.8275862068965517,0.06666666666666667
Qwen-32B,Qwen2.5-32B-Instruct,5,fr,selfish,Self vs Self,0,0.5,1.0,1.0,0.8275862068965517,0.1
Qwen-32B,Qwen2.5-32B-Instruct,5,fr,selfish,Coop vs Self,0,0.0,0.0,0.8666666666666667,0.13793103448275862,0.13333333333333333
Qwen-32B,Qwen2.5-32B-Instruct,5,fr,cooperative,Coop vs Self,1,0.96,0.04,0.0,0.1724137931034483,0.9666666666666667
Qwen-32B,Qwen2.5-32B-Instruct,5,fr,cooperative,Coop vs Coop,0,0.0,0.0,0.1,0.896551724137931,0.9
Qwen-32B,Qwen2.5-32B-Instruct,5,fr,cooperative,Coop vs Coop,1,1.0,0.0,0.0,0.896551724137931,1.0
Qwen-32B,Qwen2.5-32B-Instruct,5,fr,cooperative,Coop vs Self,1,0.9642857142857143,0.037037037037037035,0.0,0.06896551724137931,0.9666666666666667
Qwen-32B,Qwen2.5-32B-Instruct,5,fr,selfish,Coop vs Self,0,0.0,0.0,0.9655172413793104,0.034482758620689655,0.03333333333333333
Qwen-32B,Qwen2.5-32B-Instruct,5,fr,selfish,Self vs Self,0,0.3333333333333333,1.0,1.0,0.9310344827586207,0.03333333333333333
Qwen-32B,Qwen2.5-32B-Instruct,5,fr,selfish,Self vs Self,0,0.3333333333333333,1.0,1.0,0.9310344827586207,0.03333333333333333
Qwen-32B,Qwen2.5-32B-Instruct,5,fr,selfish,Coop vs Self,0,0.0,0.0,0.896551724137931,0.10344827586206896,0.1
Qwen-32B,Qwen2.5-32B-Instruct,5,fr,cooperative,Coop vs Self,1,0.9615384615384616,0.038461538461538464,0.0,0.13793103448275862,0.9666666666666667
Qwen-32B,Qwen2.5-32B-Instruct,5,fr,cooperative,Coop vs Coop,0,0.0,0.0,0.03333333333333333,0.9655172413793104,0.9666666666666667
Qwen-32B,Qwen2.5-32B-Instruct,5,fr,cooperative,Coop vs Coop,1,1.0,0.0,0.0,0.9655172413793104,1.0
Qwen-32B,Qwen2.5-32B-Instruct,5,fr,cooperative,Coop vs Self,1,0.9615384615384616,0.041666666666666664,0.0,0.1724137931034483,0.9666666666666667
Qwen-32B,Qwen2.5-32B-Instruct,5,fr,selfish,Coop vs Self,0,0.0,0.0,0.8620689655172413,0.1724137931034483,0.13333333333333333
Qwen-32B,Qwen2.5-32B-Instruct,5,fr,selfish,Self vs Self,0,0.0,1.0,1.0,0.9310344827586207,0.0
Qwen-32B,Qwen2.5-32B-Instruct,5,fr,selfish,Self vs Self,0,0.6666666666666666,1.0,1.0,0.9310344827586207,0.06666666666666667
Qwen-32B,Qwen2.5-32B-Instruct,5,fr,selfish,Coop vs Self,0,0.1,0.0,0.9642857142857143,0.10344827586206896,0.03333333333333333
Qwen-32B,Qwen2.5-32B-Instruct,5,fr,cooperative,Coop vs Self,1,0.9629629629629629,0.07692307692307693,0.0,0.10344827586206896,0.9333333333333333
Qwen-32B,Qwen2.5-32B-Instruct,5,fr,cooperative,Coop vs Coop,1,1.0,0.0,0.07407407407407407,0.8275862068965517,0.9333333333333333
Qwen-32B,Qwen2.5-32B-Instruct,5,fr,cooperative,Coop vs Coop,0,1.0,0.0,0.10714285714285714,0.8275862068965517,0.9
Qwen-32B,Qwen2.5-32B-Instruct,5,fr,cooperative,Coop vs Self,1,0.9655172413793104,0.0,0.0,0.034482758620689655,1.0
Qwen-32B,Qwen2.5-32B-Instruct,5,fr,selfish,Coop vs Self,0,0.0,0.0,0.9666666666666667,0.034482758620689655,0.03333333333333333
Qwen-32B,Qwen2.5-32B-Instruct,5,fr,selfish,Coop vs Self,0,0.0,0.0,1.0,0.9655172413793104,0.0
Qwen-32B,Qwen2.5-32B-Instruct,5,fr,cooperative,Coop vs Self,1,0.0,1.0,0.0,1.0,0.03333333333333333
Qwen-32B,Qwen2.5-32B-Instruct,5,fr,selfish,Self vs Self,0,0.2,1.0,1.0,0.8620689655172413,0.03333333333333333
Qwen-32B,Qwen2.5-32B-Instruct,5,fr,selfish,Self vs Self,0,0.6,0.75,1.0,0.8620689655172413,0.1
Qwen-32B,Qwen2.5-32B-Instruct,5,fr,cooperative,Coop vs Coop,1,1.0,0.0,0.0,0.9310344827586207,1.0
Qwen-32B,Qwen2.5-32B-Instruct,5,fr,cooperative,Coop vs Coop,0,0.0,0.0,0.06666666666666667,0.9310344827586207,0.9333333333333333
Qwen-32B,Qwen2.5-32B-Instruct,5,fr,cooperative,Coop vs Self,1,0.9615384615384616,0.04,0.0,0.13793103448275862,0.9666666666666667
Qwen-32B,Qwen2.5-32B-Instruct,5,fr,selfish,Coop vs Self,0,1.0,0.0,0.896551724137931,0.13793103448275862,0.1
Qwen-32B,Qwen2.5-32B-Instruct,5,fr,selfish,Coop vs Self,0,0.16666666666666666,0.0,1.0,0.7931034482758621,0.03333333333333333
Qwen-32B,Qwen2.5-32B-Instruct,5,fr,cooperative,Coop vs Self,1,0.8333333333333334,0.4,0.0,0.8620689655172413,0.2
Qwen-32B,Qwen2.5-32B-Instruct,5,fr,selfish,Self vs Self,0,0.4,1.0,1.0,0.8620689655172413,0.06666666666666667
Qwen-32B,Qwen2.5-32B-Instruct,5,fr,selfish,Self vs Self,0,0.5,1.0,0.6666666666666666,0.9310344827586207,0.06666666666666667
Qwen-32B,Qwen2.5-32B-Instruct,5,fr,cooperative,Coop vs Coop,0,0.0,0.0,0.16666666666666666,0.8275862068965517,0.8333333333333334
Qwen-32B,Qwen2.5-32B-Instruct,5,fr,cooperative,Coop vs Coop,1,0.8,0.0,0.0,0.8620689655172413,1.0
Qwen-32B,Qwen2.5-32B-Instruct,5,fr,selfish,Coop vs Self,0,0.3333333333333333,1.0,1.0,0.896551724137931,0.03333333333333333
Qwen-32B,Qwen2.5-32B-Instruct,5,fr,cooperative,Coop vs Self,1,0.3333333333333333,1.0,0.5,0.9310344827586207,0.06666666666666667
Qwen-32B,Qwen2.5-32B-Instruct,5,fr,cooperative,Coop vs Self,1,0.9629629629629629,0.038461538461538464,0.0,0.10344827586206896,0.9666666666666667
Qwen-32B,Qwen2.5-32B-Instruct,5,fr,selfish,Coop vs Self,0,0.0,0.0,0.9310344827586207,0.10344827586206896,0.06666666666666667
Qwen-32B,Qwen2.5-32B-Instruct,5,fr,selfish,Self vs Self,0,0.0,1.0,1.0,0.9655172413793104,0.0
Qwen-32B,Qwen2.5-32B-Instruct,5,fr,selfish,Self vs Self,0,0.5,1.0,1.0,0.9655172413793104,0.03333333333333333
Qwen-32B,Qwen2.5-32B-Instruct,5,fr,cooperative,Coop vs Coop,0,1.0,0.5,0.07142857142857142,0.896551724137931,0.9
Qwen-32B,Qwen2.5-32B-Instruct,5,fr,cooperative,Coop vs Coop,1,1.0,0.0,0.07407407407407407,0.8275862068965517,0.9333333333333333
Qwen-32B,Qwen2.5-32B-Instruct,5,fr,selfish,Coop vs Self,0,0.3333333333333333,1.0,1.0,0.896551724137931,0.03333333333333333
Qwen-32B,Qwen2.5-32B-Instruct,5,fr,cooperative,Coop vs Self,1,0.3333333333333333,1.0,0.5,0.9310344827586207,0.06666666666666667
Qwen-32B,Qwen2.5-32B-Instruct,5,fr,cooperative,Coop vs Self,1,0.9629629629629629,0.038461538461538464,0.0,0.10344827586206896,0.9666666666666667
Qwen-32B,Qwen2.5-32B-Instruct,5,fr,selfish,Coop vs Self,0,0.0,0.0,0.9310344827586207,0.10344827586206896,0.06666666666666667
Qwen-32B,Qwen2.5-32B-Instruct,5,fr,selfish,Self vs Self,0,0.5,1.0,1.0,0.896551724137931,0.06666666666666667
Qwen-32B,Qwen2.5-32B-Instruct,5,fr,selfish,Self vs Self,0,0.25,1.0,1.0,0.896551724137931,0.03333333333333333
Qwen-32B,Qwen2.5-32B-Instruct,5,fr,cooperative,Coop vs Coop,0,1.0,0.0,0.07407407407407407,0.8275862068965517,0.9333333333333333
Qwen-32B,Qwen2.5-32B-Instruct,5,fr,cooperative,Coop vs Coop,1,1.0,0.0,0.10714285714285714,0.8275862068965517,0.9
Qwen-32B,Qwen2.5-32B-Instruct,5,fr,selfish,Self vs Self,0,0.8333333333333334,1.0,1.0,0.7586206896551724,0.16666666666666666
Qwen-32B,Qwen2.5-32B-Instruct,5,fr,selfish,Self vs Self,1,0.25,1.0,0.6,0.896551724137931,0.06666666666666667
Qwen-32B,Qwen2.5-32B-Instruct,5,fr,cooperative,Coop vs Self,1,0.9655172413793104,0.03571428571428571,0.0,0.034482758620689655,0.9666666666666667
Qwen-32B,Qwen2.5-32B-Instruct,5,fr,selfish,Coop vs Self,0,0.0,0.0,1.0,0.034482758620689655,0.0
Qwen-32B,Qwen2.5-32B-Instruct,5,fr,selfish,Coop vs Self,0,0.2,0.0,0.875,0.7931034482758621,0.03333333333333333
Qwen-32B,Qwen2.5-32B-Instruct,5,fr,cooperative,Coop vs Self,1,0.8571428571428571,0.5,0.0,0.7931034482758621,0.26666666666666666
Qwen-32B,Qwen2.5-32B-Instruct,5,fr,cooperative,Coop vs Coop,1,1.0,1.0,0.03571428571428571,0.9655172413793104,0.9
Qwen-32B,Qwen2.5-32B-Instruct,5,fr,cooperative,Coop vs Coop,0,0.6666666666666666,0.0,0.07142857142857142,0.8620689655172413,0.9333333333333333
Qwen-32B,Qwen2.5-32B-Instruct,5,fr,cooperative,Coop vs Self,1,0.6666666666666666,0.6,0.5,0.8275862068965517,0.16666666666666666
Qwen-32B,Qwen2.5-32B-Instruct,5,fr,selfish,Coop vs Self,0,0.25,1.0,1.0,0.7931034482758621,0.03333333333333333
Qwen-32B,Qwen2.5-32B-Instruct,5,fr,selfish,Coop vs Self,0,0.0,0.0,0.9333333333333333,0.06896551724137931,0.06666666666666667
Qwen-32B,Qwen2.5-32B-Instruct,5,fr,cooperative,Coop vs Self,1,0.9642857142857143,0.0,0.0,0.06896551724137931,1.0
Qwen-32B,Qwen2.5-32B-Instruct,5,fr,selfish,Self vs Self,0,0.5,1.0,1.0,0.9655172413793104,0.03333333333333333
Qwen-32B,Qwen2.5-32B-Instruct,5,fr,selfish,Self vs Self,0,0.0,1.0,1.0,0.9655172413793104,0.0
Qwen-32B,Qwen2.5-32B-Instruct,5,ar,cooperative,Coop vs Self,0,0.0,1.0,1.0,1.0,0.0
Qwen-32B,Qwen2.5-32B-Instruct,5,ar,selfish,Coop vs Self,0,0.0,1.0,1.0,1.0,0.0
Qwen-32B,Qwen2.5-32B-Instruct,5,ar,cooperative,Coop vs Coop,0,0.0,1.0,1.0,1.0,0.0
Qwen-32B,Qwen2.5-32B-Instruct,5,ar,cooperative,Coop vs Coop,0,0.0,1.0,1.0,1.0,0.0
Qwen-32B,Qwen2.5-32B-Instruct,5,ar,selfish,Coop vs Self,0,0.0,1.0,1.0,1.0,0.0
Qwen-32B,Qwen2.5-32B-Instruct,5,ar,cooperative,Coop vs Self,0,0.0,1.0,1.0,1.0,0.0
Qwen-32B,Qwen2.5-32B-Instruct,5,ar,selfish,Self vs Self,0,0.0,1.0,1.0,1.0,0.0
Qwen-32B,Qwen2.5-32B-Instruct,5,ar,selfish,Self vs Self,0,0.0,1.0,1.0,1.0,0.0
Qwen-32B,Qwen2.5-32B-Instruct,5,ar,cooperative,Coop vs Coop,0,0.0,1.0,1.0,1.0,0.0
Qwen-32B,Qwen2.5-32B-Instruct,5,ar,cooperative,Coop vs Coop,0,0.0,1.0,1.0,1.0,0.0
Qwen-32B,Qwen2.5-32B-Instruct,5,ar,cooperative,Coop vs Self,0,0.0,1.0,1.0,1.0,0.0
Qwen-32B,Qwen2.5-32B-Instruct,5,ar,selfish,Coop vs Self,0,0.0,1.0,1.0,1.0,0.0
Qwen-32B,Qwen2.5-32B-Instruct,5,ar,selfish,Coop vs Self,0,0.0,1.0,1.0,1.0,0.0
Qwen-32B,Qwen2.5-32B-Instruct,5,ar,cooperative,Coop vs Self,0,0.0,1.0,1.0,1.0,0.0
Qwen-32B,Qwen2.5-32B-Instruct,5,ar,selfish,Self vs Self,0,0.0,1.0,1.0,1.0,0.0
Qwen-32B,Qwen2.5-32B-Instruct,5,ar,selfish,Self vs Self,0,0.0,1.0,1.0,1.0,0.0
Qwen-32B,Qwen2.5-32B-Instruct,5,ar,cooperative,Coop vs Coop,0,0.0,1.0,1.0,1.0,0.0
Qwen-32B,Qwen2.5-32B-Instruct,5,ar,cooperative,Coop vs Coop,0,0.0,1.0,1.0,1.0,0.0
Qwen-32B,Qwen2.5-32B-Instruct,5,ar,selfish,Coop vs Self,0,0.0,1.0,1.0,1.0,0.0
Qwen-32B,Qwen2.5-32B-Instruct,5,ar,cooperative,Coop vs Self,0,0.0,1.0,1.0,1.0,0.0
Qwen-32B,Qwen2.5-32B-Instruct,5,ar,selfish,Self vs Self,0,0.0,1.0,1.0,1.0,0.0
Qwen-32B,Qwen2.5-32B-Instruct,5,ar,selfish,Self vs Self,0,0.0,1.0,1.0,1.0,0.0
Qwen-32B,Qwen2.5-32B-Instruct,5,ar,cooperative,Coop vs Self,0,0.0,1.0,1.0,1.0,0.0
Qwen-32B,Qwen2.5-32B-Instruct,5,ar,selfish,Coop vs Self,0,0.0,1.0,1.0,1.0,0.0
Qwen-32B,Qwen2.5-32B-Instruct,5,ar,cooperative,Coop vs Coop,0,0.0,1.0,1.0,1.0,0.0
Qwen-32B,Qwen2.5-32B-Instruct,5,ar,cooperative,Coop vs Coop,0,0.0,1.0,1.0,1.0,0.0
Qwen-32B,Qwen2.5-32B-Instruct,5,ar,cooperative,Coop vs Self,0,0.0,1.0,1.0,1.0,0.0
Qwen-32B,Qwen2.5-32B-Instruct,5,ar,selfish,Coop vs Self,0,0.0,1.0,1.0,1.0,0.0
Qwen-32B,Qwen2.5-32B-Instruct,5,ar,selfish,Coop vs Self,0,0.0,1.0,1.0,1.0,0.0
Qwen-32B,Qwen2.5-32B-Instruct,5,ar,cooperative,Coop vs Self,0,0.0,1.0,1.0,1.0,0.0
Qwen-32B,Qwen2.5-32B-Instruct,5,ar,selfish,Self vs Self,0,0.0,1.0,1.0,1.0,0.0
Qwen-32B,Qwen2.5-32B-Instruct,5,ar,selfish,Self vs Self,0,0.0,1.0,1.0,1.0,0.0
Qwen-32B,Qwen2.5-32B-Instruct,5,ar,cooperative,Coop vs Coop,0,0.0,1.0,1.0,1.0,0.0
Qwen-32B,Qwen2.5-32B-Instruct,5,ar,cooperative,Coop vs Coop,0,0.0,1.0,1.0,1.0,0.0
Qwen-32B,Qwen2.5-32B-Instruct,5,ar,cooperative,Coop vs Self,0,0.0,1.0,1.0,1.0,0.0
Qwen-32B,Qwen2.5-32B-Instruct,5,ar,selfish,Coop vs Self,0,0.0,1.0,1.0,1.0,0.0
Qwen-32B,Qwen2.5-32B-Instruct,5,ar,selfish,Coop vs Self,0,0.0,1.0,1.0,1.0,0.0
Qwen-32B,Qwen2.5-32B-Instruct,5,ar,cooperative,Coop vs Self,0,0.0,1.0,1.0,1.0,0.0
Qwen-32B,Qwen2.5-32B-Instruct,5,ar,selfish,Self vs Self,0,0.0,1.0,1.0,1.0,0.0
Qwen-32B,Qwen2.5-32B-Instruct,5,ar,selfish,Self vs Self,0,0.0,1.0,1.0,1.0,0.0
Qwen-32B,Qwen2.5-32B-Instruct,5,ar,cooperative,Coop vs Coop,0,0.0,1.0,1.0,1.0,0.0
Qwen-32B,Qwen2.5-32B-Instruct,5,ar,cooperative,Coop vs Coop,0,0.0,1.0,1.0,1.0,0.0
Qwen-32B,Qwen2.5-32B-Instruct,5,ar,cooperative,Coop vs Self,0,0.0,1.0,1.0,1.0,0.0
Qwen-32B,Qwen2.5-32B-Instruct,5,ar,selfish,Coop vs Self,0,0.0,1.0,1.0,1.0,0.0
Qwen-32B,Qwen2.5-32B-Instruct,5,ar,selfish,Coop vs Self,0,0.0,1.0,1.0,1.0,0.0
Qwen-32B,Qwen2.5-32B-Instruct,5,ar,cooperative,Coop vs Self,0,0.0,1.0,1.0,1.0,0.0
Qwen-32B,Qwen2.5-32B-Instruct,5,ar,selfish,Self vs Self,0,0.0,1.0,1.0,1.0,0.0
Qwen-32B,Qwen2.5-32B-Instruct,5,ar,selfish,Self vs Self,0,0.0,1.0,1.0,1.0,0.0
Qwen-32B,Qwen2.5-32B-Instruct,5,ar,cooperative,Coop vs Coop,0,0.0,1.0,1.0,1.0,0.0
Qwen-32B,Qwen2.5-32B-Instruct,5,ar,cooperative,Coop vs Coop,0,0.0,1.0,1.0,1.0,0.0
Qwen-32B,Qwen2.5-32B-Instruct,5,ar,cooperative,Coop vs Self,0,0.0,1.0,1.0,1.0,0.0
Qwen-32B,Qwen2.5-32B-Instruct,5,ar,selfish,Coop vs Self,0,0.0,1.0,1.0,1.0,0.0
Qwen-32B,Qwen2.5-32B-Instruct,5,ar,selfish,Coop vs Self,0,0.0,1.0,1.0,1.0,0.0
Qwen-32B,Qwen2.5-32B-Instruct,5,ar,cooperative,Coop vs Self,0,0.0,1.0,1.0,1.0,0.0
Qwen-32B,Qwen2.5-32B-Instruct,5,ar,selfish,Self vs Self,0,0.0,1.0,1.0,1.0,0.0
Qwen-32B,Qwen2.5-32B-Instruct,5,ar,selfish,Self vs Self,0,0.0,1.0,1.0,1.0,0.0
Qwen-32B,Qwen2.5-32B-Instruct,5,ar,cooperative,Coop vs Coop,0,0.0,1.0,1.0,1.0,0.0
Qwen-32B,Qwen2.5-32B-Instruct,5,ar,cooperative,Coop vs Coop,0,0.0,1.0,1.0,1.0,0.0
Qwen-32B,Qwen2.5-32B-Instruct,5,ar,cooperative,Coop vs Self,0,0.0,1.0,1.0,1.0,0.0
Qwen-32B,Qwen2.5-32B-Instruct,5,ar,selfish,Coop vs Self,0,0.0,1.0,1.0,1.0,0.0
Qwen-32B,Qwen2.5-32B-Instruct,5,ar,selfish,Coop vs Self,0,0.0,1.0,1.0,1.0,0.0
Qwen-32B,Qwen2.5-32B-Instruct,5,ar,cooperative,Coop vs Self,0,0.0,1.0,1.0,1.0,0.0
Qwen-32B,Qwen2.5-32B-Instruct,5,ar,selfish,Self vs Self,0,0.0,1.0,1.0,1.0,0.0
Qwen-32B,Qwen2.5-32B-Instruct,5,ar,selfish,Self vs Self,0,0.0,1.0,1.0,1.0,0.0
Qwen-32B,Qwen2.5-32B-Instruct,5,ar,cooperative,Coop vs Coop,0,0.0,1.0,1.0,1.0,0.0
Qwen-32B,Qwen2.5-32B-Instruct,5,ar,cooperative,Coop vs Coop,0,0.0,1.0,1.0,1.0,0.0
Qwen-32B,Qwen2.5-32B-Instruct,5,ar,cooperative,Coop vs Self,0,0.0,1.0,1.0,1.0,0.0
Qwen-32B,Qwen2.5-32B-Instruct,5,ar,selfish,Coop vs Self,0,0.0,1.0,1.0,1.0,0.0
Qwen-32B,Qwen2.5-32B-Instruct,5,ar,selfish,Coop vs Self,0,0.0,1.0,1.0,1.0,0.0
Qwen-32B,Qwen2.5-32B-Instruct,5,ar,cooperative,Coop vs Self,0,0.0,1.0,1.0,1.0,0.0
Qwen-32B,Qwen2.5-32B-Instruct,5,ar,selfish,Self vs Self,0,0.0,1.0,1.0,1.0,0.0
Qwen-32B,Qwen2.5-32B-Instruct,5,ar,selfish,Self vs Self,0,0.0,1.0,1.0,1.0,0.0
Qwen-32B,Qwen2.5-32B-Instruct,5,ar,cooperative,Coop vs Coop,0,0.0,1.0,1.0,1.0,0.0
Qwen-32B,Qwen2.5-32B-Instruct,5,ar,cooperative,Coop vs Coop,0,0.0,1.0,1.0,1.0,0.0
Qwen-32B,Qwen2.5-32B-Instruct,5,ar,cooperative,Coop vs Self,0,0.0,1.0,1.0,1.0,0.0
Qwen-32B,Qwen2.5-32B-Instruct,5,ar,selfish,Coop vs Self,0,0.0,1.0,1.0,1.0,0.0
Qwen-32B,Qwen2.5-32B-Instruct,5,ar,selfish,Coop vs Self,0,0.0,1.0,1.0,1.0,0.0
Qwen-32B,Qwen2.5-32B-Instruct,5,ar,cooperative,Coop vs Self,0,0.0,1.0,1.0,1.0,0.0
Qwen-32B,Qwen2.5-32B-Instruct,5,cn,cooperative,Coop vs Coop,0,0.0,1.0,1.0,1.0,0.0
Qwen-32B,Qwen2.5-32B-Instruct,5,cn,cooperative,Coop vs Coop,0,0.0,1.0,1.0,1.0,0.0
Qwen-32B,Qwen2.5-32B-Instruct,5,ar,selfish,Self vs Self,0,0.0,1.0,1.0,1.0,0.0
Qwen-32B,Qwen2.5-32B-Instruct,5,ar,selfish,Self vs Self,0,0.0,1.0,1.0,1.0,0.0
Qwen-32B,Qwen2.5-32B-Instruct,5,cn,cooperative,Coop vs Self,0,0.0,1.0,1.0,1.0,0.0
Qwen-32B,Qwen2.5-32B-Instruct,5,cn,selfish,Coop vs Self,0,0.0,1.0,1.0,1.0,0.0
Qwen-32B,Qwen2.5-32B-Instruct,5,cn,selfish,Coop vs Self,0,0.0,1.0,1.0,1.0,0.0
Qwen-32B,Qwen2.5-32B-Instruct,5,cn,cooperative,Coop vs Self,0,0.0,1.0,1.0,1.0,0.0
Qwen-32B,Qwen2.5-32B-Instruct,5,cn,selfish,Self vs Self,0,0.0,1.0,1.0,1.0,0.0
Qwen-32B,Qwen2.5-32B-Instruct,5,cn,selfish,Self vs Self,0,0.0,1.0,1.0,1.0,0.0
Qwen-32B,Qwen2.5-32B-Instruct,5,cn,cooperative,Coop vs Coop,0,0.0,1.0,1.0,1.0,0.0
Qwen-32B,Qwen2.5-32B-Instruct,5,cn,cooperative,Coop vs Coop,0,0.0,1.0,1.0,1.0,0.0
Qwen-32B,Qwen2.5-32B-Instruct,5,cn,cooperative,Coop vs Self,0,0.0,1.0,1.0,1.0,0.0
Qwen-32B,Qwen2.5-32B-Instruct,5,cn,selfish,Coop vs Self,0,0.0,1.0,1.0,1.0,0.0
Qwen-32B,Qwen2.5-32B-Instruct,5,cn,selfish,Coop vs Self,0,0.0,1.0,1.0,1.0,0.0
Qwen-32B,Qwen2.5-32B-Instruct,5,cn,cooperative,Coop vs Self,0,0.0,1.0,1.0,1.0,0.0
Qwen-32B,Qwen2.5-32B-Instruct,5,cn,cooperative,Coop vs Coop,0,0.0,1.0,1.0,1.0,0.0
Qwen-32B,Qwen2.5-32B-Instruct,5,cn,cooperative,Coop vs Coop,0,0.0,1.0,1.0,1.0,0.0
Qwen-32B,Qwen2.5-32B-Instruct,5,cn,selfish,Self vs Self,0,0.0,1.0,1.0,1.0,0.0
Qwen-32B,Qwen2.5-32B-Instruct,5,cn,selfish,Self vs Self,0,0.0,1.0,1.0,1.0,0.0
Qwen-32B,Qwen2.5-32B-Instruct,5,cn,cooperative,Coop vs Self,0,0.0,1.0,1.0,1.0,0.0
Qwen-32B,Qwen2.5-32B-Instruct,5,cn,selfish,Coop vs Self,0,0.0,1.0,1.0,1.0,0.0
Qwen-32B,Qwen2.5-32B-Instruct,5,cn,selfish,Coop vs Self,0,0.0,1.0,1.0,1.0,0.0
Qwen-32B,Qwen2.5-32B-Instruct,5,cn,cooperative,Coop vs Self,0,0.0,1.0,1.0,1.0,0.0
Qwen-32B,Qwen2.5-32B-Instruct,5,cn,cooperative,Coop vs Coop,0,0.0,1.0,1.0,1.0,0.0
Qwen-32B,Qwen2.5-32B-Instruct,5,cn,cooperative,Coop vs Coop,0,0.0,1.0,1.0,1.0,0.0
Qwen-32B,Qwen2.5-32B-Instruct,5,cn,selfish,Self vs Self,0,0.0,1.0,1.0,1.0,0.0
Qwen-32B,Qwen2.5-32B-Instruct,5,cn,selfish,Self vs Self,0,0.0,1.0,1.0,1.0,0.0
Qwen-32B,Qwen2.5-32B-Instruct,5,cn,cooperative,Coop vs Self,0,0.0,1.0,1.0,1.0,0.0
Qwen-32B,Qwen2.5-32B-Instruct,5,cn,selfish,Coop vs Self,0,0.0,1.0,1.0,1.0,0.0
Qwen-32B,Qwen2.5-32B-Instruct,5,cn,selfish,Coop vs Self,0,0.0,1.0,1.0,1.0,0.0
Qwen-32B,Qwen2.5-32B-Instruct,5,cn,cooperative,Coop vs Self,0,0.0,1.0,1.0,1.0,0.0
Qwen-32B,Qwen2.5-32B-Instruct,5,cn,selfish,Self vs Self,0,0.0,1.0,1.0,1.0,0.0
Qwen-32B,Qwen2.5-32B-Instruct,5,cn,selfish,Self vs Self,0,0.0,1.0,1.0,1.0,0.0
Qwen-32B,Qwen2.5-32B-Instruct,5,cn,cooperative,Coop vs Coop,0,0.0,1.0,1.0,1.0,0.0
Qwen-32B,Qwen2.5-32B-Instruct,5,cn,cooperative,Coop vs Coop,0,0.0,1.0,1.0,1.0,0.0
Qwen-32B,Qwen2.5-32B-Instruct,5,cn,cooperative,Coop vs Self,0,0.0,1.0,1.0,1.0,0.0
Qwen-32B,Qwen2.5-32B-Instruct,5,cn,selfish,Coop vs Self,0,0.0,1.0,1.0,1.0,0.0
Qwen-32B,Qwen2.5-32B-Instruct,5,cn,selfish,Coop vs Self,0,0.0,1.0,1.0,1.0,0.0
Qwen-32B,Qwen2.5-32B-Instruct,5,cn,cooperative,Coop vs Self,0,0.0,1.0,1.0,1.0,0.0
Qwen-32B,Qwen2.5-32B-Instruct,5,cn,selfish,Self vs Self,0,0.0,1.0,1.0,1.0,0.0
Qwen-32B,Qwen2.5-32B-Instruct,5,cn,selfish,Self vs Self,0,0.0,1.0,1.0,1.0,0.0
Qwen-32B,Qwen2.5-32B-Instruct,5,cn,cooperative,Coop vs Coop,0,0.0,1.0,1.0,1.0,0.0
Qwen-32B,Qwen2.5-32B-Instruct,5,cn,cooperative,Coop vs Coop,0,0.0,1.0,1.0,1.0,0.0
Qwen-32B,Qwen2.5-32B-Instruct,5,cn,cooperative,Coop vs Self,0,0.0,1.0,1.0,1.0,0.0
Qwen-32B,Qwen2.5-32B-Instruct,5,cn,selfish,Coop vs Self,0,0.0,1.0,1.0,1.0,0.0
Qwen-32B,Qwen2.5-32B-Instruct,5,cn,selfish,Coop vs Self,0,0.0,1.0,1.0,1.0,0.0
Qwen-32B,Qwen2.5-32B-Instruct,5,cn,cooperative,Coop vs Self,0,0.0,1.0,1.0,1.0,0.0
Qwen-32B,Qwen2.5-32B-Instruct,5,cn,selfish,Self vs Self,0,0.0,1.0,1.0,1.0,0.0
Qwen-32B,Qwen2.5-32B-Instruct,5,cn,selfish,Self vs Self,0,0.0,1.0,1.0,1.0,0.0
Qwen-32B,Qwen2.5-32B-Instruct,5,cn,cooperative,Coop vs Coop,0,0.0,1.0,1.0,1.0,0.0
Qwen-32B,Qwen2.5-32B-Instruct,5,cn,cooperative,Coop vs Coop,0,0.0,1.0,1.0,1.0,0.0
Qwen-32B,Qwen2.5-32B-Instruct,5,cn,cooperative,Coop vs Self,0,0.0,1.0,1.0,1.0,0.0
Qwen-32B,Qwen2.5-32B-Instruct,5,cn,selfish,Coop vs Self,0,0.0,1.0,1.0,1.0,0.0
Qwen-32B,Qwen2.5-32B-Instruct,5,cn,selfish,Coop vs Self,0,0.0,1.0,1.0,1.0,0.0
Qwen-32B,Qwen2.5-32B-Instruct,5,cn,cooperative,Coop vs Self,0,0.0,1.0,1.0,1.0,0.0
Qwen-32B,Qwen2.5-32B-Instruct,5,cn,cooperative,Coop vs Coop,0,0.0,1.0,1.0,1.0,0.0
Qwen-32B,Qwen2.5-32B-Instruct,5,cn,cooperative,Coop vs Coop,0,0.0,1.0,1.0,1.0,0.0
Qwen-32B,Qwen2.5-32B-Instruct,5,cn,selfish,Self vs Self,0,0.0,1.0,1.0,1.0,0.0
Qwen-32B,Qwen2.5-32B-Instruct,5,cn,selfish,Self vs Self,0,0.0,1.0,1.0,1.0,0.0
Qwen-32B,Qwen2.5-32B-Instruct,5,cn,selfish,Coop vs Self,0,0.0,1.0,1.0,1.0,0.0
Qwen-32B,Qwen2.5-32B-Instruct,5,cn,cooperative,Coop vs Self,0,0.0,1.0,1.0,1.0,0.0
Qwen-32B,Qwen2.5-32B-Instruct,5,cn,cooperative,Coop vs Self,0,0.0,1.0,1.0,1.0,0.0
Qwen-32B,Qwen2.5-32B-Instruct,5,cn,selfish,Coop vs Self,0,0.0,1.0,1.0,1.0,0.0
Qwen-32B,Qwen2.5-32B-Instruct,5,cn,selfish,Self vs Self,0,0.0,1.0,1.0,1.0,0.0
Qwen-32B,Qwen2.5-32B-Instruct,5,cn,selfish,Self vs Self,0,0.0,1.0,1.0,1.0,0.0
Qwen-32B,Qwen2.5-32B-Instruct,5,cn,cooperative,Coop vs Coop,0,0.0,1.0,1.0,1.0,0.0
Qwen-32B,Qwen2.5-32B-Instruct,5,cn,cooperative,Coop vs Coop,0,0.0,1.0,1.0,1.0,0.0
Qwen-32B,Qwen2.5-32B-Instruct,5,cn,cooperative,Coop vs Self,0,0.0,1.0,1.0,1.0,0.0
Qwen-32B,Qwen2.5-32B-Instruct,5,cn,selfish,Coop vs Self,0,0.0,1.0,1.0,1.0,0.0
Qwen-32B,Qwen2.5-32B-Instruct,5,cn,selfish,Coop vs Self,0,0.0,1.0,1.0,1.0,0.0
Qwen-32B,Qwen2.5-32B-Instruct,5,cn,cooperative,Coop vs Self,0,0.0,1.0,1.0,1.0,0.0
Qwen-32B,Qwen2.5-32B-Instruct,5,cn,selfish,Self vs Self,0,0.0,1.0,1.0,1.0,0.0
Qwen-32B,Qwen2.5-32B-Instruct,5,cn,selfish,Self vs Self,0,0.0,1.0,1.0,1.0,0.0
Qwen-32B,Qwen2.5-32B-Instruct,5,cn,cooperative,Coop vs Coop,0,0.0,1.0,1.0,1.0,0.0
Qwen-32B,Qwen2.5-32B-Instruct,5,cn,cooperative,Coop vs Coop,0,0.0,1.0,1.0,1.0,0.0
Qwen-32B,Qwen2.5-32B-Instruct,5,cn,cooperative,Coop vs Self,0,0.0,1.0,1.0,1.0,0.0
Qwen-32B,Qwen2.5-32B-Instruct,5,cn,selfish,Coop vs Self,0,0.0,1.0,1.0,1.0,0.0
Qwen-32B,Qwen2.5-32B-Instruct,5,cn,selfish,Coop vs Self,0,0.0,1.0,1.0,1.0,0.0
Qwen-32B,Qwen2.5-32B-Instruct,5,cn,cooperative,Coop vs Self,0,0.0,1.0,1.0,1.0,0.0
Qwen-32B,Qwen2.5-32B-Instruct,5,cn,selfish,Self vs Self,0,0.0,1.0,1.0,1.0,0.0
Qwen-32B,Qwen2.5-32B-Instruct,5,cn,selfish,Self vs Self,0,0.0,1.0,1.0,1.0,0.0
Qwen-32B,Qwen2.5-32B-Instruct,5,vn,cooperative,Coop vs Coop,0,0.0,1.0,1.0,1.0,0.0
Qwen-32B,Qwen2.5-32B-Instruct,5,vn,cooperative,Coop vs Coop,0,0.0,1.0,1.0,1.0,0.0
Qwen-32B,Qwen2.5-32B-Instruct,5,vn,selfish,Coop vs Self,0,0.0,1.0,1.0,1.0,0.0
Qwen-32B,Qwen2.5-32B-Instruct,5,vn,cooperative,Coop vs Self,0,0.0,1.0,1.0,1.0,0.0
Qwen-32B,Qwen2.5-32B-Instruct,5,vn,cooperative,Coop vs Self,0,0.0,1.0,1.0,1.0,0.0
Qwen-32B,Qwen2.5-32B-Instruct,5,vn,selfish,Coop vs Self,0,0.0,1.0,1.0,1.0,0.0
Qwen-32B,Qwen2.5-32B-Instruct,5,vn,selfish,Self vs Self,0,0.0,1.0,1.0,1.0,0.0
Qwen-32B,Qwen2.5-32B-Instruct,5,vn,selfish,Self vs Self,0,0.0,1.0,1.0,1.0,0.0
Qwen-32B,Qwen2.5-32B-Instruct,5,vn,cooperative,Coop vs Coop,0,0.0,1.0,1.0,1.0,0.0
Qwen-32B,Qwen2.5-32B-Instruct,5,vn,cooperative,Coop vs Coop,0,0.0,1.0,1.0,1.0,0.0
Qwen-32B,Qwen2.5-32B-Instruct,5,vn,selfish,Coop vs Self,0,0.0,1.0,1.0,1.0,0.0
Qwen-32B,Qwen2.5-32B-Instruct,5,vn,cooperative,Coop vs Self,0,0.0,1.0,1.0,1.0,0.0
Qwen-32B,Qwen2.5-32B-Instruct,5,vn,cooperative,Coop vs Self,0,0.0,1.0,1.0,1.0,0.0
Qwen-32B,Qwen2.5-32B-Instruct,5,vn,selfish,Coop vs Self,0,0.0,1.0,1.0,1.0,0.0
Qwen-32B,Qwen2.5-32B-Instruct,5,vn,selfish,Self vs Self,0,0.0,1.0,1.0,1.0,0.0
Qwen-32B,Qwen2.5-32B-Instruct,5,vn,selfish,Self vs Self,0,0.0,1.0,1.0,1.0,0.0
Qwen-32B,Qwen2.5-32B-Instruct,5,vn,cooperative,Coop vs Coop,0,0.0,1.0,1.0,1.0,0.0
Qwen-32B,Qwen2.5-32B-Instruct,5,vn,cooperative,Coop vs Coop,0,0.0,1.0,1.0,1.0,0.0
Qwen-32B,Qwen2.5-32B-Instruct,5,vn,cooperative,Coop vs Self,0,0.0,1.0,1.0,1.0,0.0
Qwen-32B,Qwen2.5-32B-Instruct,5,vn,selfish,Coop vs Self,0,0.0,1.0,1.0,1.0,0.0
Qwen-32B,Qwen2.5-32B-Instruct,5,vn,selfish,Coop vs Self,0,0.0,1.0,1.0,1.0,0.0
Qwen-32B,Qwen2.5-32B-Instruct,5,vn,cooperative,Coop vs Self,0,0.0,1.0,1.0,1.0,0.0
Qwen-32B,Qwen2.5-32B-Instruct,5,vn,cooperative,Coop vs Coop,0,0.0,1.0,1.0,1.0,0.0
Qwen-32B,Qwen2.5-32B-Instruct,5,vn,cooperative,Coop vs Coop,0,0.0,1.0,1.0,1.0,0.0
Qwen-32B,Qwen2.5-32B-Instruct,5,vn,selfish,Self vs Self,0,0.0,1.0,1.0,1.0,0.0
Qwen-32B,Qwen2.5-32B-Instruct,5,vn,selfish,Self vs Self,0,0.0,1.0,1.0,1.0,0.0
Qwen-32B,Qwen2.5-32B-Instruct,5,vn,cooperative,Coop vs Self,0,0.0,1.0,1.0,1.0,0.0
Qwen-32B,Qwen2.5-32B-Instruct,5,vn,selfish,Coop vs Self,0,0.0,1.0,1.0,1.0,0.0
Qwen-32B,Qwen2.5-32B-Instruct,5,vn,selfish,Coop vs Self,0,0.0,1.0,1.0,1.0,0.0
Qwen-32B,Qwen2.5-32B-Instruct,5,vn,cooperative,Coop vs Self,0,0.0,1.0,1.0,1.0,0.0
Qwen-32B,Qwen2.5-32B-Instruct,5,vn,cooperative,Coop vs Coop,0,0.0,1.0,1.0,1.0,0.0
Qwen-32B,Qwen2.5-32B-Instruct,5,vn,cooperative,Coop vs Coop,0,0.0,1.0,1.0,1.0,0.0
Qwen-32B,Qwen2.5-32B-Instruct,5,vn,selfish,Self vs Self,0,0.0,1.0,1.0,1.0,0.0
Qwen-32B,Qwen2.5-32B-Instruct,5,vn,selfish,Self vs Self,0,0.0,1.0,1.0,1.0,0.0
Qwen-32B,Qwen2.5-32B-Instruct,5,vn,cooperative,Coop vs Self,0,0.0,1.0,1.0,1.0,0.0
Qwen-32B,Qwen2.5-32B-Instruct,5,vn,selfish,Coop vs Self,0,0.0,1.0,1.0,1.0,0.0
Qwen-32B,Qwen2.5-32B-Instruct,5,vn,selfish,Coop vs Self,0,0.0,1.0,1.0,1.0,0.0
Qwen-32B,Qwen2.5-32B-Instruct,5,vn,cooperative,Coop vs Self,0,0.0,1.0,1.0,1.0,0.0
Qwen-32B,Qwen2.5-32B-Instruct,5,vn,cooperative,Coop vs Coop,0,0.0,1.0,1.0,1.0,0.0
Qwen-32B,Qwen2.5-32B-Instruct,5,vn,cooperative,Coop vs Coop,0,0.0,1.0,1.0,1.0,0.0
Qwen-32B,Qwen2.5-32B-Instruct,5,vn,selfish,Self vs Self,0,0.0,1.0,1.0,1.0,0.0
Qwen-32B,Qwen2.5-32B-Instruct,5,vn,selfish,Self vs Self,0,0.0,1.0,1.0,1.0,0.0
Qwen-32B,Qwen2.5-32B-Instruct,5,vn,cooperative,Coop vs Self,0,0.0,1.0,1.0,1.0,0.0
Qwen-32B,Qwen2.5-32B-Instruct,5,vn,selfish,Coop vs Self,0,0.0,1.0,1.0,1.0,0.0
Qwen-32B,Qwen2.5-32B-Instruct,5,vn,selfish,Coop vs Self,0,0.0,1.0,1.0,1.0,0.0
Qwen-32B,Qwen2.5-32B-Instruct,5,vn,cooperative,Coop vs Self,0,0.0,1.0,1.0,1.0,0.0
Qwen-32B,Qwen2.5-32B-Instruct,5,vn,cooperative,Coop vs Coop,0,0.0,1.0,1.0,1.0,0.0
Qwen-32B,Qwen2.5-32B-Instruct,5,vn,cooperative,Coop vs Coop,0,0.0,1.0,1.0,1.0,0.0
Qwen-32B,Qwen2.5-32B-Instruct,5,vn,selfish,Self vs Self,0,0.0,1.0,1.0,1.0,0.0
Qwen-32B,Qwen2.5-32B-Instruct,5,vn,selfish,Self vs Self,0,0.0,1.0,1.0,1.0,0.0
Qwen-32B,Qwen2.5-32B-Instruct,5,vn,cooperative,Coop vs Self,0,0.0,1.0,1.0,1.0,0.0
Qwen-32B,Qwen2.5-32B-Instruct,5,vn,selfish,Coop vs Self,0,0.0,1.0,1.0,1.0,0.0
Qwen-32B,Qwen2.5-32B-Instruct,5,vn,selfish,Coop vs Self,0,0.0,1.0,1.0,1.0,0.0
Qwen-32B,Qwen2.5-32B-Instruct,5,vn,cooperative,Coop vs Self,0,0.0,1.0,1.0,1.0,0.0
Qwen-32B,Qwen2.5-32B-Instruct,5,vn,cooperative,Coop vs Coop,0,0.0,1.0,1.0,1.0,0.0
Qwen-32B,Qwen2.5-32B-Instruct,5,vn,cooperative,Coop vs Coop,0,0.0,1.0,1.0,1.0,0.0
Qwen-32B,Qwen2.5-32B-Instruct,5,vn,selfish,Self vs Self,0,0.0,1.0,1.0,1.0,0.0
Qwen-32B,Qwen2.5-32B-Instruct,5,vn,selfish,Self vs Self,0,0.0,1.0,1.0,1.0,0.0
Qwen-32B,Qwen2.5-32B-Instruct,5,vn,cooperative,Coop vs Self,0,0.0,1.0,1.0,1.0,0.0
Qwen-32B,Qwen2.5-32B-Instruct,5,vn,selfish,Coop vs Self,0,0.0,1.0,1.0,1.0,0.0
Qwen-32B,Qwen2.5-32B-Instruct,5,vn,selfish,Coop vs Self,0,0.0,1.0,1.0,1.0,0.0
Qwen-32B,Qwen2.5-32B-Instruct,5,vn,cooperative,Coop vs Self,0,0.0,1.0,1.0,1.0,0.0
Qwen-32B,Qwen2.5-32B-Instruct,5,vn,cooperative,Coop vs Coop,0,0.0,1.0,1.0,1.0,0.0
Qwen-32B,Qwen2.5-32B-Instruct,5,vn,cooperative,Coop vs Coop,0,0.0,1.0,1.0,1.0,0.0
Qwen-32B,Qwen2.5-32B-Instruct,5,vn,selfish,Self vs Self,0,0.0,1.0,1.0,1.0,0.0
Qwen-32B,Qwen2.5-32B-Instruct,5,vn,selfish,Self vs Self,0,0.0,1.0,1.0,1.0,0.0
Qwen-32B,Qwen2.5-32B-Instruct,5,vn,cooperative,Coop vs Self,0,0.0,1.0,1.0,1.0,0.0
Qwen-32B,Qwen2.5-32B-Instruct,5,vn,selfish,Coop vs Self,0,0.0,1.0,1.0,1.0,0.0
Qwen-32B,Qwen2.5-32B-Instruct,5,vn,selfish,Coop vs Self,0,0.0,1.0,1.0,1.0,0.0
Qwen-32B,Qwen2.5-32B-Instruct,5,vn,cooperative,Coop vs Self,0,0.0,1.0,1.0,1.0,0.0
Qwen-32B,Qwen2.5-32B-Instruct,5,vn,selfish,Self vs Self,0,0.0,1.0,1.0,1.0,0.0
Qwen-32B,Qwen2.5-32B-Instruct,5,vn,selfish,Self vs Self,0,0.0,1.0,1.0,1.0,0.0
Qwen-32B,Qwen2.5-32B-Instruct,5,vn,cooperative,Coop vs Coop,0,0.0,1.0,1.0,1.0,0.0
Qwen-32B,Qwen2.5-32B-Instruct,5,vn,cooperative,Coop vs Coop,0,0.0,1.0,1.0,1.0,0.0
Qwen-32B,Qwen2.5-32B-Instruct,5,vn,selfish,Coop vs Self,0,0.0,1.0,1.0,1.0,0.0
Qwen-32B,Qwen2.5-32B-Instruct,5,vn,cooperative,Coop vs Self,0,0.0,1.0,1.0,1.0,0.0
Qwen-32B,Qwen2.5-32B-Instruct,5,vn,cooperative,Coop vs Self,0,0.0,1.0,1.0,1.0,0.0
Qwen-32B,Qwen2.5-32B-Instruct,5,vn,selfish,Coop vs Self,0,0.0,1.0,1.0,1.0,0.0
Qwen-32B,Qwen2.5-32B-Instruct,5,vn,selfish,Self vs Self,0,0.0,1.0,1.0,1.0,0.0
Qwen-32B,Qwen2.5-32B-Instruct,5,vn,selfish,Self vs Self,0,0.0,1.0,1.0,1.0,0.0
Qwen-32B,Qwen2.5-32B-Instruct,5,it,cooperative,Coop vs Coop,0,0.0,0.0,0.03333333333333333,0.9655172413793104,0.9666666666666667
Qwen-32B,Qwen2.5-32B-Instruct,5,it,cooperative,Coop vs Coop,1,1.0,0.0,0.0,0.9655172413793104,1.0
Qwen-32B,Qwen2.5-32B-Instruct,5,it,cooperative,Coop vs Self,1,0.9642857142857143,0.037037037037037035,0.0,0.06896551724137931,0.9666666666666667
Qwen-32B,Qwen2.5-32B-Instruct,5,it,selfish,Coop vs Self,0,0.0,0.0,0.9655172413793104,0.06896551724137931,0.03333333333333333
Qwen-32B,Qwen2.5-32B-Instruct,5,it,selfish,Coop vs Self,0,1.0,0.0,0.9655172413793104,0.034482758620689655,0.06666666666666667
Qwen-32B,Qwen2.5-32B-Instruct,5,it,cooperative,Coop vs Self,1,0.9629629629629629,0.037037037037037035,0.0,0.10344827586206896,0.9666666666666667
Qwen-32B,Qwen2.5-32B-Instruct,5,it,selfish,Self vs Self,0,0.5,0.75,1.0,0.8275862068965517,0.1
Qwen-32B,Qwen2.5-32B-Instruct,5,it,selfish,Self vs Self,0,0.3333333333333333,1.0,1.0,0.8275862068965517,0.06666666666666667
Qwen-32B,Qwen2.5-32B-Instruct,5,it,cooperative,Coop vs Coop,0,1.0,0.0,0.07407407407407407,0.8275862068965517,0.9333333333333333
Qwen-32B,Qwen2.5-32B-Instruct,5,it,cooperative,Coop vs Coop,1,1.0,0.0,0.10714285714285714,0.8275862068965517,0.9
Qwen-32B,Qwen2.5-32B-Instruct,5,it,cooperative,Coop vs Self,1,0.9642857142857143,0.0,0.0,0.06896551724137931,1.0
Qwen-32B,Qwen2.5-32B-Instruct,5,it,selfish,Coop vs Self,0,0.0,0.0,0.9333333333333333,0.06896551724137931,0.06666666666666667
Qwen-32B,Qwen2.5-32B-Instruct,5,it,selfish,Coop vs Self,0,0.0,0.0,0.9655172413793104,0.06896551724137931,0.03333333333333333
Qwen-32B,Qwen2.5-32B-Instruct,5,it,cooperative,Coop vs Self,1,0.9642857142857143,0.037037037037037035,0.0,0.06896551724137931,0.9666666666666667
Qwen-32B,Qwen2.5-32B-Instruct,5,it,selfish,Self vs Self,0,0.3333333333333333,1.0,1.0,0.9310344827586207,0.03333333333333333
Qwen-32B,Qwen2.5-32B-Instruct,5,it,selfish,Self vs Self,0,0.3333333333333333,1.0,1.0,0.9310344827586207,0.03333333333333333
Qwen-32B,Qwen2.5-32B-Instruct,5,it,cooperative,Coop vs Coop,0,1.0,0.0,0.037037037037037035,0.8620689655172413,0.9666666666666667
Qwen-32B,Qwen2.5-32B-Instruct,5,it,cooperative,Coop vs Coop,1,1.0,0.0,0.10344827586206896,0.8620689655172413,0.9
Qwen-32B,Qwen2.5-32B-Instruct,5,it,cooperative,Coop vs Self,1,0.9583333333333334,0.12,0.0,0.20689655172413793,0.8666666666666667
Qwen-32B,Qwen2.5-32B-Instruct,5,it,selfish,Coop vs Self,0,0.3333333333333333,0.0,0.9259259259259259,0.13793103448275862,0.1
Qwen-32B,Qwen2.5-32B-Instruct,5,it,selfish,Coop vs Self,0,0.05263157894736842,0.0,0.9285714285714286,0.13793103448275862,0.06666666666666667
Qwen-32B,Qwen2.5-32B-Instruct,5,it,cooperative,Coop vs Self,1,1.0,0.07692307692307693,0.0,0.10344827586206896,0.9333333333333333
Qwen-32B,Qwen2.5-32B-Instruct,5,it,selfish,Self vs Self,0,0.75,0.75,1.0,0.896551724137931,0.1
Qwen-32B,Qwen2.5-32B-Instruct,5,it,selfish,Self vs Self,0,0.0,1.0,1.0,0.896551724137931,0.0
Qwen-32B,Qwen2.5-32B-Instruct,5,it,cooperative,Coop vs Coop,1,1.0,0.0,0.06896551724137931,0.896551724137931,0.9333333333333333
Qwen-32B,Qwen2.5-32B-Instruct,5,it,cooperative,Coop vs Coop,0,1.0,0.0,0.03571428571428571,0.896551724137931,0.9666666666666667
Qwen-32B,Qwen2.5-32B-Instruct,5,it,cooperative,Coop vs Self,1,0.9629629629629629,0.04,0.3333333333333333,0.06896551724137931,0.9333333333333333
Qwen-32B,Qwen2.5-32B-Instruct,5,it,selfish,Coop vs Self,0,0.0,1.0,0.9285714285714286,0.13793103448275862,0.06666666666666667
Qwen-32B,Qwen2.5-32B-Instruct,5,it,selfish,Coop vs Self,0,0.0,0.0,0.9310344827586207,0.10344827586206896,0.06666666666666667
Qwen-32B,Qwen2.5-32B-Instruct,5,it,cooperative,Coop vs Self,1,0.9629629629629629,0.038461538461538464,0.0,0.10344827586206896,0.9666666666666667
Qwen-32B,Qwen2.5-32B-Instruct,5,it,selfish,Self vs Self,0,0.5,1.0,1.0,0.9655172413793104,0.03333333333333333
Qwen-32B,Qwen2.5-32B-Instruct,5,it,selfish,Self vs Self,0,0.0,1.0,1.0,0.9655172413793104,0.0
Qwen-32B,Qwen2.5-32B-Instruct,5,it,cooperative,Coop vs Coop,0,1.0,0.0,0.1111111111111111,0.7931034482758621,0.9
Qwen-32B,Qwen2.5-32B-Instruct,5,it,cooperative,Coop vs Coop,1,1.0,0.0,0.1111111111111111,0.7931034482758621,0.9
Qwen-32B,Qwen2.5-32B-Instruct,5,it,cooperative,Coop vs Self,1,0.9583333333333334,0.12,0.0,0.20689655172413793,0.8
Qwen-32B,Qwen2.5-32B-Instruct,5,it,selfish,Coop vs Self,0,0.0,0.0,1.0,0.1724137931034483,0.0
Qwen-32B,Qwen2.5-32B-Instruct,5,it,selfish,Coop vs Self,0,0.0,0.0,0.9333333333333333,0.06896551724137931,0.06666666666666667
Qwen-32B,Qwen2.5-32B-Instruct,5,it,cooperative,Coop vs Self,1,0.9642857142857143,0.0,0.0,0.06896551724137931,1.0
Qwen-32B,Qwen2.5-32B-Instruct,5,it,selfish,Self vs Self,0,0.5,1.0,1.0,0.9655172413793104,0.03333333333333333
Qwen-32B,Qwen2.5-32B-Instruct,5,it,selfish,Self vs Self,0,0.0,1.0,1.0,0.9655172413793104,0.0
Qwen-32B,Qwen2.5-32B-Instruct,5,it,cooperative,Coop vs Coop,1,1.0,0.0,0.0,0.9310344827586207,1.0
Qwen-32B,Qwen2.5-32B-Instruct,5,it,cooperative,Coop vs Coop,0,0.0,0.0,0.06666666666666667,0.9310344827586207,0.9333333333333333
Qwen-32B,Qwen2.5-32B-Instruct,5,it,cooperative,Coop vs Self,0,0.9615384615384616,0.0,0.2,0.10344827586206896,0.9666666666666667
Qwen-32B,Qwen2.5-32B-Instruct,5,it,selfish,Coop vs Self,0,0.2,1.0,0.8620689655172413,0.13793103448275862,0.13333333333333333
Qwen-32B,Qwen2.5-32B-Instruct,5,it,selfish,Coop vs Self,0,0.0,0.0,0.9666666666666667,0.034482758620689655,0.03333333333333333
Qwen-32B,Qwen2.5-32B-Instruct,5,it,cooperative,Coop vs Self,1,0.9655172413793104,0.0,0.0,0.034482758620689655,1.0
Qwen-32B,Qwen2.5-32B-Instruct,5,it,selfish,Self vs Self,0,0.3333333333333333,1.0,1.0,0.8275862068965517,0.06666666666666667
Qwen-32B,Qwen2.5-32B-Instruct,5,it,selfish,Self vs Self,0,0.5,0.75,1.0,0.8275862068965517,0.1
Qwen-32B,Qwen2.5-32B-Instruct,5,it,cooperative,Coop vs Coop,1,1.0,0.0,0.034482758620689655,0.9310344827586207,0.9666666666666667
Qwen-32B,Qwen2.5-32B-Instruct,5,it,cooperative,Coop vs Coop,0,1.0,0.0,0.034482758620689655,0.9310344827586207,0.9666666666666667
Qwen-32B,Qwen2.5-32B-Instruct,5,it,cooperative,Coop vs Self,1,0.9615384615384616,0.0,0.0,0.13793103448275862,1.0
Qwen-32B,Qwen2.5-32B-Instruct,5,it,selfish,Coop vs Self,0,0.0,0.0,0.8666666666666667,0.13793103448275862,0.13333333333333333
Qwen-32B,Qwen2.5-32B-Instruct,5,it,selfish,Coop vs Self,0,0.041666666666666664,0.0,0.9310344827586207,0.10344827586206896,0.06666666666666667
Qwen-32B,Qwen2.5-32B-Instruct,5,it,cooperative,Coop vs Self,1,0.9629629629629629,0.038461538461538464,0.0,0.10344827586206896,0.9666666666666667
Qwen-32B,Qwen2.5-32B-Instruct,5,it,selfish,Self vs Self,0,0.0,1.0,1.0,0.9655172413793104,0.0
Qwen-32B,Qwen2.5-32B-Instruct,5,it,selfish,Self vs Self,0,0.6666666666666666,1.0,1.0,0.9310344827586207,0.06666666666666667
Qwen-32B,Qwen2.5-32B-Instruct,5,it,cooperative,Coop vs Coop,0,1.0,0.0,0.1111111111111111,0.7931034482758621,0.9
Qwen-32B,Qwen2.5-32B-Instruct,5,it,cooperative,Coop vs Coop,1,1.0,0.0,0.1111111111111111,0.7931034482758621,0.9
Qwen-32B,Qwen2.5-32B-Instruct,5,it,cooperative,Coop vs Self,1,0.9629629629629629,0.07692307692307693,0.0,0.10344827586206896,0.9333333333333333
Qwen-32B,Qwen2.5-32B-Instruct,5,it,selfish,Coop vs Self,0,0.0,0.0,0.9642857142857143,0.10344827586206896,0.03333333333333333
Qwen-32B,Qwen2.5-32B-Instruct,5,it,selfish,Coop vs Self,0,0.14285714285714285,0.0,0.9655172413793104,0.06896551724137931,0.03333333333333333
Qwen-32B,Qwen2.5-32B-Instruct,5,it,cooperative,Coop vs Self,1,0.9642857142857143,0.037037037037037035,0.0,0.06896551724137931,0.9666666666666667
Qwen-32B,Qwen2.5-32B-Instruct,5,it,selfish,Self vs Self,0,0.3333333333333333,1.0,1.0,0.9310344827586207,0.03333333333333333
Qwen-32B,Qwen2.5-32B-Instruct,5,it,selfish,Self vs Self,0,0.3333333333333333,1.0,1.0,0.9310344827586207,0.03333333333333333
Qwen-32B,Qwen2.5-32B-Instruct,5,it,cooperative,Coop vs Coop,1,1.0,0.0,0.10344827586206896,0.8620689655172413,0.9
Qwen-32B,Qwen2.5-32B-Instruct,5,it,cooperative,Coop vs Coop,0,1.0,0.0,0.037037037037037035,0.8620689655172413,0.9666666666666667
Qwen-32B,Qwen2.5-32B-Instruct,5,it,cooperative,Coop vs Self,1,0.9615384615384616,0.0,0.0,0.13793103448275862,1.0
Qwen-32B,Qwen2.5-32B-Instruct,5,it,selfish,Coop vs Self,0,0.0,0.0,0.8666666666666667,0.13793103448275862,0.13333333333333333
Qwen-32B,Qwen2.5-32B-Instruct,5,it,selfish,Coop vs Self,0,0.08333333333333333,0.0,0.9629629629629629,0.13793103448275862,0.03333333333333333
Qwen-32B,Qwen2.5-32B-Instruct,5,it,cooperative,Coop vs Self,1,0.9615384615384616,0.12,0.0,0.13793103448275862,0.9
Qwen-32B,Qwen2.5-32B-Instruct,5,it,selfish,Self vs Self,0,0.0,1.0,1.0,0.9310344827586207,0.0
Qwen-32B,Qwen2.5-32B-Instruct,5,it,selfish,Self vs Self,0,0.6666666666666666,1.0,1.0,0.9310344827586207,0.06666666666666667
Qwen-32B,Qwen2.5-32B-Instruct,5,it,cooperative,Coop vs Coop,0,1.0,0.5,0.03571428571428571,0.9310344827586207,0.9333333333333333
Qwen-32B,Qwen2.5-32B-Instruct,5,it,cooperative,Coop vs Coop,1,1.0,0.0,0.07142857142857142,0.8620689655172413,0.9333333333333333
Qwen-32B,Qwen2.5-32B-Instruct,5,it,cooperative,Coop vs Self,1,0.6666666666666666,0.5,0.5,0.8275862068965517,0.16666666666666666
Qwen-32B,Qwen2.5-32B-Instruct,5,it,selfish,Coop vs Self,0,0.25,1.0,1.0,0.7931034482758621,0.03333333333333333
Qwen-32B,Qwen2.5-32B-Instruct,5,it,selfish,Coop vs Self,0,0.0,1.0,0.9310344827586207,0.10344827586206896,0.06666666666666667
Qwen-32B,Qwen2.5-32B-Instruct,5,it,cooperative,Coop vs Self,1,0.9642857142857143,0.0,0.3333333333333333,0.034482758620689655,0.9666666666666667
Qwen-32B,Qwen2.5-32B-Instruct,5,it,selfish,Self vs Self,0,0.5,1.0,0.5,1.0,0.03333333333333333
Qwen-32B,Qwen2.5-32B-Instruct,5,it,selfish,Self vs Self,0,0.3333333333333333,1.0,1.0,0.9310344827586207,0.03333333333333333
Qwen-32B,Qwen2.5-32B-Instruct,20,en,cooperative,Coop vs Coop,0,1.0,0.0,0.2222222222222222,0.6896551724137931,0.8
Qwen-32B,Qwen2.5-32B-Instruct,20,en,cooperative,Coop vs Coop,1,1.0,0.16666666666666666,0.08333333333333333,0.7586206896551724,0.9
Qwen-32B,Qwen2.5-32B-Instruct,20,en,selfish,Coop vs Self,0,0.2727272727272727,1.0,0.7391304347826086,0.3448275862068966,0.26666666666666666
Qwen-32B,Qwen2.5-32B-Instruct,20,en,cooperative,Coop vs Self,1,0.8888888888888888,0.25,0.1111111111111111,0.4482758620689655,0.7666666666666667
Qwen-32B,Qwen2.5-32B-Instruct,20,en,cooperative,Coop vs Self,1,0.9545454545454546,0.2631578947368421,0.0,0.3793103448275862,0.8333333333333334
Qwen-32B,Qwen2.5-32B-Instruct,20,en,selfish,Coop vs Self,0,0.2857142857142857,0.0,0.8,0.3103448275862069,0.2
Qwen-32B,Qwen2.5-32B-Instruct,20,en,selfish,Self vs Self,0,0.6363636363636364,0.8,0.875,0.5862068965517241,0.23333333333333334
Qwen-32B,Qwen2.5-32B-Instruct,20,en,selfish,Self vs Self,0,0.8,0.7142857142857143,0.7142857142857143,0.6551724137931034,0.26666666666666666
Qwen-32B,Qwen2.5-32B-Instruct,20,en,cooperative,Coop vs Coop,1,0.5,0.5,0.25925925925925924,0.7241379310344828,0.7
Qwen-32B,Qwen2.5-32B-Instruct,20,en,cooperative,Coop vs Coop,0,1.0,0.14285714285714285,0.09523809523809523,0.6551724137931034,0.9
Qwen-32B,Qwen2.5-32B-Instruct,20,en,cooperative,Coop vs Self,1,1.0,0.2222222222222222,0.1111111111111111,0.3793103448275862,0.8333333333333334
Qwen-32B,Qwen2.5-32B-Instruct,20,en,selfish,Coop vs Self,0,0.3076923076923077,1.0,0.72,0.3448275862068966,0.3
Qwen-32B,Qwen2.5-32B-Instruct,20,en,selfish,Coop vs Self,0,0.13636363636363635,0.0,0.8846153846153846,0.20689655172413793,0.13333333333333333
Qwen-32B,Qwen2.5-32B-Instruct,20,en,cooperative,Coop vs Self,1,1.0,0.17391304347826086,0.25,0.20689655172413793,0.8333333333333334
Qwen-32B,Qwen2.5-32B-Instruct,20,en,selfish,Self vs Self,0,0.6,0.6666666666666666,0.6666666666666666,0.6896551724137931,0.26666666666666666
Qwen-32B,Qwen2.5-32B-Instruct,20,en,selfish,Self vs Self,0,0.5,0.6666666666666666,1.0,0.5517241379310345,0.16666666666666666
Qwen-32B,Qwen2.5-32B-Instruct,20,en,cooperative,Coop vs Coop,0,0.8571428571428571,0.25,0.25,0.6206896551724138,0.7666666666666667
Qwen-32B,Qwen2.5-32B-Instruct,20,en,cooperative,Coop vs Coop,1,0.75,0.3333333333333333,0.21739130434782608,0.6551724137931034,0.7666666666666667
Qwen-32B,Qwen2.5-32B-Instruct,20,en,selfish,Coop vs Self,0,0.36363636363636365,0.0,0.88,0.13793103448275862,0.23333333333333334
Qwen-32B,Qwen2.5-32B-Instruct,20,en,cooperative,Coop vs Self,1,0.9090909090909091,0.14285714285714285,0.25,0.27586206896551724,0.8333333333333334
Qwen-32B,Qwen2.5-32B-Instruct,20,en,cooperative,Coop vs Self,0,0.9583333333333334,0.09523809523809523,0.4,0.13793103448275862,0.8666666666666667
Qwen-32B,Qwen2.5-32B-Instruct,20,en,selfish,Coop vs Self,0,0.15384615384615385,1.0,0.8461538461538461,0.2413793103448276,0.13333333333333333
Qwen-32B,Qwen2.5-32B-Instruct,20,en,selfish,Self vs Self,0,0.5714285714285714,1.0,0.8,0.7931034482758621,0.13333333333333333
Qwen-32B,Qwen2.5-32B-Instruct,20,en,selfish,Self vs Self,0,0.5714285714285714,1.0,0.8,0.7931034482758621,0.13333333333333333
Qwen-32B,Qwen2.5-32B-Instruct,20,en,selfish,Coop vs Self,0,0.2222222222222222,1.0,0.8928571428571429,0.1724137931034483,0.1
Qwen-32B,Qwen2.5-32B-Instruct,20,en,cooperative,Coop vs Self,1,0.96,0.08333333333333333,0.25,0.13793103448275862,0.9
Qwen-32B,Qwen2.5-32B-Instruct,20,en,cooperative,Coop vs Self,1,1.0,0.125,0.4,0.27586206896551724,0.7666666666666667
Qwen-32B,Qwen2.5-32B-Instruct,20,en,selfish,Coop vs Self,0,0.5555555555555556,0.75,0.6956521739130435,0.3793103448275862,0.3333333333333333
Qwen-32B,Qwen2.5-32B-Instruct,20,en,cooperative,Coop vs Coop,0,0.8,0.3333333333333333,0.23076923076923078,0.6896551724137931,0.7666666666666667
Qwen-32B,Qwen2.5-32B-Instruct,20,en,cooperative,Coop vs Coop,1,1.0,0.16666666666666666,0.17391304347826086,0.6551724137931034,0.8333333333333334
Qwen-32B,Qwen2.5-32B-Instruct,20,en,selfish,Self vs Self,0,0.625,1.0,0.8571428571428571,0.6896551724137931,0.16666666666666666
Qwen-32B,Qwen2.5-32B-Instruct,20,en,selfish,Self vs Self,1,0.6,1.0,0.8333333333333334,0.6206896551724138,0.23333333333333334
Qwen-32B,Qwen2.5-32B-Instruct,20,en,cooperative,Coop vs Self,0,0.8888888888888888,0.18181818181818182,0.6363636363636364,0.3103448275862069,0.6
Qwen-32B,Qwen2.5-32B-Instruct,20,en,selfish,Coop vs Self,0,0.6153846153846154,0.8333333333333334,0.5789473684210527,0.5862068965517241,0.3333333333333333
Qwen-32B,Qwen2.5-32B-Instruct,20,en,selfish,Self vs Self,0,0.5,0.7142857142857143,1.0,0.5862068965517241,0.2
Qwen-32B,Qwen2.5-32B-Instruct,20,en,selfish,Self vs Self,0,0.5,1.0,1.0,0.5862068965517241,0.2
Qwen-32B,Qwen2.5-32B-Instruct,20,en,cooperative,Coop vs Coop,1,0.8,0.25,0.11538461538461539,0.7931034482758621,0.8666666666666667
Qwen-32B,Qwen2.5-32B-Instruct,20,en,cooperative,Coop vs Coop,0,1.0,0.0,0.15384615384615385,0.7241379310344828,0.8666666666666667
Qwen-32B,Qwen2.5-32B-Instruct,20,en,selfish,Coop vs Self,0,0.36363636363636365,0.0,0.8636363636363636,0.27586206896551724,0.2
Qwen-32B,Qwen2.5-32B-Instruct,20,en,cooperative,Coop vs Self,1,0.9411764705882353,0.4444444444444444,0.14285714285714285,0.4482758620689655,0.7
Qwen-32B,Qwen2.5-32B-Instruct,20,en,selfish,Self vs Self,0,0.7,0.8333333333333334,0.8,0.6896551724137931,0.23333333333333334
Qwen-32B,Qwen2.5-32B-Instruct,20,en,selfish,Self vs Self,0,0.4444444444444444,1.0,0.75,0.7586206896551724,0.13333333333333333
Qwen-32B,Qwen2.5-32B-Instruct,20,en,cooperative,Coop vs Coop,0,0.8333333333333334,0.16666666666666666,0.125,0.7241379310344828,0.8666666666666667
Qwen-32B,Qwen2.5-32B-Instruct,20,en,cooperative,Coop vs Coop,1,1.0,0.0,0.2692307692307692,0.6206896551724138,0.7666666666666667
Qwen-32B,Qwen2.5-32B-Instruct,20,en,cooperative,Coop vs Self,1,0.95,0.11764705882352941,0.25,0.3103448275862069,0.8
Qwen-32B,Qwen2.5-32B-Instruct,20,en,selfish,Coop vs Self,0,0.7142857142857143,1.0,0.75,0.3793103448275862,0.23333333333333334
Qwen-32B,Qwen2.5-32B-Instruct,20,en,selfish,Coop vs Self,0,0.5,1.0,0.6923076923076923,0.3793103448275862,0.3
Qwen-32B,Qwen2.5-32B-Instruct,20,en,cooperative,Coop vs Self,1,0.95,0.11764705882352941,0.1,0.3793103448275862,0.8666666666666667
Qwen-32B,Qwen2.5-32B-Instruct,20,en,cooperative,Coop vs Self,0,0.9411764705882353,0.21428571428571427,0.4444444444444444,0.3793103448275862,0.6666666666666666
Qwen-32B,Qwen2.5-32B-Instruct,20,en,selfish,Coop vs Self,0,0.4,0.75,0.7,0.4827586206896552,0.26666666666666666
Qwen-32B,Qwen2.5-32B-Instruct,20,en,cooperative,Coop vs Coop,0,0.8,0.5,0.23076923076923078,0.7241379310344828,0.7333333333333333
Qwen-32B,Qwen2.5-32B-Instruct,20,en,cooperative,Coop vs Coop,1,1.0,0.0,0.18181818181818182,0.5862068965517241,0.8666666666666667
Qwen-32B,Qwen2.5-32B-Instruct,20,en,selfish,Coop vs Self,0,0.3,1.0,0.9090909090909091,0.27586206896551724,0.13333333333333333
Qwen-32B,Qwen2.5-32B-Instruct,20,en,cooperative,Coop vs Self,1,0.95,0.21052631578947367,0.2,0.3448275862068966,0.7333333333333333
Qwen-32B,Qwen2.5-32B-Instruct,20,en,selfish,Self vs Self,0,0.5714285714285714,1.0,1.0,0.7586206896551724,0.13333333333333333
Qwen-32B,Qwen2.5-32B-Instruct,20,en,selfish,Self vs Self,0,0.5,1.0,0.8,0.8275862068965517,0.1
Qwen-32B,Qwen2.5-32B-Instruct,20,en,cooperative,Coop vs Coop,0,0.8571428571428571,0.16666666666666666,0.125,0.7241379310344828,0.8666666666666667
Qwen-32B,Qwen2.5-32B-Instruct,20,en,cooperative,Coop vs Coop,1,1.0,0.0,0.2692307692307692,0.6206896551724138,0.7666666666666667
Qwen-32B,Qwen2.5-32B-Instruct,20,en,cooperative,Coop vs Self,0,0.8947368421052632,0.17647058823529413,0.4,0.3448275862068966,0.7333333333333333
Qwen-32B,Qwen2.5-32B-Instruct,20,en,selfish,Coop vs Self,0,0.6666666666666666,0.75,0.7391304347826086,0.3448275862068966,0.3
Qwen-32B,Qwen2.5-32B-Instruct,20,en,selfish,Coop vs Self,0,0.16666666666666666,1.0,0.8076923076923077,0.3103448275862069,0.16666666666666666
Qwen-32B,Qwen2.5-32B-Instruct,20,en,cooperative,Coop vs Self,0,0.9545454545454546,0.1,0.16666666666666666,0.27586206896551724,0.8666666666666667
Qwen-32B,Qwen2.5-32B-Instruct,20,en,selfish,Self vs Self,0,0.6666666666666666,0.7142857142857143,0.75,0.7241379310344828,0.23333333333333334
Qwen-32B,Qwen2.5-32B-Instruct,20,en,selfish,Self vs Self,0,0.4444444444444444,1.0,0.875,0.6896551724137931,0.13333333333333333
Qwen-32B,Qwen2.5-32B-Instruct,20,en,cooperative,Coop vs Coop,0,1.0,1.0,0.38461538461538464,0.6206896551724138,0.6
Qwen-32B,Qwen2.5-32B-Instruct,20,en,cooperative,Coop vs Coop,0,0.9090909090909091,0.2222222222222222,0.10526315789473684,0.6551724137931034,0.8666666666666667
Qwen-32B,Qwen2.5-32B-Instruct,20,en,selfish,Self vs Self,0,0.5,0.75,1.0,0.7241379310344828,0.13333333333333333
Qwen-32B,Qwen2.5-32B-Instruct,20,en,selfish,Self vs Self,0,0.5714285714285714,0.8,0.8,0.7931034482758621,0.13333333333333333
Qwen-32B,Qwen2.5-32B-Instruct,20,en,selfish,Coop vs Self,0,0.1111111111111111,0.0,0.9166666666666666,0.27586206896551724,0.06666666666666667
Qwen-32B,Qwen2.5-32B-Instruct,20,en,cooperative,Coop vs Self,1,0.9523809523809523,0.23809523809523808,0.0,0.3103448275862069,0.7666666666666667
Qwen-32B,Qwen2.5-32B-Instruct,20,en,cooperative,Coop vs Self,0,0.9444444444444444,0.3333333333333333,0.3333333333333333,0.3793103448275862,0.7
Qwen-32B,Qwen2.5-32B-Instruct,20,en,selfish,Coop vs Self,0,0.3333333333333333,0.5,0.8181818181818182,0.3793103448275862,0.16666666666666666
Qwen-32B,Qwen2.5-32B-Instruct,20,en,cooperative,Coop vs Coop,1,1.0,0.42857142857142855,0.10526315789473684,0.7241379310344828,0.7666666666666667
Qwen-32B,Qwen2.5-32B-Instruct,20,en,cooperative,Coop vs Coop,0,0.6666666666666666,0.0,0.30434782608695654,0.6896551724137931,0.6333333333333333
Qwen-32B,Qwen2.5-32B-Instruct,20,en,selfish,Self vs Self,0,0.5833333333333334,0.7142857142857143,0.8571428571428571,0.6206896551724138,0.23333333333333334
Qwen-32B,Qwen2.5-32B-Instruct,20,en,selfish,Self vs Self,0,0.5384615384615384,0.6666666666666666,0.875,0.5862068965517241,0.23333333333333334
Qwen-32B,Qwen2.5-32B-Instruct,20,en,selfish,Coop vs Self,0,0.2,1.0,0.8333333333333334,0.5172413793103449,0.1
Qwen-32B,Qwen2.5-32B-Instruct,20,en,cooperative,Coop vs Self,1,0.8888888888888888,0.5714285714285714,0.25,0.4482758620689655,0.6
Qwen-32B,Qwen2.5-32B-Instruct,20,en,cooperative,Coop vs Self,1,0.9047619047619048,0.1875,0.375,0.27586206896551724,0.7666666666666667
Qwen-32B,Qwen2.5-32B-Instruct,20,en,selfish,Coop vs Self,0,0.4166666666666667,0.6666666666666666,0.7391304347826086,0.41379310344827586,0.23333333333333334
Qwen-32B,Qwen2.5-32B-Instruct,20,fr,cooperative,Coop vs Coop,0,1.0,0.5,0.10714285714285714,0.8620689655172413,0.8666666666666667
Qwen-32B,Qwen2.5-32B-Instruct,20,fr,cooperative,Coop vs Coop,0,1.0,0.0,0.07692307692307693,0.7931034482758621,0.9333333333333333
Qwen-32B,Qwen2.5-32B-Instruct,20,fr,cooperative,Coop vs Self,0,0.5833333333333334,0.8571428571428571,0.5454545454545454,0.6896551724137931,0.3
Qwen-32B,Qwen2.5-32B-Instruct,20,fr,selfish,Coop vs Self,0,0.6666666666666666,0.6,0.7,0.5517241379310345,0.3333333333333333
Qwen-32B,Qwen2.5-32B-Instruct,20,fr,selfish,Self vs Self,0,0.75,0.8,0.8333333333333334,0.6896551724137931,0.2
Qwen-32B,Qwen2.5-32B-Instruct,20,fr,selfish,Self vs Self,1,0.4444444444444444,1.0,0.8571428571428571,0.6551724137931034,0.16666666666666666
Qwen-32B,Qwen2.5-32B-Instruct,20,fr,selfish,Coop vs Self,0,0.23076923076923078,1.0,0.8181818181818182,0.3793103448275862,0.16666666666666666
Qwen-32B,Qwen2.5-32B-Instruct,20,fr,cooperative,Coop vs Self,0,0.95,0.23529411764705882,0.16666666666666666,0.41379310344827586,0.7333333333333333
Qwen-32B,Qwen2.5-32B-Instruct,20,fr,cooperative,Coop vs Coop,0,0.875,0.16666666666666666,0.19047619047619047,0.6551724137931034,0.8
Qwen-32B,Qwen2.5-32B-Instruct,20,fr,cooperative,Coop vs Coop,1,0.8,0.5,0.25,0.6896551724137931,0.7
Qwen-32B,Qwen2.5-32B-Instruct,20,fr,selfish,Self vs Self,0,0.625,0.75,1.0,0.6206896551724138,0.16666666666666666
Qwen-32B,Qwen2.5-32B-Instruct,20,fr,selfish,Self vs Self,1,0.5555555555555556,0.8571428571428571,0.6666666666666666,0.6896551724137931,0.23333333333333334
Qwen-32B,Qwen2.5-32B-Instruct,20,fr,cooperative,Coop vs Self,1,0.9090909090909091,0.2222222222222222,0.2857142857142857,0.27586206896551724,0.8
Qwen-32B,Qwen2.5-32B-Instruct,20,fr,selfish,Coop vs Self,0,0.4,0.5,0.7916666666666666,0.3448275862068966,0.2
Qwen-32B,Qwen2.5-32B-Instruct,20,fr,selfish,Coop vs Self,0,0.14285714285714285,1.0,0.9473684210526315,0.3448275862068966,0.1
Qwen-32B,Qwen2.5-32B-Instruct,20,fr,cooperative,Coop vs Self,0,0.95,0.35294117647058826,0.25,0.4482758620689655,0.6333333333333333
Qwen-32B,Qwen2.5-32B-Instruct,20,fr,cooperative,Coop vs Coop,0,1.0,0.0,0.18518518518518517,0.7586206896551724,0.8333333333333334
Qwen-32B,Qwen2.5-32B-Instruct,20,fr,cooperative,Coop vs Coop,1,1.0,0.4,0.04,0.8620689655172413,0.9
Qwen-32B,Qwen2.5-32B-Instruct,20,fr,selfish,Self vs Self,0,0.3,1.0,0.875,0.7241379310344828,0.1
Qwen-32B,Qwen2.5-32B-Instruct,20,fr,selfish,Self vs Self,0,0.6363636363636364,0.7142857142857143,1.0,0.6551724137931034,0.23333333333333334
Qwen-32B,Qwen2.5-32B-Instruct,20,fr,cooperative,Coop vs Self,1,0.9545454545454546,0.2,0.3333333333333333,0.2413793103448276,0.8
Qwen-32B,Qwen2.5-32B-Instruct,20,fr,selfish,Coop vs Self,0,0.23076923076923078,1.0,0.84,0.27586206896551724,0.16666666666666666
Qwen-32B,Qwen2.5-32B-Instruct,20,fr,selfish,Coop vs Self,0,0.2222222222222222,1.0,0.9090909090909091,0.27586206896551724,0.13333333333333333
Qwen-32B,Qwen2.5-32B-Instruct,20,fr,cooperative,Coop vs Self,1,0.95,0.21052631578947367,0.2,0.3448275862068966,0.7333333333333333
Qwen-32B,Qwen2.5-32B-Instruct,20,fr,cooperative,Coop vs Coop,0,1.0,0.14285714285714285,0.18181818181818182,0.6896551724137931,0.8
Qwen-32B,Qwen2.5-32B-Instruct,20,fr,cooperative,Coop vs Coop,1,0.8333333333333334,0.25,0.2916666666666667,0.5862068965517241,0.7333333333333333
Qwen-32B,Qwen2.5-32B-Instruct,20,fr,selfish,Self vs Self,0,0.5454545454545454,0.6,1.0,0.5862068965517241,0.2
Qwen-32B,Qwen2.5-32B-Instruct,20,fr,selfish,Self vs Self,0,0.6,0.8571428571428571,0.8571428571428571,0.6551724137931034,0.2
Qwen-32B,Qwen2.5-32B-Instruct,20,fr,cooperative,Coop vs Self,0,0.9411764705882353,0.2,0.36363636363636365,0.3448275862068966,0.7666666666666667
Qwen-32B,Qwen2.5-32B-Instruct,20,fr,selfish,Coop vs Self,1,0.3076923076923077,0.5,0.6956521739130435,0.3448275862068966,0.3333333333333333
Qwen-32B,Qwen2.5-32B-Instruct,20,fr,selfish,Coop vs Self,0,0.3125,1.0,0.8260869565217391,0.27586206896551724,0.23333333333333334
Qwen-32B,Qwen2.5-32B-Instruct,20,fr,cooperative,Coop vs Self,1,0.9,0.2222222222222222,0.375,0.3103448275862069,0.7333333333333333
Qwen-32B,Qwen2.5-32B-Instruct,20,fr,cooperative,Coop vs Coop,0,0.8,0.5,0.34615384615384615,0.5862068965517241,0.6666666666666666
Qwen-32B,Qwen2.5-32B-Instruct,20,fr,cooperative,Coop vs Coop,1,0.9090909090909091,0.2222222222222222,0.1,0.6551724137931034,0.8666666666666667
Qwen-32B,Qwen2.5-32B-Instruct,20,fr,selfish,Self vs Self,0,0.7,1.0,1.0,0.6896551724137931,0.23333333333333334
Qwen-32B,Qwen2.5-32B-Instruct,20,fr,selfish,Self vs Self,0,0.25,1.0,0.8571428571428571,0.7931034482758621,0.06666666666666667
Qwen-32B,Qwen2.5-32B-Instruct,20,fr,selfish,Coop vs Self,0,0.42857142857142855,0.0,0.9047619047619048,0.27586206896551724,0.16666666666666666
Qwen-32B,Qwen2.5-32B-Instruct,20,fr,cooperative,Coop vs Self,1,0.9375,0.2222222222222222,0.0,0.4827586206896552,0.7
Qwen-32B,Qwen2.5-32B-Instruct,20,fr,cooperative,Coop vs Self,0,0.9,0.2777777777777778,0.42857142857142855,0.3448275862068966,0.7
Qwen-32B,Qwen2.5-32B-Instruct,20,fr,selfish,Coop vs Self,0,0.3125,0.6666666666666666,0.8571428571428571,0.3103448275862069,0.2
Qwen-32B,Qwen2.5-32B-Instruct,20,fr,cooperative,Coop vs Coop,0,1.0,0.0,0.10714285714285714,0.8620689655172413,0.8666666666666667
Qwen-32B,Qwen2.5-32B-Instruct,20,fr,cooperative,Coop vs Coop,1,0.75,0.3333333333333333,0.038461538461538464,0.8620689655172413,0.9333333333333333
Qwen-32B,Qwen2.5-32B-Instruct,20,fr,selfish,Self vs Self,0,0.625,1.0,0.875,0.6551724137931034,0.16666666666666666
Qwen-32B,Qwen2.5-32B-Instruct,20,fr,selfish,Self vs Self,0,0.7777777777777778,0.8571428571428571,0.8,0.6551724137931034,0.26666666666666666
Qwen-32B,Qwen2.5-32B-Instruct,20,fr,cooperative,Coop vs Self,1,0.4166666666666667,1.0,0.8571428571428571,0.6206896551724138,0.2
Qwen-32B,Qwen2.5-32B-Instruct,20,fr,selfish,Coop vs Self,0,0.6,1.0,0.7142857142857143,0.7241379310344828,0.2
Qwen-32B,Qwen2.5-32B-Instruct,20,fr,selfish,Coop vs Self,0,0.2631578947368421,0.6666666666666666,0.85,0.3103448275862069,0.23333333333333334
Qwen-32B,Qwen2.5-32B-Instruct,20,fr,cooperative,Coop vs Self,1,0.9473684210526315,0.35294117647058826,0.42857142857142855,0.3448275862068966,0.6666666666666666
Qwen-32B,Qwen2.5-32B-Instruct,20,fr,cooperative,Coop vs Coop,1,0.875,0.2857142857142857,0.17391304347826086,0.6896551724137931,0.8
Qwen-32B,Qwen2.5-32B-Instruct,20,fr,cooperative,Coop vs Coop,0,0.8333333333333334,0.0,0.28,0.6206896551724138,0.7666666666666667
Qwen-32B,Qwen2.5-32B-Instruct,20,fr,cooperative,Coop vs Self,1,0.95,0.2222222222222222,0.25,0.3103448275862069,0.8
Qwen-32B,Qwen2.5-32B-Instruct,20,fr,selfish,Coop vs Self,0,0.4,0.5,0.7916666666666666,0.3103448275862069,0.23333333333333334
Qwen-32B,Qwen2.5-32B-Instruct,20,fr,selfish,Self vs Self,1,0.4444444444444444,1.0,0.625,0.7586206896551724,0.16666666666666666
Qwen-32B,Qwen2.5-32B-Instruct,20,fr,selfish,Self vs Self,0,0.7777777777777778,0.8,0.8,0.6896551724137931,0.23333333333333334
Qwen-32B,Qwen2.5-32B-Instruct,20,fr,selfish,Coop vs Self,0,0.2727272727272727,0.0,0.8571428571428571,0.3793103448275862,0.13333333333333333
Qwen-32B,Qwen2.5-32B-Instruct,20,fr,cooperative,Coop vs Self,1,0.9444444444444444,0.3333333333333333,0.0,0.4827586206896552,0.6666666666666666
Qwen-32B,Qwen2.5-32B-Instruct,20,fr,cooperative,Coop vs Coop,0,1.0,0.2,0.12,0.7586206896551724,0.8666666666666667
Qwen-32B,Qwen2.5-32B-Instruct,20,fr,cooperative,Coop vs Coop,1,1.0,0.0,0.19230769230769232,0.6896551724137931,0.8333333333333334
Qwen-32B,Qwen2.5-32B-Instruct,20,fr,cooperative,Coop vs Self,1,0.9583333333333334,0.09523809523809523,0.16666666666666666,0.20689655172413793,0.9
Qwen-32B,Qwen2.5-32B-Instruct,20,fr,selfish,Coop vs Self,0,0.11764705882352941,1.0,0.8148148148148148,0.27586206896551724,0.16666666666666666
Qwen-32B,Qwen2.5-32B-Instruct,20,fr,selfish,Self vs Self,0,0.6363636363636364,0.8571428571428571,1.0,0.5862068965517241,0.23333333333333334
Qwen-32B,Qwen2.5-32B-Instruct,20,fr,selfish,Self vs Self,0,0.45454545454545453,1.0,1.0,0.5862068965517241,0.16666666666666666
Qwen-32B,Qwen2.5-32B-Instruct,20,fr,selfish,Coop vs Self,1,0.42857142857142855,1.0,0.8260869565217391,0.27586206896551724,0.2
Qwen-32B,Qwen2.5-32B-Instruct,20,fr,cooperative,Coop vs Self,0,0.8636363636363636,0.15789473684210525,0.42857142857142855,0.27586206896551724,0.7666666666666667
Qwen-32B,Qwen2.5-32B-Instruct,20,fr,cooperative,Coop vs Coop,1,1.0,0.0,0.14814814814814814,0.7586206896551724,0.8666666666666667
Qwen-32B,Qwen2.5-32B-Instruct,20,fr,cooperative,Coop vs Coop,0,1.0,0.0,0.11538461538461539,0.7931034482758621,0.9
Qwen-32B,Qwen2.5-32B-Instruct,20,fr,cooperative,Coop vs Self,1,0.9444444444444444,0.23529411764705882,0.1111111111111111,0.4482758620689655,0.7666666666666667
Qwen-32B,Qwen2.5-32B-Instruct,20,fr,selfish,Coop vs Self,0,0.6666666666666666,1.0,0.7391304347826086,0.3793103448275862,0.26666666666666666
Qwen-32B,Qwen2.5-32B-Instruct,20,fr,selfish,Self vs Self,1,0.6666666666666666,0.8,0.6,0.7241379310344828,0.23333333333333334
Qwen-32B,Qwen2.5-32B-Instruct,20,fr,selfish,Self vs Self,0,0.5,1.0,0.8571428571428571,0.7241379310344828,0.13333333333333333
Qwen-32B,Qwen2.5-32B-Instruct,20,fr,selfish,Coop vs Self,0,0.17647058823529413,1.0,0.8695652173913043,0.27586206896551724,0.16666666666666666
Qwen-32B,Qwen2.5-32B-Instruct,20,fr,cooperative,Coop vs Self,1,0.95,0.2631578947368421,0.16666666666666666,0.3448275862068966,0.7666666666666667
Qwen-32B,Qwen2.5-32B-Instruct,20,fr,cooperative,Coop vs Coop,1,1.0,0.0,0.09090909090909091,0.6551724137931034,0.9333333333333333
Qwen-32B,Qwen2.5-32B-Instruct,20,fr,cooperative,Coop vs Coop,0,0.5,1.0,0.2413793103448276,0.7586206896551724,0.7333333333333333
Qwen-32B,Qwen2.5-32B-Instruct,20,fr,cooperative,Coop vs Self,0,0.9473684210526315,0.4375,0.4,0.3793103448275862,0.6666666666666666
Qwen-32B,Qwen2.5-32B-Instruct,20,fr,selfish,Coop vs Self,0,0.26666666666666666,1.0,0.85,0.41379310344827586,0.13333333333333333
Qwen-32B,Qwen2.5-32B-Instruct,20,fr,selfish,Coop vs Self,1,0.05555555555555555,1.0,0.7692307692307693,0.3103448275862069,0.2
Qwen-32B,Qwen2.5-32B-Instruct,20,fr,cooperative,Coop vs Self,0,0.9545454545454546,0.05263157894736842,0.2857142857142857,0.2413793103448276,0.8666666666666667
Qwen-32B,Qwen2.5-32B-Instruct,20,fr,selfish,Self vs Self,0,0.6363636363636364,0.2857142857142857,0.7,0.6206896551724138,0.26666666666666666
Qwen-32B,Qwen2.5-32B-Instruct,20,fr,selfish,Self vs Self,0,0.5384615384615384,0.6666666666666666,0.7777777777777778,0.5517241379310345,0.3
Qwen-32B,Qwen2.5-32B-Instruct,20,ar,cooperative,Coop vs Coop,0,0.0,1.0,1.0,1.0,0.0
Qwen-32B,Qwen2.5-32B-Instruct,20,ar,cooperative,Coop vs Coop,0,0.0,1.0,1.0,1.0,0.0
Qwen-32B,Qwen2.5-32B-Instruct,20,ar,cooperative,Coop vs Self,0,0.0,1.0,1.0,1.0,0.0
Qwen-32B,Qwen2.5-32B-Instruct,20,ar,selfish,Coop vs Self,0,0.0,1.0,1.0,1.0,0.0
Qwen-32B,Qwen2.5-32B-Instruct,20,ar,selfish,Coop vs Self,0,0.0,1.0,1.0,1.0,0.0
Qwen-32B,Qwen2.5-32B-Instruct,20,ar,cooperative,Coop vs Self,0,0.0,1.0,1.0,1.0,0.0
Qwen-32B,Qwen2.5-32B-Instruct,20,ar,selfish,Self vs Self,0,0.0,1.0,1.0,1.0,0.0
Qwen-32B,Qwen2.5-32B-Instruct,20,ar,selfish,Self vs Self,0,0.0,1.0,1.0,1.0,0.0
Qwen-32B,Qwen2.5-32B-Instruct,20,ar,cooperative,Coop vs Coop,0,0.0,1.0,1.0,1.0,0.0
Qwen-32B,Qwen2.5-32B-Instruct,20,ar,cooperative,Coop vs Coop,0,0.0,1.0,1.0,1.0,0.0
Qwen-32B,Qwen2.5-32B-Instruct,20,ar,cooperative,Coop vs Self,0,0.0,1.0,1.0,1.0,0.0
Qwen-32B,Qwen2.5-32B-Instruct,20,ar,selfish,Coop vs Self,0,0.0,1.0,1.0,1.0,0.0
Qwen-32B,Qwen2.5-32B-Instruct,20,ar,selfish,Self vs Self,0,0.0,1.0,1.0,1.0,0.0
Qwen-32B,Qwen2.5-32B-Instruct,20,ar,selfish,Self vs Self,0,0.0,1.0,1.0,1.0,0.0
Qwen-32B,Qwen2.5-32B-Instruct,20,ar,selfish,Coop vs Self,0,0.0,1.0,1.0,1.0,0.0
Qwen-32B,Qwen2.5-32B-Instruct,20,ar,cooperative,Coop vs Self,0,0.0,1.0,1.0,1.0,0.0
Qwen-32B,Qwen2.5-32B-Instruct,20,ar,cooperative,Coop vs Coop,0,0.0,1.0,1.0,1.0,0.0
Qwen-32B,Qwen2.5-32B-Instruct,20,ar,cooperative,Coop vs Coop,0,0.0,1.0,1.0,1.0,0.0
Qwen-32B,Qwen2.5-32B-Instruct,20,ar,cooperative,Coop vs Self,0,0.0,1.0,1.0,1.0,0.0
Qwen-32B,Qwen2.5-32B-Instruct,20,ar,selfish,Coop vs Self,0,0.0,1.0,1.0,1.0,0.0
Qwen-32B,Qwen2.5-32B-Instruct,20,ar,selfish,Coop vs Self,0,0.0,1.0,1.0,1.0,0.0
Qwen-32B,Qwen2.5-32B-Instruct,20,ar,cooperative,Coop vs Self,0,0.0,1.0,1.0,1.0,0.0
Qwen-32B,Qwen2.5-32B-Instruct,20,ar,selfish,Self vs Self,0,0.0,1.0,1.0,1.0,0.0
Qwen-32B,Qwen2.5-32B-Instruct,20,ar,selfish,Self vs Self,0,0.0,1.0,1.0,1.0,0.0
Qwen-32B,Qwen2.5-32B-Instruct,20,ar,cooperative,Coop vs Coop,0,0.0,1.0,1.0,1.0,0.0
Qwen-32B,Qwen2.5-32B-Instruct,20,ar,cooperative,Coop vs Coop,0,0.0,1.0,1.0,1.0,0.0
Qwen-32B,Qwen2.5-32B-Instruct,20,ar,cooperative,Coop vs Self,0,0.0,1.0,1.0,1.0,0.0
Qwen-32B,Qwen2.5-32B-Instruct,20,ar,selfish,Coop vs Self,0,0.0,1.0,1.0,1.0,0.0
Qwen-32B,Qwen2.5-32B-Instruct,20,ar,selfish,Coop vs Self,0,0.0,1.0,1.0,1.0,0.0
Qwen-32B,Qwen2.5-32B-Instruct,20,ar,cooperative,Coop vs Self,0,0.0,1.0,1.0,1.0,0.0
Qwen-32B,Qwen2.5-32B-Instruct,20,ar,selfish,Self vs Self,0,0.0,1.0,1.0,1.0,0.0
Qwen-32B,Qwen2.5-32B-Instruct,20,ar,selfish,Self vs Self,0,0.0,1.0,1.0,1.0,0.0
Qwen-32B,Qwen2.5-32B-Instruct,20,ar,cooperative,Coop vs Coop,0,0.0,1.0,1.0,1.0,0.0
Qwen-32B,Qwen2.5-32B-Instruct,20,ar,cooperative,Coop vs Coop,0,0.0,1.0,1.0,1.0,0.0
Qwen-32B,Qwen2.5-32B-Instruct,20,ar,cooperative,Coop vs Self,0,0.0,1.0,1.0,1.0,0.0
Qwen-32B,Qwen2.5-32B-Instruct,20,ar,selfish,Coop vs Self,0,0.0,1.0,1.0,1.0,0.0
Qwen-32B,Qwen2.5-32B-Instruct,20,ar,selfish,Coop vs Self,0,0.0,1.0,1.0,1.0,0.0
Qwen-32B,Qwen2.5-32B-Instruct,20,ar,cooperative,Coop vs Self,0,0.0,1.0,1.0,1.0,0.0
Qwen-32B,Qwen2.5-32B-Instruct,20,ar,selfish,Self vs Self,0,0.0,1.0,1.0,1.0,0.0
Qwen-32B,Qwen2.5-32B-Instruct,20,ar,selfish,Self vs Self,0,0.0,1.0,1.0,1.0,0.0
Qwen-32B,Qwen2.5-32B-Instruct,20,ar,cooperative,Coop vs Coop,0,0.0,1.0,1.0,1.0,0.0
Qwen-32B,Qwen2.5-32B-Instruct,20,ar,cooperative,Coop vs Coop,0,0.0,1.0,1.0,1.0,0.0
Qwen-32B,Qwen2.5-32B-Instruct,20,ar,cooperative,Coop vs Self,0,0.0,1.0,1.0,1.0,0.0
Qwen-32B,Qwen2.5-32B-Instruct,20,ar,selfish,Coop vs Self,0,0.0,1.0,1.0,1.0,0.0
Qwen-32B,Qwen2.5-32B-Instruct,20,ar,selfish,Coop vs Self,0,0.0,1.0,1.0,1.0,0.0
Qwen-32B,Qwen2.5-32B-Instruct,20,ar,cooperative,Coop vs Self,0,0.0,1.0,1.0,1.0,0.0
Qwen-32B,Qwen2.5-32B-Instruct,20,ar,selfish,Self vs Self,0,0.0,1.0,1.0,1.0,0.0
Qwen-32B,Qwen2.5-32B-Instruct,20,ar,selfish,Self vs Self,0,0.0,1.0,1.0,1.0,0.0
Qwen-32B,Qwen2.5-32B-Instruct,20,ar,cooperative,Coop vs Coop,0,0.0,1.0,1.0,1.0,0.0
Qwen-32B,Qwen2.5-32B-Instruct,20,ar,cooperative,Coop vs Coop,0,0.0,1.0,1.0,1.0,0.0
Qwen-32B,Qwen2.5-32B-Instruct,20,ar,cooperative,Coop vs Self,0,0.0,1.0,1.0,1.0,0.0
Qwen-32B,Qwen2.5-32B-Instruct,20,ar,selfish,Coop vs Self,0,0.0,1.0,1.0,1.0,0.0
Qwen-32B,Qwen2.5-32B-Instruct,20,ar,selfish,Coop vs Self,0,0.0,1.0,1.0,1.0,0.0
Qwen-32B,Qwen2.5-32B-Instruct,20,ar,cooperative,Coop vs Self,0,0.0,1.0,1.0,1.0,0.0
Qwen-32B,Qwen2.5-32B-Instruct,20,ar,selfish,Self vs Self,0,0.0,1.0,1.0,1.0,0.0
Qwen-32B,Qwen2.5-32B-Instruct,20,ar,selfish,Self vs Self,0,0.0,1.0,1.0,1.0,0.0
Qwen-32B,Qwen2.5-32B-Instruct,20,ar,cooperative,Coop vs Coop,0,0.0,1.0,1.0,1.0,0.0
Qwen-32B,Qwen2.5-32B-Instruct,20,ar,cooperative,Coop vs Coop,0,0.0,1.0,1.0,1.0,0.0
Qwen-32B,Qwen2.5-32B-Instruct,20,ar,cooperative,Coop vs Self,0,0.0,1.0,1.0,1.0,0.0
Qwen-32B,Qwen2.5-32B-Instruct,20,ar,selfish,Coop vs Self,0,0.0,1.0,1.0,1.0,0.0
Qwen-32B,Qwen2.5-32B-Instruct,20,ar,selfish,Coop vs Self,0,0.0,1.0,1.0,1.0,0.0
Qwen-32B,Qwen2.5-32B-Instruct,20,ar,cooperative,Coop vs Self,0,0.0,1.0,1.0,1.0,0.0
Qwen-32B,Qwen2.5-32B-Instruct,20,ar,selfish,Self vs Self,0,0.0,1.0,1.0,1.0,0.0
Qwen-32B,Qwen2.5-32B-Instruct,20,ar,selfish,Self vs Self,0,0.0,1.0,1.0,1.0,0.0
Qwen-32B,Qwen2.5-32B-Instruct,20,ar,cooperative,Coop vs Coop,0,0.0,1.0,1.0,1.0,0.0
Qwen-32B,Qwen2.5-32B-Instruct,20,ar,cooperative,Coop vs Coop,0,0.0,1.0,1.0,1.0,0.0
Qwen-32B,Qwen2.5-32B-Instruct,20,ar,selfish,Coop vs Self,0,0.0,1.0,1.0,1.0,0.0
Qwen-32B,Qwen2.5-32B-Instruct,20,ar,cooperative,Coop vs Self,0,0.0,1.0,1.0,1.0,0.0
Qwen-32B,Qwen2.5-32B-Instruct,20,ar,selfish,Self vs Self,0,0.0,1.0,1.0,1.0,0.0
Qwen-32B,Qwen2.5-32B-Instruct,20,ar,selfish,Self vs Self,0,0.0,1.0,1.0,1.0,0.0
Qwen-32B,Qwen2.5-32B-Instruct,20,ar,cooperative,Coop vs Self,0,0.0,1.0,1.0,1.0,0.0
Qwen-32B,Qwen2.5-32B-Instruct,20,ar,selfish,Coop vs Self,0,0.0,1.0,1.0,1.0,0.0
Qwen-32B,Qwen2.5-32B-Instruct,20,ar,cooperative,Coop vs Coop,0,0.0,1.0,1.0,1.0,0.0
Qwen-32B,Qwen2.5-32B-Instruct,20,ar,cooperative,Coop vs Coop,0,0.0,1.0,1.0,1.0,0.0
Qwen-32B,Qwen2.5-32B-Instruct,20,ar,cooperative,Coop vs Self,0,0.0,1.0,1.0,1.0,0.0
Qwen-32B,Qwen2.5-32B-Instruct,20,ar,selfish,Coop vs Self,0,0.0,1.0,1.0,1.0,0.0
Qwen-32B,Qwen2.5-32B-Instruct,20,ar,selfish,Coop vs Self,0,0.0,1.0,1.0,1.0,0.0
Qwen-32B,Qwen2.5-32B-Instruct,20,ar,cooperative,Coop vs Self,0,0.0,1.0,1.0,1.0,0.0
Qwen-32B,Qwen2.5-32B-Instruct,20,ar,selfish,Self vs Self,0,0.0,1.0,1.0,1.0,0.0
Qwen-32B,Qwen2.5-32B-Instruct,20,ar,selfish,Self vs Self,0,0.0,1.0,1.0,1.0,0.0
Qwen-32B,Qwen2.5-32B-Instruct,20,cn,cooperative,Coop vs Coop,0,0.0,1.0,1.0,1.0,0.0
Qwen-32B,Qwen2.5-32B-Instruct,20,cn,cooperative,Coop vs Coop,0,0.0,1.0,1.0,1.0,0.0
Qwen-32B,Qwen2.5-32B-Instruct,20,cn,cooperative,Coop vs Self,0,0.0,1.0,1.0,1.0,0.0
Qwen-32B,Qwen2.5-32B-Instruct,20,cn,selfish,Coop vs Self,0,0.0,1.0,1.0,1.0,0.0
Qwen-32B,Qwen2.5-32B-Instruct,20,cn,selfish,Coop vs Self,0,0.0,1.0,1.0,1.0,0.0
Qwen-32B,Qwen2.5-32B-Instruct,20,cn,cooperative,Coop vs Self,0,0.0,1.0,1.0,1.0,0.0
Qwen-32B,Qwen2.5-32B-Instruct,20,cn,selfish,Self vs Self,0,0.0,1.0,1.0,1.0,0.0
Qwen-32B,Qwen2.5-32B-Instruct,20,cn,selfish,Self vs Self,0,0.0,1.0,1.0,1.0,0.0
Qwen-32B,Qwen2.5-32B-Instruct,20,cn,cooperative,Coop vs Coop,0,0.0,1.0,1.0,1.0,0.0
Qwen-32B,Qwen2.5-32B-Instruct,20,cn,cooperative,Coop vs Coop,0,0.0,1.0,1.0,1.0,0.0
Qwen-32B,Qwen2.5-32B-Instruct,20,cn,cooperative,Coop vs Self,0,0.0,1.0,1.0,1.0,0.0
Qwen-32B,Qwen2.5-32B-Instruct,20,cn,selfish,Coop vs Self,0,0.0,1.0,1.0,1.0,0.0
Qwen-32B,Qwen2.5-32B-Instruct,20,cn,selfish,Coop vs Self,0,0.0,1.0,1.0,1.0,0.0
Qwen-32B,Qwen2.5-32B-Instruct,20,cn,cooperative,Coop vs Self,0,0.0,1.0,1.0,1.0,0.0
Qwen-32B,Qwen2.5-32B-Instruct,20,cn,selfish,Self vs Self,0,0.0,1.0,1.0,1.0,0.0
Qwen-32B,Qwen2.5-32B-Instruct,20,cn,selfish,Self vs Self,0,0.0,1.0,1.0,1.0,0.0
Qwen-32B,Qwen2.5-32B-Instruct,20,cn,cooperative,Coop vs Coop,0,0.0,1.0,1.0,1.0,0.0
Qwen-32B,Qwen2.5-32B-Instruct,20,cn,cooperative,Coop vs Coop,0,0.0,1.0,1.0,1.0,0.0
Qwen-32B,Qwen2.5-32B-Instruct,20,cn,cooperative,Coop vs Self,0,0.0,1.0,1.0,1.0,0.0
Qwen-32B,Qwen2.5-32B-Instruct,20,cn,selfish,Coop vs Self,0,0.0,1.0,1.0,1.0,0.0
Qwen-32B,Qwen2.5-32B-Instruct,20,cn,selfish,Coop vs Self,0,0.0,1.0,1.0,1.0,0.0
Qwen-32B,Qwen2.5-32B-Instruct,20,cn,cooperative,Coop vs Self,0,0.0,1.0,1.0,1.0,0.0
Qwen-32B,Qwen2.5-32B-Instruct,20,cn,selfish,Self vs Self,0,0.0,1.0,1.0,1.0,0.0
Qwen-32B,Qwen2.5-32B-Instruct,20,cn,selfish,Self vs Self,0,0.0,1.0,1.0,1.0,0.0
Qwen-32B,Qwen2.5-32B-Instruct,20,cn,cooperative,Coop vs Coop,0,0.0,1.0,1.0,1.0,0.0
Qwen-32B,Qwen2.5-32B-Instruct,20,cn,cooperative,Coop vs Coop,0,0.0,1.0,1.0,1.0,0.0
Qwen-32B,Qwen2.5-32B-Instruct,20,cn,cooperative,Coop vs Self,0,0.0,1.0,1.0,1.0,0.0
Qwen-32B,Qwen2.5-32B-Instruct,20,cn,selfish,Coop vs Self,0,0.0,1.0,1.0,1.0,0.0
Qwen-32B,Qwen2.5-32B-Instruct,20,cn,selfish,Coop vs Self,0,0.0,1.0,1.0,1.0,0.0
Qwen-32B,Qwen2.5-32B-Instruct,20,cn,cooperative,Coop vs Self,0,0.0,1.0,1.0,1.0,0.0
Qwen-32B,Qwen2.5-32B-Instruct,20,cn,selfish,Self vs Self,0,0.0,1.0,1.0,1.0,0.0
Qwen-32B,Qwen2.5-32B-Instruct,20,cn,selfish,Self vs Self,0,0.0,1.0,1.0,1.0,0.0
Qwen-32B,Qwen2.5-32B-Instruct,20,cn,cooperative,Coop vs Coop,0,0.0,1.0,1.0,1.0,0.0
Qwen-32B,Qwen2.5-32B-Instruct,20,cn,cooperative,Coop vs Coop,0,0.0,1.0,1.0,1.0,0.0
Qwen-32B,Qwen2.5-32B-Instruct,20,cn,cooperative,Coop vs Self,0,0.0,1.0,1.0,1.0,0.0
Qwen-32B,Qwen2.5-32B-Instruct,20,cn,selfish,Coop vs Self,0,0.0,1.0,1.0,1.0,0.0
Qwen-32B,Qwen2.5-32B-Instruct,20,cn,selfish,Coop vs Self,0,0.0,1.0,1.0,1.0,0.0
Qwen-32B,Qwen2.5-32B-Instruct,20,cn,cooperative,Coop vs Self,0,0.0,1.0,1.0,1.0,0.0
Qwen-32B,Qwen2.5-32B-Instruct,20,cn,cooperative,Coop vs Coop,0,0.0,1.0,1.0,1.0,0.0
Qwen-32B,Qwen2.5-32B-Instruct,20,cn,cooperative,Coop vs Coop,0,0.0,1.0,1.0,1.0,0.0
Qwen-32B,Qwen2.5-32B-Instruct,20,cn,selfish,Self vs Self,0,0.0,1.0,1.0,1.0,0.0
Qwen-32B,Qwen2.5-32B-Instruct,20,cn,selfish,Self vs Self,0,0.0,1.0,1.0,1.0,0.0
Qwen-32B,Qwen2.5-32B-Instruct,20,cn,cooperative,Coop vs Self,0,0.0,1.0,1.0,1.0,0.0
Qwen-32B,Qwen2.5-32B-Instruct,20,cn,selfish,Coop vs Self,0,0.0,1.0,1.0,1.0,0.0
Qwen-32B,Qwen2.5-32B-Instruct,20,cn,selfish,Coop vs Self,0,0.0,1.0,1.0,1.0,0.0
Qwen-32B,Qwen2.5-32B-Instruct,20,cn,cooperative,Coop vs Self,0,0.0,1.0,1.0,1.0,0.0
Qwen-32B,Qwen2.5-32B-Instruct,20,cn,cooperative,Coop vs Coop,0,0.0,1.0,1.0,1.0,0.0
Qwen-32B,Qwen2.5-32B-Instruct,20,cn,cooperative,Coop vs Coop,0,0.0,1.0,1.0,1.0,0.0
Qwen-32B,Qwen2.5-32B-Instruct,20,cn,selfish,Self vs Self,0,0.0,1.0,1.0,1.0,0.0
Qwen-32B,Qwen2.5-32B-Instruct,20,cn,selfish,Self vs Self,0,0.0,1.0,1.0,1.0,0.0
Qwen-32B,Qwen2.5-32B-Instruct,20,cn,cooperative,Coop vs Self,0,0.0,1.0,1.0,1.0,0.0
Qwen-32B,Qwen2.5-32B-Instruct,20,cn,selfish,Coop vs Self,0,0.0,1.0,1.0,1.0,0.0
Qwen-32B,Qwen2.5-32B-Instruct,20,cn,selfish,Coop vs Self,0,0.0,1.0,1.0,1.0,0.0
Qwen-32B,Qwen2.5-32B-Instruct,20,cn,cooperative,Coop vs Self,0,0.0,1.0,1.0,1.0,0.0
Qwen-32B,Qwen2.5-32B-Instruct,20,cn,cooperative,Coop vs Coop,0,0.0,1.0,1.0,1.0,0.0
Qwen-32B,Qwen2.5-32B-Instruct,20,cn,cooperative,Coop vs Coop,0,0.0,1.0,1.0,1.0,0.0
Qwen-32B,Qwen2.5-32B-Instruct,20,cn,selfish,Self vs Self,0,0.0,1.0,1.0,1.0,0.0
Qwen-32B,Qwen2.5-32B-Instruct,20,cn,selfish,Self vs Self,0,0.0,1.0,1.0,1.0,0.0
Qwen-32B,Qwen2.5-32B-Instruct,20,cn,cooperative,Coop vs Self,0,0.0,1.0,1.0,1.0,0.0
Qwen-32B,Qwen2.5-32B-Instruct,20,cn,selfish,Coop vs Self,0,0.0,1.0,1.0,1.0,0.0
Qwen-32B,Qwen2.5-32B-Instruct,20,cn,selfish,Coop vs Self,0,0.0,1.0,1.0,1.0,0.0
Qwen-32B,Qwen2.5-32B-Instruct,20,cn,cooperative,Coop vs Self,0,0.0,1.0,1.0,1.0,0.0
Qwen-32B,Qwen2.5-32B-Instruct,20,cn,selfish,Self vs Self,0,0.0,1.0,1.0,1.0,0.0
Qwen-32B,Qwen2.5-32B-Instruct,20,cn,selfish,Self vs Self,0,0.0,1.0,1.0,1.0,0.0
Qwen-32B,Qwen2.5-32B-Instruct,20,cn,cooperative,Coop vs Coop,0,0.0,1.0,1.0,1.0,0.0
Qwen-32B,Qwen2.5-32B-Instruct,20,cn,cooperative,Coop vs Coop,0,0.0,1.0,1.0,1.0,0.0
Qwen-32B,Qwen2.5-32B-Instruct,20,cn,cooperative,Coop vs Self,0,0.0,1.0,1.0,1.0,0.0
Qwen-32B,Qwen2.5-32B-Instruct,20,cn,selfish,Coop vs Self,0,0.0,1.0,1.0,1.0,0.0
Qwen-32B,Qwen2.5-32B-Instruct,20,cn,selfish,Coop vs Self,0,0.0,1.0,1.0,1.0,0.0
Qwen-32B,Qwen2.5-32B-Instruct,20,cn,cooperative,Coop vs Self,0,0.0,1.0,1.0,1.0,0.0
Qwen-32B,Qwen2.5-32B-Instruct,20,cn,selfish,Self vs Self,0,0.0,1.0,1.0,1.0,0.0
Qwen-32B,Qwen2.5-32B-Instruct,20,cn,selfish,Self vs Self,0,0.0,1.0,1.0,1.0,0.0
Qwen-32B,Qwen2.5-32B-Instruct,20,cn,cooperative,Coop vs Coop,0,0.0,1.0,1.0,1.0,0.0
Qwen-32B,Qwen2.5-32B-Instruct,20,cn,cooperative,Coop vs Coop,0,0.0,1.0,1.0,1.0,0.0
Qwen-32B,Qwen2.5-32B-Instruct,20,cn,cooperative,Coop vs Self,0,0.0,1.0,1.0,1.0,0.0
Qwen-32B,Qwen2.5-32B-Instruct,20,cn,selfish,Coop vs Self,0,0.0,1.0,1.0,1.0,0.0
Qwen-32B,Qwen2.5-32B-Instruct,20,cn,selfish,Coop vs Self,0,0.0,1.0,1.0,1.0,0.0
Qwen-32B,Qwen2.5-32B-Instruct,20,cn,cooperative,Coop vs Self,0,0.0,1.0,1.0,1.0,0.0
Qwen-32B,Qwen2.5-32B-Instruct,20,cn,selfish,Self vs Self,0,0.0,1.0,1.0,1.0,0.0
Qwen-32B,Qwen2.5-32B-Instruct,20,cn,selfish,Self vs Self,0,0.0,1.0,1.0,1.0,0.0
Qwen-32B,Qwen2.5-32B-Instruct,20,vn,cooperative,Coop vs Coop,0,0.0,1.0,1.0,1.0,0.0
Qwen-32B,Qwen2.5-32B-Instruct,20,vn,cooperative,Coop vs Coop,0,0.0,1.0,1.0,1.0,0.0
Qwen-32B,Qwen2.5-32B-Instruct,20,vn,cooperative,Coop vs Self,0,0.0,1.0,1.0,1.0,0.0
Qwen-32B,Qwen2.5-32B-Instruct,20,vn,selfish,Coop vs Self,0,0.0,1.0,1.0,1.0,0.0
Qwen-32B,Qwen2.5-32B-Instruct,20,vn,selfish,Coop vs Self,0,0.0,1.0,1.0,1.0,0.0
Qwen-32B,Qwen2.5-32B-Instruct,20,vn,cooperative,Coop vs Self,0,0.0,1.0,1.0,1.0,0.0
Qwen-32B,Qwen2.5-32B-Instruct,20,vn,selfish,Self vs Self,0,0.0,1.0,1.0,1.0,0.0
Qwen-32B,Qwen2.5-32B-Instruct,20,vn,selfish,Self vs Self,0,0.0,1.0,1.0,1.0,0.0
Qwen-32B,Qwen2.5-32B-Instruct,20,vn,cooperative,Coop vs Coop,0,0.0,1.0,1.0,1.0,0.0
Qwen-32B,Qwen2.5-32B-Instruct,20,vn,cooperative,Coop vs Coop,0,0.0,1.0,1.0,1.0,0.0
Qwen-32B,Qwen2.5-32B-Instruct,20,vn,selfish,Coop vs Self,0,0.0,1.0,1.0,1.0,0.0
Qwen-32B,Qwen2.5-32B-Instruct,20,vn,cooperative,Coop vs Self,0,0.0,1.0,1.0,1.0,0.0
Qwen-32B,Qwen2.5-32B-Instruct,20,vn,cooperative,Coop vs Self,0,0.0,1.0,1.0,1.0,0.0
Qwen-32B,Qwen2.5-32B-Instruct,20,vn,selfish,Coop vs Self,0,0.0,1.0,1.0,1.0,0.0
Qwen-32B,Qwen2.5-32B-Instruct,20,vn,selfish,Self vs Self,0,0.0,1.0,1.0,1.0,0.0
Qwen-32B,Qwen2.5-32B-Instruct,20,vn,selfish,Self vs Self,0,0.0,1.0,1.0,1.0,0.0
Qwen-32B,Qwen2.5-32B-Instruct,20,vn,cooperative,Coop vs Coop,0,0.0,1.0,1.0,1.0,0.0
Qwen-32B,Qwen2.5-32B-Instruct,20,vn,cooperative,Coop vs Coop,0,0.0,1.0,1.0,1.0,0.0
Qwen-32B,Qwen2.5-32B-Instruct,20,vn,selfish,Coop vs Self,0,0.0,1.0,1.0,1.0,0.0
Qwen-32B,Qwen2.5-32B-Instruct,20,vn,cooperative,Coop vs Self,0,0.0,1.0,1.0,1.0,0.0
Qwen-32B,Qwen2.5-32B-Instruct,20,vn,cooperative,Coop vs Self,0,0.0,1.0,1.0,1.0,0.0
Qwen-32B,Qwen2.5-32B-Instruct,20,vn,selfish,Coop vs Self,0,0.0,1.0,1.0,1.0,0.0
Qwen-32B,Qwen2.5-32B-Instruct,20,vn,selfish,Self vs Self,0,0.0,1.0,1.0,1.0,0.0
Qwen-32B,Qwen2.5-32B-Instruct,20,vn,selfish,Self vs Self,0,0.0,1.0,1.0,1.0,0.0
Qwen-32B,Qwen2.5-32B-Instruct,20,vn,cooperative,Coop vs Coop,0,0.0,1.0,1.0,1.0,0.0
Qwen-32B,Qwen2.5-32B-Instruct,20,vn,cooperative,Coop vs Coop,0,0.0,1.0,1.0,1.0,0.0
Qwen-32B,Qwen2.5-32B-Instruct,20,vn,cooperative,Coop vs Self,0,0.0,1.0,1.0,1.0,0.0
Qwen-32B,Qwen2.5-32B-Instruct,20,vn,selfish,Coop vs Self,0,0.0,1.0,1.0,1.0,0.0
Qwen-32B,Qwen2.5-32B-Instruct,20,vn,selfish,Self vs Self,0,0.0,1.0,1.0,1.0,0.0
Qwen-32B,Qwen2.5-32B-Instruct,20,vn,selfish,Self vs Self,0,0.0,1.0,1.0,1.0,0.0
Qwen-32B,Qwen2.5-32B-Instruct,20,vn,selfish,Coop vs Self,0,0.0,1.0,1.0,1.0,0.0
Qwen-32B,Qwen2.5-32B-Instruct,20,vn,cooperative,Coop vs Self,0,0.0,1.0,1.0,1.0,0.0
Qwen-32B,Qwen2.5-32B-Instruct,20,vn,cooperative,Coop vs Coop,0,0.0,1.0,1.0,1.0,0.0
Qwen-32B,Qwen2.5-32B-Instruct,20,vn,cooperative,Coop vs Coop,0,0.0,1.0,1.0,1.0,0.0
Qwen-32B,Qwen2.5-32B-Instruct,20,vn,cooperative,Coop vs Self,0,0.0,1.0,1.0,1.0,0.0
Qwen-32B,Qwen2.5-32B-Instruct,20,vn,selfish,Coop vs Self,0,0.0,1.0,1.0,1.0,0.0
Qwen-32B,Qwen2.5-32B-Instruct,20,vn,selfish,Coop vs Self,0,0.0,1.0,1.0,1.0,0.0
Qwen-32B,Qwen2.5-32B-Instruct,20,vn,cooperative,Coop vs Self,0,0.0,1.0,1.0,1.0,0.0
Qwen-32B,Qwen2.5-32B-Instruct,20,vn,selfish,Self vs Self,0,0.0,1.0,1.0,1.0,0.0
Qwen-32B,Qwen2.5-32B-Instruct,20,vn,selfish,Self vs Self,0,0.0,1.0,1.0,1.0,0.0
Qwen-32B,Qwen2.5-32B-Instruct,20,vn,cooperative,Coop vs Coop,0,0.0,1.0,1.0,1.0,0.0
Qwen-32B,Qwen2.5-32B-Instruct,20,vn,cooperative,Coop vs Coop,0,0.0,1.0,1.0,1.0,0.0
Qwen-32B,Qwen2.5-32B-Instruct,20,vn,selfish,Coop vs Self,0,0.0,1.0,1.0,1.0,0.0
Qwen-32B,Qwen2.5-32B-Instruct,20,vn,cooperative,Coop vs Self,0,0.0,1.0,1.0,1.0,0.0
Qwen-32B,Qwen2.5-32B-Instruct,20,vn,cooperative,Coop vs Self,0,0.0,1.0,1.0,1.0,0.0
Qwen-32B,Qwen2.5-32B-Instruct,20,vn,selfish,Coop vs Self,0,0.0,1.0,1.0,1.0,0.0
Qwen-32B,Qwen2.5-32B-Instruct,20,vn,selfish,Self vs Self,0,0.0,1.0,1.0,1.0,0.0
Qwen-32B,Qwen2.5-32B-Instruct,20,vn,selfish,Self vs Self,0,0.0,1.0,1.0,1.0,0.0
Qwen-32B,Qwen2.5-32B-Instruct,20,vn,cooperative,Coop vs Coop,0,0.0,1.0,1.0,1.0,0.0
Qwen-32B,Qwen2.5-32B-Instruct,20,vn,cooperative,Coop vs Coop,0,0.0,1.0,1.0,1.0,0.0
Qwen-32B,Qwen2.5-32B-Instruct,20,vn,selfish,Coop vs Self,0,0.0,1.0,1.0,1.0,0.0
Qwen-32B,Qwen2.5-32B-Instruct,20,vn,cooperative,Coop vs Self,0,0.0,1.0,1.0,1.0,0.0
Qwen-32B,Qwen2.5-32B-Instruct,20,vn,selfish,Self vs Self,0,0.0,1.0,1.0,1.0,0.0
Qwen-32B,Qwen2.5-32B-Instruct,20,vn,selfish,Self vs Self,0,0.0,1.0,1.0,1.0,0.0
Qwen-32B,Qwen2.5-32B-Instruct,20,vn,cooperative,Coop vs Self,0,0.0,1.0,1.0,1.0,0.0
Qwen-32B,Qwen2.5-32B-Instruct,20,vn,selfish,Coop vs Self,0,0.0,1.0,1.0,1.0,0.0
Qwen-32B,Qwen2.5-32B-Instruct,20,vn,cooperative,Coop vs Coop,0,0.0,1.0,1.0,1.0,0.0
Qwen-32B,Qwen2.5-32B-Instruct,20,vn,cooperative,Coop vs Coop,0,0.0,1.0,1.0,1.0,0.0
Qwen-32B,Qwen2.5-32B-Instruct,20,vn,selfish,Self vs Self,0,0.0,1.0,1.0,1.0,0.0
Qwen-32B,Qwen2.5-32B-Instruct,20,vn,selfish,Self vs Self,0,0.0,1.0,1.0,1.0,0.0
Qwen-32B,Qwen2.5-32B-Instruct,20,vn,cooperative,Coop vs Self,0,0.0,1.0,1.0,1.0,0.0
Qwen-32B,Qwen2.5-32B-Instruct,20,vn,selfish,Coop vs Self,0,0.0,1.0,1.0,1.0,0.0
Qwen-32B,Qwen2.5-32B-Instruct,20,vn,selfish,Coop vs Self,0,0.0,1.0,1.0,1.0,0.0
Qwen-32B,Qwen2.5-32B-Instruct,20,vn,cooperative,Coop vs Self,0,0.0,1.0,1.0,1.0,0.0
Qwen-32B,Qwen2.5-32B-Instruct,20,vn,cooperative,Coop vs Coop,0,0.0,1.0,1.0,1.0,0.0
Qwen-32B,Qwen2.5-32B-Instruct,20,vn,cooperative,Coop vs Coop,0,0.0,1.0,1.0,1.0,0.0
Qwen-32B,Qwen2.5-32B-Instruct,20,vn,selfish,Coop vs Self,0,0.0,1.0,1.0,1.0,0.0
Qwen-32B,Qwen2.5-32B-Instruct,20,vn,cooperative,Coop vs Self,0,0.0,1.0,1.0,1.0,0.0
Qwen-32B,Qwen2.5-32B-Instruct,20,vn,cooperative,Coop vs Self,0,0.0,1.0,1.0,1.0,0.0
Qwen-32B,Qwen2.5-32B-Instruct,20,vn,selfish,Coop vs Self,0,0.0,1.0,1.0,1.0,0.0
Qwen-32B,Qwen2.5-32B-Instruct,20,vn,selfish,Self vs Self,0,0.0,1.0,1.0,1.0,0.0
Qwen-32B,Qwen2.5-32B-Instruct,20,vn,selfish,Self vs Self,0,0.0,1.0,1.0,1.0,0.0
Qwen-32B,Qwen2.5-32B-Instruct,20,vn,cooperative,Coop vs Coop,0,0.0,1.0,1.0,1.0,0.0
Qwen-32B,Qwen2.5-32B-Instruct,20,vn,cooperative,Coop vs Coop,0,0.0,1.0,1.0,1.0,0.0
Qwen-32B,Qwen2.5-32B-Instruct,20,vn,cooperative,Coop vs Self,0,0.0,1.0,1.0,1.0,0.0
Qwen-32B,Qwen2.5-32B-Instruct,20,vn,selfish,Coop vs Self,0,0.0,1.0,1.0,1.0,0.0
Qwen-32B,Qwen2.5-32B-Instruct,20,vn,selfish,Coop vs Self,0,0.0,1.0,1.0,1.0,0.0
Qwen-32B,Qwen2.5-32B-Instruct,20,vn,cooperative,Coop vs Self,0,0.0,1.0,1.0,1.0,0.0
Qwen-32B,Qwen2.5-32B-Instruct,20,it,cooperative,Coop vs Coop,0,0.8571428571428571,0.6666666666666666,0.21739130434782608,0.7241379310344828,0.7333333333333333
Qwen-32B,Qwen2.5-32B-Instruct,20,it,cooperative,Coop vs Coop,1,0.7777777777777778,0.4,0.13636363636363635,0.7586206896551724,0.7666666666666667
Qwen-32B,Qwen2.5-32B-Instruct,20,vn,selfish,Self vs Self,0,0.0,1.0,1.0,1.0,0.0
Qwen-32B,Qwen2.5-32B-Instruct,20,vn,selfish,Self vs Self,0,0.0,1.0,1.0,1.0,0.0
Qwen-32B,Qwen2.5-32B-Instruct,20,it,selfish,Coop vs Self,0,0.42857142857142855,1.0,0.8181818181818182,0.3793103448275862,0.16666666666666666
Qwen-32B,Qwen2.5-32B-Instruct,20,it,cooperative,Coop vs Self,1,0.9473684210526315,0.29411764705882354,0.16666666666666666,0.3793103448275862,0.7333333333333333
Qwen-32B,Qwen2.5-32B-Instruct,20,it,cooperative,Coop vs Self,1,0.95,0.15,0.0,0.3448275862068966,0.9
Qwen-32B,Qwen2.5-32B-Instruct,20,it,selfish,Coop vs Self,0,0.42857142857142855,0.0,0.7777777777777778,0.27586206896551724,0.23333333333333334
Qwen-32B,Qwen2.5-32B-Instruct,20,it,selfish,Self vs Self,0,0.5384615384615384,0.5,1.0,0.5517241379310345,0.23333333333333334
Qwen-32B,Qwen2.5-32B-Instruct,20,it,selfish,Self vs Self,1,0.4166666666666667,0.7142857142857143,0.8571428571428571,0.6206896551724138,0.2
Qwen-32B,Qwen2.5-32B-Instruct,20,it,cooperative,Coop vs Coop,1,1.0,0.0,0.22727272727272727,0.5517241379310345,0.8333333333333334
Qwen-32B,Qwen2.5-32B-Instruct,20,it,cooperative,Coop vs Coop,0,1.0,0.6,0.2,0.7586206896551724,0.7333333333333333
Qwen-32B,Qwen2.5-32B-Instruct,20,it,selfish,Coop vs Self,0,0.25,1.0,0.8333333333333334,0.3103448275862069,0.16666666666666666
Qwen-32B,Qwen2.5-32B-Instruct,20,it,cooperative,Coop vs Self,0,0.9545454545454546,0.21052631578947367,0.3333333333333333,0.27586206896551724,0.8
Qwen-32B,Qwen2.5-32B-Instruct,20,it,cooperative,Coop vs Self,1,0.8947368421052632,0.25,0.16666666666666666,0.4482758620689655,0.6666666666666666
Qwen-32B,Qwen2.5-32B-Instruct,20,it,selfish,Coop vs Self,0,0.45454545454545453,1.0,0.7619047619047619,0.4482758620689655,0.2
Qwen-32B,Qwen2.5-32B-Instruct,20,it,selfish,Self vs Self,0,0.42857142857142855,1.0,1.0,0.7241379310344828,0.1
Qwen-32B,Qwen2.5-32B-Instruct,20,it,selfish,Self vs Self,0,1.0,0.5,0.6666666666666666,0.7931034482758621,0.2
Qwen-32B,Qwen2.5-32B-Instruct,20,it,cooperative,Coop vs Coop,0,1.0,0.4,0.125,0.7586206896551724,0.8333333333333334
Qwen-32B,Qwen2.5-32B-Instruct,20,it,cooperative,Coop vs Coop,1,0.8333333333333334,0.3333333333333333,0.2,0.6896551724137931,0.8
Qwen-32B,Qwen2.5-32B-Instruct,20,it,cooperative,Coop vs Self,0,0.9523809523809523,0.25,0.4,0.3103448275862069,0.7333333333333333
Qwen-32B,Qwen2.5-32B-Instruct,20,it,selfish,Coop vs Self,0,0.3,1.0,0.8695652173913043,0.3103448275862069,0.13333333333333333
Qwen-32B,Qwen2.5-32B-Instruct,20,it,selfish,Coop vs Self,1,0.2,1.0,0.8,0.27586206896551724,0.2
Qwen-32B,Qwen2.5-32B-Instruct,20,it,cooperative,Coop vs Self,0,1.0,0.1,0.3333333333333333,0.2413793103448276,0.8333333333333334
Qwen-32B,Qwen2.5-32B-Instruct,20,it,selfish,Self vs Self,0,0.75,0.75,0.6666666666666666,0.7586206896551724,0.23333333333333334
Qwen-32B,Qwen2.5-32B-Instruct,20,it,selfish,Self vs Self,0,0.2857142857142857,0.5,1.0,0.6896551724137931,0.06666666666666667
Qwen-32B,Qwen2.5-32B-Instruct,20,it,cooperative,Coop vs Coop,0,0.8571428571428571,0.25,0.34782608695652173,0.5517241379310345,0.7
Qwen-32B,Qwen2.5-32B-Instruct,20,it,cooperative,Coop vs Coop,0,0.8888888888888888,0.25,0.19047619047619047,0.6896551724137931,0.7666666666666667
Qwen-32B,Qwen2.5-32B-Instruct,20,it,selfish,Coop vs Self,0,0.11764705882352941,0.5,0.9230769230769231,0.1724137931034483,0.1
Qwen-32B,Qwen2.5-32B-Instruct,20,it,cooperative,Coop vs Self,1,0.96,0.08695652173913043,0.5,0.10344827586206896,0.8666666666666667
Qwen-32B,Qwen2.5-32B-Instruct,20,it,cooperative,Coop vs Self,1,0.9444444444444444,0.2222222222222222,0.0,0.41379310344827586,0.7333333333333333
Qwen-32B,Qwen2.5-32B-Instruct,20,it,selfish,Coop vs Self,0,0.4,0.0,0.782608695652174,0.3793103448275862,0.16666666666666666
Qwen-32B,Qwen2.5-32B-Instruct,20,it,selfish,Self vs Self,0,0.5454545454545454,1.0,0.8,0.6206896551724138,0.2
Qwen-32B,Qwen2.5-32B-Instruct,20,it,selfish,Self vs Self,0,0.6666666666666666,0.7142857142857143,0.7142857142857143,0.6206896551724138,0.3
Qwen-32B,Qwen2.5-32B-Instruct,20,it,cooperative,Coop vs Coop,0,0.8,0.4,0.12,0.7931034482758621,0.8333333333333334
Qwen-32B,Qwen2.5-32B-Instruct,20,it,cooperative,Coop vs Coop,1,0.8,0.0,0.2,0.6896551724137931,0.8
Qwen-32B,Qwen2.5-32B-Instruct,20,it,selfish,Coop vs Self,0,0.17647058823529413,1.0,0.7083333333333334,0.41379310344827586,0.23333333333333334
Qwen-32B,Qwen2.5-32B-Instruct,20,it,cooperative,Coop vs Self,0,0.9523809523809523,0.1875,0.125,0.3793103448275862,0.8
Qwen-32B,Qwen2.5-32B-Instruct,20,it,selfish,Self vs Self,0,0.6363636363636364,0.6,0.8571428571428571,0.6206896551724138,0.23333333333333334
Qwen-32B,Qwen2.5-32B-Instruct,20,it,selfish,Self vs Self,1,0.5454545454545454,1.0,0.625,0.6896551724137931,0.23333333333333334
Qwen-32B,Qwen2.5-32B-Instruct,20,it,cooperative,Coop vs Self,1,0.9523809523809523,0.2857142857142857,0.0,0.3103448275862069,0.7666666666666667
Qwen-32B,Qwen2.5-32B-Instruct,20,it,selfish,Coop vs Self,0,0.05263157894736842,0.0,0.9130434782608695,0.3103448275862069,0.06666666666666667
Qwen-32B,Qwen2.5-32B-Instruct,20,it,cooperative,Coop vs Coop,1,0.8,0.0,0.46153846153846156,0.4482758620689655,0.6
Qwen-32B,Qwen2.5-32B-Instruct,20,it,cooperative,Coop vs Coop,0,1.0,0.08333333333333333,0.2222222222222222,0.5172413793103449,0.8333333333333334
Qwen-32B,Qwen2.5-32B-Instruct,20,it,selfish,Self vs Self,0,0.4166666666666667,1.0,0.7857142857142857,0.5172413793103449,0.23333333333333334
Qwen-32B,Qwen2.5-32B-Instruct,20,it,selfish,Self vs Self,1,0.8333333333333334,0.7,0.5,0.5517241379310345,0.43333333333333335
Qwen-32B,Qwen2.5-32B-Instruct,20,it,selfish,Coop vs Self,0,0.2857142857142857,0.0,0.8518518518518519,0.20689655172413793,0.16666666666666666
Qwen-32B,Qwen2.5-32B-Instruct,20,it,cooperative,Coop vs Self,1,0.9565217391304348,0.09090909090909091,0.16666666666666666,0.20689655172413793,0.9
Qwen-32B,Qwen2.5-32B-Instruct,20,it,cooperative,Coop vs Self,1,1.0,0.08695652173913043,0.14285714285714285,0.2413793103448276,0.9
Qwen-32B,Qwen2.5-32B-Instruct,20,it,selfish,Coop vs Self,0,1.0,0.0,0.8518518518518519,0.13793103448275862,0.23333333333333334
Qwen-32B,Qwen2.5-32B-Instruct,20,it,cooperative,Coop vs Coop,1,0.875,0.16666666666666666,0.30434782608695654,0.5517241379310345,0.7333333333333333
Qwen-32B,Qwen2.5-32B-Instruct,20,it,cooperative,Coop vs Coop,0,0.875,0.2857142857142857,0.2727272727272727,0.5862068965517241,0.7333333333333333
Qwen-32B,Qwen2.5-32B-Instruct,20,it,cooperative,Coop vs Self,1,0.875,0.21052631578947367,0.4,0.2413793103448276,0.7666666666666667
Qwen-32B,Qwen2.5-32B-Instruct,20,it,selfish,Coop vs Self,0,0.21428571428571427,1.0,0.8333333333333334,0.3448275862068966,0.13333333333333333
Qwen-32B,Qwen2.5-32B-Instruct,20,it,selfish,Coop vs Self,0,0.42857142857142855,0.0,0.7692307692307693,0.3103448275862069,0.23333333333333334
Qwen-32B,Qwen2.5-32B-Instruct,20,it,cooperative,Coop vs Self,1,0.9473684210526315,0.2631578947368421,0.0,0.41379310344827586,0.8333333333333334
Qwen-32B,Qwen2.5-32B-Instruct,20,it,selfish,Self vs Self,0,0.3333333333333333,1.0,0.7,0.6896551724137931,0.16666666666666666
Qwen-32B,Qwen2.5-32B-Instruct,20,it,selfish,Self vs Self,0,0.8,0.8571428571428571,0.8333333333333334,0.5517241379310345,0.3
Qwen-32B,Qwen2.5-32B-Instruct,20,it,cooperative,Coop vs Coop,1,1.0,0.14285714285714285,0.23809523809523808,0.5862068965517241,0.7666666666666667
Qwen-32B,Qwen2.5-32B-Instruct,20,it,cooperative,Coop vs Coop,0,1.0,0.4,0.30434782608695654,0.6206896551724138,0.7
Qwen-32B,Qwen2.5-32B-Instruct,20,it,cooperative,Coop vs Self,1,0.95,0.17647058823529413,0.2857142857142857,0.27586206896551724,0.8
Qwen-32B,Qwen2.5-32B-Instruct,20,it,selfish,Coop vs Self,0,0.21428571428571427,1.0,0.75,0.41379310344827586,0.2
Qwen-32B,Qwen2.5-32B-Instruct,20,it,selfish,Self vs Self,0,0.5555555555555556,1.0,1.0,0.6896551724137931,0.16666666666666666
Qwen-32B,Qwen2.5-32B-Instruct,20,it,selfish,Self vs Self,1,0.42857142857142855,1.0,0.6,0.8275862068965517,0.13333333333333333
Qwen-32B,Qwen2.5-32B-Instruct,20,it,selfish,Coop vs Self,0,0.3333333333333333,0.0,0.875,0.3103448275862069,0.1
Qwen-32B,Qwen2.5-32B-Instruct,20,it,cooperative,Coop vs Self,1,0.9523809523809523,0.23809523809523808,0.0,0.3448275862068966,0.7666666666666667
Qwen-32B,Qwen2.5-32B-Instruct,20,it,cooperative,Coop vs Coop,1,0.7142857142857143,0.3333333333333333,0.28,0.6551724137931034,0.7
Qwen-32B,Qwen2.5-32B-Instruct,20,it,cooperative,Coop vs Coop,0,1.0,0.2857142857142857,0.14285714285714285,0.6896551724137931,0.8333333333333334
Qwen-32B,Qwen2.5-32B-Instruct,20,it,cooperative,Coop vs Self,1,0.9545454545454546,0.2,0.0,0.3103448275862069,0.8666666666666667
Qwen-32B,Qwen2.5-32B-Instruct,20,it,selfish,Coop vs Self,0,0.4444444444444444,0.0,0.8076923076923077,0.3103448275862069,0.16666666666666666
Qwen-32B,Qwen2.5-32B-Instruct,20,it,selfish,Coop vs Self,0,0.14285714285714285,1.0,0.76,0.3793103448275862,0.2
Qwen-32B,Qwen2.5-32B-Instruct,20,it,cooperative,Coop vs Self,1,0.9473684210526315,0.2631578947368421,0.14285714285714285,0.3448275862068966,0.8
Qwen-32B,Qwen2.5-32B-Instruct,20,it,selfish,Self vs Self,0,0.7,0.6666666666666666,0.8,0.6896551724137931,0.23333333333333334
Qwen-32B,Qwen2.5-32B-Instruct,20,it,selfish,Self vs Self,0,0.4444444444444444,1.0,0.75,0.7586206896551724,0.13333333333333333
Qwen-32B,Qwen2.5-32B-Instruct,20,it,cooperative,Coop vs Coop,1,1.0,0.14285714285714285,0.13636363636363635,0.6551724137931034,0.8666666666666667
Qwen-32B,Qwen2.5-32B-Instruct,20,it,cooperative,Coop vs Coop,0,0.75,0.5,0.25925925925925924,0.7241379310344828,0.7333333333333333
Qwen-32B,Qwen2.5-32B-Instruct,20,it,cooperative,Coop vs Self,1,0.9473684210526315,0.2631578947368421,0.0,0.41379310344827586,0.7333333333333333
Qwen-32B,Qwen2.5-32B-Instruct,20,it,selfish,Coop vs Self,0,0.25,0.0,0.8636363636363636,0.3448275862068966,0.13333333333333333
Qwen-32B,Qwen2.5-32B-Instruct,20,it,selfish,Coop vs Self,0,0.38461538461538464,1.0,0.7272727272727273,0.4482758620689655,0.23333333333333334
Qwen-32B,Qwen2.5-32B-Instruct,20,it,cooperative,Coop vs Self,1,0.9444444444444444,0.2,0.25,0.3793103448275862,0.7333333333333333
Qwen-32B,Qwen2.5-32B-Instruct,20,it,selfish,Self vs Self,1,0.625,0.875,0.3333333333333333,0.7931034482758621,0.26666666666666666
Qwen-32B,Qwen2.5-32B-Instruct,20,it,selfish,Self vs Self,0,0.625,1.0,0.8888888888888888,0.6206896551724138,0.16666666666666666
GPT-oss-20B,gpt-oss-20b,0,en,selfish,Self vs Self,0,0.0,1.0,1.0,1.0,0.0
GPT-oss-20B,gpt-oss-20b,0,en,selfish,Self vs Self,0,0.0,1.0,1.0,1.0,0.0
GPT-oss-20B,gpt-oss-20b,0,en,selfish,Coop vs Self,0,0.0,1.0,1.0,1.0,0.0
GPT-oss-20B,gpt-oss-20b,0,en,cooperative,Coop vs Self,0,0.0,1.0,1.0,1.0,0.0
GPT-oss-20B,gpt-oss-20b,0,en,cooperative,Coop vs Coop,1,0.0,1.0,0.0,1.0,0.03333333333333333
GPT-oss-20B,gpt-oss-20b,0,en,cooperative,Coop vs Coop,0,0.0,0.0,1.0,0.9655172413793104,0.0
GPT-oss-20B,gpt-oss-20b,0,en,cooperative,Coop vs Self,1,0.0,1.0,0.0,1.0,0.03333333333333333
GPT-oss-20B,gpt-oss-20b,0,en,selfish,Coop vs Self,0,0.0,0.0,1.0,0.9655172413793104,0.0
GPT-oss-20B,gpt-oss-20b,0,en,selfish,Self vs Self,0,0.0,1.0,1.0,1.0,0.0
GPT-oss-20B,gpt-oss-20b,0,en,selfish,Self vs Self,0,0.0,1.0,1.0,1.0,0.0
GPT-oss-20B,gpt-oss-20b,0,en,cooperative,Coop vs Self,1,0.0,1.0,0.0,1.0,0.03333333333333333
GPT-oss-20B,gpt-oss-20b,0,en,selfish,Coop vs Self,0,0.0,0.0,1.0,0.9655172413793104,0.0
GPT-oss-20B,gpt-oss-20b,0,en,selfish,Coop vs Self,0,0.0,0.0,1.0,0.9655172413793104,0.0
GPT-oss-20B,gpt-oss-20b,0,en,cooperative,Coop vs Self,1,0.0,1.0,0.0,1.0,0.03333333333333333
GPT-oss-20B,gpt-oss-20b,0,en,cooperative,Coop vs Coop,0,0.0,1.0,1.0,0.9655172413793104,0.0
GPT-oss-20B,gpt-oss-20b,0,en,cooperative,Coop vs Coop,0,0.5,1.0,1.0,0.9655172413793104,0.03333333333333333
GPT-oss-20B,gpt-oss-20b,0,en,selfish,Coop vs Self,0,0.0,1.0,1.0,1.0,0.0
GPT-oss-20B,gpt-oss-20b,0,en,cooperative,Coop vs Self,0,0.0,1.0,1.0,1.0,0.0
GPT-oss-20B,gpt-oss-20b,0,en,selfish,Self vs Self,0,0.0,1.0,1.0,1.0,0.0
GPT-oss-20B,gpt-oss-20b,0,en,selfish,Self vs Self,0,0.0,1.0,1.0,1.0,0.0
GPT-oss-20B,gpt-oss-20b,0,en,cooperative,Coop vs Coop,1,0.0,1.0,0.0,1.0,0.03333333333333333
GPT-oss-20B,gpt-oss-20b,0,en,cooperative,Coop vs Coop,0,0.0,0.0,1.0,0.9655172413793104,0.0
GPT-oss-20B,gpt-oss-20b,0,en,cooperative,Coop vs Self,1,0.0,1.0,0.0,1.0,0.03333333333333333
GPT-oss-20B,gpt-oss-20b,0,en,selfish,Coop vs Self,0,0.0,0.0,1.0,0.9655172413793104,0.0
GPT-oss-20B,gpt-oss-20b,0,en,selfish,Self vs Self,0,0.0,1.0,1.0,1.0,0.0
GPT-oss-20B,gpt-oss-20b,0,en,selfish,Self vs Self,0,0.0,1.0,1.0,1.0,0.0
GPT-oss-20B,gpt-oss-20b,0,en,cooperative,Coop vs Self,1,0.0,1.0,0.0,1.0,0.03333333333333333
GPT-oss-20B,gpt-oss-20b,0,en,selfish,Coop vs Self,0,0.0,0.0,1.0,0.9655172413793104,0.0
GPT-oss-20B,gpt-oss-20b,0,en,selfish,Coop vs Self,0,0.0,1.0,1.0,1.0,0.0
GPT-oss-20B,gpt-oss-20b,0,en,cooperative,Coop vs Self,0,0.0,1.0,1.0,1.0,0.0
GPT-oss-20B,gpt-oss-20b,0,en,cooperative,Coop vs Coop,1,0.0,1.0,0.0,1.0,0.03333333333333333
GPT-oss-20B,gpt-oss-20b,0,en,cooperative,Coop vs Coop,0,0.0,0.0,1.0,0.9655172413793104,0.0
GPT-oss-20B,gpt-oss-20b,0,en,cooperative,Coop vs Self,0,0.0,1.0,1.0,1.0,0.0
GPT-oss-20B,gpt-oss-20b,0,en,selfish,Coop vs Self,0,0.0,1.0,1.0,1.0,0.0
GPT-oss-20B,gpt-oss-20b,0,en,selfish,Self vs Self,0,0.0,1.0,1.0,1.0,0.0
GPT-oss-20B,gpt-oss-20b,0,en,selfish,Self vs Self,0,0.0,1.0,1.0,1.0,0.0
GPT-oss-20B,gpt-oss-20b,0,en,selfish,Coop vs Self,0,0.0,0.0,1.0,0.9655172413793104,0.0
GPT-oss-20B,gpt-oss-20b,0,en,cooperative,Coop vs Self,1,0.0,1.0,0.0,1.0,0.03333333333333333
GPT-oss-20B,gpt-oss-20b,0,en,cooperative,Coop vs Coop,1,0.0,1.0,0.0,1.0,0.03333333333333333
GPT-oss-20B,gpt-oss-20b,0,en,cooperative,Coop vs Coop,0,0.0,0.0,1.0,0.9655172413793104,0.0
GPT-oss-20B,gpt-oss-20b,0,en,selfish,Self vs Self,0,0.0,1.0,1.0,1.0,0.0
GPT-oss-20B,gpt-oss-20b,0,en,selfish,Self vs Self,0,0.0,1.0,1.0,1.0,0.0
GPT-oss-20B,gpt-oss-20b,0,en,cooperative,Coop vs Self,1,0.0,1.0,0.0,1.0,0.03333333333333333
GPT-oss-20B,gpt-oss-20b,0,en,selfish,Coop vs Self,0,0.0,0.0,1.0,0.9655172413793104,0.0
GPT-oss-20B,gpt-oss-20b,0,en,cooperative,Coop vs Coop,1,0.0,1.0,0.0,1.0,0.03333333333333333
GPT-oss-20B,gpt-oss-20b,0,en,cooperative,Coop vs Coop,0,0.0,0.0,1.0,0.9655172413793104,0.0
GPT-oss-20B,gpt-oss-20b,0,en,selfish,Coop vs Self,0,0.0,1.0,1.0,0.9655172413793104,0.0
GPT-oss-20B,gpt-oss-20b,0,en,cooperative,Coop vs Self,0,0.5,1.0,1.0,0.9655172413793104,0.03333333333333333
GPT-oss-20B,gpt-oss-20b,0,en,cooperative,Coop vs Coop,0,0.0,1.0,1.0,1.0,0.0
GPT-oss-20B,gpt-oss-20b,0,en,cooperative,Coop vs Coop,0,0.0,1.0,1.0,1.0,0.0
GPT-oss-20B,gpt-oss-20b,0,en,selfish,Coop vs Self,0,0.0,1.0,1.0,1.0,0.0
GPT-oss-20B,gpt-oss-20b,0,en,cooperative,Coop vs Self,0,0.0,1.0,1.0,1.0,0.0
GPT-oss-20B,gpt-oss-20b,0,en,selfish,Self vs Self,0,0.0,1.0,1.0,1.0,0.0
GPT-oss-20B,gpt-oss-20b,0,en,selfish,Self vs Self,0,0.0,1.0,1.0,1.0,0.0
GPT-oss-20B,gpt-oss-20b,0,en,cooperative,Coop vs Self,1,0.0,1.0,0.0,1.0,0.03333333333333333
GPT-oss-20B,gpt-oss-20b,0,en,selfish,Coop vs Self,0,0.0,0.0,1.0,0.9655172413793104,0.0
GPT-oss-20B,gpt-oss-20b,0,en,cooperative,Coop vs Self,0,0.0,1.0,1.0,1.0,0.0
GPT-oss-20B,gpt-oss-20b,0,en,selfish,Coop vs Self,0,0.0,1.0,1.0,1.0,0.0
GPT-oss-20B,gpt-oss-20b,0,en,selfish,Self vs Self,0,0.0,1.0,1.0,1.0,0.0
GPT-oss-20B,gpt-oss-20b,0,en,selfish,Self vs Self,0,0.0,1.0,1.0,1.0,0.0
GPT-oss-20B,gpt-oss-20b,0,en,selfish,Coop vs Self,0,0.0,1.0,1.0,1.0,0.0
GPT-oss-20B,gpt-oss-20b,0,en,cooperative,Coop vs Self,0,0.0,1.0,1.0,1.0,0.0
GPT-oss-20B,gpt-oss-20b,0,en,cooperative,Coop vs Coop,1,0.0,1.0,0.0,1.0,0.13333333333333333
GPT-oss-20B,gpt-oss-20b,0,en,cooperative,Coop vs Coop,0,0.0,0.0,0.4,0.9310344827586207,0.1
GPT-oss-20B,gpt-oss-20b,0,en,cooperative,Coop vs Self,1,0.0,1.0,0.0,1.0,0.03333333333333333
GPT-oss-20B,gpt-oss-20b,0,en,selfish,Coop vs Self,0,0.0,0.0,1.0,0.9655172413793104,0.0
GPT-oss-20B,gpt-oss-20b,0,en,selfish,Coop vs Self,0,0.0,1.0,1.0,1.0,0.0
GPT-oss-20B,gpt-oss-20b,0,en,cooperative,Coop vs Self,0,0.0,1.0,1.0,1.0,0.0
GPT-oss-20B,gpt-oss-20b,0,en,selfish,Self vs Self,0,0.0,1.0,1.0,1.0,0.0
GPT-oss-20B,gpt-oss-20b,0,en,selfish,Self vs Self,0,0.0,1.0,1.0,1.0,0.0
GPT-oss-20B,gpt-oss-20b,0,en,cooperative,Coop vs Coop,1,0.0,1.0,0.5,0.9655172413793104,0.03333333333333333
GPT-oss-20B,gpt-oss-20b,0,en,cooperative,Coop vs Coop,0,0.5,1.0,1.0,0.9310344827586207,0.03333333333333333
GPT-oss-20B,gpt-oss-20b,0,en,cooperative,Coop vs Self,1,0.0,1.0,0.0,1.0,0.03333333333333333
GPT-oss-20B,gpt-oss-20b,0,en,selfish,Coop vs Self,0,0.0,0.0,1.0,0.9655172413793104,0.0
GPT-oss-20B,gpt-oss-20b,0,en,selfish,Coop vs Self,0,0.0,1.0,1.0,1.0,0.0
GPT-oss-20B,gpt-oss-20b,0,en,cooperative,Coop vs Self,0,0.0,1.0,1.0,1.0,0.0
GPT-oss-20B,gpt-oss-20b,0,en,selfish,Self vs Self,0,0.0,1.0,1.0,1.0,0.0
GPT-oss-20B,gpt-oss-20b,0,en,selfish,Self vs Self,0,0.0,1.0,1.0,1.0,0.0
GPT-oss-20B,gpt-oss-20b,0,en,cooperative,Coop vs Coop,0,0.0,1.0,1.0,0.9655172413793104,0.0
GPT-oss-20B,gpt-oss-20b,0,en,cooperative,Coop vs Coop,0,0.5,0.5,1.0,0.9655172413793104,0.03333333333333333
GPT-oss-20B,gpt-oss-20b,0,fr,cooperative,Coop vs Self,1,0.0,1.0,0.0,1.0,0.03333333333333333
GPT-oss-20B,gpt-oss-20b,0,fr,selfish,Coop vs Self,0,0.0,0.0,1.0,0.9655172413793104,0.0
GPT-oss-20B,gpt-oss-20b,0,fr,selfish,Self vs Self,0,0.0,1.0,1.0,1.0,0.0
GPT-oss-20B,gpt-oss-20b,0,fr,selfish,Self vs Self,0,0.0,1.0,1.0,1.0,0.0
GPT-oss-20B,gpt-oss-20b,0,fr,selfish,Coop vs Self,0,0.0,0.0,1.0,0.896551724137931,0.0
GPT-oss-20B,gpt-oss-20b,0,fr,cooperative,Coop vs Self,1,0.6666666666666666,0.75,0.0,0.9310344827586207,0.1
GPT-oss-20B,gpt-oss-20b,0,fr,cooperative,Coop vs Coop,0,0.0,0.0,0.2,0.896551724137931,0.4
GPT-oss-20B,gpt-oss-20b,0,fr,cooperative,Coop vs Coop,1,0.6666666666666666,1.0,0.0,0.9655172413793104,0.4666666666666667
GPT-oss-20B,gpt-oss-20b,0,fr,cooperative,Coop vs Self,0,0.5,1.0,1.0,0.9655172413793104,0.03333333333333333
GPT-oss-20B,gpt-oss-20b,0,fr,selfish,Coop vs Self,0,0.0,1.0,1.0,0.9655172413793104,0.0
GPT-oss-20B,gpt-oss-20b,0,fr,cooperative,Coop vs Coop,0,0.0,0.0,0.18181818181818182,0.9310344827586207,0.3
GPT-oss-20B,gpt-oss-20b,0,fr,cooperative,Coop vs Coop,1,0.0,1.0,0.0,1.0,0.3333333333333333
GPT-oss-20B,gpt-oss-20b,0,fr,selfish,Coop vs Self,0,0.0,0.0,1.0,0.9310344827586207,0.0
GPT-oss-20B,gpt-oss-20b,0,fr,cooperative,Coop vs Self,1,0.5,1.0,0.0,0.9655172413793104,0.06666666666666667
GPT-oss-20B,gpt-oss-20b,0,fr,selfish,Self vs Self,0,0.0,1.0,1.0,1.0,0.0
GPT-oss-20B,gpt-oss-20b,0,fr,selfish,Self vs Self,0,0.0,1.0,1.0,1.0,0.0
GPT-oss-20B,gpt-oss-20b,0,fr,cooperative,Coop vs Coop,0,0.0,0.0,0.03333333333333333,0.9655172413793104,0.9666666666666667
GPT-oss-20B,gpt-oss-20b,0,fr,cooperative,Coop vs Coop,1,1.0,0.0,0.0,0.9655172413793104,1.0
GPT-oss-20B,gpt-oss-20b,0,fr,cooperative,Coop vs Self,1,0.0,1.0,0.0,1.0,0.03333333333333333
GPT-oss-20B,gpt-oss-20b,0,fr,selfish,Coop vs Self,0,0.0,0.0,1.0,0.9655172413793104,0.0
GPT-oss-20B,gpt-oss-20b,0,fr,selfish,Self vs Self,0,0.0,1.0,1.0,1.0,0.0
GPT-oss-20B,gpt-oss-20b,0,fr,selfish,Self vs Self,0,0.0,1.0,1.0,1.0,0.0
GPT-oss-20B,gpt-oss-20b,0,fr,selfish,Coop vs Self,0,0.0,1.0,1.0,0.9310344827586207,0.0
GPT-oss-20B,gpt-oss-20b,0,fr,cooperative,Coop vs Self,0,0.6666666666666666,1.0,1.0,0.9310344827586207,0.06666666666666667
GPT-oss-20B,gpt-oss-20b,0,fr,cooperative,Coop vs Coop,1,0.0,0.0,0.0,1.0,1.0
GPT-oss-20B,gpt-oss-20b,0,fr,cooperative,Coop vs Coop,0,0.0,0.0,0.03333333333333333,0.9655172413793104,0.9666666666666667
GPT-oss-20B,gpt-oss-20b,0,fr,cooperative,Coop vs Self,1,0.0,1.0,0.0,1.0,0.03333333333333333
GPT-oss-20B,gpt-oss-20b,0,fr,selfish,Coop vs Self,0,0.0,0.0,1.0,0.9655172413793104,0.0
GPT-oss-20B,gpt-oss-20b,0,fr,selfish,Self vs Self,0,0.0,1.0,1.0,1.0,0.0
GPT-oss-20B,gpt-oss-20b,0,fr,selfish,Self vs Self,0,0.0,1.0,1.0,1.0,0.0
GPT-oss-20B,gpt-oss-20b,0,fr,selfish,Coop vs Self,0,0.0,0.0,1.0,0.9310344827586207,0.0
GPT-oss-20B,gpt-oss-20b,0,fr,cooperative,Coop vs Self,1,0.5,1.0,0.0,0.9655172413793104,0.06666666666666667
GPT-oss-20B,gpt-oss-20b,0,fr,cooperative,Coop vs Coop,1,0.0,1.0,0.0,1.0,0.8
GPT-oss-20B,gpt-oss-20b,0,fr,cooperative,Coop vs Coop,0,0.0,0.0,0.08,0.9310344827586207,0.7666666666666667
GPT-oss-20B,gpt-oss-20b,0,fr,cooperative,Coop vs Self,1,0.5,0.6666666666666666,0.0,0.9655172413793104,0.06666666666666667
GPT-oss-20B,gpt-oss-20b,0,fr,selfish,Coop vs Self,0,0.0,0.0,1.0,0.9310344827586207,0.0
GPT-oss-20B,gpt-oss-20b,0,fr,selfish,Self vs Self,0,0.0,1.0,1.0,1.0,0.0
GPT-oss-20B,gpt-oss-20b,0,fr,selfish,Self vs Self,0,0.0,1.0,1.0,1.0,0.0
GPT-oss-20B,gpt-oss-20b,0,fr,selfish,Coop vs Self,0,0.0,0.0,1.0,0.9655172413793104,0.0
GPT-oss-20B,gpt-oss-20b,0,fr,cooperative,Coop vs Self,1,0.0,1.0,0.0,1.0,0.03333333333333333
GPT-oss-20B,gpt-oss-20b,0,fr,cooperative,Coop vs Coop,1,0.0,1.0,0.0,1.0,0.9666666666666667
GPT-oss-20B,gpt-oss-20b,0,fr,cooperative,Coop vs Coop,0,0.0,0.0,0.06666666666666667,0.9310344827586207,0.9333333333333333
GPT-oss-20B,gpt-oss-20b,0,fr,selfish,Self vs Self,0,0.0,1.0,1.0,1.0,0.0
GPT-oss-20B,gpt-oss-20b,0,fr,selfish,Self vs Self,0,0.0,1.0,1.0,1.0,0.0
GPT-oss-20B,gpt-oss-20b,0,fr,cooperative,Coop vs Self,1,0.0,1.0,0.0,1.0,0.03333333333333333
GPT-oss-20B,gpt-oss-20b,0,fr,selfish,Coop vs Self,0,0.0,0.0,1.0,0.9655172413793104,0.0
GPT-oss-20B,gpt-oss-20b,0,fr,selfish,Coop vs Self,0,0.0,0.0,1.0,0.9655172413793104,0.0
GPT-oss-20B,gpt-oss-20b,0,fr,cooperative,Coop vs Self,1,0.0,1.0,0.0,1.0,0.03333333333333333
GPT-oss-20B,gpt-oss-20b,0,fr,cooperative,Coop vs Self,1,0.0,1.0,0.0,1.0,0.03333333333333333
GPT-oss-20B,gpt-oss-20b,0,fr,selfish,Coop vs Self,0,0.0,0.0,1.0,0.9655172413793104,0.0
GPT-oss-20B,gpt-oss-20b,0,fr,selfish,Coop vs Self,0,0.0,0.0,1.0,0.9655172413793104,0.0
GPT-oss-20B,gpt-oss-20b,0,fr,cooperative,Coop vs Self,1,0.0,1.0,0.0,1.0,0.03333333333333333
GPT-oss-20B,gpt-oss-20b,0,fr,selfish,Self vs Self,0,0.0,1.0,1.0,1.0,0.0
GPT-oss-20B,gpt-oss-20b,0,fr,selfish,Self vs Self,0,0.0,1.0,1.0,1.0,0.0
GPT-oss-20B,gpt-oss-20b,0,fr,cooperative,Coop vs Coop,0,0.3333333333333333,1.0,0.25,0.8275862068965517,0.5
GPT-oss-20B,gpt-oss-20b,0,fr,cooperative,Coop vs Coop,1,0.7142857142857143,0.4,0.0625,0.8275862068965517,0.6333333333333333
GPT-oss-20B,gpt-oss-20b,0,fr,cooperative,Coop vs Self,1,0.0,1.0,0.0,1.0,0.03333333333333333
GPT-oss-20B,gpt-oss-20b,0,fr,selfish,Coop vs Self,0,0.0,0.0,1.0,0.9655172413793104,0.0
GPT-oss-20B,gpt-oss-20b,0,fr,cooperative,Coop vs Coop,1,0.0,0.0,0.0,1.0,1.0
GPT-oss-20B,gpt-oss-20b,0,fr,cooperative,Coop vs Coop,0,0.0,0.0,0.03333333333333333,0.9655172413793104,0.9666666666666667
GPT-oss-20B,gpt-oss-20b,0,fr,selfish,Coop vs Self,0,0.0,0.0,1.0,0.896551724137931,0.0
GPT-oss-20B,gpt-oss-20b,0,fr,cooperative,Coop vs Self,1,0.6666666666666666,1.0,0.0,0.9310344827586207,0.1
GPT-oss-20B,gpt-oss-20b,0,fr,selfish,Self vs Self,0,0.0,1.0,1.0,1.0,0.0
GPT-oss-20B,gpt-oss-20b,0,fr,selfish,Self vs Self,0,0.0,1.0,1.0,1.0,0.0
GPT-oss-20B,gpt-oss-20b,0,fr,cooperative,Coop vs Coop,1,0.0,0.0,0.0,1.0,1.0
GPT-oss-20B,gpt-oss-20b,0,fr,cooperative,Coop vs Coop,1,0.0,0.0,0.0,1.0,1.0
GPT-oss-20B,gpt-oss-20b,0,fr,cooperative,Coop vs Self,1,0.0,1.0,0.0,1.0,0.03333333333333333
GPT-oss-20B,gpt-oss-20b,0,fr,selfish,Coop vs Self,0,0.0,0.0,1.0,0.9655172413793104,0.0
GPT-oss-20B,gpt-oss-20b,0,fr,selfish,Coop vs Self,0,0.0,0.0,1.0,0.9655172413793104,0.0
GPT-oss-20B,gpt-oss-20b,0,fr,cooperative,Coop vs Self,1,0.0,1.0,0.0,1.0,0.03333333333333333
GPT-oss-20B,gpt-oss-20b,0,fr,selfish,Self vs Self,0,0.0,1.0,1.0,1.0,0.0
GPT-oss-20B,gpt-oss-20b,0,fr,selfish,Self vs Self,0,0.0,1.0,1.0,1.0,0.0
GPT-oss-20B,gpt-oss-20b,0,fr,cooperative,Coop vs Self,1,0.0,1.0,0.0,1.0,0.03333333333333333
GPT-oss-20B,gpt-oss-20b,0,fr,selfish,Coop vs Self,0,0.0,0.0,1.0,0.9655172413793104,0.0
GPT-oss-20B,gpt-oss-20b,0,fr,cooperative,Coop vs Coop,0,0.0,0.0,0.2857142857142857,0.9310344827586207,0.16666666666666666
GPT-oss-20B,gpt-oss-20b,0,fr,cooperative,Coop vs Coop,1,0.0,1.0,0.0,1.0,0.2
GPT-oss-20B,gpt-oss-20b,0,fr,selfish,Coop vs Self,0,0.0,0.0,1.0,0.9310344827586207,0.0
GPT-oss-20B,gpt-oss-20b,0,fr,cooperative,Coop vs Self,1,0.5,1.0,0.0,0.9655172413793104,0.06666666666666667
GPT-oss-20B,gpt-oss-20b,0,fr,selfish,Self vs Self,0,0.0,1.0,1.0,1.0,0.0
GPT-oss-20B,gpt-oss-20b,0,fr,selfish,Self vs Self,0,0.0,1.0,1.0,1.0,0.0
GPT-oss-20B,gpt-oss-20b,0,ar,cooperative,Coop vs Coop,0,0.0,1.0,1.0,1.0,0.0
GPT-oss-20B,gpt-oss-20b,0,ar,cooperative,Coop vs Coop,0,0.0,1.0,1.0,1.0,0.0
GPT-oss-20B,gpt-oss-20b,0,ar,cooperative,Coop vs Self,0,0.0,1.0,1.0,1.0,0.0
GPT-oss-20B,gpt-oss-20b,0,ar,selfish,Coop vs Self,0,0.0,1.0,1.0,1.0,0.0
GPT-oss-20B,gpt-oss-20b,0,ar,selfish,Coop vs Self,0,0.0,1.0,1.0,1.0,0.0
GPT-oss-20B,gpt-oss-20b,0,ar,cooperative,Coop vs Self,0,0.0,1.0,1.0,1.0,0.0
GPT-oss-20B,gpt-oss-20b,0,ar,selfish,Self vs Self,0,0.0,1.0,1.0,1.0,0.0
GPT-oss-20B,gpt-oss-20b,0,ar,selfish,Self vs Self,0,0.0,1.0,1.0,1.0,0.0
GPT-oss-20B,gpt-oss-20b,0,ar,cooperative,Coop vs Self,0,0.0,1.0,1.0,1.0,0.0
GPT-oss-20B,gpt-oss-20b,0,ar,selfish,Coop vs Self,0,0.0,1.0,1.0,1.0,0.0
GPT-oss-20B,gpt-oss-20b,0,ar,cooperative,Coop vs Coop,0,0.0,1.0,1.0,1.0,0.0
GPT-oss-20B,gpt-oss-20b,0,ar,cooperative,Coop vs Coop,0,0.0,1.0,1.0,1.0,0.0
GPT-oss-20B,gpt-oss-20b,0,ar,selfish,Self vs Self,0,0.0,1.0,1.0,1.0,0.0
GPT-oss-20B,gpt-oss-20b,0,ar,selfish,Self vs Self,0,0.0,1.0,1.0,1.0,0.0
GPT-oss-20B,gpt-oss-20b,0,ar,selfish,Coop vs Self,0,0.0,1.0,1.0,1.0,0.0
GPT-oss-20B,gpt-oss-20b,0,ar,cooperative,Coop vs Self,0,0.0,1.0,1.0,1.0,0.0
GPT-oss-20B,gpt-oss-20b,0,ar,cooperative,Coop vs Self,0,0.0,1.0,1.0,1.0,0.0
GPT-oss-20B,gpt-oss-20b,0,ar,selfish,Coop vs Self,0,0.0,1.0,1.0,1.0,0.0
GPT-oss-20B,gpt-oss-20b,0,ar,selfish,Coop vs Self,0,0.0,1.0,1.0,1.0,0.0
GPT-oss-20B,gpt-oss-20b,0,ar,cooperative,Coop vs Self,0,0.0,1.0,1.0,1.0,0.0
GPT-oss-20B,gpt-oss-20b,0,ar,selfish,Self vs Self,0,0.0,1.0,1.0,1.0,0.0
GPT-oss-20B,gpt-oss-20b,0,ar,selfish,Self vs Self,0,0.0,1.0,1.0,1.0,0.0
GPT-oss-20B,gpt-oss-20b,0,ar,cooperative,Coop vs Coop,0,0.0,1.0,1.0,1.0,0.0
GPT-oss-20B,gpt-oss-20b,0,ar,cooperative,Coop vs Coop,0,0.0,1.0,1.0,1.0,0.0
GPT-oss-20B,gpt-oss-20b,0,ar,cooperative,Coop vs Self,0,0.0,1.0,1.0,1.0,0.0
GPT-oss-20B,gpt-oss-20b,0,ar,selfish,Coop vs Self,0,0.0,1.0,1.0,1.0,0.0
GPT-oss-20B,gpt-oss-20b,0,ar,selfish,Self vs Self,0,0.0,1.0,1.0,1.0,0.0
GPT-oss-20B,gpt-oss-20b,0,ar,selfish,Self vs Self,0,0.0,1.0,1.0,1.0,0.0
GPT-oss-20B,gpt-oss-20b,0,ar,cooperative,Coop vs Coop,0,0.0,1.0,1.0,1.0,0.0
GPT-oss-20B,gpt-oss-20b,0,ar,cooperative,Coop vs Coop,0,0.0,1.0,1.0,1.0,0.0
GPT-oss-20B,gpt-oss-20b,0,ar,selfish,Coop vs Self,0,0.0,1.0,1.0,1.0,0.0
GPT-oss-20B,gpt-oss-20b,0,ar,cooperative,Coop vs Self,0,0.0,1.0,1.0,1.0,0.0
GPT-oss-20B,gpt-oss-20b,0,ar,selfish,Self vs Self,0,0.0,1.0,1.0,1.0,0.0
GPT-oss-20B,gpt-oss-20b,0,ar,selfish,Self vs Self,0,0.0,1.0,1.0,1.0,0.0
GPT-oss-20B,gpt-oss-20b,0,ar,cooperative,Coop vs Coop,0,0.0,1.0,1.0,1.0,0.0
GPT-oss-20B,gpt-oss-20b,0,ar,cooperative,Coop vs Coop,0,0.0,1.0,1.0,1.0,0.0
GPT-oss-20B,gpt-oss-20b,0,ar,selfish,Coop vs Self,0,0.0,1.0,1.0,1.0,0.0
GPT-oss-20B,gpt-oss-20b,0,ar,cooperative,Coop vs Self,0,0.0,1.0,1.0,1.0,0.0
GPT-oss-20B,gpt-oss-20b,0,ar,cooperative,Coop vs Self,0,0.0,1.0,1.0,1.0,0.0
GPT-oss-20B,gpt-oss-20b,0,ar,selfish,Coop vs Self,0,0.0,1.0,1.0,1.0,0.0
GPT-oss-20B,gpt-oss-20b,0,ar,selfish,Coop vs Self,0,0.0,1.0,1.0,1.0,0.0
GPT-oss-20B,gpt-oss-20b,0,ar,cooperative,Coop vs Self,0,0.0,1.0,1.0,1.0,0.0
GPT-oss-20B,gpt-oss-20b,0,ar,selfish,Self vs Self,0,0.0,1.0,1.0,1.0,0.0
GPT-oss-20B,gpt-oss-20b,0,ar,selfish,Self vs Self,0,0.0,1.0,1.0,1.0,0.0
GPT-oss-20B,gpt-oss-20b,0,ar,cooperative,Coop vs Self,0,0.0,1.0,1.0,1.0,0.0
GPT-oss-20B,gpt-oss-20b,0,ar,selfish,Coop vs Self,0,0.0,1.0,1.0,1.0,0.0
GPT-oss-20B,gpt-oss-20b,0,ar,cooperative,Coop vs Coop,0,0.0,1.0,1.0,1.0,0.0
GPT-oss-20B,gpt-oss-20b,0,ar,cooperative,Coop vs Coop,0,0.0,1.0,1.0,1.0,0.0
GPT-oss-20B,gpt-oss-20b,0,ar,selfish,Coop vs Self,0,0.0,1.0,1.0,1.0,0.0
GPT-oss-20B,gpt-oss-20b,0,ar,cooperative,Coop vs Self,0,0.0,1.0,1.0,1.0,0.0
GPT-oss-20B,gpt-oss-20b,0,ar,cooperative,Coop vs Coop,0,0.0,1.0,1.0,1.0,0.0
GPT-oss-20B,gpt-oss-20b,0,ar,cooperative,Coop vs Coop,0,0.0,1.0,1.0,1.0,0.0
GPT-oss-20B,gpt-oss-20b,0,ar,cooperative,Coop vs Self,0,0.0,1.0,1.0,1.0,0.0
GPT-oss-20B,gpt-oss-20b,0,ar,selfish,Coop vs Self,0,0.0,1.0,1.0,1.0,0.0
GPT-oss-20B,gpt-oss-20b,0,ar,selfish,Self vs Self,0,0.0,1.0,1.0,1.0,0.0
GPT-oss-20B,gpt-oss-20b,0,ar,selfish,Self vs Self,0,0.0,1.0,1.0,1.0,0.0
GPT-oss-20B,gpt-oss-20b,0,ar,cooperative,Coop vs Self,0,0.0,1.0,1.0,1.0,0.0
GPT-oss-20B,gpt-oss-20b,0,ar,selfish,Coop vs Self,0,0.0,1.0,1.0,1.0,0.0
GPT-oss-20B,gpt-oss-20b,0,ar,cooperative,Coop vs Coop,0,0.0,1.0,1.0,1.0,0.0
GPT-oss-20B,gpt-oss-20b,0,ar,cooperative,Coop vs Coop,0,0.0,1.0,1.0,1.0,0.0
GPT-oss-20B,gpt-oss-20b,0,ar,selfish,Coop vs Self,0,0.0,1.0,1.0,1.0,0.0
GPT-oss-20B,gpt-oss-20b,0,ar,cooperative,Coop vs Self,0,0.0,1.0,1.0,1.0,0.0
GPT-oss-20B,gpt-oss-20b,0,ar,selfish,Self vs Self,0,0.0,1.0,1.0,1.0,0.0
GPT-oss-20B,gpt-oss-20b,0,ar,selfish,Self vs Self,0,0.0,1.0,1.0,1.0,0.0
GPT-oss-20B,gpt-oss-20b,0,ar,selfish,Self vs Self,0,0.0,1.0,1.0,1.0,0.0
GPT-oss-20B,gpt-oss-20b,0,ar,selfish,Self vs Self,0,0.0,1.0,1.0,1.0,0.0
GPT-oss-20B,gpt-oss-20b,0,ar,selfish,Coop vs Self,0,0.0,1.0,1.0,1.0,0.0
GPT-oss-20B,gpt-oss-20b,0,ar,cooperative,Coop vs Self,0,0.0,1.0,1.0,1.0,0.0
GPT-oss-20B,gpt-oss-20b,0,ar,cooperative,Coop vs Self,0,0.0,1.0,1.0,1.0,0.0
GPT-oss-20B,gpt-oss-20b,0,ar,selfish,Coop vs Self,0,0.0,1.0,1.0,1.0,0.0
GPT-oss-20B,gpt-oss-20b,0,ar,cooperative,Coop vs Coop,0,0.0,1.0,1.0,1.0,0.0
GPT-oss-20B,gpt-oss-20b,0,ar,cooperative,Coop vs Coop,0,0.0,1.0,1.0,1.0,0.0
GPT-oss-20B,gpt-oss-20b,0,ar,selfish,Self vs Self,0,0.0,1.0,1.0,1.0,0.0
GPT-oss-20B,gpt-oss-20b,0,ar,selfish,Self vs Self,0,0.0,1.0,1.0,1.0,0.0
GPT-oss-20B,gpt-oss-20b,0,ar,cooperative,Coop vs Coop,0,0.0,1.0,1.0,1.0,0.0
GPT-oss-20B,gpt-oss-20b,0,ar,cooperative,Coop vs Coop,0,0.0,1.0,1.0,1.0,0.0
GPT-oss-20B,gpt-oss-20b,0,ar,cooperative,Coop vs Self,0,0.0,1.0,1.0,1.0,0.0
GPT-oss-20B,gpt-oss-20b,0,ar,selfish,Coop vs Self,0,0.0,1.0,1.0,1.0,0.0
GPT-oss-20B,gpt-oss-20b,0,ar,selfish,Coop vs Self,0,0.0,1.0,1.0,1.0,0.0
GPT-oss-20B,gpt-oss-20b,0,ar,cooperative,Coop vs Self,0,0.0,1.0,1.0,1.0,0.0
GPT-oss-20B,gpt-oss-20b,0,cn,cooperative,Coop vs Self,0,0.0,1.0,1.0,1.0,0.0
GPT-oss-20B,gpt-oss-20b,0,cn,selfish,Coop vs Self,0,0.0,1.0,1.0,1.0,0.0
GPT-oss-20B,gpt-oss-20b,0,cn,selfish,Self vs Self,0,0.0,1.0,1.0,1.0,0.0
GPT-oss-20B,gpt-oss-20b,0,cn,selfish,Self vs Self,0,0.0,1.0,1.0,1.0,0.0
GPT-oss-20B,gpt-oss-20b,0,cn,cooperative,Coop vs Coop,0,0.0,1.0,1.0,1.0,0.0
GPT-oss-20B,gpt-oss-20b,0,cn,cooperative,Coop vs Coop,0,0.0,1.0,1.0,1.0,0.0
GPT-oss-20B,gpt-oss-20b,0,cn,selfish,Coop vs Self,0,0.0,1.0,1.0,1.0,0.0
GPT-oss-20B,gpt-oss-20b,0,cn,cooperative,Coop vs Self,0,0.0,1.0,1.0,1.0,0.0
GPT-oss-20B,gpt-oss-20b,0,cn,selfish,Self vs Self,0,0.0,1.0,1.0,1.0,0.0
GPT-oss-20B,gpt-oss-20b,0,cn,selfish,Self vs Self,0,0.0,1.0,1.0,1.0,0.0
GPT-oss-20B,gpt-oss-20b,0,cn,cooperative,Coop vs Self,0,0.0,1.0,1.0,1.0,0.0
GPT-oss-20B,gpt-oss-20b,0,cn,selfish,Coop vs Self,0,0.0,1.0,1.0,1.0,0.0
GPT-oss-20B,gpt-oss-20b,0,cn,selfish,Coop vs Self,0,0.0,1.0,1.0,1.0,0.0
GPT-oss-20B,gpt-oss-20b,0,cn,cooperative,Coop vs Self,0,0.0,1.0,1.0,1.0,0.0
GPT-oss-20B,gpt-oss-20b,0,cn,cooperative,Coop vs Coop,0,0.0,1.0,1.0,1.0,0.0
GPT-oss-20B,gpt-oss-20b,0,cn,cooperative,Coop vs Coop,0,0.0,1.0,1.0,1.0,0.0
GPT-oss-20B,gpt-oss-20b,0,cn,selfish,Self vs Self,0,0.0,1.0,1.0,1.0,0.0
GPT-oss-20B,gpt-oss-20b,0,cn,selfish,Self vs Self,0,0.0,1.0,1.0,1.0,0.0
GPT-oss-20B,gpt-oss-20b,0,cn,cooperative,Coop vs Self,0,0.0,1.0,1.0,1.0,0.0
GPT-oss-20B,gpt-oss-20b,0,cn,selfish,Coop vs Self,0,0.0,1.0,1.0,1.0,0.0
GPT-oss-20B,gpt-oss-20b,0,cn,selfish,Coop vs Self,0,0.0,1.0,1.0,1.0,0.0
GPT-oss-20B,gpt-oss-20b,0,cn,cooperative,Coop vs Self,0,0.0,1.0,1.0,1.0,0.0
GPT-oss-20B,gpt-oss-20b,0,cn,cooperative,Coop vs Coop,0,0.0,1.0,1.0,1.0,0.0
GPT-oss-20B,gpt-oss-20b,0,cn,cooperative,Coop vs Coop,0,0.0,1.0,1.0,1.0,0.0
GPT-oss-20B,gpt-oss-20b,0,cn,cooperative,Coop vs Coop,0,0.0,1.0,1.0,1.0,0.0
GPT-oss-20B,gpt-oss-20b,0,cn,cooperative,Coop vs Coop,0,0.0,1.0,1.0,1.0,0.0
GPT-oss-20B,gpt-oss-20b,0,cn,cooperative,Coop vs Self,0,0.0,1.0,1.0,1.0,0.0
GPT-oss-20B,gpt-oss-20b,0,cn,selfish,Coop vs Self,0,0.0,1.0,1.0,1.0,0.0
GPT-oss-20B,gpt-oss-20b,0,cn,selfish,Coop vs Self,0,0.0,1.0,1.0,1.0,0.0
GPT-oss-20B,gpt-oss-20b,0,cn,cooperative,Coop vs Self,0,0.0,1.0,1.0,1.0,0.0
GPT-oss-20B,gpt-oss-20b,0,cn,selfish,Self vs Self,0,0.0,1.0,1.0,1.0,0.0
GPT-oss-20B,gpt-oss-20b,0,cn,selfish,Self vs Self,0,0.0,1.0,1.0,1.0,0.0
GPT-oss-20B,gpt-oss-20b,0,cn,cooperative,Coop vs Self,0,0.0,1.0,1.0,1.0,0.0
GPT-oss-20B,gpt-oss-20b,0,cn,selfish,Coop vs Self,0,0.0,1.0,1.0,1.0,0.0
GPT-oss-20B,gpt-oss-20b,0,cn,cooperative,Coop vs Coop,0,0.0,1.0,1.0,1.0,0.0
GPT-oss-20B,gpt-oss-20b,0,cn,cooperative,Coop vs Coop,0,0.0,1.0,1.0,1.0,0.0
GPT-oss-20B,gpt-oss-20b,0,cn,selfish,Coop vs Self,0,0.0,1.0,1.0,1.0,0.0
GPT-oss-20B,gpt-oss-20b,0,cn,cooperative,Coop vs Self,0,0.0,1.0,1.0,1.0,0.0
GPT-oss-20B,gpt-oss-20b,0,cn,selfish,Self vs Self,0,0.0,1.0,1.0,1.0,0.0
GPT-oss-20B,gpt-oss-20b,0,cn,selfish,Self vs Self,0,0.0,1.0,1.0,1.0,0.0
GPT-oss-20B,gpt-oss-20b,0,cn,cooperative,Coop vs Self,0,0.0,1.0,1.0,1.0,0.0
GPT-oss-20B,gpt-oss-20b,0,cn,selfish,Coop vs Self,0,0.0,1.0,1.0,1.0,0.0
GPT-oss-20B,gpt-oss-20b,0,cn,selfish,Coop vs Self,0,0.0,1.0,1.0,1.0,0.0
GPT-oss-20B,gpt-oss-20b,0,cn,cooperative,Coop vs Self,0,0.0,1.0,1.0,1.0,0.0
GPT-oss-20B,gpt-oss-20b,0,cn,cooperative,Coop vs Coop,0,0.0,1.0,1.0,1.0,0.0
GPT-oss-20B,gpt-oss-20b,0,cn,cooperative,Coop vs Coop,0,0.0,1.0,1.0,1.0,0.0
GPT-oss-20B,gpt-oss-20b,0,cn,selfish,Self vs Self,0,0.0,1.0,1.0,1.0,0.0
GPT-oss-20B,gpt-oss-20b,0,cn,selfish,Self vs Self,0,0.0,1.0,1.0,1.0,0.0
GPT-oss-20B,gpt-oss-20b,0,cn,selfish,Self vs Self,0,0.0,1.0,1.0,1.0,0.0
GPT-oss-20B,gpt-oss-20b,0,cn,selfish,Self vs Self,0,0.0,1.0,1.0,1.0,0.0
GPT-oss-20B,gpt-oss-20b,0,cn,selfish,Coop vs Self,0,0.0,1.0,1.0,1.0,0.0
GPT-oss-20B,gpt-oss-20b,0,cn,cooperative,Coop vs Self,0,0.0,1.0,1.0,1.0,0.0
GPT-oss-20B,gpt-oss-20b,0,cn,cooperative,Coop vs Self,0,0.0,1.0,1.0,1.0,0.0
GPT-oss-20B,gpt-oss-20b,0,cn,selfish,Coop vs Self,0,0.0,1.0,1.0,1.0,0.0
GPT-oss-20B,gpt-oss-20b,0,cn,cooperative,Coop vs Coop,0,0.0,1.0,1.0,1.0,0.0
GPT-oss-20B,gpt-oss-20b,0,cn,cooperative,Coop vs Coop,0,0.0,1.0,1.0,1.0,0.0
GPT-oss-20B,gpt-oss-20b,0,cn,cooperative,Coop vs Self,0,0.0,1.0,1.0,1.0,0.0
GPT-oss-20B,gpt-oss-20b,0,cn,selfish,Coop vs Self,0,0.0,1.0,1.0,1.0,0.0
GPT-oss-20B,gpt-oss-20b,0,cn,cooperative,Coop vs Coop,0,0.0,1.0,1.0,1.0,0.0
GPT-oss-20B,gpt-oss-20b,0,cn,cooperative,Coop vs Coop,0,0.0,1.0,1.0,1.0,0.0
GPT-oss-20B,gpt-oss-20b,0,cn,selfish,Coop vs Self,0,0.0,1.0,1.0,1.0,0.0
GPT-oss-20B,gpt-oss-20b,0,cn,cooperative,Coop vs Self,0,0.0,1.0,1.0,1.0,0.0
GPT-oss-20B,gpt-oss-20b,0,cn,selfish,Self vs Self,0,0.0,1.0,1.0,1.0,0.0
GPT-oss-20B,gpt-oss-20b,0,cn,selfish,Self vs Self,0,0.0,1.0,1.0,1.0,0.0
GPT-oss-20B,gpt-oss-20b,0,cn,cooperative,Coop vs Self,0,0.0,1.0,1.0,1.0,0.0
GPT-oss-20B,gpt-oss-20b,0,cn,selfish,Coop vs Self,0,0.0,1.0,1.0,1.0,0.0
GPT-oss-20B,gpt-oss-20b,0,cn,selfish,Coop vs Self,0,0.0,1.0,1.0,1.0,0.0
GPT-oss-20B,gpt-oss-20b,0,cn,cooperative,Coop vs Self,0,0.0,1.0,1.0,1.0,0.0
GPT-oss-20B,gpt-oss-20b,0,cn,selfish,Self vs Self,0,0.0,1.0,1.0,1.0,0.0
GPT-oss-20B,gpt-oss-20b,0,cn,selfish,Self vs Self,0,0.0,1.0,1.0,1.0,0.0
GPT-oss-20B,gpt-oss-20b,0,cn,cooperative,Coop vs Coop,0,0.0,1.0,1.0,1.0,0.0
GPT-oss-20B,gpt-oss-20b,0,cn,cooperative,Coop vs Coop,0,0.0,1.0,1.0,1.0,0.0
GPT-oss-20B,gpt-oss-20b,0,cn,cooperative,Coop vs Coop,0,0.0,1.0,1.0,1.0,0.0
GPT-oss-20B,gpt-oss-20b,0,cn,cooperative,Coop vs Coop,0,0.0,1.0,1.0,1.0,0.0
GPT-oss-20B,gpt-oss-20b,0,cn,cooperative,Coop vs Self,0,0.0,1.0,1.0,1.0,0.0
GPT-oss-20B,gpt-oss-20b,0,cn,selfish,Coop vs Self,0,0.0,1.0,1.0,1.0,0.0
GPT-oss-20B,gpt-oss-20b,0,cn,selfish,Coop vs Self,0,0.0,1.0,1.0,1.0,0.0
GPT-oss-20B,gpt-oss-20b,0,cn,cooperative,Coop vs Self,0,0.0,1.0,1.0,1.0,0.0
GPT-oss-20B,gpt-oss-20b,0,cn,selfish,Self vs Self,0,0.0,1.0,1.0,1.0,0.0
GPT-oss-20B,gpt-oss-20b,0,cn,selfish,Self vs Self,0,0.0,1.0,1.0,1.0,0.0
GPT-oss-20B,gpt-oss-20b,0,vn,cooperative,Coop vs Coop,0,0.0,1.0,1.0,1.0,0.0
GPT-oss-20B,gpt-oss-20b,0,vn,cooperative,Coop vs Coop,0,0.0,1.0,1.0,1.0,0.0
GPT-oss-20B,gpt-oss-20b,0,vn,cooperative,Coop vs Self,0,0.0,1.0,1.0,1.0,0.0
GPT-oss-20B,gpt-oss-20b,0,vn,selfish,Coop vs Self,0,0.0,1.0,1.0,1.0,0.0
GPT-oss-20B,gpt-oss-20b,0,vn,selfish,Coop vs Self,0,0.0,1.0,1.0,1.0,0.0
GPT-oss-20B,gpt-oss-20b,0,vn,cooperative,Coop vs Self,0,0.0,1.0,1.0,1.0,0.0
GPT-oss-20B,gpt-oss-20b,0,vn,selfish,Self vs Self,0,0.0,1.0,1.0,1.0,0.0
GPT-oss-20B,gpt-oss-20b,0,vn,selfish,Self vs Self,0,0.0,1.0,1.0,1.0,0.0
GPT-oss-20B,gpt-oss-20b,0,vn,cooperative,Coop vs Self,0,0.0,1.0,1.0,1.0,0.0
GPT-oss-20B,gpt-oss-20b,0,vn,selfish,Coop vs Self,0,0.0,1.0,1.0,1.0,0.0
GPT-oss-20B,gpt-oss-20b,0,vn,cooperative,Coop vs Coop,0,0.0,1.0,1.0,1.0,0.0
GPT-oss-20B,gpt-oss-20b,0,vn,cooperative,Coop vs Coop,0,0.0,1.0,1.0,1.0,0.0
GPT-oss-20B,gpt-oss-20b,0,vn,selfish,Coop vs Self,0,0.0,1.0,1.0,1.0,0.0
GPT-oss-20B,gpt-oss-20b,0,vn,cooperative,Coop vs Self,0,0.0,1.0,1.0,1.0,0.0
GPT-oss-20B,gpt-oss-20b,0,vn,selfish,Self vs Self,0,0.0,1.0,1.0,1.0,0.0
GPT-oss-20B,gpt-oss-20b,0,vn,selfish,Self vs Self,0,0.0,1.0,1.0,1.0,0.0
GPT-oss-20B,gpt-oss-20b,0,vn,cooperative,Coop vs Self,0,0.0,1.0,1.0,1.0,0.0
GPT-oss-20B,gpt-oss-20b,0,vn,selfish,Coop vs Self,0,0.0,1.0,1.0,1.0,0.0
GPT-oss-20B,gpt-oss-20b,0,vn,selfish,Coop vs Self,0,0.0,1.0,1.0,1.0,0.0
GPT-oss-20B,gpt-oss-20b,0,vn,cooperative,Coop vs Self,0,0.0,1.0,1.0,1.0,0.0
GPT-oss-20B,gpt-oss-20b,0,vn,cooperative,Coop vs Coop,0,0.0,1.0,1.0,1.0,0.0
GPT-oss-20B,gpt-oss-20b,0,vn,cooperative,Coop vs Coop,0,0.0,1.0,1.0,1.0,0.0
GPT-oss-20B,gpt-oss-20b,0,vn,selfish,Self vs Self,0,0.0,1.0,1.0,1.0,0.0
GPT-oss-20B,gpt-oss-20b,0,vn,selfish,Self vs Self,0,0.0,1.0,1.0,1.0,0.0
GPT-oss-20B,gpt-oss-20b,0,vn,cooperative,Coop vs Coop,0,0.0,1.0,1.0,1.0,0.0
GPT-oss-20B,gpt-oss-20b,0,vn,cooperative,Coop vs Coop,0,0.0,1.0,1.0,1.0,0.0
GPT-oss-20B,gpt-oss-20b,0,vn,cooperative,Coop vs Self,0,0.0,1.0,1.0,1.0,0.0
GPT-oss-20B,gpt-oss-20b,0,vn,selfish,Coop vs Self,0,0.0,1.0,1.0,1.0,0.0
GPT-oss-20B,gpt-oss-20b,0,vn,selfish,Coop vs Self,0,0.0,1.0,1.0,1.0,0.0
GPT-oss-20B,gpt-oss-20b,0,vn,cooperative,Coop vs Self,0,0.0,1.0,1.0,1.0,0.0
GPT-oss-20B,gpt-oss-20b,0,vn,selfish,Self vs Self,0,0.0,1.0,1.0,1.0,0.0
GPT-oss-20B,gpt-oss-20b,0,vn,selfish,Self vs Self,0,0.0,1.0,1.0,1.0,0.0
GPT-oss-20B,gpt-oss-20b,0,vn,cooperative,Coop vs Self,0,0.0,1.0,1.0,1.0,0.0
GPT-oss-20B,gpt-oss-20b,0,vn,selfish,Coop vs Self,0,0.0,1.0,1.0,1.0,0.0
GPT-oss-20B,gpt-oss-20b,0,vn,cooperative,Coop vs Coop,0,0.0,1.0,1.0,1.0,0.0
GPT-oss-20B,gpt-oss-20b,0,vn,cooperative,Coop vs Coop,0,0.0,1.0,1.0,1.0,0.0
GPT-oss-20B,gpt-oss-20b,0,vn,selfish,Coop vs Self,0,0.0,1.0,1.0,1.0,0.0
GPT-oss-20B,gpt-oss-20b,0,vn,cooperative,Coop vs Self,0,0.0,1.0,1.0,1.0,0.0
GPT-oss-20B,gpt-oss-20b,0,vn,selfish,Self vs Self,0,0.0,1.0,1.0,1.0,0.0
GPT-oss-20B,gpt-oss-20b,0,vn,selfish,Self vs Self,0,0.0,1.0,1.0,1.0,0.0
GPT-oss-20B,gpt-oss-20b,0,vn,cooperative,Coop vs Coop,0,0.0,1.0,1.0,1.0,0.0
GPT-oss-20B,gpt-oss-20b,0,vn,cooperative,Coop vs Coop,0,0.0,1.0,1.0,1.0,0.0
GPT-oss-20B,gpt-oss-20b,0,vn,selfish,Self vs Self,0,0.0,1.0,1.0,1.0,0.0
GPT-oss-20B,gpt-oss-20b,0,vn,selfish,Self vs Self,0,0.0,1.0,1.0,1.0,0.0
GPT-oss-20B,gpt-oss-20b,0,vn,selfish,Coop vs Self,0,0.0,1.0,1.0,1.0,0.0
GPT-oss-20B,gpt-oss-20b,0,vn,cooperative,Coop vs Self,0,0.0,1.0,1.0,1.0,0.0
GPT-oss-20B,gpt-oss-20b,0,vn,cooperative,Coop vs Self,0,0.0,1.0,1.0,1.0,0.0
GPT-oss-20B,gpt-oss-20b,0,vn,selfish,Coop vs Self,0,0.0,1.0,1.0,1.0,0.0
GPT-oss-20B,gpt-oss-20b,0,vn,selfish,Self vs Self,0,0.0,1.0,1.0,1.0,0.0
GPT-oss-20B,gpt-oss-20b,0,vn,selfish,Self vs Self,0,0.0,1.0,1.0,1.0,0.0
GPT-oss-20B,gpt-oss-20b,0,vn,cooperative,Coop vs Self,0,0.0,1.0,1.0,1.0,0.0
GPT-oss-20B,gpt-oss-20b,0,vn,selfish,Coop vs Self,0,0.0,1.0,1.0,1.0,0.0
GPT-oss-20B,gpt-oss-20b,0,vn,selfish,Coop vs Self,0,0.0,1.0,1.0,1.0,0.0
GPT-oss-20B,gpt-oss-20b,0,vn,cooperative,Coop vs Self,0,0.0,1.0,1.0,1.0,0.0
GPT-oss-20B,gpt-oss-20b,0,vn,cooperative,Coop vs Coop,0,0.0,1.0,1.0,1.0,0.0
GPT-oss-20B,gpt-oss-20b,0,vn,cooperative,Coop vs Coop,0,0.0,1.0,1.0,1.0,0.0
GPT-oss-20B,gpt-oss-20b,0,vn,cooperative,Coop vs Self,0,0.0,1.0,1.0,1.0,0.0
GPT-oss-20B,gpt-oss-20b,0,vn,selfish,Coop vs Self,0,0.0,1.0,1.0,1.0,0.0
GPT-oss-20B,gpt-oss-20b,0,vn,selfish,Self vs Self,0,0.0,1.0,1.0,1.0,0.0
GPT-oss-20B,gpt-oss-20b,0,vn,selfish,Self vs Self,0,0.0,1.0,1.0,1.0,0.0
GPT-oss-20B,gpt-oss-20b,0,vn,selfish,Coop vs Self,0,0.0,1.0,1.0,1.0,0.0
GPT-oss-20B,gpt-oss-20b,0,vn,cooperative,Coop vs Self,0,0.0,1.0,1.0,1.0,0.0
GPT-oss-20B,gpt-oss-20b,0,vn,cooperative,Coop vs Coop,0,0.0,1.0,1.0,1.0,0.0
GPT-oss-20B,gpt-oss-20b,0,vn,cooperative,Coop vs Coop,0,0.0,1.0,1.0,1.0,0.0
GPT-oss-20B,gpt-oss-20b,0,vn,cooperative,Coop vs Self,0,0.0,1.0,1.0,1.0,0.0
GPT-oss-20B,gpt-oss-20b,0,vn,selfish,Coop vs Self,0,0.0,1.0,1.0,1.0,0.0
GPT-oss-20B,gpt-oss-20b,0,vn,selfish,Coop vs Self,0,0.0,1.0,1.0,1.0,0.0
GPT-oss-20B,gpt-oss-20b,0,vn,cooperative,Coop vs Self,0,0.0,1.0,1.0,1.0,0.0
GPT-oss-20B,gpt-oss-20b,0,vn,cooperative,Coop vs Coop,0,0.0,1.0,1.0,1.0,0.0
GPT-oss-20B,gpt-oss-20b,0,vn,cooperative,Coop vs Coop,0,0.0,1.0,1.0,1.0,0.0
GPT-oss-20B,gpt-oss-20b,0,vn,selfish,Self vs Self,0,0.0,1.0,1.0,1.0,0.0
GPT-oss-20B,gpt-oss-20b,0,vn,selfish,Self vs Self,0,0.0,1.0,1.0,1.0,0.0
GPT-oss-20B,gpt-oss-20b,0,vn,cooperative,Coop vs Coop,0,0.0,1.0,1.0,1.0,0.0
GPT-oss-20B,gpt-oss-20b,0,vn,cooperative,Coop vs Coop,0,0.0,1.0,1.0,1.0,0.0
GPT-oss-20B,gpt-oss-20b,0,vn,cooperative,Coop vs Self,0,0.0,1.0,1.0,1.0,0.0
GPT-oss-20B,gpt-oss-20b,0,vn,selfish,Coop vs Self,0,0.0,1.0,1.0,1.0,0.0
GPT-oss-20B,gpt-oss-20b,0,vn,selfish,Coop vs Self,0,0.0,1.0,1.0,1.0,0.0
GPT-oss-20B,gpt-oss-20b,0,vn,cooperative,Coop vs Self,0,0.0,1.0,1.0,1.0,0.0
GPT-oss-20B,gpt-oss-20b,0,vn,selfish,Self vs Self,0,0.0,1.0,1.0,1.0,0.0
GPT-oss-20B,gpt-oss-20b,0,vn,selfish,Self vs Self,0,0.0,1.0,1.0,1.0,0.0
GPT-oss-20B,gpt-oss-20b,0,it,selfish,Coop vs Self,0,0.0,0.0,1.0,0.9655172413793104,0.0
GPT-oss-20B,gpt-oss-20b,0,it,cooperative,Coop vs Self,1,0.0,1.0,0.0,1.0,0.03333333333333333
GPT-oss-20B,gpt-oss-20b,0,it,cooperative,Coop vs Self,1,0.9090909090909091,0.5454545454545454,0.0,0.6551724137931034,0.36666666666666664
GPT-oss-20B,gpt-oss-20b,0,it,selfish,Coop vs Self,0,0.0,0.0,1.0,0.6206896551724138,0.0
GPT-oss-20B,gpt-oss-20b,0,it,selfish,Self vs Self,0,0.0,1.0,1.0,1.0,0.0
GPT-oss-20B,gpt-oss-20b,0,it,selfish,Self vs Self,0,0.0,1.0,1.0,1.0,0.0
GPT-oss-20B,gpt-oss-20b,0,it,cooperative,Coop vs Self,1,0.0,1.0,0.0,1.0,0.03333333333333333
GPT-oss-20B,gpt-oss-20b,0,it,selfish,Coop vs Self,0,0.0,0.0,1.0,0.9655172413793104,0.0
GPT-oss-20B,gpt-oss-20b,0,it,cooperative,Coop vs Coop,0,0.8,0.8333333333333334,0.625,0.6206896551724138,0.3333333333333333
GPT-oss-20B,gpt-oss-20b,0,it,cooperative,Coop vs Coop,1,0.4444444444444444,0.8,0.5454545454545454,0.7241379310344828,0.23333333333333334
GPT-oss-20B,gpt-oss-20b,0,it,selfish,Coop vs Self,0,0.0,0.0,1.0,0.9655172413793104,0.0
GPT-oss-20B,gpt-oss-20b,0,it,cooperative,Coop vs Self,1,0.0,1.0,0.0,1.0,0.03333333333333333
GPT-oss-20B,gpt-oss-20b,0,it,cooperative,Coop vs Coop,0,1.0,0.8,0.125,0.7931034482758621,0.6
GPT-oss-20B,gpt-oss-20b,0,it,cooperative,Coop vs Coop,1,0.375,1.0,0.2631578947368421,0.7586206896551724,0.5333333333333333
GPT-oss-20B,gpt-oss-20b,0,it,selfish,Self vs Self,0,0.0,1.0,1.0,1.0,0.0
GPT-oss-20B,gpt-oss-20b,0,it,selfish,Self vs Self,0,0.0,1.0,1.0,1.0,0.0
GPT-oss-20B,gpt-oss-20b,0,it,cooperative,Coop vs Coop,0,0.0,0.0,0.03333333333333333,0.9655172413793104,0.9666666666666667
GPT-oss-20B,gpt-oss-20b,0,it,cooperative,Coop vs Coop,1,0.0,0.0,0.0,1.0,1.0
GPT-oss-20B,gpt-oss-20b,0,it,cooperative,Coop vs Self,1,0.8333333333333334,1.0,0.0,0.8275862068965517,0.2
GPT-oss-20B,gpt-oss-20b,0,it,selfish,Coop vs Self,0,0.0,0.0,1.0,0.8275862068965517,0.0
GPT-oss-20B,gpt-oss-20b,0,it,selfish,Self vs Self,0,0.0,1.0,1.0,1.0,0.0
GPT-oss-20B,gpt-oss-20b,0,it,selfish,Self vs Self,0,0.0,1.0,1.0,1.0,0.0
GPT-oss-20B,gpt-oss-20b,0,it,selfish,Coop vs Self,0,0.0,0.0,1.0,0.9310344827586207,0.0
GPT-oss-20B,gpt-oss-20b,0,it,cooperative,Coop vs Self,1,0.5,1.0,0.0,0.9655172413793104,0.06666666666666667
GPT-oss-20B,gpt-oss-20b,0,it,cooperative,Coop vs Self,1,0.5,1.0,0.0,0.9655172413793104,0.06666666666666667
GPT-oss-20B,gpt-oss-20b,0,it,selfish,Coop vs Self,0,0.0,0.0,1.0,0.9310344827586207,0.0
GPT-oss-20B,gpt-oss-20b,0,it,selfish,Self vs Self,0,0.0,1.0,1.0,1.0,0.0
GPT-oss-20B,gpt-oss-20b,0,it,selfish,Self vs Self,0,0.0,1.0,1.0,1.0,0.0
GPT-oss-20B,gpt-oss-20b,0,it,selfish,Coop vs Self,0,0.0,0.0,1.0,0.9655172413793104,0.0
GPT-oss-20B,gpt-oss-20b,0,it,cooperative,Coop vs Self,1,0.0,1.0,0.0,1.0,0.03333333333333333
GPT-oss-20B,gpt-oss-20b,0,it,cooperative,Coop vs Coop,1,0.5714285714285714,1.0,0.4,0.8620689655172413,0.16666666666666666
GPT-oss-20B,gpt-oss-20b,0,it,cooperative,Coop vs Coop,0,0.6666666666666666,1.0,0.5,0.896551724137931,0.13333333333333333
GPT-oss-20B,gpt-oss-20b,0,it,cooperative,Coop vs Self,1,0.5,1.0,0.0,0.9655172413793104,0.06666666666666667
GPT-oss-20B,gpt-oss-20b,0,it,selfish,Coop vs Self,0,0.0,0.0,1.0,0.9310344827586207,0.0
GPT-oss-20B,gpt-oss-20b,0,it,cooperative,Coop vs Coop,1,0.0,1.0,0.5,0.9655172413793104,0.03333333333333333
GPT-oss-20B,gpt-oss-20b,0,it,cooperative,Coop vs Coop,0,0.5,1.0,1.0,0.9310344827586207,0.03333333333333333
GPT-oss-20B,gpt-oss-20b,0,it,selfish,Self vs Self,0,0.0,1.0,1.0,1.0,0.0
GPT-oss-20B,gpt-oss-20b,0,it,selfish,Self vs Self,0,0.0,1.0,1.0,1.0,0.0
GPT-oss-20B,gpt-oss-20b,0,it,selfish,Coop vs Self,0,0.25,1.0,1.0,0.8620689655172413,0.03333333333333333
GPT-oss-20B,gpt-oss-20b,0,it,cooperative,Coop vs Self,1,0.5,1.0,0.5,0.896551724137931,0.1
GPT-oss-20B,gpt-oss-20b,0,it,cooperative,Coop vs Self,1,0.6666666666666666,0.75,0.0,0.9310344827586207,0.1
GPT-oss-20B,gpt-oss-20b,0,it,selfish,Coop vs Self,0,0.0,0.0,1.0,0.896551724137931,0.0
GPT-oss-20B,gpt-oss-20b,0,it,selfish,Coop vs Self,0,0.0,0.0,1.0,0.9310344827586207,0.0
GPT-oss-20B,gpt-oss-20b,0,it,cooperative,Coop vs Self,1,0.5,1.0,0.0,0.9655172413793104,0.06666666666666667
GPT-oss-20B,gpt-oss-20b,0,it,selfish,Self vs Self,0,0.0,1.0,1.0,1.0,0.0
GPT-oss-20B,gpt-oss-20b,0,it,selfish,Self vs Self,0,0.0,1.0,1.0,1.0,0.0
GPT-oss-20B,gpt-oss-20b,0,it,cooperative,Coop vs Coop,0,0.0,1.0,0.3333333333333333,0.9310344827586207,0.13333333333333333
GPT-oss-20B,gpt-oss-20b,0,it,cooperative,Coop vs Coop,1,0.3333333333333333,1.0,0.2,0.9310344827586207,0.16666666666666666
GPT-oss-20B,gpt-oss-20b,0,it,cooperative,Coop vs Coop,0,0.0,1.0,0.09090909090909091,0.9655172413793104,0.3333333333333333
GPT-oss-20B,gpt-oss-20b,0,it,cooperative,Coop vs Coop,0,0.0,1.0,0.09090909090909091,0.9655172413793104,0.3333333333333333
GPT-oss-20B,gpt-oss-20b,0,it,cooperative,Coop vs Self,1,0.0,1.0,0.0,1.0,0.03333333333333333
GPT-oss-20B,gpt-oss-20b,0,it,selfish,Coop vs Self,0,0.0,0.0,1.0,0.9655172413793104,0.0
GPT-oss-20B,gpt-oss-20b,0,it,selfish,Self vs Self,0,0.0,1.0,1.0,1.0,0.0
GPT-oss-20B,gpt-oss-20b,0,it,selfish,Self vs Self,0,0.0,1.0,1.0,1.0,0.0
GPT-oss-20B,gpt-oss-20b,0,it,selfish,Coop vs Self,0,0.0,1.0,1.0,0.9310344827586207,0.0
GPT-oss-20B,gpt-oss-20b,0,it,cooperative,Coop vs Self,0,0.75,1.0,1.0,0.896551724137931,0.1
GPT-oss-20B,gpt-oss-20b,0,it,cooperative,Coop vs Self,1,0.5,1.0,0.0,0.9655172413793104,0.06666666666666667
GPT-oss-20B,gpt-oss-20b,0,it,selfish,Coop vs Self,0,0.0,0.0,1.0,0.9310344827586207,0.0
GPT-oss-20B,gpt-oss-20b,0,it,selfish,Coop vs Self,0,0.0,0.0,1.0,0.9655172413793104,0.0
GPT-oss-20B,gpt-oss-20b,0,it,cooperative,Coop vs Self,1,0.0,1.0,0.0,1.0,0.03333333333333333
GPT-oss-20B,gpt-oss-20b,0,it,cooperative,Coop vs Coop,1,0.5,1.0,0.0,0.9655172413793104,0.16666666666666666
GPT-oss-20B,gpt-oss-20b,0,it,cooperative,Coop vs Coop,0,0.0,0.0,0.5,0.896551724137931,0.1
GPT-oss-20B,gpt-oss-20b,0,it,selfish,Self vs Self,0,0.0,1.0,1.0,0.9655172413793104,0.0
GPT-oss-20B,gpt-oss-20b,0,it,selfish,Self vs Self,0,0.5,1.0,1.0,0.9655172413793104,0.03333333333333333
GPT-oss-20B,gpt-oss-20b,0,it,selfish,Coop vs Self,0,0.0,0.0,1.0,0.9655172413793104,0.0
GPT-oss-20B,gpt-oss-20b,0,it,cooperative,Coop vs Self,1,0.0,1.0,0.0,1.0,0.03333333333333333
GPT-oss-20B,gpt-oss-20b,0,it,cooperative,Coop vs Self,1,0.5,0.6666666666666666,0.0,0.9655172413793104,0.06666666666666667
GPT-oss-20B,gpt-oss-20b,0,it,selfish,Coop vs Self,0,0.0,0.0,1.0,0.9310344827586207,0.0
GPT-oss-20B,gpt-oss-20b,0,it,cooperative,Coop vs Coop,0,0.0,1.0,0.4,0.9310344827586207,0.1
GPT-oss-20B,gpt-oss-20b,0,it,cooperative,Coop vs Coop,1,0.3333333333333333,1.0,0.25,0.9310344827586207,0.13333333333333333
GPT-oss-20B,gpt-oss-20b,0,it,selfish,Self vs Self,0,0.5,1.0,1.0,0.9655172413793104,0.03333333333333333
GPT-oss-20B,gpt-oss-20b,0,it,selfish,Self vs Self,0,0.0,1.0,1.0,0.9655172413793104,0.0
GPT-oss-20B,gpt-oss-20b,0,it,cooperative,Coop vs Self,1,0.5,1.0,0.0,0.9655172413793104,0.06666666666666667
GPT-oss-20B,gpt-oss-20b,0,it,selfish,Coop vs Self,0,0.0,0.0,1.0,0.9310344827586207,0.0
GPT-oss-20B,gpt-oss-20b,0,it,selfish,Coop vs Self,0,0.0,0.0,1.0,0.9310344827586207,0.0
GPT-oss-20B,gpt-oss-20b,0,it,cooperative,Coop vs Self,1,0.5,1.0,0.0,0.9655172413793104,0.06666666666666667
GPT-oss-20B,gpt-oss-20b,0,it,selfish,Self vs Self,0,0.0,1.0,1.0,1.0,0.0
GPT-oss-20B,gpt-oss-20b,0,it,selfish,Self vs Self,0,0.0,1.0,1.0,1.0,0.0
GPT-oss-20B,gpt-oss-20b,0,it,cooperative,Coop vs Coop,1,0.25,0.0,0.15,0.8620689655172413,0.6
GPT-oss-20B,gpt-oss-20b,0,it,cooperative,Coop vs Coop,0,0.6666666666666666,0.6666666666666666,0.05263157894736842,0.9655172413793104,0.6333333333333333
GPT-oss-20B,gpt-oss-20b,5,en,selfish,Self vs Self,0,0.0,1.0,1.0,0.9655172413793104,0.0
GPT-oss-20B,gpt-oss-20b,5,en,selfish,Self vs Self,0,0.5,1.0,1.0,0.9655172413793104,0.03333333333333333
GPT-oss-20B,gpt-oss-20b,5,en,selfish,Coop vs Self,0,0.5,1.0,1.0,0.9655172413793104,0.03333333333333333
GPT-oss-20B,gpt-oss-20b,5,en,cooperative,Coop vs Self,0,0.0,1.0,1.0,0.9655172413793104,0.0
GPT-oss-20B,gpt-oss-20b,5,en,cooperative,Coop vs Self,0,0.0,1.0,1.0,0.9310344827586207,0.0
GPT-oss-20B,gpt-oss-20b,5,en,selfish,Coop vs Self,0,0.6666666666666666,1.0,1.0,0.9310344827586207,0.06666666666666667
GPT-oss-20B,gpt-oss-20b,5,en,cooperative,Coop vs Coop,0,0.0,1.0,1.0,0.9655172413793104,0.0
GPT-oss-20B,gpt-oss-20b,5,en,cooperative,Coop vs Coop,0,0.5,1.0,1.0,0.9655172413793104,0.03333333333333333
GPT-oss-20B,gpt-oss-20b,5,en,selfish,Coop vs Self,0,0.3333333333333333,1.0,1.0,0.9310344827586207,0.03333333333333333
GPT-oss-20B,gpt-oss-20b,5,en,cooperative,Coop vs Self,0,0.3333333333333333,1.0,1.0,0.9310344827586207,0.03333333333333333
GPT-oss-20B,gpt-oss-20b,5,en,selfish,Self vs Self,0,0.42857142857142855,1.0,1.0,0.7931034482758621,0.1
GPT-oss-20B,gpt-oss-20b,5,en,selfish,Self vs Self,0,0.42857142857142855,0.75,1.0,0.7931034482758621,0.1
GPT-oss-20B,gpt-oss-20b,5,en,cooperative,Coop vs Coop,1,0.4,1.0,0.5,0.896551724137931,0.1
GPT-oss-20B,gpt-oss-20b,5,en,cooperative,Coop vs Coop,0,0.6,1.0,0.75,0.8620689655172413,0.1
GPT-oss-20B,gpt-oss-20b,5,en,cooperative,Coop vs Self,1,0.5,1.0,0.5,0.896551724137931,0.1
GPT-oss-20B,gpt-oss-20b,5,en,selfish,Coop vs Self,0,0.25,1.0,1.0,0.8620689655172413,0.03333333333333333
GPT-oss-20B,gpt-oss-20b,5,en,cooperative,Coop vs Coop,0,0.0,1.0,1.0,0.9655172413793104,0.0
GPT-oss-20B,gpt-oss-20b,5,en,cooperative,Coop vs Coop,0,0.5,1.0,1.0,0.9655172413793104,0.03333333333333333
GPT-oss-20B,gpt-oss-20b,5,en,selfish,Coop vs Self,0,0.0,1.0,1.0,0.9310344827586207,0.0
GPT-oss-20B,gpt-oss-20b,5,en,cooperative,Coop vs Self,0,0.6666666666666666,1.0,1.0,0.9310344827586207,0.06666666666666667
GPT-oss-20B,gpt-oss-20b,5,en,cooperative,Coop vs Self,0,0.0,1.0,1.0,0.9655172413793104,0.0
GPT-oss-20B,gpt-oss-20b,5,en,selfish,Coop vs Self,0,0.5,1.0,1.0,0.9655172413793104,0.03333333333333333
GPT-oss-20B,gpt-oss-20b,5,en,selfish,Self vs Self,0,0.25,1.0,1.0,0.896551724137931,0.03333333333333333
GPT-oss-20B,gpt-oss-20b,5,en,selfish,Self vs Self,0,0.5,1.0,1.0,0.896551724137931,0.06666666666666667
GPT-oss-20B,gpt-oss-20b,5,en,selfish,Coop vs Self,1,0.0,1.0,0.6666666666666666,0.9310344827586207,0.03333333333333333
GPT-oss-20B,gpt-oss-20b,5,en,cooperative,Coop vs Self,0,0.6666666666666666,1.0,1.0,0.896551724137931,0.06666666666666667
GPT-oss-20B,gpt-oss-20b,5,en,cooperative,Coop vs Self,0,0.0,1.0,1.0,0.9310344827586207,0.0
GPT-oss-20B,gpt-oss-20b,5,en,selfish,Coop vs Self,0,0.6666666666666666,1.0,1.0,0.9310344827586207,0.06666666666666667
GPT-oss-20B,gpt-oss-20b,5,en,cooperative,Coop vs Coop,0,0.0,1.0,0.75,0.896551724137931,0.03333333333333333
GPT-oss-20B,gpt-oss-20b,5,en,cooperative,Coop vs Coop,0,0.6666666666666666,1.0,0.5,0.896551724137931,0.1
GPT-oss-20B,gpt-oss-20b,5,en,selfish,Self vs Self,0,0.5,1.0,1.0,0.896551724137931,0.06666666666666667
GPT-oss-20B,gpt-oss-20b,5,en,selfish,Self vs Self,0,0.25,1.0,1.0,0.896551724137931,0.03333333333333333
GPT-oss-20B,gpt-oss-20b,5,en,cooperative,Coop vs Coop,0,0.75,1.0,1.0,0.8620689655172413,0.1
GPT-oss-20B,gpt-oss-20b,5,en,cooperative,Coop vs Coop,0,0.25,1.0,1.0,0.8620689655172413,0.03333333333333333
GPT-oss-20B,gpt-oss-20b,5,en,cooperative,Coop vs Self,0,0.25,1.0,1.0,0.896551724137931,0.03333333333333333
GPT-oss-20B,gpt-oss-20b,5,en,selfish,Coop vs Self,0,0.5,1.0,1.0,0.896551724137931,0.06666666666666667
GPT-oss-20B,gpt-oss-20b,5,en,selfish,Coop vs Self,0,0.2857142857142857,1.0,1.0,0.7586206896551724,0.06666666666666667
GPT-oss-20B,gpt-oss-20b,5,en,cooperative,Coop vs Self,0,0.8571428571428571,1.0,0.6666666666666666,0.7931034482758621,0.2
GPT-oss-20B,gpt-oss-20b,5,en,selfish,Self vs Self,0,0.0,1.0,1.0,0.9310344827586207,0.0
GPT-oss-20B,gpt-oss-20b,5,en,selfish,Self vs Self,0,0.6666666666666666,0.6666666666666666,1.0,0.9310344827586207,0.06666666666666667
GPT-oss-20B,gpt-oss-20b,5,en,cooperative,Coop vs Self,0,0.5,1.0,1.0,0.9655172413793104,0.03333333333333333
GPT-oss-20B,gpt-oss-20b,5,en,selfish,Coop vs Self,0,0.0,1.0,1.0,0.9655172413793104,0.0
GPT-oss-20B,gpt-oss-20b,5,en,cooperative,Coop vs Coop,0,0.75,0.75,1.0,0.896551724137931,0.1
GPT-oss-20B,gpt-oss-20b,5,en,cooperative,Coop vs Coop,0,0.2,1.0,1.0,0.8620689655172413,0.03333333333333333
GPT-oss-20B,gpt-oss-20b,5,en,selfish,Coop vs Self,0,0.2857142857142857,1.0,1.0,0.7586206896551724,0.06666666666666667
GPT-oss-20B,gpt-oss-20b,5,en,cooperative,Coop vs Self,0,0.7142857142857143,1.0,1.0,0.7586206896551724,0.16666666666666666
GPT-oss-20B,gpt-oss-20b,5,en,selfish,Self vs Self,0,0.25,1.0,1.0,0.896551724137931,0.03333333333333333
GPT-oss-20B,gpt-oss-20b,5,en,selfish,Self vs Self,0,0.5,1.0,1.0,0.896551724137931,0.06666666666666667
GPT-oss-20B,gpt-oss-20b,5,en,selfish,Coop vs Self,0,0.0,1.0,1.0,0.9655172413793104,0.0
GPT-oss-20B,gpt-oss-20b,5,en,cooperative,Coop vs Self,0,0.5,1.0,1.0,0.9655172413793104,0.03333333333333333
GPT-oss-20B,gpt-oss-20b,5,en,cooperative,Coop vs Coop,0,0.25,1.0,1.0,0.896551724137931,0.03333333333333333
GPT-oss-20B,gpt-oss-20b,5,en,cooperative,Coop vs Coop,0,0.5,1.0,1.0,0.896551724137931,0.06666666666666667
GPT-oss-20B,gpt-oss-20b,5,en,cooperative,Coop vs Self,0,0.75,1.0,1.0,0.896551724137931,0.1
GPT-oss-20B,gpt-oss-20b,5,en,selfish,Coop vs Self,0,0.0,1.0,1.0,0.896551724137931,0.0
GPT-oss-20B,gpt-oss-20b,5,en,selfish,Self vs Self,1,0.4,1.0,0.75,0.8275862068965517,0.1
GPT-oss-20B,gpt-oss-20b,5,en,selfish,Self vs Self,0,0.6,1.0,1.0,0.7931034482758621,0.1
GPT-oss-20B,gpt-oss-20b,5,en,cooperative,Coop vs Coop,0,0.0,1.0,1.0,0.9310344827586207,0.0
GPT-oss-20B,gpt-oss-20b,5,en,cooperative,Coop vs Coop,0,0.6666666666666666,1.0,1.0,0.9310344827586207,0.06666666666666667
GPT-oss-20B,gpt-oss-20b,5,en,selfish,Coop vs Self,0,0.5,1.0,1.0,0.9655172413793104,0.03333333333333333
GPT-oss-20B,gpt-oss-20b,5,en,cooperative,Coop vs Self,0,0.0,1.0,1.0,0.9655172413793104,0.0
GPT-oss-20B,gpt-oss-20b,5,en,cooperative,Coop vs Self,0,0.3333333333333333,1.0,1.0,0.9310344827586207,0.03333333333333333
GPT-oss-20B,gpt-oss-20b,5,en,selfish,Coop vs Self,0,0.3333333333333333,1.0,1.0,0.9310344827586207,0.03333333333333333
GPT-oss-20B,gpt-oss-20b,5,en,selfish,Self vs Self,0,0.6,1.0,0.6666666666666666,0.896551724137931,0.1
GPT-oss-20B,gpt-oss-20b,5,en,selfish,Self vs Self,0,0.4,1.0,0.75,0.896551724137931,0.06666666666666667
GPT-oss-20B,gpt-oss-20b,5,en,cooperative,Coop vs Coop,0,0.0,1.0,1.0,1.0,0.0
GPT-oss-20B,gpt-oss-20b,5,en,cooperative,Coop vs Coop,0,0.0,1.0,1.0,1.0,0.0
GPT-oss-20B,gpt-oss-20b,5,en,cooperative,Coop vs Self,0,0.3333333333333333,1.0,1.0,0.9310344827586207,0.03333333333333333
GPT-oss-20B,gpt-oss-20b,5,en,selfish,Coop vs Self,0,0.3333333333333333,1.0,1.0,0.9310344827586207,0.03333333333333333
GPT-oss-20B,gpt-oss-20b,5,en,selfish,Coop vs Self,0,0.6666666666666666,0.6,1.0,0.8275862068965517,0.13333333333333333
GPT-oss-20B,gpt-oss-20b,5,en,cooperative,Coop vs Self,0,0.16666666666666666,1.0,1.0,0.8275862068965517,0.03333333333333333
GPT-oss-20B,gpt-oss-20b,5,en,selfish,Self vs Self,0,0.2,1.0,1.0,0.8620689655172413,0.03333333333333333
GPT-oss-20B,gpt-oss-20b,5,en,selfish,Self vs Self,0,0.6666666666666666,0.75,1.0,0.8275862068965517,0.13333333333333333
GPT-oss-20B,gpt-oss-20b,5,en,cooperative,Coop vs Coop,1,0.3333333333333333,1.0,0.5,0.9310344827586207,0.06666666666666667
GPT-oss-20B,gpt-oss-20b,5,en,cooperative,Coop vs Coop,0,0.3333333333333333,1.0,1.0,0.896551724137931,0.03333333333333333
GPT-oss-20B,gpt-oss-20b,5,en,cooperative,Coop vs Self,0,0.4,1.0,1.0,0.8620689655172413,0.06666666666666667
GPT-oss-20B,gpt-oss-20b,5,en,selfish,Coop vs Self,0,0.4,1.0,1.0,0.8620689655172413,0.06666666666666667
GPT-oss-20B,gpt-oss-20b,5,en,selfish,Coop vs Self,0,0.5,1.0,1.0,0.9655172413793104,0.03333333333333333
GPT-oss-20B,gpt-oss-20b,5,en,cooperative,Coop vs Self,0,0.0,1.0,1.0,0.9655172413793104,0.0
GPT-oss-20B,gpt-oss-20b,5,en,selfish,Self vs Self,0,0.4,1.0,1.0,0.8620689655172413,0.06666666666666667
GPT-oss-20B,gpt-oss-20b,5,en,selfish,Self vs Self,0,0.4,1.0,1.0,0.8620689655172413,0.06666666666666667
GPT-oss-20B,gpt-oss-20b,5,fr,cooperative,Coop vs Coop,1,0.6,1.0,0.3333333333333333,0.896551724137931,0.13333333333333333
GPT-oss-20B,gpt-oss-20b,5,fr,cooperative,Coop vs Coop,0,0.2,1.0,0.8,0.8620689655172413,0.06666666666666667
GPT-oss-20B,gpt-oss-20b,5,fr,cooperative,Coop vs Self,1,0.25,1.0,0.6666666666666666,0.896551724137931,0.06666666666666667
GPT-oss-20B,gpt-oss-20b,5,fr,selfish,Coop vs Self,0,0.5,1.0,1.0,0.8620689655172413,0.06666666666666667
GPT-oss-20B,gpt-oss-20b,5,fr,selfish,Coop vs Self,0,0.0,1.0,0.6666666666666666,0.9655172413793104,0.03333333333333333
GPT-oss-20B,gpt-oss-20b,5,fr,cooperative,Coop vs Self,1,0.5,0.5,0.5,0.9310344827586207,0.06666666666666667
GPT-oss-20B,gpt-oss-20b,5,fr,selfish,Self vs Self,0,0.0,1.0,1.0,0.896551724137931,0.0
GPT-oss-20B,gpt-oss-20b,5,fr,selfish,Self vs Self,0,0.75,0.75,1.0,0.896551724137931,0.1
GPT-oss-20B,gpt-oss-20b,5,fr,cooperative,Coop vs Self,1,0.6666666666666666,1.0,0.0,0.9310344827586207,0.1
GPT-oss-20B,gpt-oss-20b,5,fr,selfish,Coop vs Self,0,0.0,0.0,1.0,0.896551724137931,0.0
GPT-oss-20B,gpt-oss-20b,5,fr,selfish,Self vs Self,0,0.0,1.0,1.0,0.9655172413793104,0.0
GPT-oss-20B,gpt-oss-20b,5,fr,selfish,Self vs Self,0,0.5,1.0,1.0,0.9655172413793104,0.03333333333333333
GPT-oss-20B,gpt-oss-20b,5,fr,selfish,Coop vs Self,0,0.0,0.0,1.0,0.8275862068965517,0.0
GPT-oss-20B,gpt-oss-20b,5,fr,cooperative,Coop vs Self,1,0.8,1.0,0.0,0.8620689655172413,0.16666666666666666
GPT-oss-20B,gpt-oss-20b,5,fr,cooperative,Coop vs Coop,0,0.3333333333333333,1.0,0.75,0.9310344827586207,0.03333333333333333
GPT-oss-20B,gpt-oss-20b,5,fr,cooperative,Coop vs Coop,1,0.5,1.0,0.5,0.896551724137931,0.1
GPT-oss-20B,gpt-oss-20b,5,fr,cooperative,Coop vs Self,1,0.25,1.0,0.6666666666666666,0.896551724137931,0.06666666666666667
GPT-oss-20B,gpt-oss-20b,5,fr,selfish,Coop vs Self,0,0.5,1.0,1.0,0.8620689655172413,0.06666666666666667
GPT-oss-20B,gpt-oss-20b,5,fr,cooperative,Coop vs Coop,1,0.4,1.0,0.5,0.8620689655172413,0.13333333333333333
GPT-oss-20B,gpt-oss-20b,5,fr,cooperative,Coop vs Coop,0,0.4,1.0,0.8,0.7931034482758621,0.1
GPT-oss-20B,gpt-oss-20b,5,fr,selfish,Self vs Self,0,0.3333333333333333,1.0,1.0,0.9310344827586207,0.03333333333333333
GPT-oss-20B,gpt-oss-20b,5,fr,selfish,Self vs Self,0,0.3333333333333333,1.0,1.0,0.9310344827586207,0.03333333333333333
GPT-oss-20B,gpt-oss-20b,5,fr,selfish,Coop vs Self,0,0.4444444444444444,1.0,1.0,0.5862068965517241,0.13333333333333333
GPT-oss-20B,gpt-oss-20b,5,fr,cooperative,Coop vs Self,1,0.7,0.8888888888888888,0.6,0.6551724137931034,0.3
GPT-oss-20B,gpt-oss-20b,5,fr,cooperative,Coop vs Self,0,0.5,1.0,1.0,0.896551724137931,0.06666666666666667
GPT-oss-20B,gpt-oss-20b,5,fr,selfish,Coop vs Self,0,0.4,1.0,1.0,0.8620689655172413,0.06666666666666667
GPT-oss-20B,gpt-oss-20b,5,fr,cooperative,Coop vs Coop,1,0.25,1.0,0.6666666666666666,0.896551724137931,0.06666666666666667
GPT-oss-20B,gpt-oss-20b,5,fr,cooperative,Coop vs Coop,0,0.5,1.0,1.0,0.8620689655172413,0.06666666666666667
GPT-oss-20B,gpt-oss-20b,5,fr,selfish,Self vs Self,0,0.25,1.0,1.0,0.896551724137931,0.03333333333333333
GPT-oss-20B,gpt-oss-20b,5,fr,selfish,Self vs Self,0,0.5,1.0,1.0,0.896551724137931,0.06666666666666667
GPT-oss-20B,gpt-oss-20b,5,fr,selfish,Coop vs Self,0,0.125,1.0,1.0,0.7241379310344828,0.03333333333333333
GPT-oss-20B,gpt-oss-20b,5,fr,cooperative,Coop vs Self,1,0.75,0.625,0.5,0.7586206896551724,0.23333333333333334
GPT-oss-20B,gpt-oss-20b,5,fr,cooperative,Coop vs Self,0,0.4,1.0,1.0,0.8620689655172413,0.06666666666666667
GPT-oss-20B,gpt-oss-20b,5,fr,selfish,Coop vs Self,0,0.5,1.0,1.0,0.8275862068965517,0.1
GPT-oss-20B,gpt-oss-20b,5,fr,cooperative,Coop vs Coop,1,0.42857142857142855,1.0,0.75,0.7931034482758621,0.13333333333333333
GPT-oss-20B,gpt-oss-20b,5,fr,cooperative,Coop vs Coop,0,0.5,1.0,0.8,0.8275862068965517,0.1
GPT-oss-20B,gpt-oss-20b,5,fr,selfish,Coop vs Self,0,0.4,1.0,1.0,0.8275862068965517,0.06666666666666667
GPT-oss-20B,gpt-oss-20b,5,fr,cooperative,Coop vs Self,1,0.5,1.0,0.3333333333333333,0.9310344827586207,0.1
GPT-oss-20B,gpt-oss-20b,5,fr,selfish,Self vs Self,1,0.5,1.0,0.0,0.9655172413793104,0.06666666666666667
GPT-oss-20B,gpt-oss-20b,5,fr,selfish,Self vs Self,0,0.0,0.0,1.0,0.9310344827586207,0.0
GPT-oss-20B,gpt-oss-20b,5,fr,selfish,Self vs Self,0,0.5,1.0,1.0,0.9655172413793104,0.03333333333333333
GPT-oss-20B,gpt-oss-20b,5,fr,selfish,Self vs Self,0,0.0,1.0,1.0,0.9655172413793104,0.0
GPT-oss-20B,gpt-oss-20b,5,fr,selfish,Coop vs Self,0,0.25,1.0,1.0,0.8620689655172413,0.03333333333333333
GPT-oss-20B,gpt-oss-20b,5,fr,cooperative,Coop vs Self,1,0.5,1.0,0.5,0.896551724137931,0.1
GPT-oss-20B,gpt-oss-20b,5,fr,cooperative,Coop vs Coop,1,0.6666666666666666,1.0,0.3333333333333333,0.8620689655172413,0.16666666666666666
GPT-oss-20B,gpt-oss-20b,5,fr,cooperative,Coop vs Coop,0,0.16666666666666666,1.0,0.8333333333333334,0.8275862068965517,0.06666666666666667
GPT-oss-20B,gpt-oss-20b,5,fr,cooperative,Coop vs Self,1,0.75,1.0,0.0,0.896551724137931,0.13333333333333333
GPT-oss-20B,gpt-oss-20b,5,fr,selfish,Coop vs Self,0,0.0,0.0,1.0,0.8620689655172413,0.0
GPT-oss-20B,gpt-oss-20b,5,fr,cooperative,Coop vs Self,1,0.5,1.0,0.75,0.7931034482758621,0.13333333333333333
GPT-oss-20B,gpt-oss-20b,5,fr,selfish,Coop vs Self,0,0.5,1.0,1.0,0.7586206896551724,0.1
GPT-oss-20B,gpt-oss-20b,5,fr,selfish,Coop vs Self,0,0.5,1.0,1.0,0.8620689655172413,0.06666666666666667
GPT-oss-20B,gpt-oss-20b,5,fr,cooperative,Coop vs Self,1,0.25,1.0,0.6666666666666666,0.896551724137931,0.06666666666666667
GPT-oss-20B,gpt-oss-20b,5,fr,selfish,Self vs Self,0,0.5,1.0,1.0,0.896551724137931,0.06666666666666667
GPT-oss-20B,gpt-oss-20b,5,fr,selfish,Self vs Self,0,0.25,1.0,1.0,0.896551724137931,0.03333333333333333
GPT-oss-20B,gpt-oss-20b,5,fr,cooperative,Coop vs Coop,1,0.0,1.0,0.8571428571428571,0.7931034482758621,0.03333333333333333
GPT-oss-20B,gpt-oss-20b,5,fr,cooperative,Coop vs Coop,0,0.8333333333333334,0.8333333333333334,0.5,0.8275862068965517,0.2
GPT-oss-20B,gpt-oss-20b,5,fr,cooperative,Coop vs Coop,0,0.0,1.0,1.0,1.0,0.0
GPT-oss-20B,gpt-oss-20b,5,fr,cooperative,Coop vs Coop,0,0.0,1.0,1.0,1.0,0.0
GPT-oss-20B,gpt-oss-20b,5,fr,cooperative,Coop vs Self,1,0.25,0.6666666666666666,0.6666666666666666,0.896551724137931,0.06666666666666667
GPT-oss-20B,gpt-oss-20b,5,fr,selfish,Coop vs Self,0,0.6666666666666666,1.0,1.0,0.8620689655172413,0.06666666666666667
GPT-oss-20B,gpt-oss-20b,5,fr,selfish,Coop vs Self,0,0.5,1.0,1.0,0.7931034482758621,0.1
GPT-oss-20B,gpt-oss-20b,5,fr,cooperative,Coop vs Self,1,0.3333333333333333,1.0,0.75,0.8275862068965517,0.1
GPT-oss-20B,gpt-oss-20b,5,fr,selfish,Self vs Self,0,0.3333333333333333,1.0,1.0,0.9310344827586207,0.03333333333333333
GPT-oss-20B,gpt-oss-20b,5,fr,selfish,Self vs Self,0,0.3333333333333333,1.0,1.0,0.9310344827586207,0.03333333333333333
GPT-oss-20B,gpt-oss-20b,5,fr,cooperative,Coop vs Self,0,0.5,1.0,1.0,0.9655172413793104,0.03333333333333333
GPT-oss-20B,gpt-oss-20b,5,fr,selfish,Coop vs Self,0,0.0,1.0,1.0,0.9655172413793104,0.0
GPT-oss-20B,gpt-oss-20b,5,fr,selfish,Self vs Self,0,0.0,1.0,1.0,0.9655172413793104,0.0
GPT-oss-20B,gpt-oss-20b,5,fr,selfish,Self vs Self,0,0.5,1.0,1.0,0.9655172413793104,0.03333333333333333
GPT-oss-20B,gpt-oss-20b,5,fr,selfish,Coop vs Self,0,0.3333333333333333,1.0,0.8333333333333334,0.8275862068965517,0.06666666666666667
GPT-oss-20B,gpt-oss-20b,5,fr,cooperative,Coop vs Self,1,0.5714285714285714,1.0,0.6666666666666666,0.7931034482758621,0.16666666666666666
GPT-oss-20B,gpt-oss-20b,5,fr,cooperative,Coop vs Coop,1,0.0,1.0,0.8333333333333334,0.8275862068965517,0.03333333333333333
GPT-oss-20B,gpt-oss-20b,5,fr,cooperative,Coop vs Coop,0,0.8,0.8,0.5,0.8620689655172413,0.16666666666666666
GPT-oss-20B,gpt-oss-20b,5,fr,cooperative,Coop vs Self,1,0.5,1.0,0.0,0.9655172413793104,0.06666666666666667
GPT-oss-20B,gpt-oss-20b,5,fr,selfish,Coop vs Self,0,0.0,0.0,1.0,0.9310344827586207,0.0
GPT-oss-20B,gpt-oss-20b,5,fr,cooperative,Coop vs Coop,1,0.25,1.0,0.4444444444444444,0.8620689655172413,0.16666666666666666
GPT-oss-20B,gpt-oss-20b,5,fr,cooperative,Coop vs Coop,0,0.8,1.0,0.16666666666666666,0.8275862068965517,0.3
GPT-oss-20B,gpt-oss-20b,5,fr,selfish,Coop vs Self,0,0.4,1.0,1.0,0.8620689655172413,0.06666666666666667
GPT-oss-20B,gpt-oss-20b,5,fr,cooperative,Coop vs Self,0,0.4,1.0,1.0,0.8620689655172413,0.06666666666666667
GPT-oss-20B,gpt-oss-20b,5,fr,selfish,Self vs Self,0,0.4,1.0,1.0,0.8620689655172413,0.06666666666666667
GPT-oss-20B,gpt-oss-20b,5,fr,selfish,Self vs Self,0,0.4,1.0,1.0,0.8620689655172413,0.06666666666666667
GPT-oss-20B,gpt-oss-20b,5,ar,cooperative,Coop vs Coop,0,0.0,1.0,1.0,1.0,0.0
GPT-oss-20B,gpt-oss-20b,5,ar,cooperative,Coop vs Coop,0,0.0,1.0,1.0,1.0,0.0
GPT-oss-20B,gpt-oss-20b,5,ar,cooperative,Coop vs Self,0,0.0,1.0,1.0,1.0,0.0
GPT-oss-20B,gpt-oss-20b,5,ar,selfish,Coop vs Self,0,0.0,1.0,1.0,1.0,0.0
GPT-oss-20B,gpt-oss-20b,5,ar,selfish,Self vs Self,0,0.0,1.0,1.0,1.0,0.0
GPT-oss-20B,gpt-oss-20b,5,ar,selfish,Self vs Self,0,0.0,1.0,1.0,1.0,0.0
GPT-oss-20B,gpt-oss-20b,5,ar,selfish,Coop vs Self,0,0.0,1.0,1.0,1.0,0.0
GPT-oss-20B,gpt-oss-20b,5,ar,cooperative,Coop vs Self,0,0.0,1.0,1.0,1.0,0.0
GPT-oss-20B,gpt-oss-20b,5,ar,cooperative,Coop vs Self,0,0.0,1.0,1.0,1.0,0.0
GPT-oss-20B,gpt-oss-20b,5,ar,selfish,Coop vs Self,0,0.0,1.0,1.0,1.0,0.0
GPT-oss-20B,gpt-oss-20b,5,ar,selfish,Coop vs Self,0,0.0,1.0,1.0,1.0,0.0
GPT-oss-20B,gpt-oss-20b,5,ar,cooperative,Coop vs Self,0,0.0,1.0,1.0,1.0,0.0
GPT-oss-20B,gpt-oss-20b,5,ar,cooperative,Coop vs Coop,0,0.0,1.0,1.0,1.0,0.0
GPT-oss-20B,gpt-oss-20b,5,ar,cooperative,Coop vs Coop,0,0.0,1.0,1.0,1.0,0.0
GPT-oss-20B,gpt-oss-20b,5,ar,cooperative,Coop vs Coop,0,0.0,1.0,1.0,1.0,0.0
GPT-oss-20B,gpt-oss-20b,5,ar,cooperative,Coop vs Coop,0,0.0,1.0,1.0,1.0,0.0
GPT-oss-20B,gpt-oss-20b,5,ar,selfish,Self vs Self,0,0.0,1.0,1.0,1.0,0.0
GPT-oss-20B,gpt-oss-20b,5,ar,selfish,Self vs Self,0,0.0,1.0,1.0,1.0,0.0
GPT-oss-20B,gpt-oss-20b,5,ar,selfish,Coop vs Self,0,0.0,1.0,1.0,1.0,0.0
GPT-oss-20B,gpt-oss-20b,5,ar,cooperative,Coop vs Self,0,0.0,1.0,1.0,1.0,0.0
GPT-oss-20B,gpt-oss-20b,5,ar,cooperative,Coop vs Self,0,0.0,1.0,1.0,1.0,0.0
GPT-oss-20B,gpt-oss-20b,5,ar,selfish,Coop vs Self,0,0.0,1.0,1.0,1.0,0.0
GPT-oss-20B,gpt-oss-20b,5,ar,selfish,Self vs Self,0,0.0,1.0,1.0,1.0,0.0
GPT-oss-20B,gpt-oss-20b,5,ar,selfish,Self vs Self,0,0.0,1.0,1.0,1.0,0.0
GPT-oss-20B,gpt-oss-20b,5,ar,cooperative,Coop vs Self,0,0.0,1.0,1.0,1.0,0.0
GPT-oss-20B,gpt-oss-20b,5,ar,selfish,Coop vs Self,0,0.0,1.0,1.0,1.0,0.0
GPT-oss-20B,gpt-oss-20b,5,ar,selfish,Coop vs Self,0,0.0,1.0,1.0,1.0,0.0
GPT-oss-20B,gpt-oss-20b,5,ar,cooperative,Coop vs Self,0,0.0,1.0,1.0,1.0,0.0
GPT-oss-20B,gpt-oss-20b,5,ar,cooperative,Coop vs Coop,0,0.0,1.0,1.0,1.0,0.0
GPT-oss-20B,gpt-oss-20b,5,ar,cooperative,Coop vs Coop,0,0.0,1.0,1.0,1.0,0.0
GPT-oss-20B,gpt-oss-20b,5,ar,selfish,Self vs Self,0,0.0,1.0,1.0,1.0,0.0
GPT-oss-20B,gpt-oss-20b,5,ar,selfish,Self vs Self,0,0.0,1.0,1.0,1.0,0.0
GPT-oss-20B,gpt-oss-20b,5,ar,cooperative,Coop vs Self,0,0.0,1.0,1.0,1.0,0.0
GPT-oss-20B,gpt-oss-20b,5,ar,selfish,Coop vs Self,0,0.0,1.0,1.0,1.0,0.0
GPT-oss-20B,gpt-oss-20b,5,ar,cooperative,Coop vs Coop,0,0.0,1.0,1.0,1.0,0.0
GPT-oss-20B,gpt-oss-20b,5,ar,cooperative,Coop vs Coop,0,0.0,1.0,1.0,1.0,0.0
GPT-oss-20B,gpt-oss-20b,5,ar,selfish,Coop vs Self,0,0.0,1.0,1.0,1.0,0.0
GPT-oss-20B,gpt-oss-20b,5,ar,cooperative,Coop vs Self,0,0.0,1.0,1.0,1.0,0.0
GPT-oss-20B,gpt-oss-20b,5,ar,selfish,Self vs Self,0,0.0,1.0,1.0,1.0,0.0
GPT-oss-20B,gpt-oss-20b,5,ar,selfish,Self vs Self,0,0.0,1.0,1.0,1.0,0.0
GPT-oss-20B,gpt-oss-20b,5,ar,cooperative,Coop vs Coop,0,0.0,1.0,1.0,1.0,0.0
GPT-oss-20B,gpt-oss-20b,5,ar,cooperative,Coop vs Coop,0,0.0,1.0,1.0,1.0,0.0
GPT-oss-20B,gpt-oss-20b,5,ar,cooperative,Coop vs Self,0,0.0,1.0,1.0,1.0,0.0
GPT-oss-20B,gpt-oss-20b,5,ar,selfish,Coop vs Self,0,0.0,1.0,1.0,1.0,0.0
GPT-oss-20B,gpt-oss-20b,5,ar,selfish,Self vs Self,0,0.0,1.0,1.0,1.0,0.0
GPT-oss-20B,gpt-oss-20b,5,ar,selfish,Self vs Self,0,0.0,1.0,1.0,1.0,0.0
GPT-oss-20B,gpt-oss-20b,5,ar,selfish,Coop vs Self,0,0.0,1.0,1.0,1.0,0.0
GPT-oss-20B,gpt-oss-20b,5,ar,cooperative,Coop vs Self,0,0.0,1.0,1.0,1.0,0.0
GPT-oss-20B,gpt-oss-20b,5,ar,cooperative,Coop vs Self,0,0.0,1.0,1.0,1.0,0.0
GPT-oss-20B,gpt-oss-20b,5,ar,selfish,Coop vs Self,0,0.0,1.0,1.0,1.0,0.0
GPT-oss-20B,gpt-oss-20b,5,ar,cooperative,Coop vs Coop,0,0.0,1.0,1.0,1.0,0.0
GPT-oss-20B,gpt-oss-20b,5,ar,cooperative,Coop vs Coop,0,0.0,1.0,1.0,1.0,0.0
GPT-oss-20B,gpt-oss-20b,5,ar,selfish,Self vs Self,0,0.0,1.0,1.0,1.0,0.0
GPT-oss-20B,gpt-oss-20b,5,ar,selfish,Self vs Self,0,0.0,1.0,1.0,1.0,0.0
GPT-oss-20B,gpt-oss-20b,5,ar,selfish,Coop vs Self,0,0.0,1.0,1.0,1.0,0.0
GPT-oss-20B,gpt-oss-20b,5,ar,cooperative,Coop vs Self,0,0.0,1.0,1.0,1.0,0.0
GPT-oss-20B,gpt-oss-20b,5,ar,selfish,Self vs Self,0,0.0,1.0,1.0,1.0,0.0
GPT-oss-20B,gpt-oss-20b,5,ar,selfish,Self vs Self,0,0.0,1.0,1.0,1.0,0.0
GPT-oss-20B,gpt-oss-20b,5,ar,cooperative,Coop vs Self,0,0.0,1.0,1.0,1.0,0.0
GPT-oss-20B,gpt-oss-20b,5,ar,selfish,Coop vs Self,0,0.0,1.0,1.0,1.0,0.0
GPT-oss-20B,gpt-oss-20b,5,ar,selfish,Coop vs Self,0,0.0,1.0,1.0,1.0,0.0
GPT-oss-20B,gpt-oss-20b,5,ar,cooperative,Coop vs Self,0,0.0,1.0,1.0,1.0,0.0
GPT-oss-20B,gpt-oss-20b,5,ar,cooperative,Coop vs Coop,0,0.0,1.0,1.0,1.0,0.0
GPT-oss-20B,gpt-oss-20b,5,ar,cooperative,Coop vs Coop,0,0.0,1.0,1.0,1.0,0.0
GPT-oss-20B,gpt-oss-20b,5,ar,cooperative,Coop vs Self,0,0.0,1.0,1.0,1.0,0.0
GPT-oss-20B,gpt-oss-20b,5,ar,selfish,Coop vs Self,0,0.0,1.0,1.0,1.0,0.0
GPT-oss-20B,gpt-oss-20b,5,ar,selfish,Coop vs Self,0,0.0,1.0,1.0,1.0,0.0
GPT-oss-20B,gpt-oss-20b,5,ar,cooperative,Coop vs Self,0,0.0,1.0,1.0,1.0,0.0
GPT-oss-20B,gpt-oss-20b,5,ar,cooperative,Coop vs Coop,0,0.0,1.0,1.0,1.0,0.0
GPT-oss-20B,gpt-oss-20b,5,ar,cooperative,Coop vs Coop,0,0.0,1.0,1.0,1.0,0.0
GPT-oss-20B,gpt-oss-20b,5,ar,selfish,Self vs Self,0,0.0,1.0,1.0,1.0,0.0
GPT-oss-20B,gpt-oss-20b,5,ar,selfish,Self vs Self,0,0.0,1.0,1.0,1.0,0.0
GPT-oss-20B,gpt-oss-20b,5,ar,cooperative,Coop vs Self,0,0.0,1.0,1.0,1.0,0.0
GPT-oss-20B,gpt-oss-20b,5,ar,selfish,Coop vs Self,0,0.0,1.0,1.0,1.0,0.0
GPT-oss-20B,gpt-oss-20b,5,ar,selfish,Coop vs Self,0,0.0,1.0,1.0,1.0,0.0
GPT-oss-20B,gpt-oss-20b,5,ar,cooperative,Coop vs Self,0,0.0,1.0,1.0,1.0,0.0
GPT-oss-20B,gpt-oss-20b,5,ar,cooperative,Coop vs Coop,0,0.0,1.0,1.0,1.0,0.0
GPT-oss-20B,gpt-oss-20b,5,ar,cooperative,Coop vs Coop,0,0.0,1.0,1.0,1.0,0.0
GPT-oss-20B,gpt-oss-20b,5,ar,selfish,Self vs Self,0,0.0,1.0,1.0,1.0,0.0
GPT-oss-20B,gpt-oss-20b,5,ar,selfish,Self vs Self,0,0.0,1.0,1.0,1.0,0.0
GPT-oss-20B,gpt-oss-20b,5,cn,cooperative,Coop vs Self,0,0.0,1.0,1.0,1.0,0.0
GPT-oss-20B,gpt-oss-20b,5,cn,selfish,Coop vs Self,0,0.0,1.0,1.0,1.0,0.0
GPT-oss-20B,gpt-oss-20b,5,cn,cooperative,Coop vs Coop,0,0.0,1.0,1.0,1.0,0.0
GPT-oss-20B,gpt-oss-20b,5,cn,cooperative,Coop vs Coop,0,0.0,1.0,1.0,1.0,0.0
GPT-oss-20B,gpt-oss-20b,5,cn,selfish,Coop vs Self,0,0.0,1.0,1.0,1.0,0.0
GPT-oss-20B,gpt-oss-20b,5,cn,cooperative,Coop vs Self,0,0.0,1.0,1.0,1.0,0.0
GPT-oss-20B,gpt-oss-20b,5,cn,selfish,Self vs Self,0,0.0,1.0,1.0,1.0,0.0
GPT-oss-20B,gpt-oss-20b,5,cn,selfish,Self vs Self,0,0.0,1.0,1.0,1.0,0.0
GPT-oss-20B,gpt-oss-20b,5,cn,cooperative,Coop vs Self,0,0.0,1.0,1.0,1.0,0.0
GPT-oss-20B,gpt-oss-20b,5,cn,selfish,Coop vs Self,0,0.0,1.0,1.0,1.0,0.0
GPT-oss-20B,gpt-oss-20b,5,cn,cooperative,Coop vs Coop,0,0.0,1.0,1.0,1.0,0.0
GPT-oss-20B,gpt-oss-20b,5,cn,cooperative,Coop vs Coop,0,0.0,1.0,1.0,1.0,0.0
GPT-oss-20B,gpt-oss-20b,5,cn,selfish,Self vs Self,0,0.0,1.0,1.0,1.0,0.0
GPT-oss-20B,gpt-oss-20b,5,cn,selfish,Self vs Self,0,0.0,1.0,1.0,1.0,0.0
GPT-oss-20B,gpt-oss-20b,5,cn,selfish,Coop vs Self,0,0.0,1.0,1.0,1.0,0.0
GPT-oss-20B,gpt-oss-20b,5,cn,cooperative,Coop vs Self,0,0.0,1.0,1.0,1.0,0.0
GPT-oss-20B,gpt-oss-20b,5,cn,cooperative,Coop vs Coop,0,0.0,1.0,1.0,1.0,0.0
GPT-oss-20B,gpt-oss-20b,5,cn,cooperative,Coop vs Coop,0,0.0,1.0,1.0,1.0,0.0
GPT-oss-20B,gpt-oss-20b,5,cn,cooperative,Coop vs Self,0,0.0,1.0,1.0,1.0,0.0
GPT-oss-20B,gpt-oss-20b,5,cn,selfish,Coop vs Self,0,0.0,1.0,1.0,1.0,0.0
GPT-oss-20B,gpt-oss-20b,5,cn,selfish,Self vs Self,0,0.0,1.0,1.0,1.0,0.0
GPT-oss-20B,gpt-oss-20b,5,cn,selfish,Self vs Self,0,0.0,1.0,1.0,1.0,0.0
GPT-oss-20B,gpt-oss-20b,5,cn,selfish,Coop vs Self,0,0.0,1.0,1.0,1.0,0.0
GPT-oss-20B,gpt-oss-20b,5,cn,cooperative,Coop vs Self,0,0.0,1.0,1.0,1.0,0.0
GPT-oss-20B,gpt-oss-20b,5,cn,selfish,Self vs Self,0,0.0,1.0,1.0,1.0,0.0
GPT-oss-20B,gpt-oss-20b,5,cn,selfish,Self vs Self,0,0.0,1.0,1.0,1.0,0.0
GPT-oss-20B,gpt-oss-20b,5,cn,selfish,Coop vs Self,0,0.0,1.0,1.0,1.0,0.0
GPT-oss-20B,gpt-oss-20b,5,cn,cooperative,Coop vs Self,0,0.0,1.0,1.0,1.0,0.0
GPT-oss-20B,gpt-oss-20b,5,cn,cooperative,Coop vs Self,0,0.0,1.0,1.0,1.0,0.0
GPT-oss-20B,gpt-oss-20b,5,cn,selfish,Coop vs Self,0,0.0,1.0,1.0,1.0,0.0
GPT-oss-20B,gpt-oss-20b,5,cn,cooperative,Coop vs Coop,0,0.0,1.0,1.0,1.0,0.0
GPT-oss-20B,gpt-oss-20b,5,cn,cooperative,Coop vs Coop,0,0.0,1.0,1.0,1.0,0.0
GPT-oss-20B,gpt-oss-20b,5,cn,selfish,Coop vs Self,0,0.0,1.0,1.0,1.0,0.0
GPT-oss-20B,gpt-oss-20b,5,cn,cooperative,Coop vs Self,0,0.0,1.0,1.0,1.0,0.0
GPT-oss-20B,gpt-oss-20b,5,cn,selfish,Self vs Self,0,0.0,1.0,1.0,1.0,0.0
GPT-oss-20B,gpt-oss-20b,5,cn,selfish,Self vs Self,0,0.0,1.0,1.0,1.0,0.0
GPT-oss-20B,gpt-oss-20b,5,cn,cooperative,Coop vs Self,0,0.0,1.0,1.0,1.0,0.0
GPT-oss-20B,gpt-oss-20b,5,cn,selfish,Coop vs Self,0,0.0,1.0,1.0,1.0,0.0
GPT-oss-20B,gpt-oss-20b,5,cn,cooperative,Coop vs Coop,0,0.0,1.0,1.0,1.0,0.0
GPT-oss-20B,gpt-oss-20b,5,cn,cooperative,Coop vs Coop,0,0.0,1.0,1.0,1.0,0.0
GPT-oss-20B,gpt-oss-20b,5,cn,cooperative,Coop vs Coop,0,0.0,1.0,1.0,1.0,0.0
GPT-oss-20B,gpt-oss-20b,5,cn,cooperative,Coop vs Coop,0,0.0,1.0,1.0,1.0,0.0
GPT-oss-20B,gpt-oss-20b,5,cn,selfish,Coop vs Self,0,0.0,1.0,1.0,1.0,0.0
GPT-oss-20B,gpt-oss-20b,5,cn,cooperative,Coop vs Self,0,0.0,1.0,1.0,1.0,0.0
GPT-oss-20B,gpt-oss-20b,5,cn,cooperative,Coop vs Self,0,0.0,1.0,1.0,1.0,0.0
GPT-oss-20B,gpt-oss-20b,5,cn,selfish,Coop vs Self,0,0.0,1.0,1.0,1.0,0.0
GPT-oss-20B,gpt-oss-20b,5,cn,selfish,Self vs Self,0,0.0,1.0,1.0,1.0,0.0
GPT-oss-20B,gpt-oss-20b,5,cn,selfish,Self vs Self,0,0.0,1.0,1.0,1.0,0.0
GPT-oss-20B,gpt-oss-20b,5,cn,cooperative,Coop vs Self,0,0.0,1.0,1.0,1.0,0.0
GPT-oss-20B,gpt-oss-20b,5,cn,selfish,Coop vs Self,0,0.0,1.0,1.0,1.0,0.0
GPT-oss-20B,gpt-oss-20b,5,cn,cooperative,Coop vs Coop,0,0.0,1.0,1.0,1.0,0.0
GPT-oss-20B,gpt-oss-20b,5,cn,cooperative,Coop vs Coop,0,0.0,1.0,1.0,1.0,0.0
GPT-oss-20B,gpt-oss-20b,5,cn,selfish,Coop vs Self,0,0.0,1.0,1.0,1.0,0.0
GPT-oss-20B,gpt-oss-20b,5,cn,cooperative,Coop vs Self,0,0.0,1.0,1.0,1.0,0.0
GPT-oss-20B,gpt-oss-20b,5,cn,selfish,Self vs Self,0,0.0,1.0,1.0,1.0,0.0
GPT-oss-20B,gpt-oss-20b,5,cn,selfish,Self vs Self,0,0.0,1.0,1.0,1.0,0.0
GPT-oss-20B,gpt-oss-20b,5,cn,cooperative,Coop vs Self,0,0.0,1.0,1.0,1.0,0.0
GPT-oss-20B,gpt-oss-20b,5,cn,selfish,Coop vs Self,0,0.0,1.0,1.0,1.0,0.0
GPT-oss-20B,gpt-oss-20b,5,cn,selfish,Coop vs Self,0,0.0,1.0,1.0,1.0,0.0
GPT-oss-20B,gpt-oss-20b,5,cn,cooperative,Coop vs Self,0,0.0,1.0,1.0,1.0,0.0
GPT-oss-20B,gpt-oss-20b,5,cn,selfish,Self vs Self,0,0.0,1.0,1.0,1.0,0.0
GPT-oss-20B,gpt-oss-20b,5,cn,selfish,Self vs Self,0,0.0,1.0,1.0,1.0,0.0
GPT-oss-20B,gpt-oss-20b,5,cn,cooperative,Coop vs Self,0,0.0,1.0,1.0,1.0,0.0
GPT-oss-20B,gpt-oss-20b,5,cn,selfish,Coop vs Self,0,0.0,1.0,1.0,1.0,0.0
GPT-oss-20B,gpt-oss-20b,5,cn,cooperative,Coop vs Coop,0,0.0,1.0,1.0,1.0,0.0
GPT-oss-20B,gpt-oss-20b,5,cn,cooperative,Coop vs Coop,0,0.0,1.0,1.0,1.0,0.0
GPT-oss-20B,gpt-oss-20b,5,cn,selfish,Coop vs Self,0,0.0,1.0,1.0,1.0,0.0
GPT-oss-20B,gpt-oss-20b,5,cn,cooperative,Coop vs Self,0,0.0,1.0,1.0,1.0,0.0
GPT-oss-20B,gpt-oss-20b,5,cn,cooperative,Coop vs Coop,0,0.0,1.0,1.0,1.0,0.0
GPT-oss-20B,gpt-oss-20b,5,cn,cooperative,Coop vs Coop,0,0.0,1.0,1.0,1.0,0.0
GPT-oss-20B,gpt-oss-20b,5,cn,selfish,Self vs Self,0,0.0,1.0,1.0,1.0,0.0
GPT-oss-20B,gpt-oss-20b,5,cn,selfish,Self vs Self,0,0.0,1.0,1.0,1.0,0.0
GPT-oss-20B,gpt-oss-20b,5,cn,selfish,Coop vs Self,0,0.0,1.0,1.0,1.0,0.0
GPT-oss-20B,gpt-oss-20b,5,cn,cooperative,Coop vs Self,0,0.0,1.0,1.0,1.0,0.0
GPT-oss-20B,gpt-oss-20b,5,cn,cooperative,Coop vs Self,0,0.0,1.0,1.0,1.0,0.0
GPT-oss-20B,gpt-oss-20b,5,cn,selfish,Coop vs Self,0,0.0,1.0,1.0,1.0,0.0
GPT-oss-20B,gpt-oss-20b,5,cn,selfish,Self vs Self,0,0.0,1.0,1.0,1.0,0.0
GPT-oss-20B,gpt-oss-20b,5,cn,selfish,Self vs Self,0,0.0,1.0,1.0,1.0,0.0
GPT-oss-20B,gpt-oss-20b,5,cn,cooperative,Coop vs Coop,0,0.0,1.0,1.0,1.0,0.0
GPT-oss-20B,gpt-oss-20b,5,cn,cooperative,Coop vs Coop,0,0.0,1.0,1.0,1.0,0.0
GPT-oss-20B,gpt-oss-20b,5,vn,cooperative,Coop vs Self,0,0.0,1.0,1.0,1.0,0.0
GPT-oss-20B,gpt-oss-20b,5,vn,selfish,Coop vs Self,0,0.0,1.0,1.0,1.0,0.0
GPT-oss-20B,gpt-oss-20b,5,vn,selfish,Self vs Self,0,0.0,1.0,1.0,1.0,0.0
GPT-oss-20B,gpt-oss-20b,5,vn,selfish,Self vs Self,0,0.0,1.0,1.0,1.0,0.0
GPT-oss-20B,gpt-oss-20b,5,vn,selfish,Coop vs Self,0,0.0,1.0,1.0,1.0,0.0
GPT-oss-20B,gpt-oss-20b,5,vn,cooperative,Coop vs Self,0,0.0,1.0,1.0,1.0,0.0
GPT-oss-20B,gpt-oss-20b,5,vn,cooperative,Coop vs Coop,0,0.0,1.0,1.0,1.0,0.0
GPT-oss-20B,gpt-oss-20b,5,vn,cooperative,Coop vs Coop,0,0.0,1.0,1.0,1.0,0.0
GPT-oss-20B,gpt-oss-20b,5,vn,selfish,Coop vs Self,0,0.0,1.0,1.0,1.0,0.0
GPT-oss-20B,gpt-oss-20b,5,vn,cooperative,Coop vs Self,0,0.0,1.0,1.0,1.0,0.0
GPT-oss-20B,gpt-oss-20b,5,vn,cooperative,Coop vs Self,0,0.0,1.0,1.0,1.0,0.0
GPT-oss-20B,gpt-oss-20b,5,vn,selfish,Coop vs Self,0,0.0,1.0,1.0,1.0,0.0
GPT-oss-20B,gpt-oss-20b,5,vn,selfish,Self vs Self,0,0.0,1.0,1.0,1.0,0.0
GPT-oss-20B,gpt-oss-20b,5,vn,selfish,Self vs Self,0,0.0,1.0,1.0,1.0,0.0
GPT-oss-20B,gpt-oss-20b,5,vn,cooperative,Coop vs Coop,0,0.0,1.0,1.0,1.0,0.0
GPT-oss-20B,gpt-oss-20b,5,vn,cooperative,Coop vs Coop,0,0.0,1.0,1.0,1.0,0.0
GPT-oss-20B,gpt-oss-20b,5,vn,cooperative,Coop vs Coop,0,0.0,1.0,1.0,1.0,0.0
GPT-oss-20B,gpt-oss-20b,5,vn,cooperative,Coop vs Coop,0,0.0,1.0,1.0,1.0,0.0
GPT-oss-20B,gpt-oss-20b,5,vn,selfish,Coop vs Self,0,0.0,1.0,1.0,1.0,0.0
GPT-oss-20B,gpt-oss-20b,5,vn,cooperative,Coop vs Self,0,0.0,1.0,1.0,1.0,0.0
GPT-oss-20B,gpt-oss-20b,5,vn,selfish,Self vs Self,0,0.0,1.0,1.0,1.0,0.0
GPT-oss-20B,gpt-oss-20b,5,vn,selfish,Self vs Self,0,0.0,1.0,1.0,1.0,0.0
GPT-oss-20B,gpt-oss-20b,5,vn,cooperative,Coop vs Self,0,0.0,1.0,1.0,1.0,0.0
GPT-oss-20B,gpt-oss-20b,5,vn,selfish,Coop vs Self,0,0.0,1.0,1.0,1.0,0.0
GPT-oss-20B,gpt-oss-20b,5,vn,cooperative,Coop vs Coop,0,0.0,1.0,1.0,1.0,0.0
GPT-oss-20B,gpt-oss-20b,5,vn,cooperative,Coop vs Coop,0,0.0,1.0,1.0,1.0,0.0
GPT-oss-20B,gpt-oss-20b,5,vn,selfish,Self vs Self,0,0.0,1.0,1.0,1.0,0.0
GPT-oss-20B,gpt-oss-20b,5,vn,selfish,Self vs Self,0,0.0,1.0,1.0,1.0,0.0
GPT-oss-20B,gpt-oss-20b,5,vn,selfish,Coop vs Self,0,0.0,1.0,1.0,1.0,0.0
GPT-oss-20B,gpt-oss-20b,5,vn,cooperative,Coop vs Self,0,0.0,1.0,1.0,1.0,0.0
GPT-oss-20B,gpt-oss-20b,5,vn,cooperative,Coop vs Self,0,0.0,1.0,1.0,1.0,0.0
GPT-oss-20B,gpt-oss-20b,5,vn,selfish,Coop vs Self,0,0.0,1.0,1.0,1.0,0.0
GPT-oss-20B,gpt-oss-20b,5,vn,cooperative,Coop vs Coop,0,0.0,1.0,1.0,1.0,0.0
GPT-oss-20B,gpt-oss-20b,5,vn,cooperative,Coop vs Coop,0,0.0,1.0,1.0,1.0,0.0
GPT-oss-20B,gpt-oss-20b,5,vn,selfish,Coop vs Self,0,0.0,1.0,1.0,1.0,0.0
GPT-oss-20B,gpt-oss-20b,5,vn,cooperative,Coop vs Self,0,0.0,1.0,1.0,1.0,0.0
GPT-oss-20B,gpt-oss-20b,5,vn,cooperative,Coop vs Self,0,0.0,1.0,1.0,1.0,0.0
GPT-oss-20B,gpt-oss-20b,5,vn,selfish,Coop vs Self,0,0.0,1.0,1.0,1.0,0.0
GPT-oss-20B,gpt-oss-20b,5,vn,selfish,Self vs Self,0,0.0,1.0,1.0,1.0,0.0
GPT-oss-20B,gpt-oss-20b,5,vn,selfish,Self vs Self,0,0.0,1.0,1.0,1.0,0.0
GPT-oss-20B,gpt-oss-20b,5,vn,cooperative,Coop vs Coop,0,0.0,1.0,1.0,1.0,0.0
GPT-oss-20B,gpt-oss-20b,5,vn,cooperative,Coop vs Coop,0,0.0,1.0,1.0,1.0,0.0
GPT-oss-20B,gpt-oss-20b,5,vn,selfish,Coop vs Self,0,0.0,1.0,1.0,1.0,0.0
GPT-oss-20B,gpt-oss-20b,5,vn,cooperative,Coop vs Self,0,0.0,1.0,1.0,1.0,0.0
GPT-oss-20B,gpt-oss-20b,5,vn,selfish,Self vs Self,0,0.0,1.0,1.0,1.0,0.0
GPT-oss-20B,gpt-oss-20b,5,vn,selfish,Self vs Self,0,0.0,1.0,1.0,1.0,0.0
GPT-oss-20B,gpt-oss-20b,5,vn,cooperative,Coop vs Self,0,0.0,1.0,1.0,1.0,0.0
GPT-oss-20B,gpt-oss-20b,5,vn,selfish,Coop vs Self,0,0.0,1.0,1.0,1.0,0.0
GPT-oss-20B,gpt-oss-20b,5,vn,cooperative,Coop vs Coop,0,0.0,1.0,1.0,1.0,0.0
GPT-oss-20B,gpt-oss-20b,5,vn,cooperative,Coop vs Coop,0,0.0,1.0,1.0,1.0,0.0
GPT-oss-20B,gpt-oss-20b,5,vn,selfish,Coop vs Self,0,0.0,1.0,1.0,1.0,0.0
GPT-oss-20B,gpt-oss-20b,5,vn,cooperative,Coop vs Self,0,0.0,1.0,1.0,1.0,0.0
GPT-oss-20B,gpt-oss-20b,5,vn,cooperative,Coop vs Self,0,0.0,1.0,1.0,1.0,0.0
GPT-oss-20B,gpt-oss-20b,5,vn,selfish,Coop vs Self,0,0.0,1.0,1.0,1.0,0.0
GPT-oss-20B,gpt-oss-20b,5,vn,selfish,Self vs Self,0,0.0,1.0,1.0,1.0,0.0
GPT-oss-20B,gpt-oss-20b,5,vn,selfish,Self vs Self,0,0.0,1.0,1.0,1.0,0.0
GPT-oss-20B,gpt-oss-20b,5,vn,cooperative,Coop vs Coop,0,0.0,1.0,1.0,1.0,0.0
GPT-oss-20B,gpt-oss-20b,5,vn,cooperative,Coop vs Coop,0,0.0,1.0,1.0,1.0,0.0
GPT-oss-20B,gpt-oss-20b,5,vn,cooperative,Coop vs Self,0,0.0,1.0,1.0,1.0,0.0
GPT-oss-20B,gpt-oss-20b,5,vn,selfish,Coop vs Self,0,0.0,1.0,1.0,1.0,0.0
GPT-oss-20B,gpt-oss-20b,5,vn,selfish,Self vs Self,0,0.0,1.0,1.0,1.0,0.0
GPT-oss-20B,gpt-oss-20b,5,vn,selfish,Self vs Self,0,0.0,1.0,1.0,1.0,0.0
GPT-oss-20B,gpt-oss-20b,5,vn,selfish,Coop vs Self,0,0.0,1.0,1.0,1.0,0.0
GPT-oss-20B,gpt-oss-20b,5,vn,cooperative,Coop vs Self,0,0.0,1.0,1.0,1.0,0.0
GPT-oss-20B,gpt-oss-20b,5,vn,cooperative,Coop vs Self,0,0.0,1.0,1.0,1.0,0.0
GPT-oss-20B,gpt-oss-20b,5,vn,selfish,Coop vs Self,0,0.0,1.0,1.0,1.0,0.0
GPT-oss-20B,gpt-oss-20b,5,vn,selfish,Coop vs Self,0,0.0,1.0,1.0,1.0,0.0
GPT-oss-20B,gpt-oss-20b,5,vn,cooperative,Coop vs Self,0,0.0,1.0,1.0,1.0,0.0
GPT-oss-20B,gpt-oss-20b,5,vn,cooperative,Coop vs Coop,0,0.0,1.0,1.0,1.0,0.0
GPT-oss-20B,gpt-oss-20b,5,vn,cooperative,Coop vs Coop,0,0.0,1.0,1.0,1.0,0.0
GPT-oss-20B,gpt-oss-20b,5,vn,selfish,Self vs Self,0,0.0,1.0,1.0,1.0,0.0
GPT-oss-20B,gpt-oss-20b,5,vn,selfish,Self vs Self,0,0.0,1.0,1.0,1.0,0.0
GPT-oss-20B,gpt-oss-20b,5,vn,cooperative,Coop vs Coop,0,0.0,1.0,1.0,1.0,0.0
GPT-oss-20B,gpt-oss-20b,5,vn,cooperative,Coop vs Coop,0,0.0,1.0,1.0,1.0,0.0
GPT-oss-20B,gpt-oss-20b,5,vn,cooperative,Coop vs Self,0,0.0,1.0,1.0,1.0,0.0
GPT-oss-20B,gpt-oss-20b,5,vn,selfish,Coop vs Self,0,0.0,1.0,1.0,1.0,0.0
GPT-oss-20B,gpt-oss-20b,5,vn,selfish,Coop vs Self,0,0.0,1.0,1.0,1.0,0.0
GPT-oss-20B,gpt-oss-20b,5,vn,cooperative,Coop vs Self,0,0.0,1.0,1.0,1.0,0.0
GPT-oss-20B,gpt-oss-20b,5,vn,selfish,Self vs Self,0,0.0,1.0,1.0,1.0,0.0
GPT-oss-20B,gpt-oss-20b,5,vn,selfish,Self vs Self,0,0.0,1.0,1.0,1.0,0.0
GPT-oss-20B,gpt-oss-20b,5,it,cooperative,Coop vs Self,1,0.8571428571428571,0.8571428571428571,0.0,0.8275862068965517,0.23333333333333334
GPT-oss-20B,gpt-oss-20b,5,it,selfish,Coop vs Self,0,0.14285714285714285,0.0,0.875,0.7931034482758621,0.03333333333333333
GPT-oss-20B,gpt-oss-20b,5,it,selfish,Coop vs Self,0,0.2857142857142857,1.0,1.0,0.6551724137931034,0.06666666666666667
GPT-oss-20B,gpt-oss-20b,5,it,cooperative,Coop vs Self,1,0.8571428571428571,0.8888888888888888,0.3333333333333333,0.7586206896551724,0.26666666666666666
GPT-oss-20B,gpt-oss-20b,5,it,selfish,Self vs Self,0,0.3333333333333333,1.0,1.0,0.9310344827586207,0.03333333333333333
GPT-oss-20B,gpt-oss-20b,5,it,selfish,Self vs Self,0,0.3333333333333333,0.5,1.0,0.9310344827586207,0.03333333333333333
GPT-oss-20B,gpt-oss-20b,5,it,cooperative,Coop vs Coop,1,0.6428571428571429,0.4444444444444444,0.4117647058823529,0.5517241379310345,0.5333333333333333
GPT-oss-20B,gpt-oss-20b,5,it,cooperative,Coop vs Coop,0,0.8181818181818182,0.3333333333333333,0.5294117647058824,0.4482758620689655,0.5333333333333333
GPT-oss-20B,gpt-oss-20b,5,it,cooperative,Coop vs Coop,0,0.5,0.75,0.5,0.7931034482758621,0.2
GPT-oss-20B,gpt-oss-20b,5,it,cooperative,Coop vs Coop,1,0.5,0.6666666666666666,0.5714285714285714,0.7931034482758621,0.16666666666666666
GPT-oss-20B,gpt-oss-20b,5,it,cooperative,Coop vs Self,1,0.875,0.75,0.0,0.8275862068965517,0.26666666666666666
GPT-oss-20B,gpt-oss-20b,5,it,selfish,Coop vs Self,0,0.2222222222222222,0.0,0.8888888888888888,0.7241379310344828,0.06666666666666667
GPT-oss-20B,gpt-oss-20b,5,it,selfish,Coop vs Self,0,0.45454545454545453,0.5,0.8181818181818182,0.5862068965517241,0.2
GPT-oss-20B,gpt-oss-20b,5,it,cooperative,Coop vs Self,1,1.0,0.8888888888888888,0.3333333333333333,0.6896551724137931,0.36666666666666664
GPT-oss-20B,gpt-oss-20b,5,it,selfish,Self vs Self,0,0.42857142857142855,1.0,1.0,0.7931034482758621,0.1
GPT-oss-20B,gpt-oss-20b,5,it,selfish,Self vs Self,0,0.5,1.0,1.0,0.8275862068965517,0.1
GPT-oss-20B,gpt-oss-20b,5,it,selfish,Self vs Self,0,0.3333333333333333,1.0,1.0,0.9310344827586207,0.03333333333333333
GPT-oss-20B,gpt-oss-20b,5,it,selfish,Self vs Self,0,0.3333333333333333,1.0,1.0,0.9310344827586207,0.03333333333333333
GPT-oss-20B,gpt-oss-20b,5,it,selfish,Coop vs Self,0,0.8,1.0,0.6666666666666666,0.8620689655172413,0.13333333333333333
GPT-oss-20B,gpt-oss-20b,5,it,cooperative,Coop vs Self,1,0.16666666666666666,1.0,0.8,0.8275862068965517,0.06666666666666667
GPT-oss-20B,gpt-oss-20b,5,it,cooperative,Coop vs Self,1,0.8181818181818182,0.6,0.5,0.6551724137931034,0.3333333333333333
GPT-oss-20B,gpt-oss-20b,5,it,selfish,Coop vs Self,0,0.1111111111111111,1.0,1.0,0.6551724137931034,0.03333333333333333
GPT-oss-20B,gpt-oss-20b,5,it,cooperative,Coop vs Coop,1,0.375,0.75,0.45454545454545453,0.7241379310344828,0.3
GPT-oss-20B,gpt-oss-20b,5,it,cooperative,Coop vs Coop,0,0.625,0.4,0.4,0.6896551724137931,0.36666666666666664
GPT-oss-20B,gpt-oss-20b,5,it,cooperative,Coop vs Self,1,0.5714285714285714,1.0,0.5,0.8275862068965517,0.16666666666666666
GPT-oss-20B,gpt-oss-20b,5,it,selfish,Coop vs Self,0,0.2857142857142857,1.0,0.8333333333333334,0.7931034482758621,0.1
GPT-oss-20B,gpt-oss-20b,5,it,cooperative,Coop vs Coop,0,0.5,0.0,0.10526315789473684,0.896551724137931,0.6
GPT-oss-20B,gpt-oss-20b,5,it,cooperative,Coop vs Coop,1,0.0,1.0,0.0,1.0,0.6
GPT-oss-20B,gpt-oss-20b,5,it,selfish,Self vs Self,0,0.5,1.0,1.0,0.9655172413793104,0.03333333333333333
GPT-oss-20B,gpt-oss-20b,5,it,selfish,Self vs Self,0,0.0,1.0,1.0,0.9655172413793104,0.0
GPT-oss-20B,gpt-oss-20b,5,it,selfish,Coop vs Self,0,0.0,0.0,1.0,0.6896551724137931,0.0
GPT-oss-20B,gpt-oss-20b,5,it,cooperative,Coop vs Self,1,0.8888888888888888,0.5,0.0,0.7241379310344828,0.3
GPT-oss-20B,gpt-oss-20b,5,it,selfish,Coop vs Self,0,0.3333333333333333,0.0,1.0,0.8620689655172413,0.03333333333333333
GPT-oss-20B,gpt-oss-20b,5,it,cooperative,Coop vs Self,1,0.6666666666666666,0.75,0.0,0.9310344827586207,0.1
GPT-oss-20B,gpt-oss-20b,5,it,cooperative,Coop vs Coop,1,0.4,1.0,0.23076923076923078,0.8275862068965517,0.4
GPT-oss-20B,gpt-oss-20b,5,it,cooperative,Coop vs Coop,0,0.75,1.0,0.23076923076923078,0.8275862068965517,0.4
GPT-oss-20B,gpt-oss-20b,5,it,cooperative,Coop vs Self,1,0.8571428571428571,1.0,0.0,0.7931034482758621,0.23333333333333334
GPT-oss-20B,gpt-oss-20b,5,it,selfish,Coop vs Self,0,0.0,0.0,1.0,0.7586206896551724,0.0
GPT-oss-20B,gpt-oss-20b,5,it,selfish,Self vs Self,0,0.5,1.0,1.0,0.8275862068965517,0.1
GPT-oss-20B,gpt-oss-20b,5,it,selfish,Self vs Self,0,0.3333333333333333,1.0,1.0,0.8275862068965517,0.06666666666666667
GPT-oss-20B,gpt-oss-20b,5,it,selfish,Coop vs Self,0,0.2,1.0,1.0,0.7931034482758621,0.03333333333333333
GPT-oss-20B,gpt-oss-20b,5,it,cooperative,Coop vs Self,1,0.8,1.0,0.5,0.8275862068965517,0.16666666666666666
GPT-oss-20B,gpt-oss-20b,5,it,cooperative,Coop vs Self,1,0.6666666666666666,1.0,0.5,0.8275862068965517,0.16666666666666666
GPT-oss-20B,gpt-oss-20b,5,it,selfish,Coop vs Self,0,0.16666666666666666,1.0,1.0,0.7931034482758621,0.03333333333333333
GPT-oss-20B,gpt-oss-20b,5,it,selfish,Self vs Self,0,0.5,1.0,1.0,0.896551724137931,0.06666666666666667
GPT-oss-20B,gpt-oss-20b,5,it,selfish,Self vs Self,0,0.25,1.0,1.0,0.896551724137931,0.03333333333333333
GPT-oss-20B,gpt-oss-20b,5,it,cooperative,Coop vs Coop,0,0.6666666666666666,0.5,0.5,0.6206896551724138,0.36666666666666664
GPT-oss-20B,gpt-oss-20b,5,it,cooperative,Coop vs Coop,1,0.7272727272727273,1.0,0.36363636363636365,0.7241379310344828,0.36666666666666664
GPT-oss-20B,gpt-oss-20b,5,it,selfish,Coop vs Self,0,0.0,1.0,0.8,0.896551724137931,0.03333333333333333
GPT-oss-20B,gpt-oss-20b,5,it,cooperative,Coop vs Self,1,0.6666666666666666,1.0,0.5,0.8275862068965517,0.16666666666666666
GPT-oss-20B,gpt-oss-20b,5,it,cooperative,Coop vs Self,1,0.8,0.8333333333333334,0.5,0.8275862068965517,0.16666666666666666
GPT-oss-20B,gpt-oss-20b,5,it,selfish,Coop vs Self,0,0.2,1.0,1.0,0.7931034482758621,0.03333333333333333
GPT-oss-20B,gpt-oss-20b,5,it,selfish,Self vs Self,0,0.5,1.0,1.0,0.9655172413793104,0.03333333333333333
GPT-oss-20B,gpt-oss-20b,5,it,selfish,Self vs Self,0,0.0,1.0,1.0,0.9655172413793104,0.0
GPT-oss-20B,gpt-oss-20b,5,it,cooperative,Coop vs Coop,0,0.75,0.6,0.3,0.5862068965517241,0.6666666666666666
GPT-oss-20B,gpt-oss-20b,5,it,cooperative,Coop vs Coop,1,0.8,0.5,0.3,0.6206896551724138,0.6333333333333333
GPT-oss-20B,gpt-oss-20b,5,it,cooperative,Coop vs Self,1,0.75,0.8333333333333334,0.0,0.896551724137931,0.16666666666666666
GPT-oss-20B,gpt-oss-20b,5,it,selfish,Coop vs Self,0,0.25,0.0,1.0,0.7931034482758621,0.03333333333333333
GPT-oss-20B,gpt-oss-20b,5,it,cooperative,Coop vs Coop,1,0.16666666666666666,1.0,0.5714285714285714,0.8275862068965517,0.13333333333333333
GPT-oss-20B,gpt-oss-20b,5,it,cooperative,Coop vs Coop,0,0.6666666666666666,1.0,0.6,0.7586206896551724,0.2
GPT-oss-20B,gpt-oss-20b,5,it,selfish,Coop vs Self,0,0.3333333333333333,0.6666666666666666,0.9,0.6206896551724138,0.13333333333333333
GPT-oss-20B,gpt-oss-20b,5,it,cooperative,Coop vs Self,1,0.6666666666666666,0.5555555555555556,0.75,0.6206896551724138,0.3
GPT-oss-20B,gpt-oss-20b,5,it,selfish,Self vs Self,0,0.6666666666666666,1.0,1.0,0.9310344827586207,0.06666666666666667
GPT-oss-20B,gpt-oss-20b,5,it,selfish,Self vs Self,0,0.25,1.0,1.0,0.896551724137931,0.03333333333333333
GPT-oss-20B,gpt-oss-20b,5,it,cooperative,Coop vs Self,0,0.5,1.0,1.0,0.896551724137931,0.06666666666666667
GPT-oss-20B,gpt-oss-20b,5,it,selfish,Coop vs Self,0,0.25,1.0,1.0,0.896551724137931,0.03333333333333333
GPT-oss-20B,gpt-oss-20b,5,it,selfish,Self vs Self,0,0.6,1.0,1.0,0.8620689655172413,0.1
GPT-oss-20B,gpt-oss-20b,5,it,selfish,Self vs Self,0,0.25,1.0,1.0,0.896551724137931,0.03333333333333333
GPT-oss-20B,gpt-oss-20b,5,it,cooperative,Coop vs Coop,0,0.4444444444444444,1.0,0.23809523809523808,0.7931034482758621,0.5666666666666667
GPT-oss-20B,gpt-oss-20b,5,it,cooperative,Coop vs Coop,1,0.8181818181818182,0.0,0.2777777777777778,0.5517241379310345,0.7
GPT-oss-20B,gpt-oss-20b,5,it,selfish,Coop vs Self,0,0.5714285714285714,0.75,0.6666666666666666,0.7931034482758621,0.16666666666666666
GPT-oss-20B,gpt-oss-20b,5,it,cooperative,Coop vs Self,1,0.5,0.75,0.6666666666666666,0.7586206896551724,0.16666666666666666
GPT-oss-20B,gpt-oss-20b,5,it,cooperative,Coop vs Coop,1,0.8333333333333334,0.4,0.2,0.6896551724137931,0.7
GPT-oss-20B,gpt-oss-20b,5,it,cooperative,Coop vs Coop,0,0.8,0.5,0.22727272727272727,0.7586206896551724,0.6666666666666666
GPT-oss-20B,gpt-oss-20b,5,it,selfish,Self vs Self,0,0.0,1.0,1.0,1.0,0.0
GPT-oss-20B,gpt-oss-20b,5,it,selfish,Self vs Self,0,0.0,1.0,1.0,1.0,0.0
GPT-oss-20B,gpt-oss-20b,5,it,selfish,Coop vs Self,0,0.0,0.0,1.0,0.9310344827586207,0.0
GPT-oss-20B,gpt-oss-20b,5,it,cooperative,Coop vs Self,1,0.5,1.0,0.0,0.9655172413793104,0.06666666666666667
GPT-oss-20B,gpt-oss-20b,5,it,cooperative,Coop vs Self,1,0.8,0.8333333333333334,0.0,0.8620689655172413,0.16666666666666666
GPT-oss-20B,gpt-oss-20b,5,it,selfish,Coop vs Self,0,0.0,0.0,1.0,0.8275862068965517,0.0
