game_id,agent_name,personality,cooperation_rate,state_action_seq,nice,forgiving,retaliatory,troublemaking,emulative,predicted_strategy,prediction_confidence
game_5,agent1,cooperative,0.8333,EC SC SC SC SC SD PC SC SC SC SC SC SD TC SC SC SC SD PC SD PC SC SC SC SD TC SC SC SC SC,1,0.96,0.18181818181818182,0.0,0.2413793103448276,AllC,0.9999994
game_5,agent2,selfish,0.1667,ED TD TD TD PD PD PD PC SD PC SD PD PC SD PD PD PD PD PD PD PD PD PD PD PC SD TD PD TC SD,0,0.7142857142857143,0.6666666666666666,0.8333333333333334,0.7241379310344828,AllD,0.99366426
game_5,agent3,mixed,0.3,EC SC SC SD PD PD PD PD TD PD TD PD PC SD PD PD PD PD PD PC SD PD PD PD PC SC SD PC SD TC,1,0.7272727272727273,0.625,0.5,0.6896551724137931,AllD,0.89106965
game_0,agent1,cooperative,0.9667,EC RC RC SC SC SC RC RC RD PC SC SC RC RC SC SC SC SC RC RC SC SC RC RC SC SC SC RC RC SC,1,1.0,0.0,0.07142857142857142,0.41379310344827586,AllC,0.9998287
game_0,agent2,cooperative,0.7,EC RC RC SC SD TC RC RC RC SD TD PC RC RC SD TC SD TC RC RC SD TC RC RD TC SD TC RC RD TC,1,0.875,0.8,0.13636363636363635,0.8275862068965517,TFT,0.8860471
game_0,agent3,cooperative,0.7333,EC RC RD TD TC SC RC RC RD PC SD PC RC RD TC SD TC SC RC RD TC SC RC RC SD TC SC RC RC SC,0,1.0,0.25,0.25,0.5862068965517241,AllC,0.900766
game_2,agent1,cooperative,0.8,EC RC SC SD PC RC RC SC SC RC RC RD TC RC SD TC SC RD TC SC SC SC SC SD PC RC SC SC SD TC,1,0.9333333333333333,0.2857142857142857,0.14285714285714285,0.5172413793103449,AllC,0.9968972
game_2,agent2,cooperative,0.7667,EC RD PC SC SC RC RD PC SC RC RC RC SC RC SC SD TC RC SC SC SC SC SC SC SC RD TD TD PC SD,0,0.9411764705882353,0.07692307692307693,0.38461538461538464,0.3103448275862069,AllC,0.9994772
game_2,agent3,mixed,0.5333,EC RD PD TD PC RC RD PD TC RC RC RC SC RD TC SC SC RC SD TD TD TD TD TD PC RC SC SD PC SD,0,0.5333333333333333,0.5,0.5,0.4482758620689655,AllD,0.4422606
game_11,agent1,selfish,0.0667,ED PD TD TD TD PD PC SD PC SD TD PD PD PD TD PD PD TD PD PD PD PD TD PD PD PD PD PD PD PD,0,0.2,0.5,1.0,0.6896551724137931,AllD,0.7876182
game_11,agent2,cooperative,0.6667,ED PC SC SC SC SC SD PD PD PC SC SC SD PC SD PD PC SC SC SD PC SC SC SC SD PC SD PC SC SC,0,0.9523809523809523,0.3157894736842105,1.0,0.3103448275862069,AllC,0.9963347
game_11,agent3,mixed,0.3333,EC SC SC SC SD PD PD PD PD PC SD PD PD PC SC SD PC SD PD PD PD PC SD PD PD PD PC SD PD PD,1,0.9,0.6363636363636364,0.0,0.6896551724137931,TFT,0.78870916
game_14,agent1,selfish,0.1333,ED PD PD PC SD PD PC SD PD PD PD PD PD PD PD PD PC SD PD PD PD PD PD PD PD TD TD PD PD PC,0,0.5714285714285714,1.0,1.0,0.7931034482758621,AllD,0.9943678
game_14,agent2,selfish,0.2,ED PC SD PD TD PD PC SD PD PD PD PD PD PD PD PD PD TD PD PD PD PD PD PD PC SC SD PC SC SD,0,0.6666666666666666,0.6666666666666666,1.0,0.7241379310344828,AllD,0.9996475
game_14,agent3,mixed,0.3667,EC SD PC SC SD PC SD TD PC SD PD PD PD PD PD PC SC SC SD PD PD PC SD PD PC SC SD PD PD PD,1,0.8333333333333334,0.7272727272727273,0.5,0.6206896551724138,WSLS,0.9999267
game_12,agent1,selfish,0.1,EC SD TD PD PD PC SD TD PD PD PD PD PD PD PD PD PD PD PD PD PC SD PD PD PD PD PD PD PD PD,1,0.4,1.0,0.6666666666666666,0.8620689655172413,TFT,1.0
game_12,agent2,selfish,0.1667,ED PC SD PD PD PD TC SD PD PD PD PD PD PC SD PD PD PD PD PD PD TD PD PD PD PC SD PD PC SD,0,0.7142857142857143,0.8,0.6666666666666666,0.8275862068965517,AllD,0.94448376
game_12,agent3,cooperative,0.5,ED PC SC SC SC SC SC SC SC SD PD PD PC SD PD PD PC SC SD PC SC SC SC SD PD PD PD PD PD PD,0,0.9375,0.375,1.0,0.4827586206896552,AllC,0.9999963
game_4,agent1,cooperative,0.8333,EC SC SC SC SC SC SD PC SC SC SD TC SC SC SC SC SD PC SD PC SD PC SC SC SC SC RC SC SC SC,1,0.9583333333333334,0.13636363636363635,0.0,0.2413793103448276,AllC,0.9999993
game_4,agent2,selfish,0.2667,ED PD PD TC SD PD PD PD PD TD TC SD PD TD PC SD PD PD PD PD PC SD PD PD PC SC RC SD PD PC,0,0.7,1.0,0.5,0.7586206896551724,AllD,0.9747064
game_4,agent3,selfish,0.2667,ED PD PC SD TD PD PD PD PC SC SC SD PC SD PD TD PC SD PC SD PD PD PD PD PD TC RD TD PD PD,0,0.7272727272727273,0.5714285714285714,0.8333333333333334,0.6206896551724138,AllD,0.9961062
game_9,agent1,selfish,0.0333,ED TD PD TD PD PD PD PD PD TD PD PD PD PD PD PD PD PD PD PD PD PD PC SD PD PD PD PD PD TD,0,0.2,1.0,1.0,0.8275862068965517,AllD,0.999974
game_9,agent2,cooperative,0.3,EC SD PC SD PD PC SD PD PC SD PD PD PD PC SD PC SD PD PD PD PD PD PD PC SD PD PD PC SC SD,1,0.8888888888888888,0.7777777777777778,0.0,0.7241379310344828,WSLS,0.98180884
game_9,agent3,cooperative,0.2,EC SD PC SD PD PD PD PD PC SD PD PD PC SD PD PD PD PC SD PD PD PD PD PD PD PD PD PD PC SD,1,0.8333333333333334,0.8333333333333334,0.0,0.8275862068965517,TFT,0.9456606
game_8,agent1,cooperative,0.7333,ED TC RD TD PC SC RC SC SC RC SD PC RC RC SD PD TC SC SC RC SC SC SC SC RC SC SC SD PC SD,0,0.9375,0.26666666666666666,0.2727272727272727,0.4482758620689655,AllC,0.9871516
game_8,agent2,mixed,0.6333,EC SC RC SD PC SC RD PD TC RC SD PC RC RC SC SC SD TC SC RD PC SD TD TC RC SD PC SD PC SD,1,0.8666666666666667,0.38461538461538464,0.25,0.5517241379310345,AllC,0.97869325
game_8,agent3,mixed,0.5,EC SC RC SD PD TC RD PC SC RD TD PC RC RD TD PC SC SD TC RD PD TC SC SC RD TD PD TC SD TD,1,0.8571428571428571,0.5714285714285714,0.5625,0.41379310344827586,AllC,0.9458032
game_7,agent1,cooperative,0.7667,ED PC RC SC SC SC SC SC RC SC SC SC SD PC RC SC SD PC SC SC SC SD PD PC SD PD PC SC RC SC,0,0.95,0.25,0.2,0.3448275862068966,AllC,0.99999666
game_7,agent2,mixed,0.3333,EC SC RD TD PD TC SD PC RC SD TD PD PD PC RC SD PD PD PD PD PD PC SD PD TD PC SD TC RD PD,1,0.7,0.7142857142857143,0.5,0.6551724137931034,WSLS,0.519576
game_7,agent3,selfish,0.4,ED PC RC SD PC SD TD PC RD TC SD PD PC SC RD TD PD PD PD PD PD PD PD PC SC SD PC SC RD PC,0,0.8333333333333334,0.42857142857142855,0.75,0.4827586206896552,WSLS,0.9994442
game_10,agent1,selfish,0.1667,ED PD PC SC SC SD PD PD PD PD PD PD PD PD PC SD TD PD PD PD PC SD PD PD TD PD PD PD PD PD,0,0.625,0.8,1.0,0.7586206896551724,AllD,0.99010146
game_10,agent2,cooperative,0.3333,EC SD PD PC SC SD PD PC SC SD PD PC SC SD PD TC SC SD PD PD PD PD PD PC SD PD PD PD PD PD,1,0.9,1.0,0.0,0.7241379310344828,WSLS,0.5810821
game_10,agent3,selfish,0.1667,ED PD PD PD TD TD PD PD PD PD PC SD PD PD PC SC SD PD PD PD PD PD PD PC SD PD PD PC SD PD,0,0.625,1.0,1.0,0.7586206896551724,AllD,0.99998486
game_1,agent1,cooperative,0.7667,EC SC RC SC SC SC RC SC RC SC SC SC SC SD PC SD PC RC SC RC SD TC RD PC SD PC SD PC RC SD,1,0.9411764705882353,0.16666666666666666,0.1111111111111111,0.4482758620689655,AllC,0.99999857
game_1,agent2,cooperative,0.7333,EC SC RC SC SC SC RC SC RC SD PC SD PD PC SC SC SC RD PC RD PC SC RD PD PC SD TC SC RC SC,1,0.9444444444444444,0.21428571428571427,0.3333333333333333,0.3448275862068966,AllC,0.9999745
game_1,agent3,selfish,0.3,ED TC RD TD TD TC RD TC RD TD PD TD PD PD PD TD PC RD PC RD PC SC RD PD PD PC SD PC RD TD,0,0.6666666666666666,0.25,0.8235294117647058,0.3448275862068966,AllD,0.9966112
game_6,agent1,cooperative,0.8,ED TD PC SC SC SC SC SC SC SC SC RC SC SC SC SC RD PC SD PD PC SC RD PC SC SC SC SC RC SC,0,0.9565217391304348,0.05555555555555555,0.6666666666666666,0.13793103448275862,AllC,0.99999845
game_6,agent2,mixed,0.5,EC SD PC SD TC SC SC SC SC SC SC RD TD TD TD TC RD PD TD PC SD PC RD PC SD PC SD PC RD TD,1,0.8666666666666667,0.16666666666666666,0.75,0.27586206896551724,AllC,0.9998338
game_6,agent3,cooperative,0.4333,EC SD PD TC SD TD TD TD TD TD TC RC SC SC SC SC RC SC SD PD PD PC RD PD TD PD TD PC RC SD,1,0.5294117647058824,0.5454545454545454,0.5714285714285714,0.4827586206896552,WSLS,0.62305886
game_15,agent1,selfish,0.3,ED PD PC SD PD PD PD PD PD PD PD PD PD PC SD PD PD PC SD PC SD PD PC SC SD PC SD PC SC SD,0,0.9,0.6666666666666666,1.0,0.6896551724137931,AllD,0.9953597
game_15,agent2,mixed,0.1,ED PD PD PD PD PD PD PD PC SD PD PD PD PD PD PD PD PD PD PD PC SD PD PD PD PD PD PC SD TD,0,0.6,1.0,1.0,0.8620689655172413,AllD,0.9936045
game_15,agent3,cooperative,0.1,ED PD PD PC SD PD PD PD PD PD PD PD PD PD PD PD PD PD PD PD PD PD PD PD PD PD PD PD TC SC,0,0.75,1.0,0.5,0.9310344827586207,TFT,1.0
game_3,agent1,cooperative,0.8,EC SC RC SC RC SC RC SC SC SD PC SC SC SC RC SD PD PC RC SC SC SC SC SC RC RD PC SD PC SD,1,0.9444444444444444,0.16666666666666666,0.125,0.3793103448275862,AllC,0.9999701
game_3,agent2,selfish,0.2667,ED PC RD PC RD TC RD TD TD TD PC SD TD TC RD TD PD PC RD TD TD TD TD PC RC RD PD TD PD TD,0,0.6,0.3333333333333333,0.8571428571428571,0.2413793103448276,AllD,0.980976
game_3,agent3,cooperative,0.8667,ED PC RD PC RC SC RC SC SC SC SD TC SC SC RC SC SC SC RC SC SC SC SD PC RC RC SC SC SC SC,0,0.9523809523809523,0.1,0.2222222222222222,0.3103448275862069,AllC,0.99996066
game_13,agent1,selfish,0.2,ED PD PC SD PD PD PD PD PD PD PD PD PC SD PD PD PD PC SC SD PD PD PD PD PC SD PC RD PD PD,0,0.8571428571428571,0.8571428571428571,1.0,0.7586206896551724,AllD,0.9953597
game_13,agent2,selfish,0.2,EC SD PD PD PD PC SD PD PC SD PD PC SD PD PD PD PC SD PD PD PD PD PD PD PD PD PC RD PD PD,1,0.8333333333333334,1.0,0.5,0.7931034482758621,TFT,0.95404387
game_13,agent3,selfish,0.0667,ED PD PD PD PD PD PD PC SD PD PD PD PD PD PD PD PD PD PD PD PD PD PD PD PD PD PC RD PD PD,0,0.6666666666666666,1.0,1.0,0.896551724137931,TFT,1.0
game_19,agent1,mixed,0.2,ED PD PD PC RD PD PD PD PD PD TD PD PD PC SC SC RD PD PD PD PD PC SD TD PD PD PD PD PD PC,0,0.6666666666666666,0.75,1.0,0.6551724137931034,AllD,0.9990688
game_19,agent2,cooperative,0.8333,EC SC SC SC RC SC SD PC SD PC SC SC SC SC SD PC RC SD PC SC SC SC SC SC SC SC SC SC SD PC,1,0.9565217391304348,0.16666666666666666,0.0,0.2413793103448276,AllC,0.99980825
game_19,agent3,selfish,0.1667,ED PD PD PC RD PD PD PD PC SC SD PD PD PD TD PC RD PD PD PD PD PD TC SD PD PD PD PD PD PD,0,0.7142857142857143,1.0,0.8,0.7586206896551724,AllD,0.99652123
game_17,agent1,selfish,0.2,ED PD PD PD PC SC SD PC RD PD PD PD PD PD PD PD PC SD PD PD PC SD PD PD PD PD PD PD PC SD,0,0.8571428571428571,0.8333333333333334,1.0,0.7586206896551724,AllD,0.9997892
game_17,agent2,mixed,0.2333,EC SD PD PC SD PD TD PC RD PD PD PD PC SC SC SD PD PD PD PC SD PD PD PD PD PD PD PD PD PD,1,0.75,0.875,0.6666666666666666,0.7241379310344828,AllD,0.8086709
game_17,agent3,mixed,0.2,ED PD PD PD PD PC SC SC RC SD PD PD PD PD PD PD PD PC SD PD PD PD PD PD PC SD PD PD PD PD,0,0.8333333333333334,0.8333333333333334,0.5,0.8275862068965517,AllD,0.75298065
game_16,agent1,selfish,0.2,EC SD PC SD PD PD PD PC SD PC SD PD PD PD PD PD PD PD PD PD PD PD PD PD PD PD PD PC SC SD,1,0.8333333333333334,0.6666666666666666,0.0,0.8275862068965517,WSLS,0.78819376
game_16,agent2,mixed,0.1,EC SD PD TD PD PC SD PD PD PD TD PD PD PD PD PD PD PD PD PD PD PD PD PD PD PD PC SD PD PD,1,0.4,1.0,0.6666666666666666,0.8620689655172413,TFT,1.0
game_16,agent3,selfish,0.1333,ED TD PC SD PD PD PD PD PD PC SD PD PD PD PD PC SD PD PC SD PD PD PD PD PD PD PD PD PD PD,0,0.8,1.0,1.0,0.8275862068965517,AllD,0.9932054
game_18,agent1,mixed,0.3667,EC RD TD TD PD PD PD PC SD PD PD PC RD TC RD TC RD TC RD PC SD PD PC RC RC SC SD TD PD PD,0,0.7142857142857143,0.6,0.5714285714285714,0.5517241379310345,AllD,0.99165076
game_18,agent2,cooperative,0.6,EC RC SC SD PD PC SD PC SD PC SD PC RC SC RC SC RC SC RD PD PD PD PC RC RD TD TC SD PC SC,1,0.9166666666666666,0.2727272727272727,0.3,0.5172413793103449,WSLS,0.99422646
game_18,agent3,cooperative,0.6333,EC RC SC SC SD PD PD PD TD PD PC SC RC SC RC SC RC SC RC SD PD PD PC RC RC SC SC SC SD PD,1,0.8461538461538461,0.42857142857142855,0.1111111111111111,0.5862068965517241,AllD,0.5849754
game_20,agent1,mixed,0.3333,EC RC SD PD TD TD PD PD PD PD TD PC SC SC SC SD PC SC SD PD PC SD TD PD PD PD PD PC SD PD,1,0.6153846153846154,0.6666666666666666,0.6666666666666666,0.5862068965517241,AllD,0.73084
game_20,agent2,cooperative,0.6667,EC RC SD PC SC SC SC SC SC SC SD PC SD PC SD PD PC SC SD PC SC SC SC SC SC SD PD PD PC SD,1,0.9473684210526315,0.3157894736842105,0.0,0.3793103448275862,AllC,0.9999939
game_20,agent3,mixed,0.3,EC RD TC SC SC SD PD PD PD PC SD PD TD PD TD PD PD TD TC SD PD TC SD PD PD PC SC SD PD PD,0,0.6363636363636364,0.875,0.5,0.6896551724137931,TFT,0.9554644
game_23,agent1,mixed,0.2,EC SD PD PD PC SD PD PD PD PC SC SC SD PD PD PD PD PD PD PD PD PD PD PC SD PD PD PD PD PD,1,0.8333333333333334,0.8571428571428571,0.0,0.8275862068965517,TFT,0.9723565
game_23,agent2,selfish,0.1,ED TD PD PD PD PC SD PD PC SD TD PD TD PD PD PD PD PD PD PD PD PD PD PC SD PD PD PD PD PD,0,0.5,1.0,1.0,0.7931034482758621,AllD,0.99869746
game_23,agent3,mixed,0.2333,EC SD PD PC SD PD PD PC SD PC SD PC SD PD PD PD PD PD PD PD PD PD PD PD TC SD PD PC SD PD,1,0.8571428571428571,0.75,0.0,0.8275862068965517,WSLS,0.7009908
game_30,agent1,cooperative,0.7333,EC SD PC SC SC SC SC SC SC SC SC SC SD PC SC SD PC RC SC SC SC SD PD PD PC SC RD TC SD PC,1,0.95,0.25,0.25,0.3103448275862069,AllC,0.9999982
game_30,agent2,selfish,0.1,ED TD PD TD TD TD PD TD TD TD TD TD TD PD TD TD PC RD TD PD TD TD PD PD PD TC RC SD PD PD,0,0.125,1.0,0.8947368421052632,0.41379310344827586,AllD,0.9998697
game_30,agent3,cooperative,0.9,EC SC SC SC SC SD PC SC SC SC SC SC SC SC SC SC SC RC SD PC SC SC SC SC SC SC RC SD PC SC,1,0.96,0.125,0.0,0.1724137931034483,AllC,0.9999994
game_26,agent1,mixed,0.7667,EC RD PC RC SD PC SC SD PC RC SC RD PC SC RC RC SD PD PC SC SC SC SC SC SC RD TC SC RC SC,0,0.9411764705882353,0.26666666666666666,0.3,0.3448275862068966,WSLS,0.98799056
game_26,agent2,mixed,0.6667,EC RC SC RC SC SD PD TD PC RD PC RC SC SC RC RD PC SC SD PC SC SD TC SD TC RC SC SC RD TD,1,0.9333333333333333,0.3076923076923077,0.38461538461538464,0.41379310344827586,WSLS,0.57245976
game_26,agent3,mixed,0.4667,EC RD PC RD TD PD PC SD PC RD PC RD PD TC RC RD PD PD PD PD TD TC SD TC SC RC SD TC RC SC,0,0.8333333333333334,0.42857142857142855,0.4666666666666667,0.5517241379310345,WSLS,0.8996525
game_21,agent1,mixed,0.2,ED PC RD PD PD PD PD PD PD TD PD PD PC SD PC SD PD PC SD PD PD PD TD PD PD PC RC SD PD PD,0,0.625,0.7142857142857143,0.8,0.7241379310344828,AllD,0.999782
game_21,agent2,selfish,0.1667,ED PC RD PD PD PD PD PD PC SD PD PD PD TC SD TD PD PD TD PD PD PC SD PD PD PC RD PD PD PD,0,0.625,0.8,0.8333333333333334,0.7241379310344828,AllD,0.99909425
game_21,agent3,cooperative,0.7667,EC SC RC SC SC SD PC SC SC SD PC SC SC SD PC SC SD PC SD PD PC SC SC SC SC SC RD PC SC SC,1,0.9545454545454546,0.25,0.3333333333333333,0.2413793103448276,AllC,0.9996749
game_28,agent1,cooperative,0.8667,EC SD PC SC SC RC SC SC SC SC SC SC SC SC SC SC SC SD TC SC SC SC SC RC SD PC SC SC SD PC,1,0.9583333333333334,0.17391304347826086,0.0,0.2413793103448276,AllC,0.9999919
game_28,agent2,cooperative,0.6,EC SD PC SC SC RC SC SC SC SD PD TD PC SC SC SD PD PC SC SD TD PD PC RC SD PD TD PC SC SC,1,0.7894736842105263,0.5333333333333333,0.5,0.3793103448275862,AllC,0.99970007
game_28,agent3,selfish,0.2333,ED TD PD TD TC RD TD TD TD TD PC SD PD TD TD TD PD PC SD TC SD PD PC RD TC SC SD PD TD PD,0,0.5,1.0,0.8125,0.4482758620689655,AllD,0.9997329
game_27,agent1,cooperative,0.7667,ED TD TC RC SC SC SC RD PC SC RC RC RD TC RC SC RC RD PC RD PC RC SC SC SC RC RC SD TC SC,0,0.9285714285714286,0.09090909090909091,0.35294117647058826,0.41379310344827586,AllC,0.9997192
game_27,agent2,cooperative,0.6667,EC SC SC RD PD TC SC RD PD TC RC RC RC SC RD TC RC RC SC RD PC RD TC SD TC RC RD PC SC SD,1,0.9166666666666666,0.3333333333333333,0.3333333333333333,0.5172413793103449,AllC,0.9774294
game_27,agent3,cooperative,0.8,EC SC SC RD PC SD TC RC SC SC RC RC RC SC RC SC RC RD PC RC SC RC SD TC SC RC RD PC SD TC,1,0.9333333333333333,0.09090909090909091,0.1875,0.5172413793103449,AllC,0.9999734
game_25,agent1,mixed,0.2667,EC SC SD PC SC SD PD PD PD PD TD PD PC SD PD PD PD PD PC SD PD PD PD PD PC SD PD PD PC SD,1,0.7777777777777778,0.75,0.5,0.7241379310344828,TFT,0.9316857
game_25,agent2,mixed,0.1667,ED PD TD PC SD TC SD PD PD PC SC SD PD PD PD PD PD PD PD PD PD PD PD PD PC SD PD PD PD PD,0,0.7142857142857143,1.0,0.6666666666666666,0.8275862068965517,AllD,0.9725329
game_25,agent3,selfish,0.2,ED PC SD PD TC SD PD PC SD PC SD PD PD PC SC SD PD PD PD PD PD PD PD PD PD TD PD PD PD PD,0,0.75,0.7142857142857143,0.6666666666666666,0.7931034482758621,AllD,0.7049403
game_22,agent1,mixed,0.2,EC SD PD PD PD PD PD PD PC SD PD TD PD PC SD PC SC SD PD PD PD PD PC RD PD PD PD PD PD PD,1,0.7142857142857143,0.8571428571428571,0.6666666666666666,0.7586206896551724,TFT,0.9762526
game_22,agent2,selfish,0.2,ED PD PD PD PD PD PD PD PD PD PC SD PD PD PD PD PC SD PD PD PD PD PC RD PC SD PC SC SD PD,0,0.8571428571428571,0.7142857142857143,1.0,0.7586206896551724,AllD,0.99678
game_22,agent3,selfish,0.1333,ED PD PD PD PD PC SD PC SD PD PC SD PD PD PD PD PD TD PD PD PD PD PC RD PD PD PD PD PD PD,0,0.6666666666666666,0.8,1.0,0.7931034482758621,AllD,0.99864286
game_29,agent1,cooperative,0.8,EC RC RD TC SC SC SD PC SC SC RC SC RC RC RC RD TC SC RC SD PC SC SC RD PD PC SC SC SC SC,0,0.9375,0.25,0.25,0.3793103448275862,AllC,0.9992724
game_29,agent2,cooperative,0.7,EC RC RC SC SC SD PC SD PD TC RD TC RC RC RC RC SC SC RC SD PD PC SC RD PD PC SC SD TC SC,1,0.9230769230769231,0.5454545454545454,0.15384615384615385,0.5862068965517241,AllC,0.83267665
game_29,agent3,mixed,0.5333,EC RC RC SD TD TD PD PD PC SC RC SC RC RC RC RC SD TC RD TD PD PD TC RC SC SD TD TC SD TD,1,0.5833333333333334,0.6,0.3333333333333333,0.6551724137931034,WSLS,0.9861122
game_24,agent1,mixed,0.3667,EC RD PC SC SD PD PD TD PD PD PD PD PD PC SD PD PC SD PC SD PD PC SC SD PC SC SC SD PD PD,0,0.8333333333333334,0.6363636363636364,0.6666666666666666,0.5862068965517241,AllD,0.8168706
game_24,agent2,mixed,0.2667,EC RD PD TD TD PD PC SD PD PC SD PD PD PD PD PC SD TD PD TC SD PD PD TC SD PC SD PD PD PC,0,0.6363636363636364,0.8333333333333334,0.5714285714285714,0.6896551724137931,AllD,0.6775209
game_24,agent3,cooperative,0.4,EC RC SC SC SC SD PC SD PD PD PC SD PD PD PD PD PC SD PC SD PC SD PC SD PD PD TD PD PC SD,1,0.8333333333333334,0.36363636363636365,0.3333333333333333,0.6206896551724138,AllC,0.7555864
game_31,agent1,cooperative,0.8,EC SC SD PC SD PC SC SD PC SC SC SC SD PC SC SC SC SD PC SC SC SC SD PC SC SC SC SC SC RC,1,0.9565217391304348,0.22727272727272727,0.0,0.2413793103448276,WSLS,0.77270514
game_31,agent2,selfish,0.1333,ED PC SD PD PD PD PD TD PD PD PC SD PD PD PD PD TD PC SD PD PD TD TD PD TD PD PD PD PC RD,0,0.4,0.75,1.0,0.6551724137931034,AllD,0.9998374
game_31,agent3,selfish,0.2333,ED PD TD PD PC SD PC SD PD PD PD TD PD PD PD PC SD PD PD PD PC SC SD PC SD PD PD PD PC RD,0,0.7,0.7142857142857143,1.0,0.6551724137931034,AllD,0.99964976
game_34,agent1,cooperative,0.8,EC SC SC RC SC SC SD PC SC SC SC SC SC SC SC SC SD TC SC SD PC SC SC SD PD PC SC SC RC SD,1,0.9545454545454546,0.2857142857142857,0.0,0.3103448275862069,AllC,0.9999969
game_34,agent2,mixed,0.5,EC SD PC RD PC SD TC SD TD PC SD PD PD PD TC SC SC SD TC SC SC SC SD TD PD PD TD TC RC SC,1,0.7647058823529411,0.4,0.4,0.5517241379310345,WSLS,0.99971145
game_34,agent3,selfish,0.3667,ED TD PC RD PD TC SD PC SD PD TD PD PD PC SD TD TC SC SD TD PD TD TC SC SD PC SC SC RD TD,0,0.6875,0.5714285714285714,0.75,0.4482758620689655,AllD,0.9857125
game_32,agent1,cooperative,0.8333,EC SC SC SC SD PC SC SC SD PC SC SD TC SC SC SD PC SD PC SC RC SC SC SC SC SC SC SC SC SC,1,0.9583333333333334,0.18181818181818182,0.0,0.2413793103448276,AllC,0.99995124
game_32,agent2,selfish,0.0667,ED TD PD TD TD PD TD PD TD PD TD TC SD TD TD PD PD PD PD PC RD PD TD TD TD TD TD PD TD TD,0,0.11764705882352941,1.0,0.9444444444444444,0.41379310344827586,AllD,0.9999982
game_32,agent3,mixed,0.7333,EC SD PC SC SC SC SD PC SC SC SC SC SC SC SD PC SD PC SD PC RD PC SC SC SC SC SD PC SC SD,1,0.9545454545454546,0.22727272727272727,0.5,0.2413793103448276,AllC,0.9996362
game_37,agent1,selfish,0.2333,ED TD PD PD PD PD PD TD PD PC SD PD PD PC SD PD PD PD PD PC SC SD PD PD PC SC RD PD PD PC,0,0.7777777777777778,1.0,1.0,0.6551724137931034,AllD,0.9995127
game_37,agent2,cooperative,0.7667,EC SC SC SC SD PD PC SC SC SC SD PC SD PC SC SC SC SC SD PC SC SD PC SC SD PC RC SC SC SC,1,0.9545454545454546,0.2727272727272727,0.0,0.27586206896551724,AllC,0.9999896
game_37,agent3,selfish,0.1,EC SD PD PD PD PD PC SD PD PD TD PD PD PD TD PD PD PD PD PD TD TD PD PD PD PC RD PD PD PD,1,0.2857142857142857,1.0,0.8333333333333334,0.7586206896551724,TFT,0.97883147
game_33,agent1,cooperative,0.3,EC RD PD PC SC SC SD PD PD PD PD PD PD PD PD PD PD PD PC SD PD PC SC SC SC SD PD PD PD PD,0,0.8888888888888888,0.6666666666666666,0.5,0.6896551724137931,TFT,0.6543144
game_33,agent2,mixed,0.1667,EC RD PD PC SD PD TD PD PC SD PD PD PD PD PD PD PD PD PD PD PD PD PD PD TC SD PD PD PC SD,0,0.6666666666666666,1.0,0.5,0.8275862068965517,AllD,0.84789264
game_33,agent3,cooperative,0.3333,EC RD PC SD TD PC SD PC SD PC SC SD PC SD PD PD PD PD PD PD PC SD PD PC SD TD PD PC SD PD,0,0.75,0.5,0.75,0.5862068965517241,WSLS,0.99996483
game_43,agent1,selfish,0.3,ED PC SD PC SD PD PD TD PC SD PD PC SD PD PD PD PC SD PD PD PC SC SD PD PC RD PD PD PC SD,0,0.8181818181818182,0.7777777777777778,1.0,0.6206896551724138,WSLS,0.81094915
game_43,agent2,mixed,0.3333,EC SD PD PD PD PC SC SC SD TD PD PD PD PD PC SD PD PC SC SD PD PD PD PD PC RD PD PC SD PC,1,0.8181818181818182,0.7777777777777778,0.6666666666666666,0.6206896551724138,TFT,0.60588354
game_43,agent3,selfish,0.2,ED PD PD PD PD PD PC SD PC SC SC SD PD PC SD PD PD PD PD PD PD PD PD PD PC RD PD PD PD PD,0,0.8571428571428571,0.7142857142857143,1.0,0.7586206896551724,AllD,0.99376374
game_39,agent1,selfish,0.0667,ED PD PD PD PD PD PD PD PD PC SD PD PD PD PD PD PD PD PD PD PD PD PD PD PD PD PD PD PC SD,0,0.6666666666666666,1.0,1.0,0.9310344827586207,TFT,1.0
game_39,agent2,selfish,0.1333,ED PD PD PD PD PD PD PD PD PC SD PD PC SC SC SD PD PD PD PD PD PD PD PD PD PD PD PD PD PD,0,0.8,0.8,1.0,0.8620689655172413,AllD,0.99098575
game_39,agent3,cooperative,0.1667,ED PD PC SC SD PD PD PD PD PD TC SD PD PD PD PD PD PD PD PD PD PD PD PC SD PD PC SD PD PD,0,0.8333333333333334,1.0,0.5,0.8620689655172413,AllD,0.9965695
game_38,agent1,selfish,0.2333,ED TC SD TD PC SC SD PC SD PC SD PD PD PD PD PD PD PC SD PD PD PD PD PD PD PD PD PC SD PD,0,0.75,0.6666666666666666,0.6666666666666666,0.7586206896551724,WSLS,0.9934449
game_38,agent2,cooperative,0.2667,EC SC SC SD PC SD TC SD TD PD PD PD PD PC SD PD PD PD PD PC SD PD PD PD PD PC SD PD PD PD,1,0.7777777777777778,0.5714285714285714,0.3333333333333333,0.7586206896551724,AllC,0.77486473
game_38,agent3,mixed,0.2,EC SD TC SD PD TC SD PC SD PD PD PD PD PD PD PD PD PD PD PD PD PC SD PD PD PD PD PD PC SD,1,0.8333333333333334,0.8,0.0,0.896551724137931,TFT,1.0
game_42,agent1,selfish,0.4,ED TD PC SD PC SD PC SD PD PC SD TD PC SC SC SC SD PC SD PD PC SD PD PD TC SD PD PC SD PD,0,0.8571428571428571,0.5454545454545454,0.75,0.5517241379310345,WSLS,0.99867404
game_42,agent2,mixed,0.2667,EC SD PD PD PD PD PD PD PD PD PC SD PC SD TD PD PC SD TD PD PD TC SC SC SC SD PD PD PD PD,1,0.7,0.5714285714285714,0.5,0.7241379310344828,TFT,0.9670105
game_42,agent3,cooperative,0.2333,EC SD PD PD PD PD PD PD PD PD PC SC SD TC SD PD PD PC SD PD PC SD PD PC SD TD PD PD PD PD,1,0.75,1.0,0.3333333333333333,0.7931034482758621,TFT,0.9670105
game_35,agent1,cooperative,0.7333,ED PD PC RC RC SD PC SC SC SC SC RC SD TC SC SC SC RD TD PC SC RC RC SD TD TC RC SC RC RC,0,0.875,0.36363636363636365,0.2857142857142857,0.4827586206896552,AllC,0.99445575
game_35,agent2,mixed,0.5,ED PD PC RC RD PD PD TD TD TD PC RD TC SC SD TC SC RC SD PD TC RC RD TC SC SC RD TC RC RD,0,0.7272727272727273,0.8333333333333334,0.5,0.5172413793103449,AllD,0.9997522
game_35,agent3,mixed,0.8667,EC SC SC RC RD PC SC SC SC SD PC RC SC SD TC SD TC RC SC SC SC RC RC SC SC SC RC SC RC RC,1,0.9444444444444444,0.125,0.08333333333333333,0.4482758620689655,AllC,0.99995184
game_40,agent1,selfish,0.1333,ED PD PD PD PD PD PD PD PD PD PD PD PC SC SD PD PC SD PD PD PD PD PC RD PD PD PD PD PD PD,0,0.8,1.0,1.0,0.8275862068965517,AllD,0.99678
game_40,agent2,selfish,0.1667,ED PD PD PD PD PD PC SD PD PD PD PD PC SD PD PD PD TD PD PD PD PD PC RD PD PD PD PC SD PC,0,0.7142857142857143,0.8,1.0,0.7586206896551724,AllD,0.9951733
game_40,agent3,selfish,0.3,ED PD PD PD PC SD PD PD PD PD PD PD PD TD PC SC SC SD PC SD PC SD PC RC SD PD PC SD PD PD,0,0.8,0.6,0.6666666666666666,0.6896551724137931,AllD,0.99281925
game_36,agent1,selfish,0.2333,ED PD PC SD PC SD PD PD TC SD PD PC SC SD PD PD PD PD PD PD PC SD PD TD PC SD PD PD PD PD,0,0.7777777777777778,0.875,0.6666666666666666,0.7586206896551724,AllD,0.8095206
game_36,agent2,cooperative,0.4,ED PD PC SD PD PC SD PC SC SD PD PD TD TC SD PC SD PD PD PD PC SC SC SC SD TD PD PC SD PC,0,0.8,0.5454545454545454,0.75,0.5517241379310345,WSLS,0.848214
game_36,agent3,cooperative,0.5667,EC SC SD TC SD PD PC SC SD TC SC SC SC SD PD PD PC SC SD PC SD TD PC SD PC SC SC SD PC SD,1,0.8888888888888888,0.5,0.25,0.4827586206896552,TFT,0.98917866
game_44,agent1,selfish,0.2,ED PD TD PD PD TD PD PC SD TD PD PD PD TC SD PD PD PC SD PD PC SC SD PD PC SD PD PD PD PD,0,0.6,1.0,0.8,0.7241379310344828,AllD,0.9999864
game_44,agent2,mixed,0.3333,EC SC SD PD PC SD PD PC SC SD PC SD PC SC SD PD PD PD PD PD PD PC SD PD PD PD PD PC SD PD,1,0.9,0.7272727272727273,0.0,0.6896551724137931,TFT,0.4827169
game_44,agent3,mixed,0.3,ED PC SD PC SC SD PC SD TC SD PD PD PC SD TD PD PD PD PC SD PD PD TD PD PD PD PC SD PC SD,0,0.75,0.42857142857142855,0.75,0.6551724137931034,WSLS,0.97228473
game_46,agent1,mixed,0.2667,ED PD PC SD PD PC SC SD PD PC SC RD PD PC SD PC SC SD PD PD PD PD PD PD PD PD PD TD PD PD,0,0.8,0.875,1.0,0.6551724137931034,AllD,0.6088954
game_46,agent2,cooperative,0.6333,EC SC SC SC SD PC SC SC SD PD PC RC SC SC SD PD PC SD PD PD PC SD PC SC SD PD PC SC SC SC,1,0.9444444444444444,0.4444444444444444,0.0,0.41379310344827586,AllC,0.9997813
game_46,agent3,selfish,0.2333,ED PD PD TD PD PD TD TD PD PD PC RD PD PD TD PD PD TC SC SC SD PD PD PD PC SD PC SD PD PC,0,0.5833333333333334,0.7142857142857143,0.8571428571428571,0.6206896551724138,AllD,0.9999958
game_41,agent1,selfish,0.2,ED TD PD TC SD PD TD PD PD PD TD PD PC SD PD PD PC SD PD PD PD PD PD PD PD PC SC SD PC SD,0,0.6666666666666666,0.8,0.8,0.7241379310344828,AllD,0.9994764
game_41,agent2,selfish,0.2667,EC SD PC SD PD PC SD PD PD PC SD PD PD PC SD PD PD TD PC SD PD PD PD PD PD PD PC SD PC SD,1,0.7777777777777778,0.75,0.5,0.7241379310344828,WSLS,0.8690376
game_41,agent3,mixed,0.3333,EC SC SC SD PD PC SD PD PD PC SC SD PD PD PD PD PC SD PD PD PC SD PC SD PD PD PD TC SD TD,1,0.8181818181818182,0.7,0.3333333333333333,0.6896551724137931,TFT,0.52515215
game_45,agent1,mixed,0.1333,ED PC SD PD PC SD PD PC SD PD PD PD PD PD PD PD PD PD PD PD PD PD PD PD PD PD PD PD PD PC,0,0.8,0.75,1.0,0.8620689655172413,AllD,0.983895
game_45,agent2,cooperative,0.2667,EC SC SD PC SD PD PD PD PD PC SD PC SD PD PD PD PC SD PC SD PD PD PD PD PC SD PD PD PD PD,1,0.875,0.5555555555555556,0.0,0.7586206896551724,TFT,0.86758506
game_45,agent3,cooperative,0.1667,ED PD TD PD PD PD PD PD PD PD PC SD PD PC SC SD PD PD PD PD PD PD PD PC SD PD PC SD PD PD,0,0.7142857142857143,1.0,1.0,0.7931034482758621,AllD,0.9996389
game_47,agent1,mixed,0.3,EC SC SC RD PC SC SD PC RD PC SD PD PD PD PD PD PC SD PD PD PD PD PD PD PD PD PD PD PC SD,1,0.8888888888888888,0.375,0.6666666666666666,0.6551724137931034,AllC,0.99915457
game_47,agent2,cooperative,0.4667,ED TD PC RC SD PC SC SC RC SC SD PC SD PD PD PD PD PC SD PC SC SD PD PD PD PD PC SD PC SC,0,0.9230769230769231,0.45454545454545453,0.5,0.5517241379310345,AllC,0.98842645
game_47,agent3,mixed,0.1667,EC SD PC RD PD PD TD PC RD PD TD PD PD PC SD PC SD PD PD PD PD PD PD PD PD PD PD PD PD TD,1,0.5,0.6666666666666666,0.8333333333333334,0.6896551724137931,AllD,0.98498243
game_48,agent1,mixed,0.4333,EC SD TD TC SD PC SC RC SD PD TC SD PC SC SC SC SC SD TD PD PD PD TD PD PD PD TC SC RD PD,1,0.7333333333333333,0.5,0.4444444444444444,0.5862068965517241,WSLS,0.6025818
game_48,agent2,selfish,0.3333,ED TC SC SD TD PD PC RD TD PC SD TC SD TD TD TD TD TC SD PD PC SC SD PD PD PC SD TC RD PD,0,0.6,1.0,0.6923076923076923,0.5172413793103449,AllD,0.78877276
game_48,agent3,cooperative,0.7667,EC SC SC SC SC SD PC RC SC SC SC SD PC SC SC SC SC SC SD PD PD PC SC SD PC SC SC SC RC SD,1,0.9523809523809523,0.2727272727272727,0.0,0.3103448275862069,AllC,0.9999937
game_50,agent1,mixed,0.1333,EC SD PD PD PC SD PD PD PD PD PD PC SD PD PD PD PD PD PD PD PD PC SD PD PD PD PD PD PD PD,1,0.75,1.0,0.0,0.896551724137931,TFT,1.0
game_50,agent2,selfish,0.0667,ED PD PD PD PD TD PD PC SD PD PD PD PD PD PD PD PD PD PD PD PD PD PD PD PD PD PD PC SD PD,0,0.5,1.0,1.0,0.896551724137931,TFT,1.0
game_50,agent3,mixed,0.1667,ED PD PC SC SC SD PC SD PD PD PD PD PC SD PD PD PD PD PD PD PD PD PD PD PD PD PD PD PD PD,0,0.8333333333333334,0.6666666666666666,1.0,0.8275862068965517,AllD,0.9388044
game_51,agent1,mixed,0.1667,EC RD PD TD PD PD PD PD PD PC SC RD PD PD PD PD TD PC SD PD PD PD PD PD PD PD TD PC RD PD,0,0.5,1.0,0.8571428571428571,0.6551724137931034,AllD,0.94426906
game_51,agent2,mixed,0.2333,EC RC SC SD PD PD PD PD PD PD TC RD PD PD PD PC SD PD PD PD PD PD PD PD PD PC SD PC RD PD,1,0.8333333333333334,0.7142857142857143,0.4,0.7931034482758621,TFT,0.981159
game_51,agent3,cooperative,0.6667,EC RD PC SC SD PD PD PC SC SC SC RC SC SC SD PC SC SD PD PC SC SC SD PD PD PC SC SC RC SC,0,0.9444444444444444,0.4375,0.25,0.3793103448275862,AllC,0.95407486
game_52,agent1,mixed,0.0667,EC SD PD PD PD PD PD PD PC SD PD TD PD PD PD PD PD PD PD PD PD PD PD PD PD PD TD PD PD PD,1,0.25,1.0,0.6666666666666666,0.896551724137931,TFT,1.0
game_52,agent2,mixed,0.3667,EC SC SD PD PD PC SD PD PD TD PC SC SC SD PD PC SD PD PD PD PD PC SD PD PC SC SD PD PC SD,1,0.8333333333333334,0.8181818181818182,0.5,0.6206896551724138,AllD,0.70416796
game_52,agent3,selfish,0.1667,ED TD PD PD PC SD PD PD PC SC SC SD PD PD PD PD PD PD PD PD PD PD PD PD PD PC SD PD PD PD,0,0.8333333333333334,0.8,1.0,0.7931034482758621,AllD,0.98985845
game_53,agent1,mixed,0.4,EC SC SD PD PC SD PC SD PC SD PD PD PC SD TD PC SD PC SC SD PD PD PD PC SD PD PC SC SD PD,1,0.8461538461538461,0.6666666666666666,0.5,0.5862068965517241,WSLS,0.9948979
game_53,agent2,mixed,0.1333,ED TD TD PD PD TD PD TC SD PD PD PD PD PC SC SD PD PD PD PD PD PD PD PD PD PC SD PD TD PD,0,0.5714285714285714,1.0,0.8333333333333334,0.7586206896551724,AllD,0.9998908
game_53,agent3,mixed,0.5,EC SC SD PC SC SC SC SD PD PC SC SC SD PC SD PD PC SD PD PD PD PD PC SD PD PD PD PC SC SC,1,0.9333333333333333,0.5,0.0,0.5172413793103449,AllC,0.99933016
game_55,agent1,cooperative,0.6333,ED PC SC SC RC RD PC SD PC SC SD TC SC SC RC SD PD TD TC RC SD PD PC SC SC RC SC SC RD PD,0,0.8823529411764706,0.42857142857142855,0.4,0.4482758620689655,AllC,0.9962794
game_55,agent2,cooperative,0.8333,EC SD PC SC RC RD PC SC SC SC SC SC SC SC RC SD PC SC SC RC SC SC SC SC SC RC SC SC RD PD,1,0.9523809523809523,0.15,0.2857142857142857,0.2413793103448276,AllC,0.99959785
game_55,agent3,selfish,0.3,ED PD PD TC RC RD PD TD PD TD TC SD TD TC RD TD PC SC SC RD TD PD PD TD TC RD TD TC RD PD,0,0.5833333333333334,0.75,0.6842105263157895,0.4827586206896552,AllD,0.99778974
game_60,agent1,cooperative,0.6667,EC RC SC SC SC SC SC SD PC SD PC SD PC RD TC RD PD TC SC RC SC SC RD PC SC SC SD PD PC SD,1,0.9411764705882353,0.25,0.375,0.3793103448275862,AllC,0.9991528
game_60,agent2,mixed,0.3667,EC RD TD TD TD TD TD PD PD TD PD PD PC RC SC RD PC SD TC RC SD TC RD PC SD TD TC SD PD PC,0,0.7272727272727273,0.4,0.625,0.4827586206896552,AllD,0.99102
game_60,agent3,cooperative,0.7667,EC RC SC SC SC SC SD PC SC SC SD PC SC RC SC RD PC SC SC RD TC SC RC SD TC SC SD PC SD PC,1,0.9473684210526315,0.25,0.25,0.3448275862068966,AllC,0.99998844
game_56,agent1,cooperative,0.7333,EC RC RD TD TD TC RC SC RD TD TC RC RC SC RC RD PC RC RD PC SC SC SD TC RC RC SC RC SC RC,0,1.0,0.125,0.3333333333333333,0.4827586206896552,AllC,0.52319545
game_56,agent2,cooperative,0.8333,EC RC RC SC SC SC RC SC RC SC SC RC RD TC RC RC SC RC RD PD TC SC SC SC RC RD TC RD TC RC,1,1.0,0.1,0.21052631578947367,0.5172413793103449,AllC,0.9999906
game_56,agent3,mixed,0.8333,EC RC RC SC SC SC RD TC RC SC SC RC RC SC RC RD PC RC RD PC SD TD TC SC RC RC SC RC SC RC,1,0.9230769230769231,0.0,0.2222222222222222,0.4827586206896552,AllC,0.99992776
game_49,agent1,mixed,0.2333,EC SC SD PD PD PD PD PD PD PD PD PD PD PD PD PD PD PD PC SD PD PC SD PC SC SD PD PC SD PD,1,0.8571428571428571,0.75,0.0,0.7931034482758621,TFT,0.878136
game_49,agent2,selfish,0.1333,ED PD PC SC SD PD PD PD PD PD PD PD PD PD PD PD PD PD PD PD PD PD PD PD PD PD PD PC SC SD,0,0.8,1.0,1.0,0.8620689655172413,AllD,0.9965695
game_49,agent3,selfish,0.1,ED PD PD PD PD PD PC SD PD PD PD PD PD PC SD PD PD PC SD PD PD PD PD PD PD PD PD PD TD PD,0,0.6,1.0,1.0,0.8620689655172413,AllD,0.9951733
game_54,agent1,cooperative,0.7333,ED PD PC SD PC SC RC RD TC RC RC SD TD PC SC SC SC SC RC SC RC SC SC RC SD PC RC RC RD TC,0,0.9230769230769231,0.2727272727272727,0.2857142857142857,0.4827586206896552,AllC,0.92906845
game_54,agent2,cooperative,0.6333,ED PD PD TC SC SC RC RC SC RC RD TC SC SD TD TD TD TC RC SC RC SD TC RD TD PC RC RC RC SC,0,0.7692307692307693,0.42857142857142855,0.3684210526315789,0.5517241379310345,AllC,0.8812489
game_54,agent3,cooperative,0.8,EC SC SC SD PD TC RC RC SC RC RC SC SD PC SC SC SC SC RD TC RD TC SC RC SD PC RC RC RC SC,1,1.0,0.2857142857142857,0.14285714285714285,0.5172413793103449,AllC,0.9402561
game_59,agent1,cooperative,0.8,EC SC SC SC SC SD TC SC SC SC SC SD TC SC SD PC SD PC SC SC SC SC SC SD TC SC SC SC SD PC,1,0.9583333333333334,0.23809523809523808,0.0,0.3103448275862069,AllC,0.99999917
game_59,agent2,selfish,0.1667,ED TD TD PD TD TC SD TD TD PD TD PC SD TD TD PD TC SD PD TD PD TD PC SC SD TD PD PD TD PD,0,0.3125,1.0,0.8666666666666667,0.4827586206896552,AllD,0.9998549
game_59,agent3,mixed,0.6333,EC SC SD PC SC SC SC SC SD PC SD PC SC SC SD PC SD PD PC SD PC SD PD TC SC SD PD PC SC SC,1,0.9473684210526315,0.3888888888888889,0.0,0.41379310344827586,AllC,0.999908
game_58,agent1,cooperative,0.7333,EC SD PD PC SC SD PC SC SC SC SC SC SC SC SD PC SC SD PD TC SC SC SC RD PC SD PC SC SC SC,1,0.9545454545454546,0.3,0.3333333333333333,0.27586206896551724,AllC,0.9893086
game_58,agent2,selfish,0.1333,ED PD PD PD PD TD PD PD TD PD PD TD PD PC SD PD PD PD PC SD PD TD PC RD PD PD PC SD PD TD,0,0.4,1.0,1.0,0.6551724137931034,AllD,0.999985
game_58,agent3,selfish,0.3,ED PD PD PD PC SD PD PC SD PD PC SD PD PD TD PD PD PC SC SD PC SD PC RD PD PC SD TD PC SD,0,0.75,0.75,1.0,0.5862068965517241,AllD,0.99734265
game_57,agent1,cooperative,0.7,ED PD PC SC SD PC SD PC SD TC SC SC SC SC SC SC SC SD PC SC SC SD PC SC SD PC SC SC SC SD,0,0.9545454545454546,0.3,0.5,0.3103448275862069,WSLS,0.95933914
game_57,agent2,selfish,0.0667,ED PD PD TD TD PD PD PD TC SD TC SD TD TD TD PD TD TD PD TD PD TD PD TD PD PD TD PD PD PD,0,0.14285714285714285,1.0,0.8571428571428571,0.6206896551724138,AllD,0.99939406
game_57,agent3,cooperative,0.6667,EC SD PC SC SC SD PD PC SC SC SD TC SC SC SD PC SC SC SC SD PC SC SC SD PC SC SD PD PD PC,1,0.95,0.47368421052631576,0.0,0.3793103448275862,AllC,0.9827483
game_61,agent1,cooperative,0.7667,EC RC SC RC SC SC SC RC SC SD PD TC SC RC SC SC SC SD PC SD PC SD PC SC SC SD PD PC SC RC,1,0.9444444444444444,0.29411764705882354,0.0,0.4482758620689655,AllC,0.99987733
game_61,agent2,mixed,0.3333,EC RD PC RD TD PC SC RC SD PD PC SD TC RD TD PD TD TC SD TD PD TD PD PD TD PC SD PD PC RD,0,0.6666666666666666,0.75,0.7142857142857143,0.4482758620689655,WSLS,0.85501224
game_61,agent3,selfish,0.5,EC RD PC RC SD PD TC RD TD PD PC SC SC RC SD PC SC SD PC SD PC SD PD PC SD PD PD PD PC RC,0,0.9166666666666666,0.5454545454545454,0.375,0.5517241379310345,TFT,0.52740073
game_63,agent1,selfish,0.1333,ED TD PD TD PD PD TD PD PC SD TD PD PD PC RD PD TD PD PD PD PD PD TD TC RD PC SD PD PD PD,0,0.4,0.6666666666666666,0.9,0.6206896551724138,AllD,0.99997246
game_63,agent2,cooperative,0.5333,EC SD PC SD PD PC SD PC SD TC SD PD PD PC RD PC SD PD PD PC SD PC SC SC RC SC SC SC SD PC,1,0.9333333333333333,0.35714285714285715,0.25,0.5172413793103449,WSLS,0.97368455
game_63,agent3,cooperative,0.6667,EC SC SC SC SD PC SC SD PC SC SC SD PC SC RD PC SC SD PC SD PC SC SC SC RD PD TD PD PC SC,1,0.9047619047619048,0.29411764705882354,0.75,0.2413793103448276,AllC,0.9996246
game_62,agent1,cooperative,0.8,EC RD PD TC RC RC RC SC RC SD PC SC RD TD TC SC RD TC SC RC RC RC RC RC RC RC RC RC SC SC,0,0.8888888888888888,0.3333333333333333,0.19047619047619047,0.6206896551724138,TFT,0.9262088
game_62,agent2,mixed,0.8,EC RD PC SC RC RC RD TC RD TC SC SC RC SC SD TC RC SD TC RC RC RC RC RC RC RC RC RD TC SC,0,0.8888888888888888,0.4,0.18181818181818182,0.6551724137931034,AllC,0.88944167
game_62,agent3,mixed,0.8667,EC RC SC SC RC RC RC SC RC SD PD TC RC SC SC SC RC SC SC RC RC RC RC RC RC RC RC RC SD TD,1,0.8181818181818182,0.2727272727272727,0.05263157894736842,0.6896551724137931,AllC,0.99859816
game_64,agent1,selfish,0.2,ED TC SD PD PC SD PD PC SD PC SD PD PD PD PD PD PD PD PD PD PC SD PD PD PD PD TC SD PD PD,0,0.8333333333333334,0.8333333333333334,0.3333333333333333,0.8620689655172413,AllD,0.6158346
game_64,agent2,cooperative,0.3667,EC SD TC SC SC SD PD PC SD PD PD PC SD PC SD PD PD PD PD PD PC SD PD PC SD PC SD PD PC SD,1,0.9090909090909091,0.7,0.0,0.6896551724137931,TFT,0.98721725
game_64,agent3,selfish,0.2333,EC SC SD PD PD TC SD PD TD PD PD PD PD PD PD PD PC SC SD PD PD TD PD PD PD PC SD PC SD PD,1,0.6666666666666666,0.75,0.5,0.7586206896551724,TFT,0.61004066
game_65,agent1,selfish,0.1333,ED TD TD TD TD PC SD PD PD PD PD PD PD PD TD TC SD PD PD PD PD TD PD PC SD PD PC SD PD PD,0,0.5714285714285714,1.0,0.875,0.6896551724137931,AllD,0.9999329
game_65,agent2,cooperative,0.8333,EC SC SC SC SC SC SD PC SC SD PC SD PC SC SC SC SC SC SC SC SC SC SC SC SD PC SC SC SC SD,1,0.96,0.16,0.0,0.1724137931034483,AllC,0.99996793
game_65,agent3,mixed,0.2667,EC SC SC SC SD PD TD PD PD PD PD PC SD PC SC SD TD PD PD PD PC SD PD PD TD PD PD TD PD PD,1,0.5833333333333334,0.5,0.8,0.6206896551724138,TFT,0.51750547
game_70,agent1,selfish,0.1667,ED PD PD PD PC RD PD PD PD PC SD PD PD PD PD TC SD PD PC SD PD PD PD PD PD TC SD PD PD PD,0,0.8333333333333334,1.0,0.5,0.8620689655172413,AllD,0.9991266
game_70,agent2,mixed,0.3,ED PD PC SC SC RC SC SD PC SD PD PD PD PD PC SD PD PD PD TC SD PD PD PD PC SD PD PD PD PD,0,0.8888888888888888,0.6666666666666666,0.3333333333333333,0.7586206896551724,AllC,0.9524692
game_70,agent3,selfish,0.2,ED PD PD PD PC RD PD PD PD PD PD PD PD PD PC SD PD PC SC SD PC SD PD PD PC SD PD PD PD PD,0,0.8571428571428571,0.8571428571428571,1.0,0.7586206896551724,AllD,0.9997212
game_72,agent1,mixed,0.2333,EC SD TC SD TD TD TC SD TC SD PC SD PD TD TD TD PD PC RD TD TD TD TD TC RD TD TD TD PD PD,1,0.45454545454545453,0.6666666666666666,0.7368421052631579,0.4482758620689655,TFT,0.8679217
game_72,agent2,cooperative,0.7667,ED TC SC SC SC SC SC SC SD TD PD TC SC SC SC SD PC SC RC SC SC SC SC SC RC SC SC SC SD PD,0,0.9090909090909091,0.2,0.3333333333333333,0.3103448275862069,AllC,0.99997735
game_72,agent3,cooperative,0.8333,EC SC SD TC SC SC SD TC SC SC SC SD PC SC SC SC SD PC RC SC SC SC SC SC RC SC SC SD PC SC,1,0.9565217391304348,0.23809523809523808,0.0,0.3103448275862069,AllC,0.99964976
game_67,agent1,selfish,0.2,EC SD PC SD PD PD PD PD PD PC SD PD PC SD PC SD PD PD PD PD PD PD PD PD PD PC SD PD PD PD,1,0.8333333333333334,0.7142857142857143,0.0,0.8275862068965517,TFT,0.95456594
game_67,agent2,selfish,0.3,ED TC SD PC SD PD PD PC SD PD PD PD PC SD PD TD PC SC SD PD PD PD PC SD PD PC SD PD PD PC,0,0.8,0.875,0.6666666666666666,0.6896551724137931,AllD,0.9576863
game_67,agent3,selfish,0.2,EC SD PD PD PC SD PD PD PD PD PD PD PD TC SC SD PD PD PD PD PC SD PD PD PD PD TC SD PD PD,1,0.8333333333333334,1.0,0.0,0.896551724137931,TFT,1.0
game_74,agent1,mixed,0.1,EC RD PD PD PD PD PD PD PD PD TD TD PD PD PD PD PD PC SD PC RD PD PD PD PD PD PD PD TD TD,0,0.2857142857142857,0.6666666666666666,0.8571428571428571,0.7241379310344828,AllD,0.539359
game_74,agent2,cooperative,0.5,EC RD PD PD PD PD PD PC SC SC SC SC SD PD PD PC SD PD PC SC RC SC SD PC SD PD PD PC SC SC,0,0.9285714285714286,0.5,0.3333333333333333,0.5172413793103449,TFT,0.7088862
game_74,agent3,mixed,0.4333,EC RD PC SC SC SD PD PD PD PC SC SD PD PC SD PD PD PD PD PC RD PD PD PD PC SD PC SC SC SC,0,0.9230769230769231,0.5454545454545454,0.6666666666666666,0.5172413793103449,TFT,0.8162366
game_66,agent1,selfish,0.2333,ED PD PD PC RD PD PD PD TD PC SC RD PD PD PD PC SD PD PC SD PC SD PD TD PD PD PD PD PD TC,0,0.7,0.8333333333333334,0.8333333333333334,0.6551724137931034,AllD,0.9995503
game_66,agent2,selfish,0.2667,ED PD PD PC RC SD PD PC SD PD TC RD PC SD PD PD TD PD PD PD PD TD PC SD PD PD PD PC SC SD,0,0.7,0.875,0.6666666666666666,0.6896551724137931,AllD,0.98418844
game_66,agent3,cooperative,0.7,EC SC SC SC RD PC SD PC SC SC SC RC SD PD PC SC SC SC SD PD PC SC SC SC SD PC SC SD PC SD,1,0.95,0.3157894736842105,0.3333333333333333,0.3103448275862069,AllC,0.99998796
game_69,agent1,selfish,0.2333,ED TC SD PD TD TD PC SC RD TC RD PD PD PD PD PD PD PC SD PD PD PD TD TD PD PD PC SD PD PC,0,0.5,1.0,0.7777777777777778,0.6206896551724138,AllD,0.9045431
game_69,agent2,mixed,0.3,EC SD TD PC SC SD PD TC RC SC RD PD PD PD PD PD PD PD TD PD PD PC SC SD PD PC SD PD PD PD,1,0.7,0.875,0.5,0.6896551724137931,AllC,0.57162654
game_69,agent3,cooperative,0.7667,EC SC SC SC SC SC SC SC RC SC RC SC SD PC SD PD PC SC SC SD PC SC SC SC SD PD PD PC SC SC,1,0.9523809523809523,0.25,0.0,0.3103448275862069,AllC,0.9999999
game_75,agent1,mixed,0.1333,ED PD PD PD PD TD PD PD PD PD PD PD PD PD PD PD TD PD PC SC SD PC SD PD PD PD PD TD PD PC,0,0.5,0.75,1.0,0.7586206896551724,AllD,0.9998485
game_75,agent2,selfish,0.2,ED PD PD PD PC SD PD PD PD PD PD PD PD PC SD PC SD PD PD PD TD PD TD PD PD PD PC SC SD PC,0,0.6666666666666666,0.6666666666666666,1.0,0.7241379310344828,AllD,0.99281925
game_75,agent3,cooperative,0.5333,EC SD PC SC SC SD PC SC SD PC SC SC SC SD PD PC SD PD PD PC SD PC SD PD PC SD PC SD PC SD,1,0.9375,0.4375,0.0,0.4827586206896552,AllC,0.51964134
game_68,agent1,selfish,0.1333,ED PD PC SD PD PD PD PD PD PD PD PD PD PD PD PD PD PD PD PC SD PD PD PD PD PD PC SD PC SD,0,0.8,0.75,1.0,0.8620689655172413,AllD,0.9953597
game_68,agent2,selfish,0.1333,ED PD PD PD PD PD PD PD PD PD PD PD PC SD PC SD PD PC SD PD PD PD PD PD PD PD PD PC SD PD,0,0.8,0.8,1.0,0.8620689655172413,AllD,0.99678
game_68,agent3,mixed,0.2667,EC SD PD PD PD PD PC SD PD PD PD PC SD PC SD PD PD PD PC SD PD PC SD PC SD PD PD PD PD PC,1,0.875,0.75,0.0,0.7586206896551724,TFT,0.97883147
game_77,agent1,mixed,0.5,EC SC SC SC SD PC SD PC SD PD PC SC SC SC RC SD PD PD PD PC SC SC SD PD PD PD PD PD PC SD,1,0.9285714285714286,0.42857142857142855,0.0,0.5517241379310345,AllC,0.9897518
game_77,agent2,selfish,0.3,ED TD TD TD TD PD TD PD PD PD PD PD PC SC RD PD PD PD PC SD TD TC SC SC SC SC SD PD PC SD,0,0.75,0.5,0.8888888888888888,0.4827586206896552,AllD,0.99999297
game_77,agent3,mixed,0.3333,EC SC SC SC SD PC SC SD PD PD PD PD PD TC RD PD PD PD PD PC SC SD TD PD PD PD PD PC SD TD,1,0.75,0.5555555555555556,0.6,0.6206896551724138,AllC,0.99584806
game_73,agent1,mixed,0.1667,ED PD TD PD PC SD PD PC SD PD PD PD PD PD PD PD PD PD PD PD PC SD PD PD PD PD PD PC SD PC,0,0.7142857142857143,0.8,1.0,0.7931034482758621,AllD,0.99975127
game_73,agent2,cooperative,0.4,EC SC SC SD PC SD PC SC SC SD PC SC SD PD PD PD PD PD PD PD PD PC SD PC SD PD PD PD PD PC,1,0.9166666666666666,0.4166666666666667,0.0,0.6206896551724138,AllC,0.9695389
game_73,agent3,selfish,0.1,ED PC SD PD PD TD PD PD TD PD PD PD PD PD PD PC SD PD PD PC SD PD PD PD PD PD PD PD PD PD,0,0.5,0.75,1.0,0.8275862068965517,AllD,0.9999751
game_71,agent1,selfish,0.1,ED TD PC SD PD PD PD PC SD PD PD PD PD PD TD PD PD PD PD PC SD PD PD PD PD PD TD PD PD PD,0,0.5,1.0,1.0,0.7931034482758621,AllD,0.99798155
game_71,agent2,mixed,0.2667,EC SD PD PD PD PD PD PD PD PD PD PD PD PC SD PD PC SD PD PD TD PC SD PC SD PC SC SC SD PD,1,0.7777777777777778,0.6666666666666666,0.5,0.7241379310344828,TFT,0.9670105
game_71,agent3,mixed,0.3333,EC SC SD PD PD PD PD PD PC SD PD PD PC SC SD PD PD PC SC SC SD PD PD PD PD PC SD PD PC SD,1,0.9,0.8,0.0,0.6896551724137931,TFT,0.8920206
game_76,agent1,mixed,0.2,EC SC SD PD PD PD PC SD PD PD PD PC SD PC SD PD PD PD PD PD PD PD PC SD PD PD PD PD PD PD,1,0.8333333333333334,0.7142857142857143,0.0,0.8275862068965517,TFT,0.90959775
game_76,agent2,selfish,0.1667,ED PD PD PD PD PD PD PC SC SC SD PD PD PD TD PD PC SD PD PD PD PD PD PD PD PD PD PC SD PD,0,0.7142857142857143,0.8333333333333334,1.0,0.7931034482758621,AllD,0.9728054
game_76,agent3,selfish,0.1667,ED PD PC SD PC SD PD PD PD PD PC SD PD PC SD PD PD PD PD PD PD PD PD PC SD PD PD PD PD PD,0,0.8333333333333334,0.8333333333333334,1.0,0.8275862068965517,AllD,0.9966182
game_78,agent1,mixed,0.2333,EC RD PD PD PD PD PD PD PD PC SD TD PD PC RD PC RD PD PD PD TD TD PD TC SC SD PD PD PC SD,0,0.6,0.8,0.75,0.6206896551724138,TFT,0.70312554
game_78,agent2,mixed,0.3333,EC RD PD PD PD PD PD PD PD PC SC SD PD PC RD PC RD PD PD PC SC SD PC SC SD TD PD PD PD TC,0,0.8181818181818182,0.75,0.6666666666666666,0.5862068965517241,TFT,0.70312554
game_78,agent3,cooperative,0.7333,EC RC SC SC SC SD PD PC SC SD TC SD PC SC RD PC RC SD PD PC SC SC SC SD TC SC SC SC SC SC,1,0.95,0.35294117647058826,0.16666666666666666,0.3793103448275862,AllC,0.9769198
game_79,agent1,mixed,0.4,EC SD PC RD PC SD PD PC SC SC SD PC SD PD PD PD PD PC SD PD PD PD PD PC SD PC SC SD PD PC,1,0.9166666666666666,0.5833333333333334,0.5,0.5862068965517241,WSLS,0.9698232
game_79,agent2,mixed,0.1667,EC SD PC RD PD PD PD PC SD PD PD PD PD PD PD PD PD PC SD PD PD PC SD PD TD PD PD PD PD PD,1,0.6666666666666666,0.8333333333333334,0.6666666666666666,0.7931034482758621,AllD,0.79680014
game_79,agent3,selfish,0.1667,ED TD PC RC SD PD PD PD TD PD PD PD PD PC SD PD PD PD TD PD PD PD PD PC SD PD PD PC SD PD,0,0.5714285714285714,1.0,0.8,0.7586206896551724,AllD,0.99915254
game_80,agent1,mixed,0.2333,EC RD PD PD PD PD PC SD PD PD PC SD PC SD PD PD PD PD PD PD PD PC SC SD PD PD TC SD PD PD,0,0.8571428571428571,0.8571428571428571,0.3333333333333333,0.7931034482758621,TFT,0.6567516
game_80,agent2,mixed,0.2333,EC RD PD PC SD PD PD TC SC SD PD TD PD PD PD PD PD PD PD PD PD PC SD PC SD PC SD TD PD PD,0,0.6666666666666666,0.6666666666666666,0.6,0.7241379310344828,TFT,0.9697555
game_80,agent3,mixed,0.3667,EC RD PD PD PC SD PC SD PD PC SC SC SD PD PD PD PD PD PD PD PC SD TD PD PC SC SC SC SD PD,0,0.8333333333333334,0.6,0.6666666666666666,0.5862068965517241,WSLS,0.4760542
game_81,agent1,cooperative,0.7667,EC RC RC SC SC RC RC RC RC RD PC SD TC SD PC SD TC SD PD PC SC RC RC RC RC RC RC RC RD TC,1,1.0,0.2,0.10526315789473684,0.7241379310344828,AllC,0.99893135
game_81,agent2,cooperative,0.8,EC RC RD TD TC RC RC RC RC RC SC SC SC SD PC SC SD TD PC SD TC RC RC RC RC RC RC RC RC SC,0,0.8888888888888888,0.2857142857142857,0.15,0.6551724137931034,AllC,0.38936475
game_81,agent3,cooperative,0.8,EC RC RC SC SC RC RC RC RC RD PD TC SD TC SD TC SC SD PD PC SC RC RC RC RC RC RC RC RC SC,1,1.0,0.5,0.05263157894736842,0.7586206896551724,AllC,0.99893135
game_86,agent1,cooperative,0.8,EC SD PC SC SC SC SC SC RC SC SC SD PC SC SC SD PD PC SC SC SC SC SC RC SC SC SD PD PC SC,1,0.9545454545454546,0.2857142857142857,0.0,0.27586206896551724,AllC,0.99999297
game_86,agent2,selfish,0.1667,ED TD PD PD PD PC SC SC RD PD PD PD PD TD PD TD PD PC SD PD PD PD TC RD TD PD TD PD PD PD,0,0.5555555555555556,0.6666666666666666,0.8888888888888888,0.6206896551724138,AllD,0.9996495
game_86,agent3,mixed,0.4,EC SC SD PD PD PD TD TC RD PD PD PD PC SD PC SC SC SD TD PD PD PC SC RC SD PC SC SD PD PD,1,0.7692307692307693,0.6363636363636364,0.5,0.5862068965517241,AllD,0.61950105
game_84,agent1,cooperative,0.8333,ED PD TC SC SC SD TC SC SC SC SD PC SC SC SC SC SC SC SC SC SC SC SC SC SD PC SC SC RC SC,0,0.96,0.18181818181818182,0.25,0.2413793103448276,AllC,0.99963784
game_84,agent2,selfish,0.1333,ED PC SD TC SD TC SD TD TD TD TD PD PD TD TD TD TD TD TD PD PD TD TD TD TD PD PD TC RD PD,0,0.21052631578947367,0.5,0.8421052631578947,0.4482758620689655,WSLS,0.5435858
game_84,agent3,cooperative,0.8,EC SC SC SD TC SC SC SC SC SC SC SD PC SC SC SC SC SC SD PD PC SC SC SC SC SD PC SC RD PC,1,0.9583333333333334,0.22727272727272727,0.3333333333333333,0.20689655172413793,AllC,0.9999993
game_87,agent1,cooperative,0.7667,EC RD PC SC SC SC SD PD PD PC RC SD PC SC SC SC SD PC SC SC SC RC SC SC RC SC SC SC SC SD,0,0.95,0.25,0.2,0.3103448275862069,AllC,0.99721503
game_87,agent2,mixed,0.1667,EC RD PD PD TC SD TD PD PD PC RD PD PD TD PD PD TD PD TD PD TC RD TD TC RD TD PD TD TD TD,0,0.2727272727272727,1.0,0.7647058823529411,0.5172413793103449,TFT,0.5213214
game_87,agent3,cooperative,0.6333,EC RC SD PC SD TC SC SD PD PC RD PD PC SD PD PC SC SC SD PC SC RC SC SC RC SD PC SC SC SD,1,0.9375,0.5333333333333333,0.16666666666666666,0.4827586206896552,WSLS,0.6248975
game_83,agent1,cooperative,0.7667,EC SC RC SC SC SD PC SC SC SC SC RD PC SC RD TC SD PC RD TC RC RC SC SC RD PC RC SD TC RC,1,0.9375,0.14285714285714285,0.3076923076923077,0.3793103448275862,AllC,0.9999956
game_83,agent2,cooperative,0.9,EC SC RC SC SC SD PC SC SC SD PC RC SC SC RC SC SC SC RC SC RC RC SC SC RD PC RC SC SC RC,1,0.9473684210526315,0.10526315789473684,0.1,0.3448275862068966,AllC,0.9996749
game_83,agent3,mixed,0.4333,ED TC RD TD TD TD PD TD TD TD PC RD PD TC RC SD TD PC RC SC RC RD TD TC RC SC RD TC SC RD,0,0.6,0.5,0.6363636363636364,0.3793103448275862,AllD,0.9999589
game_82,agent1,cooperative,0.5333,EC SC SD PC SC SC SD PC SD PD PD PC SD TD PC SC SD PD PC SD PD PC SD TD PC SC SC SC SD PC,1,0.8333333333333334,0.5,0.6666666666666666,0.41379310344827586,AllC,0.93713117
game_82,agent2,cooperative,0.6333,EC SC SC SC SD PC SC SC SC SD PC SD PC SD PC SD PD PC SD PD PD PC SC SD PC SC SC SC SC SD,1,0.9473684210526315,0.3157894736842105,0.0,0.3793103448275862,AllC,0.99997854
game_82,agent3,selfish,0.0667,ED TD TD PD TD PD TD PD TD PD PD PD PC SD PD TD PD PD PD PD PD PD TC SD PD TD TD TD TD PD,0,0.18181818181818182,1.0,0.9166666666666666,0.6206896551724138,AllD,0.9999975
game_88,agent1,cooperative,0.8,EC SC SC SC SC SC SC SC SC SC SC SC SD PC SD PC RD PD PC SC SC SD PC SC SC SD PC SC SC RC,1,1.0,0.18181818181818182,0.3333333333333333,0.20689655172413793,AllC,1.0
game_88,agent2,mixed,0.6,EC SD PC SC SC SC SD PD PC SC SC SD PC SD TD PC RC SD PD PC SD PD PC SD PD PC SC SC SC RC,1,0.9375,0.5333333333333333,0.25,0.4482758620689655,AllC,0.9868002
game_88,agent3,selfish,0.1333,ED TD PD TD TD TD TD PD PD TD TD TD PD PC SD PC RD PD PD PD TD PD PD TD PD PD PD TD TC RC,0,0.23076923076923078,0.5,0.8666666666666667,0.5172413793103449,AllD,0.99994826
game_91,agent1,selfish,0.1667,EC RD PD PD PD TD PD PC SD PD PD PD PD PD PD PD PD PC SD PC SD PD PD PD PD PD PD PD PD TC,0,0.6666666666666666,0.75,0.5,0.8275862068965517,AllD,0.9736777
game_91,agent2,cooperative,0.5,EC RC SD PC SC SC SC SC SC SC SC SC SD PD PD PD PC SC SD PD TC SD PD PD PD PD PD PD PC SD,1,0.9285714285714286,0.42857142857142855,0.0,0.5862068965517241,AllC,0.9999939
game_91,agent3,selfish,0.2,EC RD PD PD PC SD PD PD TD PD PD PD PD PD PD PC SD PD TD PC SD PD PC SD PD PD PD PD PC SD,0,0.625,1.0,0.75,0.7241379310344828,AllD,0.9457513
game_85,agent1,cooperative,0.4,EC SC SD PD PD PC SD PC SD PC SD PC SC SD PC SD PD PC SD PD PD PD PD PC SD PD PC SD PC SD,1,0.9166666666666666,0.5,0.0,0.6206896551724138,WSLS,0.909435
game_85,agent2,selfish,0.1333,ED PD PD PD PC SD PD PD TD PC SD PD PD PD PD PD PD PD PD PD PD PD PD PC SD PD PC SD PD PD,0,0.6666666666666666,1.0,1.0,0.8275862068965517,AllD,0.9981035
game_85,agent3,selfish,0.1333,ED PD PD PD PD PD PD PC SD PD TD PD PD PD PD PC SD PD PC SD PD PD PD PD TD PD PD TC SD PD,0,0.5714285714285714,1.0,0.75,0.8275862068965517,AllD,0.9954657
game_89,agent1,cooperative,0.5667,ED PC SC SC SC SC SD PC SD PC SD PD PC SD PD PC SD PC SD PD PC SC SD PC SC SC SC SC SD PD,0,0.9444444444444444,0.3888888888888889,1.0,0.41379310344827586,AllC,0.99926037
game_89,agent2,mixed,0.2,ED PD PD TC SD TD TD PD TC SC SC SD PD PD PD PD PD PD PD PD PC SD PD PC SD TD TD PD PD PD,0,0.5454545454545454,0.8,0.7142857142857143,0.7241379310344828,AllD,0.9901158
game_89,agent3,mixed,0.3333,EC SD PC SD TC SC SD PC SD PD TD PD PD PD PD PD PD PD PC SD PD TD PC SD TC SC SD PD PD PC,1,0.75,0.75,0.4,0.6896551724137931,WSLS,0.69439715
game_90,agent1,selfish,0.1667,ED PC SC SD PD PD PD PD PD PD PD PD PD PD PD PC SD PC SD PD PD PD PD PD PD PD PC SD PD PD,0,0.8333333333333334,0.6666666666666666,1.0,0.8275862068965517,AllD,0.994487
game_90,agent2,cooperative,0.2,ED PD TD PD PD PD PD PD PC SD PC SD PD PD PD PC SC SD PD PD PD PD PD PC SD PD PD PD PD PC,0,0.75,0.8333333333333334,1.0,0.7586206896551724,AllD,0.99914944
game_90,agent3,cooperative,0.1333,EC SC SD PD PD PD PD PD PD PD PD PD PD PD PD PD TD PD PD PC SD PD PD PD PD PD PD PD PC SD,1,0.6,0.75,0.5,0.8620689655172413,TFT,1.0
game_92,agent1,selfish,0.2333,ED PD PD PD PD PD TD PD PD PC SD PD TD PC SD TD PC RD PC SD PD PC SC SD PD PD PD PC SD PD,0,0.6363636363636364,0.8571428571428571,1.0,0.6206896551724138,AllD,0.9995987
game_92,agent2,cooperative,0.5,EC SD PC SC SC SC SC SD PC SD PC SC SD PD TC SD PC RD PD PD PC SD TC SD PD PC SC SD TD PD,1,0.875,0.5,0.4,0.5172413793103449,AllC,0.95228577
game_92,agent3,mixed,0.2667,ED PD PD PD PD PC SD PD PD PD PD PC SD PC SC SD PC RD PD PD PD PC SD TD PC SD PD PC SD PD,0,0.8,0.75,1.0,0.6551724137931034,AllD,0.99423695
game_94,agent1,selfish,0.2,ED PD PD PD TD PD PD PD PD PC SD PC SD PD PD PD PD PC SC SD PD PD PD PD PD PC SC SD PD PD,0,0.75,0.8571428571428571,1.0,0.7586206896551724,AllD,0.99969506
game_94,agent2,selfish,0.1333,ED PD PD PC SD PD PD PD PD PD PD PD PD PC SD PD PD PD TD TC SD PD PD PD PD PD PC SD PD PD,0,0.6666666666666666,1.0,0.6666666666666666,0.8620689655172413,AllD,0.9894287
game_94,agent3,selfish,0.2667,ED PD PD PC SD PD PD PD PD PD PD PD PD PD PD PC SC SC SC SD PD PD PD PC SD PD PD TD PC SC,0,0.8,0.7142857142857143,1.0,0.6896551724137931,AllD,0.9894287
game_93,agent1,selfish,0.2333,ED PD PD PD PC SC SD PD PC SD PC SD PD PD PD PD PD PC SD PD PD PD PD PD PC SC SD PD PD PD,0,0.875,0.875,1.0,0.7586206896551724,AllD,0.99059534
game_93,agent2,selfish,0.1,ED PD PD PD PD TD TD PD PD PD PD PD PD PD PD PD PD PD PD PD PD PD PD PC SD PC SC SD PD PD,0,0.5,0.75,1.0,0.8275862068965517,AllD,0.99998486
game_93,agent3,cooperative,0.3,ED PC SD PC SC SC SC SC SD PD PD PD PD PC SD PD PD PD PD PD PC SD PC SD PD PD TD PD PD PD,0,0.8181818181818182,0.4,1.0,0.6551724137931034,AllC,0.9912909
game_95,agent1,selfish,0.2,ED PD PD TC SD PD PD PD PD PC SD PD PC SC RD PD PD PD PD PD PD PD PD PC SD PD PD PD PD PC,0,1.0,1.0,0.6666666666666666,0.7931034482758621,AllD,0.64964575
game_95,agent2,selfish,0.2,ED PC SC SD TD PD PC SD PC SD PD PD PD PC RD PD PD PD PD PD PD PD PD PD PD PD PD PD PD PC,0,0.8571428571428571,0.6,1.0,0.7241379310344828,WSLS,0.9736528
game_95,agent3,mixed,0.3667,EC SD PC SC SC SD PD PD PD PD PC SD PD PC RC SD PC SD PD PC SD PD PD PD PD PD PD PC SD PC,1,1.0,0.6363636363636364,0.0,0.6896551724137931,TFT,0.9738356
game_96,agent1,selfish,0.3,ED TD TC SD PC SC SD TD TC SD TD TD PC SD PC SD PD PD PD PC SD PD PD PC SD PC SD PD PD PD,0,0.6666666666666666,0.5714285714285714,0.7142857142857143,0.6206896551724138,AllD,0.5895933
game_96,agent2,mixed,0.3667,EC SC SD PC SD PD TC SC SD PC SC SD PD PD PD TD PD PD PD PD PD PD PC SD TC SC SC SD PD PD,1,0.8333333333333334,0.6363636363636364,0.25,0.6896551724137931,WSLS,0.689638
game_96,agent3,cooperative,0.4667,EC SC SD PD PD PC SC SC SD PC SC SD PD PC SC SD PC SC SC SD PD PC SD PC SD PD TD PD PD PD,1,0.8666666666666667,0.6,0.5,0.5172413793103449,AllC,0.66769516
game_101,agent1,mixed,0.3333,EC RD PD PC SC SD TD PC SC SD PD PD PD PD PC RD PC SD PD PD TC RC RD PD PD PD PD PD PC SD,0,0.8,0.8571428571428571,0.5714285714285714,0.6206896551724138,WSLS,0.97484696
game_101,agent2,cooperative,0.6667,EC RD PD PD PD PC SC SD PC SC SD PD PC SC SC RD PC SC SC SC SC RC RC SC SC SC SC SD PD PC,0,0.9444444444444444,0.375,0.4,0.3448275862068966,TFT,0.3904183
game_101,agent3,mixed,0.2,EC RD PD PD PD PC SD PD PD TD PD PD PD PD PC RD PD TD PD PC SC RC RD PD PD PD PD PD PD PD,0,0.5714285714285714,1.0,0.7142857142857143,0.6896551724137931,AllD,0.91298586
game_100,agent1,mixed,0.4,EC SD PD PC SC SC SC SC SD PD PD PC SD PD PC SD PD PC SD PD PD TD PC SD PD PD PC SD PD PC,1,0.8461538461538461,0.75,0.5,0.5862068965517241,AllC,0.9652422
game_100,agent2,cooperative,0.7333,EC SC SC SD PC SD PC SC SC SD PD PC SD PD PC SC SD PC SC SC SC SC SC SC SC SC SC SC SD PC,1,0.9545454545454546,0.2727272727272727,0.0,0.27586206896551724,AllC,0.9695389
game_100,agent3,selfish,0.0333,ED TD PD PD PD TD PD TD TD PD PD PD TD PD PD TD PD PD TD PD PC SD PD TD PD PD PD TD PD PD,0,0.1,1.0,1.0,0.6551724137931034,AllD,0.9999895
game_105,agent1,mixed,0.0667,ED PD PD PD PD PD PD PD PD PD TD PD TD TD PD PD PD PD PD PD PD PD PD PD PD PD TD PC SC SD,0,0.2857142857142857,1.0,1.0,0.7931034482758621,AllD,0.99678
game_105,agent2,mixed,0.2,ED PD PC SD PD PD PD PD PD PC SD PC SC SD PD PD PD PD PD PD PD PD PD PD PD PC SD PD PD TC,0,0.8571428571428571,0.8333333333333334,0.5,0.8275862068965517,AllD,0.989726
game_105,agent3,cooperative,0.5333,ED PD PD PC SC SD PD PC SC SC SC SC SC SC SD PD PD PD PC SC SD PC SD PD PD PC SC SD PC SC,0,0.9411764705882353,0.5333333333333333,1.0,0.4482758620689655,AllD,0.8854871
game_102,agent1,mixed,0.3,EC SD PD PD PD PD PC SD PD PC SD PD TD PC SD PD PD PD PD TD PD PD TD PD PC SC SC SC SD PC,1,0.6666666666666666,0.6666666666666666,0.75,0.6206896551724138,TFT,0.96870047
game_102,agent2,selfish,0.1333,ED TD PD PD PD PD PD TD PD PD PD PC SD PD PD PD PD PD PC SD PD PC SD PD PD TD TD TC SD PD,0,0.5,1.0,0.8333333333333334,0.7586206896551724,AllD,0.9999609
game_102,agent3,cooperative,0.8,EC SC SC SC SD PC SC SC SC SD PC SC SD PD PD PC SC SC SC SC SC SC SC SC SC SC SC SD TC SC,1,0.9583333333333334,0.22727272727272727,0.0,0.2413793103448276,AllC,0.99997854
game_97,agent1,selfish,0.2333,ED PC RD PC SD PC SD PD PD PC SD PD PC SD PD PD PD PD PD PD PD PD PD PD PC RC SD PD PD PD,0,0.8571428571428571,0.625,0.6666666666666666,0.7586206896551724,AllD,0.72586626
game_97,agent2,mixed,0.3333,EC SC RD PC SD PD PD PD PC SD PD PD PD PC SD PD PD PD PC SD PD PD PC SD PC RD PD PD PC SC,1,0.9,0.625,0.6666666666666666,0.6206896551724138,TFT,0.66501814
game_97,agent3,selfish,0.2333,ED PC RD PD TD PD PD PD PD PD PC SD PD PD PD PC SD PD PD PD PC SD PD PC SC RD PD PD PD PC,0,0.7777777777777778,0.8333333333333334,1.0,0.6551724137931034,AllD,0.99991655
game_98,agent1,selfish,0.3,ED PC SD PC SD PD PD PC SC SD PD PD PD PD PC SD PD PC SC SD PD PC SD PD PD PD PD PD PC SD,0,0.9,0.7777777777777778,1.0,0.6896551724137931,WSLS,0.62830734
game_98,agent2,mixed,0.0667,ED PD PD PD PD PD PD PD PD PD PD PD PD PD PC SD PD PD PD TD PD PD TD PD PD PD PC SD PD PD,0,0.4,1.0,1.0,0.8620689655172413,AllD,0.99678
game_98,agent3,mixed,0.2,EC SD PD PD PD PD PD PD PD PD PD PD PD PD PD TD PD PD PC SC SD PC SC SC SD PD PD PD PD PD,1,0.7142857142857143,0.7142857142857143,0.5,0.7931034482758621,TFT,0.9670105
game_103,agent1,mixed,0.3333,ED PC SC SC SC SC SD PD PD PC SD PD PC SD TD PD PD PC SD PD PD PD PD TC SD PD PD PD PC SD,0,0.8333333333333334,0.5555555555555556,0.6666666666666666,0.6551724137931034,AllC,0.9963347
game_103,agent2,selfish,0.2,ED PD PD PD PD TC SD PD PC SD PC SD PD PC SD PC SD PD TD PD PD PD PC SD PD PD PD PD PD TD,0,0.6666666666666666,0.7142857142857143,0.75,0.7586206896551724,AllD,0.8625457
game_103,agent3,selfish,0.3333,ED PD PD PD PC SD TD PC SD PD PD PC SD PC SC SD PD PC SC SD PD PD PC SD PD PC SD PD PC SD,0,0.8333333333333334,0.8888888888888888,1.0,0.6206896551724138,AllD,0.99988556
game_104,agent1,mixed,0.3667,EC SC SD PD PC SD PC SC SC RD PC SC SC SD PD PC SD TD PD PD PD PD PD PD PD TD PD PD PD PC,1,0.7692307692307693,0.4444444444444444,0.75,0.5517241379310345,AllC,0.74446696
game_104,agent2,selfish,0.1,ED TD TD PD PD TD PD PD TC RD PD TD TD TD PD PD PC SD PD PD PD PD PD PD PC SD PD PD PD PD,0,0.375,1.0,0.8888888888888888,0.6896551724137931,AllD,0.99901795
game_104,agent3,mixed,0.6667,EC SC SC SC SC SC SD PC SC RC SC SC SC SC SC SD PC SD PD PD PC SC SC SD PC SD PC SD PD PD,1,0.9473684210526315,0.25,0.0,0.3793103448275862,AllC,0.9999933
game_99,agent1,mixed,0.1333,EC SD TD PD PD TD PD TD PD PD PD PD PD PD PD PD TD PD PD PD PD PC SD PD PD PC SD PC SD PD,1,0.375,0.75,0.8,0.7586206896551724,AllD,0.99706835
game_99,agent2,cooperative,0.4333,EC SC SC SC SC SC SC SC SD PC SD PD PD PD PD PC SD PD PD PC SD PD PD PD PD PD PC SD PD PC,1,0.9230769230769231,0.38461538461538464,0.0,0.5862068965517241,AllC,0.99999976
game_99,agent3,cooperative,0.2667,ED TC SD PD PC SD PC SD PC SD PD PD PD PD PD PC SD PC SD PD PD PD PC SD PD PD PD PD PC SD,0,0.875,0.5714285714285714,0.5,0.7586206896551724,WSLS,0.9361163
game_107,agent1,mixed,0.8,EC SC SC SC SC SC SC RC SC RC RD PC RC SC SC SD PC SC RC SC SC SD TC RC SC SC SD PD TC SD,1,0.9473684210526315,0.21052631578947367,0.1111111111111111,0.41379310344827586,AllC,0.99999964
game_107,agent2,mixed,0.4,EC SD PD TD TD TD TC RD TC RC RD PC RD PD PD TD PC SC RD TD TD PC SC RC SD TD TD PC SD TC,1,0.5333333333333333,0.8,0.6666666666666666,0.3793103448275862,AllD,0.6749532
game_107,agent3,mixed,0.7,ED TD PC SC SC SC SC RC SC RC RC SC RD PD PC SD PD TC RC SC SD PC SC RD TC SC SC SC SC SD,0,0.9411764705882353,0.2857142857142857,0.4,0.3793103448275862,AllC,0.9999472
game_108,agent1,cooperative,0.8333,EC RD PC SC SC RC SC RD PC SC SC SC RC SC RC RC SD TC RC SC RC RC RC SC RD TC RD PC SC SC,0,0.9375,0.08333333333333333,0.26666666666666666,0.3793103448275862,AllC,0.999887
game_108,agent2,cooperative,0.6667,EC RD PD PD TC RD PC RC SD TC SD TC RD PC RC RC SC SC RC SC RC RC RD TC RC SC RC SD TC SD,0,0.9090909090909091,0.3333333333333333,0.2222222222222222,0.6551724137931034,TFT,0.9945352
game_108,agent3,cooperative,0.6667,EC RD PD PC SC RD PC RD PC SD TC SC RD PC RC RD TC SC RD TC RC RC RC SC RC SC RD PC SD TC,0,0.9230769230769231,0.14285714285714285,0.4117647058823529,0.41379310344827586,WSLS,0.5216943
game_106,agent1,mixed,0.3667,EC SC SC SC SC SD PD PD PC SD PD PD PD PC SD PC SD PD PC SD PD PD PC RD PD PD PD PD PD PC,1,0.9090909090909091,0.5454545454545454,0.5,0.6206896551724138,AllC,0.9935633
game_106,agent2,mixed,0.2333,ED PD PD TC SC SD PD PD PD PC SD PD PD PD PD PD PC SD PD PD PD PD PC RD PD PC SD PD PD PC,0,0.875,1.0,0.6666666666666666,0.7586206896551724,AllD,0.8428193
game_106,agent3,selfish,0.1333,ED PD PC SD TD TD PD PD PD PD PD PD PD PD PC SD PD PD PD PD PD PC SC RD PD PD PD PD PD PD,0,0.5714285714285714,1.0,1.0,0.7586206896551724,AllD,0.99993765
game_109,agent1,cooperative,0.8,EC SC SC RC SC SC SC SD PC RD PD PC SC SC SC SC SC RC SC SD PC SC RC SC SC SD PC SD PC SC,1,0.9523809523809523,0.2,0.2,0.27586206896551724,AllC,0.9999807
game_109,agent2,cooperative,0.5,EC SD PC RC SD TC SC SC SC RD PC SC SD PD TD PD PC RC SD PD PD PC RD PD PD PD PC SC SC SD,1,0.8571428571428571,0.6153846153846154,0.42857142857142855,0.5172413793103449,AllC,0.99322635
game_109,agent3,selfish,0.2667,ED TD PC RD TC SD TD TD PC RD PD PD TD PC SD PD PC RD TD PD PD PC RD PD PD PC SD TD PD TC,0,0.5833333333333334,1.0,0.8461538461538461,0.4482758620689655,WSLS,0.6600861
game_110,agent1,cooperative,0.9,ED TC SC SC SD PD PC SC SC SC RC SC SC SC SC SC SC SC SC SC SC SC SC SC RC SC RC SC SC RC,0,0.9565217391304348,0.09523809523809523,0.16666666666666666,0.2413793103448276,AllC,0.99883443
game_110,agent2,cooperative,0.6333,EC SD PC SC SC SC SD PC SC SC RC SD PC SC SD TD TD PC SC SD PC SD PC SC RD PC RD PD PC RC,1,0.8421052631578947,0.4,0.5714285714285714,0.3103448275862069,AllC,0.9996362
game_110,agent3,mixed,0.2333,EC SD PD TD TD PD PD PD TD TC RD TD PD TD TC SC SD PD TD TD PD TD PD TC RD PC RD PD PC RD,1,0.46153846153846156,0.8333333333333334,0.75,0.4827586206896552,AllD,0.95506555
game_111,agent1,cooperative,0.8333,EC SC SD PC SC SC SC SC SC SC SC SC RC SD TC SC SC RD PC SC SC SD PC SC SC SC SC SD PC SC,1,0.9583333333333334,0.19047619047619047,0.25,0.20689655172413793,AllC,0.9999993
game_111,agent2,selfish,0.1,ED TD TD PD PD TD TD TD PD PD TD TC RD PC SD TD TC RD PD TD TD TD PD TD TD TD TD TD PD TD,0,0.16666666666666666,0.5,0.9047619047619048,0.3448275862068966,AllD,0.9999888
game_111,agent3,cooperative,0.8333,EC SC SC SD PC SC SC SD PD PC SC SC RD PC SC SC SC RC SC SC SC SD PC SC SC SC SC SC SC SC,1,0.9583333333333334,0.18181818181818182,0.3333333333333333,0.1724137931034483,AllC,0.999684
game_112,agent1,cooperative,0.7667,EC SC SC SC SC RC SC SD PC SC SC SC SC SC SC SD PC SC SD TD PD PC SD PC SC SC SC SD PC SC,1,0.9130434782608695,0.2,0.3333333333333333,0.2413793103448276,AllC,0.999995
game_112,agent2,selfish,0.2667,ED PD PD TD PC RD PC SD PD TD PC SD TD PD TD TD PD PD PC SD PD PD PD PD TD PC SC SC SD PC,0,0.5333333333333333,0.5714285714285714,1.0,0.4827586206896552,AllD,0.9985966
game_112,agent3,selfish,0.3,ED PD PC SD PC RD PD TC SC SD PD TC SD PC SC SD PD PD PC SD PD PD PD PC SD PD TD TD PD PD,0,0.75,0.8,0.6666666666666666,0.6551724137931034,AllD,0.8651948
game_113,agent1,cooperative,0.8333,EC SC SD PD PC RC SC SC SC SC SD PC SC SC SC SC RC SC SC SC SC SC RC SC SC SC SC SD PC SD,1,0.9545454545454546,0.17391304347826086,0.0,0.27586206896551724,AllC,0.9998579
game_113,agent2,selfish,0.2333,ED TD TD PD PC RC SD TD PD PD TC SC SD PD TD TC RD PD PD PD PD PC RD TD TD TD TD PC SD PD,0,0.6666666666666666,1.0,0.7857142857142857,0.5172413793103449,AllD,0.9997069
game_113,agent3,mixed,0.5,EC SC SD PC SC RD TC SD PD PC SD PD TD PC SC SC RD PD PD PD PD PC RC SC SC SC SD PD PD PC,1,0.8571428571428571,0.5,0.5,0.4827586206896552,AllC,0.86468655
game_114,agent1,cooperative,0.6333,EC RD PC SC SC SC SD TC SD TC RD PC SC SD PC SD PD PC RD PC SD TC SD PC SC SD PC RC SC SC,0,0.9444444444444444,0.2857142857142857,0.375,0.41379310344827586,AllC,0.97206265
game_114,agent2,mixed,0.3667,EC RD PD TC SD TD TC SC SC SC RD PD TC SD PD TD PD PC RD PC SC SD PD PD TD TD PC RD TD PD,0,0.6666666666666666,0.625,0.6923076923076923,0.4482758620689655,AllC,0.9524049
game_114,agent3,cooperative,0.7667,EC RD PC SD TC SC SC SD TC SC RC SC SD TC SC SC SC SC RC SD TC SD PC SC SC SC SC RC SD PC,0,0.95,0.26666666666666666,0.1111111111111111,0.4482758620689655,AllC,0.98800117
game_116,agent1,cooperative,0.8667,EC RC SC SC SC SD TD PC SC RC RC SD PC SC SC SD PC SC SC RC SC SC SC SC RC SC SC SC RC RC,1,0.9473684210526315,0.17647058823529413,0.1111111111111111,0.3448275862068966,AllC,0.98321664
game_116,agent2,mixed,0.4667,EC RD PC SD TD TC SD PC SC RC RD TD PD PC SD PD PD TC SC RD TD PD TD TC RD TC SD PC RC RC,0,0.8181818181818182,0.25,0.5,0.5172413793103449,WSLS,0.9900087
game_116,agent3,mixed,0.6667,EC RD PD TC SC SC SC SD TC RC RC SC SD PD TD PC SC SD TC RC SD PC SC SC RC SD TD PC RC RC,0,0.8666666666666667,0.5833333333333334,0.23076923076923078,0.5517241379310345,AllC,0.9761086
game_120,agent1,selfish,0.1333,ED PD PD PD PC SD PD PD TD PD PC RD PD PD PD PC SD PD PD PD PD PD PD PD PD PD PC SD TD PD,0,0.5714285714285714,1.0,1.0,0.7586206896551724,AllD,0.9997198
game_120,agent2,selfish,0.2667,ED PD PD PD PD TD PD PC SD PD PC RD PD PD PD PD PD PD PD PC SD PC SD PD PD PC SC SC SC SD,0,0.8,0.625,1.0,0.6551724137931034,AllD,0.99986446
game_120,agent3,cooperative,0.3667,ED PD PC SD PC SD PC SC SD PD PC RC SC SD PC SD PD PD PD PD PD PD PD PD PC SD PD TC SD PC,0,0.9090909090909091,0.5454545454545454,0.3333333333333333,0.6896551724137931,AllD,0.6602101
game_115,agent1,cooperative,0.5667,EC SC SD PC SD PD TC SC SD TC SD PD PC SC SD PC SC SC RC SD TC SC RD PD PC SD PC RC SD PD,1,0.9333333333333333,0.6428571428571429,0.14285714285714285,0.5862068965517241,TFT,0.9715309
game_115,agent2,mixed,0.3,ED TD PD PD PD PC SD PD PC SD PD PD PD PD PD PC SD PC RD PC SD PC RD PC SD PC SC RD TD PD,0,0.9,0.2857142857142857,1.0,0.5172413793103449,AllD,0.99869746
game_115,agent3,selfish,0.4,EC SD PC SD PD PC SD PD PC SD PC SD PD PD PD PD TD PC RD PC SD PC RC SD PD PD PC RC SC SD,1,0.8181818181818182,0.5833333333333334,0.4,0.6206896551724138,WSLS,0.98180884
game_118,agent1,selfish,0.2,ED PD PD PC SD PD TD PD PD PD TC SD TD PD TD TD PD PD PD PC SD PD PD PC SD PD PC SD PD PC,0,0.6,1.0,0.8333333333333334,0.6896551724137931,AllD,0.9993672
game_118,agent2,cooperative,0.8667,EC SC SC SC SC SC SC SC SC SC SC SC SC SC SC SC SC SD PC SD PD PC SC SC SC SC SD PC SC SC,1,1.0,0.12,0.0,0.13793103448275862,AllC,1.0
game_118,agent3,selfish,0.2,ED PD PD PD TD PC SD PD PD PC SD TC SD PC SC SD PD PD PD PD PD PD PD PD TD PD PD PD PD PC,0,0.75,0.8,0.75,0.7586206896551724,AllD,0.9992879
game_117,agent1,selfish,0.2333,ED TD TD PD TD TC SC RD TD PD TD PC RC RC RD PD PC RD TD PD PD TD TD PD PD PC SD PD TD PD,0,0.45454545454545453,1.0,0.8125,0.4482758620689655,AllD,0.99997294
game_117,agent2,cooperative,0.7,EC SC SD PC SC SD PC RC SD PC SD PC RC RC RC SD PC RC SD PD PC SC SC SC SC SC SD PC SD PC,1,0.9375,0.3684210526315789,0.0,0.4827586206896552,WSLS,0.93214524
game_117,agent3,cooperative,0.6667,EC SC SC SC SC SD PC RC SD PC SD PC RC RC RD PD PC RC SC SC SC SC SD PD PD PD TD PC SC SC,1,0.8823529411764706,0.29411764705882354,0.2857142857142857,0.41379310344827586,AllC,0.99884295
game_121,agent1,selfish,0.2,ED PD PC SD PD PD PC SD PD PD PC SD PD PD PC SC SD PD PD PD PD PD PD PD PD PD PD PC SD PD,0,0.8571428571428571,1.0,1.0,0.7931034482758621,AllD,0.9969952
game_121,agent2,selfish,0.2333,ED PD PC SD PD PD PD TD PD PC SD PC SD PD PD PD PD PD PC SD PD PD PD PC SD PD PC SC SD PD,0,0.7777777777777778,0.875,1.0,0.7241379310344828,AllD,0.999361
game_121,agent3,selfish,0.1667,ED PD PD TD PC SC SC SD PC SD PD PD PD PD PD PD PD PD PD PD PC SD PD PD PD PD PD PD TD PD,0,0.625,0.6666666666666666,1.0,0.7586206896551724,AllD,0.9677815
game_122,agent1,selfish,0.1333,ED PC SD PD PD PD PD PD PD PD PC SC SD PD PD PD PD PD PD PD PD PD PD PD PD PD PD PD PD PC,0,0.8,0.75,1.0,0.8620689655172413,AllD,0.99719846
game_122,agent2,selfish,0.1667,ED PD TD PC SC SD PD PD PD PD PD TD PD PD PD PD PC SD PC SD PD PD PD PD PD PD PC SD PD PD,0,0.625,0.8333333333333334,1.0,0.7586206896551724,AllD,0.99946314
game_122,agent3,mixed,0.3,EC SC SC SD PD PC SD PD PD PD PC SD PD PD PD PD PD PD PD PC SC SC SD PD PC SD PD PD PD PD,1,0.8888888888888888,0.7,0.0,0.7241379310344828,TFT,0.8342864
game_119,agent1,selfish,0.2333,ED PC SD PD PC SD PC SC SD PD PD PD PD PD TD PD PD PD PD PC SD TD PD PD PC SD PD PD PC SD,0,0.7,0.6666666666666666,1.0,0.6896551724137931,AllD,0.83627546
game_119,agent2,cooperative,0.7,EC SC SC SC SD PC SC SC SC SC SD PC SC SC SC SD PC SC SD PC SC SC SD PD PD TD PC SC SC SD,1,0.9090909090909091,0.3333333333333333,0.5,0.27586206896551724,AllC,0.9999995
game_119,agent3,mixed,0.1667,ED PD TD PD PD PD PD TD TD PD PD PD PD PC SD PD PD PD PD PD TC SD PD PC SC SC SD PD PD TD,0,0.5,0.8333333333333334,0.8333333333333334,0.7241379310344828,AllD,0.99999475
game_123,agent1,selfish,0.2333,ED PD PD PD PD PD PD PC SD PC SD PD PC SD PD PC SD PD PD PD PD PD PD PD PC SD PD PC SD PC,0,0.875,0.7142857142857143,1.0,0.7586206896551724,AllD,0.9929334
game_123,agent2,mixed,0.1,EC SD PD PD PD PD PD PD PD PD TD PD PD PD PD PD PD PD PD PD PD PD PD PD PD PC SD PD PD PC,1,0.5,1.0,0.5,0.896551724137931,TFT,1.0
game_123,agent3,cooperative,0.1667,ED PD PD PD PC SD PC SD PD PC SD PD PD PD PD PD PD PD PD PD PC SD PD PC SD PD PD PD PD PD,0,0.8333333333333334,0.8333333333333334,1.0,0.8275862068965517,AllD,0.9871005
game_125,agent1,selfish,0.1333,ED TD PD PC SC SD PD PD PD PD PD PD PC SD PC SD PD PD PD PD PD PD PD PD PD PD PD PD PD PD,0,0.8,0.75,1.0,0.8275862068965517,AllD,0.99890196
game_125,agent2,mixed,0.2,EC SD PD PD PD PD PD PD PD PC SC SD PD PD PC SD PD PD PD PD PD PD PD PD PD PC SC SD PD PD,1,0.8333333333333334,1.0,0.0,0.8275862068965517,TFT,0.9837467
game_125,agent3,mixed,0.2667,EC SC SD PD PD PC SC SD PD PD PD PD PD PD PD TD PC SD PC SD PD PC SD PC SD PD PD PD PD PD,1,0.7777777777777778,0.6666666666666666,0.5,0.7241379310344828,TFT,0.8855971
game_124,agent1,selfish,0.3,ED PD PD PC SC SD PD PC SC SD PD PD PD PD PD TC SD PD PD PD PD PC SD PC SC SD PD PC SD PD,0,0.9,0.9,0.5,0.7241379310344828,AllD,0.9216552
game_124,agent2,mixed,0.3,EC SD PD PD PD PD PC SD PD PD PD PC SD PD PC SD PD PC SD PD PD PD PD PC SC SC SD PD PC SD,1,0.8888888888888888,0.8888888888888888,0.0,0.7241379310344828,TFT,0.97883147
game_124,agent3,selfish,0.0667,ED PD PD PD PD PD PD PD PD PD PD PD PD PD PC SD PC SD PD PD PD PD PD PD TD TD PD PD PD PD,0,0.4,0.6666666666666666,1.0,0.8620689655172413,AllD,0.99678
game_126,agent1,mixed,0.4,EC SD TD PD PC RC RD PC SD PD PC RD TC SC RC RD TC RD PD TD TC SD TD PD TD PD TC SC SD TD,1,0.5384615384615384,0.8,0.5625,0.5172413793103449,WSLS,0.9874408
game_126,agent2,cooperative,0.8,ED PC SC SC SC RC RC SC SC SC SC RC SC SC RC RC SC RD PC SC SC SC SD PC SD PC SD TD TC SC,0,0.9047619047619048,0.0625,0.3333333333333333,0.3103448275862069,AllC,0.9999981
game_126,agent3,cooperative,0.7,ED PC SD PD PC RC RD PD TD PD PC RC SD TC RC RC SC RC SC SC SD TC SC SC SC SC SC SC SC SC,0,0.8888888888888888,0.26666666666666666,0.3,0.4482758620689655,AllD,0.9983038
game_127,agent1,mixed,0.2333,EC SC SC SD TD PD PD PD TC SD PC SC SD TD PD PD PD PD PD PD TD PD TD PC SD PD PD PD PD PD,1,0.5454545454545454,0.5,0.6666666666666666,0.6896551724137931,TFT,0.92627645
game_127,agent2,cooperative,0.6333,ED PC SC SC SD PD PC SC SC SC SD PC SC SC SC SC SD PD PD PC SC SC SC SD TD PC SC SC SD PD,0,0.9047619047619048,0.42105263157894735,1.0,0.3103448275862069,AllC,0.9989027
game_127,agent3,selfish,0.2333,ED PD TD TC SD PD PD PC SD TD PD PD TC SD PD PD PD PD PD PC SD PC SD PC SD PD PD PD PD PC,0,0.7,0.6666666666666666,0.6,0.7586206896551724,AllD,0.999271
game_128,agent1,mixed,0.6667,ED PC RC SC RC RC RC SC SC RC RD TC RD TC SC SD TD TD TD TC RC SC SC SC SD PC RD PD TC SC,0,0.8,0.2727272727272727,0.4117647058823529,0.4482758620689655,AllC,0.9998104
game_128,agent2,cooperative,0.8667,EC SC RC SC RC RC RC SC SC RC RC SC RC SC SD TC SC SC SC SC RD PD PC SC SC SC RC SC SD PC,1,1.0,0.1875,0.09090909090909091,0.41379310344827586,AllC,0.99998116
game_128,agent3,mixed,0.6,ED PC RD TC RC RC RD TD TC RC RC SC RC SD TC SC SC SC SC SC RD PD PD TD TD PC RD PC SD PC,0,0.8461538461538461,0.2,0.5,0.41379310344827586,AllC,0.5359389
game_129,agent1,mixed,0.1,EC SD PD PD TD PD PD PD PD TD TD PC SD PD PD PD PD PD PD PD PD PD PD PD PD TD TC SD PD PD,1,0.2857142857142857,1.0,0.6666666666666666,0.8275862068965517,AllD,0.9562396
game_129,agent2,selfish,0.1667,ED TD PD PC SD PD PD PD PC SC SD PD PD PD PD PD PD PD PD PD PD PD PD PD PC SC SD TD PD PD,0,0.7142857142857143,1.0,1.0,0.7586206896551724,AllD,0.98773474
game_129,agent3,cooperative,0.6667,EC SD PC SC SD PC SC SC SC SC SD PD PC SC SC SC SC SD PD PD PD PC SC SD PC SC SC SC SC SD,1,0.95,0.4,0.0,0.3448275862068966,AllC,0.99970764
game_130,agent1,mixed,0.2,EC SC SD PC SD PD TD PD PD PD PD PD PD PD PD PC SD PD PD PC SD PD PD PC SD PD PD PD PD PD,1,0.7142857142857143,0.7142857142857143,0.5,0.7931034482758621,AllD,0.9247129
game_130,agent2,selfish,0.3333,ED TD PD PD PD PC SD PD PC SD PC SC SD PD PC SD PD PC SC SD PC SD PD PD PC SD PD PD PD PC,0,0.9090909090909091,0.7777777777777778,1.0,0.6206896551724138,AllD,0.99869746
game_130,agent3,selfish,0.0667,EC SD PD PD PD PC SD PD PD PD PD PD PD PD PD PD PD PD PD PD PD PD PD PD PD PD PD PD PD PD,1,0.5,1.0,0.0,0.9655172413793104,TFT,1.0
game_131,agent1,mixed,0.1667,EC SC RD PC SC SD PD PD PD PD PD PD PC SD PD PD PD PD PD PD PD PD PD PD PD PD PD PD PD PD,1,0.8,0.6,0.5,0.8275862068965517,TFT,0.92208415
game_131,agent2,selfish,0.2,EC SC RD PD PD PD PD PD PD PD PD PD PD PD PC SD PC SC SD PD PD PD PC SD PD PD PD PD PD PD,1,0.8333333333333334,0.6666666666666666,0.5,0.7931034482758621,AllD,0.6736186
game_131,agent3,mixed,0.1667,ED TC RD PD PD PD PD PC SD PD PD PD PD PC SD PD PD PD PD PC SD PC SD PD PD PD PD PD PD PD,0,0.8,0.8,0.6666666666666666,0.8275862068965517,AllD,0.99491936
game_133,agent1,mixed,0.2667,EC SD PD PD PD PD PD PD PD PD PD PC SD PC SD PD PC SD PC SD PC SD PD PD PD PD PD PD PC SC,1,0.875,0.5714285714285714,0.0,0.7586206896551724,TFT,0.9670105
game_133,agent2,mixed,0.2333,ED TD PD PD PC SD PD PD PD PC SD PD PC SD TD PD PD TD PD PC SD TC SD PD PC SD PC SD PD PD,0,0.7,0.8,0.8,0.6896551724137931,AllD,0.9957891
game_133,agent3,selfish,0.2333,EC SD PD PC SD PC SD PD PD PD PD PD PD PC SD PD PC SD PD PD PC SD PD PD PD PC SD PD PD PD,1,0.8571428571428571,0.875,0.0,0.7931034482758621,TFT,0.91244996
game_132,agent1,mixed,0.3,EC SD PD PD PC SD PD PC SD TD PD PC SD PC SC SC SC SD PD PD PD PD PD PD PC SD PD TD PD PD,1,0.7272727272727273,0.6666666666666666,0.6666666666666666,0.6551724137931034,AllD,0.4644503
game_132,agent2,mixed,0.2,ED TD PD PD PD PD PD PD PC SC SD PD PD PD TD PC SD PD PC SD PD PD PD PD PD PC SC SD PD PD,0,0.75,1.0,1.0,0.7241379310344828,AllD,0.99810946
game_132,agent3,cooperative,0.4,EC SC SD PC SD PC SC SD PC SD PC SD PC SC SD PD TD PD PD PD PD PD PC SD PD PD PC SC SD PD,1,0.8461538461538461,0.5384615384615384,0.5,0.5862068965517241,WSLS,0.99166167
game_134,agent1,mixed,0.2,ED TD TC SC SC SD TD PD TC SD PD PD PC SD PD PD PD PD PD PD PD TD PD PD PD PD PC SD PD PD,0,0.625,0.8,0.6666666666666666,0.7586206896551724,AllD,0.8747151
game_134,agent2,mixed,0.4667,EC SC SC SC SC SC SD PC SD TD PD PD PC SD PD PC SC SC SD PD PC SD PC SD PC SD PD PD PD PD,1,0.8666666666666667,0.35714285714285715,0.5,0.5172413793103449,AllC,0.99989486
game_134,agent3,mixed,0.3333,EC SC SD TD TD TC SD PC SC SC SD PD PD TD PD PD PD PD PC SD PC SD PD PD PD PD PD PC SC SD,1,0.6923076923076923,0.5555555555555556,0.6,0.6206896551724138,WSLS,0.8888754
game_135,agent1,hợp tác,0.7667,EC RC RC RC SD TC SC RC RC RC RC RC RD TC RC RC RC RC RC RC SD TD PD TC SC RD PC RD PC RC,1,0.8571428571428571,0.5,0.17391304347826086,0.7241379310344828,TFT,0.7950193
game_135,agent2,hợp tác,0.7667,EC RC RC RD TC SD TC RC RC RC RC RC RC SC RC RC RC RC RC RD TC SD PC SD TC RD PC RD PC RC,0,1.0,0.0,0.17391304347826086,0.7241379310344828,TFT,0.9898201
game_135,agent3,hợp tác,0.9667,EC RC RC RC SC SC SC RC RC RC RC RC RC SC RC RC RC RC RC RC SC SC SC SC SC RC SC RD PC RC,1,1.0,0.0,0.05263157894736842,0.5862068965517241,AllC,0.9995969
game_139,agent1,hợp tác,0.3,ED TC SD PD PC SD PD PD PC SD PD PD PC SC SC SD PD PD PD PC SC SC SD PD TD PD PD PD PD PD,0,0.8,0.7777777777777778,0.6666666666666666,0.6896551724137931,AllD,0.88448447
game_139,agent2,ích kỷ,0.1,EC SD TD PD PD TC SD PD PD PD PD PD PD PD PD PD PD PD PD PD PD PD TD PC SD PD PD PD PD PD,1,0.4,1.0,0.5,0.896551724137931,TFT,1.0
game_139,agent3,ích kỷ,0.2,EC SC SD PD PC SD PC SD PD PD PD PD PD PD PD PD PD PD PD PD PD PC SD PC SD PD PD PD PD PD,1,0.8333333333333334,0.5714285714285714,0.0,0.8275862068965517,TFT,0.69476765
game_138,agent1,hợp tác,0.1667,ED PD PD PD PD PD PD PD PD PD PD PD PD PD PD PD PC SD PC SD PD PD PC SD PC SC SD PD PD PD,0,0.8333333333333334,0.6666666666666666,1.0,0.8275862068965517,AllD,0.99678
game_138,agent2,ích kỷ,0.1333,ED PD PD PD PD PD PD PD PD PD PC SD PD PD PD PD PD PD PD PD PC SC SD PD PD PD TD PC SD PD,0,0.6666666666666666,1.0,1.0,0.8275862068965517,AllD,0.99678
game_138,agent3,hợp tác,0.1667,ED PD PC SD PD PD PD PD PD PC SD PD PD PD PD PD PD PD PD PC SD PD PD PD PD PC SD PD PC SD,0,0.8333333333333334,1.0,1.0,0.8275862068965517,AllD,0.989726
game_141,agent1,hợp tác,0.1667,ED PD PD PD PD PD PD PD PD PD PD TD PC SD PD PC SD PD PD PC SD PD PC SD PD PC SD TD PD PD,0,0.625,1.0,1.0,0.7586206896551724,AllD,0.99678
game_141,agent2,hỗn hợp,0.2333,ED PD PD PD PC SD PD PC SD PD PC SC SD TD PD PD TD PD PD PD PD PD PC SD PD PC SC SD PD PD,0,0.7,1.0,1.0,0.6896551724137931,AllD,0.99734265
game_141,agent3,hợp tác,0.3333,ED PD PD PD PD PD PD PD PC SD PC SD PC SC SC SC SD PD PD PD PC SC SD TD PD PD TC SD PD PC,0,0.8333333333333334,0.5555555555555556,0.6666666666666666,0.6551724137931034,AllD,0.9936045
game_140,agent1,hợp tác,0.3667,EC SC SD PD PC SC SC SC SC SC SC SD PC SD PD PD PD PD PD PD PD PD PD PD PD PD PD PC SD PD,1,0.9090909090909091,0.4166666666666667,0.0,0.6551724137931034,AllC,0.99998045
game_140,agent2,ích kỷ,0.2667,EC SD TC SD PC SD PD PD PD PD TC SD PC SD PD PD PD PC SD PD PD PC SD PD PD PD PD PD PD PC,1,0.875,0.7142857142857143,0.0,0.8275862068965517,TFT,0.9984597
game_140,agent3,hỗn hợp,0.1667,ED TC SD PC SD TD PD PD PD PC SD TD PD TD PD PD PD PD PD PC SD PD PC SD PD PD PD PD PD PD,0,0.5,0.6666666666666666,0.8,0.7586206896551724,AllD,0.98472285
game_136,agent1,hợp tác,0.1667,ED PC SD TD PC SD PD PD PC RD PD PD PD PC SD PD PD PD PD PD PD PD PD PD PC SD PD PD PD PD,0,0.7142857142857143,0.8,1.0,0.7586206896551724,WSLS,0.6833394
game_136,agent2,hợp tác,0.3,ED PD PC SD PC SD PD PD PC RC SD PD PC SC SD PD PD PC SD PD PD PC SD PD PD TC SD PD PD PD,0,0.8888888888888888,0.9,0.3333333333333333,0.7586206896551724,AllD,0.70780265
game_136,agent3,ích kỷ,0.2333,ED PD PC SD PD TC SD PD PC RD PD PD PD PD TD PC SD PD PD PD PD PD PD PD PC SD PC SD PC SD,0,0.7777777777777778,0.7142857142857143,0.75,0.7241379310344828,AllD,0.9682112
game_137,agent1,hợp tác,0.3,ED PC RC SC SD PD PD PD PD PD PD PD PD PC SD PD PC SD PD PD PC SC SD PD PD PD PD PD PC SC,0,0.8888888888888888,0.75,0.5,0.7241379310344828,AllD,0.97577286
game_137,agent2,hợp tác,0.3,EC SC RD PC SD PD PD PD PC SD PC SD PC SD TD PD PD PD PC SD PD TD PC SD PD PD PD PD PD PC,1,0.7272727272727273,0.42857142857142855,0.75,0.6206896551724138,TFT,0.66501814
game_137,agent3,hỗn hợp,0.2333,ED PC RD PD TD PC SC SD PD PD PD PC SD PC SD PD PD PD PD PD PC SD PD PC SD PD PD PD PD PD,0,0.7777777777777778,0.75,1.0,0.6896551724137931,AllD,0.9995301
game_142,agent1,hợp tác,0.2333,EC SD PD PD PD PD PC SC SD TD PD PC SD PC SD PD PD PD PD PD PC SD PD PD TC SD PD PD PD PD,1,0.75,0.8571428571428571,0.3333333333333333,0.7931034482758621,TFT,0.6479888
game_142,agent2,hỗn hợp,0.2,ED PC SD PD PD PD PD PD TC SD PD PD PD PD PD PD PD PC SC SD PD TD PD PC SD PD PC SD PD PD,0,0.75,0.8571428571428571,0.6666666666666666,0.7931034482758621,AllD,0.9299125
game_142,agent3,ích kỷ,0.3,ED PD PD PD PC SD PD PC SC SC SC SD PD PD PD PD PD PD PD PD PC SC SD PC SD PC SD PD PD PD,0,0.9,0.6,1.0,0.6896551724137931,AllD,0.9847307
game_143,agent1,hợp tác,0.2667,EC SC SD PC SD PD PD PD PD PD PD PC SD PD PD PC SD PC SC SD PD PD PD PD PD PD PC SD PD PD,1,0.875,0.6666666666666666,0.0,0.7586206896551724,TFT,0.83905095
game_143,agent2,hỗn hợp,0.1667,ED TD TC SD TC SD PD PC SD PD PD PD PD PD PD PC SD PD TD PD PD PC SD PD PD PD PD PD PD PD,0,0.6666666666666666,1.0,0.6,0.8275862068965517,AllD,0.74402374
game_143,agent3,hỗn hợp,0.2333,EC SC SD PC SD PD PD PD PD PD PD PD PD PD PD PD TD PC SD PC SD PD PD PD PC SC SD PD PD PD,1,0.75,0.625,0.5,0.7586206896551724,TFT,0.83905095
game_144,agent1,ích kỷ,0.2333,ED PC SC SC SD PD PD PD TD TC SC SD TD PD PD PD TD PD PD PD PD TC SD PD PD PC SD PD PD PD,0,0.6363636363636364,0.7142857142857143,0.6666666666666666,0.7241379310344828,AllD,0.9933227
game_144,agent2,hợp tác,0.2333,ED PD TD TC SD PD PD PC SC SD TD TC SD PC SD PC SD PD PD PD PC SD PD PD PD PD PD PD PD PD,0,0.7,0.7142857142857143,0.6,0.7586206896551724,AllD,0.9168585
game_144,agent3,hợp tác,0.8,EC SC SC SD TC SC SD PC SC SC SC SC SC SD PC SC SC SC SC SC SC SD PC SD PC SD PC SC SC SC,1,0.9583333333333334,0.18181818181818182,0.0,0.2413793103448276,AllC,0.99993324
game_147,agent1,ích kỷ,0.2333,ED PD PD PD PD PD PD PC SD PD PC SC SD PD PD PD PD PD PC SD PC RD PD PD PD PC SC SD PD PD,0,0.875,0.875,1.0,0.7241379310344828,AllD,0.9954657
game_147,agent2,ích kỷ,0.1667,ED PD PD PD PD PD PC SD PC SD PD PD PD PD PD PD PD PC SD TD PC RD PD PD PD PD PD PD PC SD,0,0.7142857142857143,0.75,1.0,0.7586206896551724,AllD,0.9912832
game_147,agent3,hợp tác,0.2333,EC SD PC SD PD PD PD PD PD PD PD PD PC SC SD PD PD PD PC SD PC RC SD PD PD PD PD PD PD PD,1,0.8333333333333334,0.75,0.0,0.8275862068965517,TFT,0.945497
game_146,agent1,ích kỷ,0.1667,ED TD PD PD PD PC SD PD PD PD PD PC SD PD PC SD PD TD PD TD PD PD PD PD PD PD PC SD PC SD,0,0.625,0.75,1.0,0.7241379310344828,AllD,0.99891245
game_146,agent2,hợp tác,0.2667,EC SD PD PD PD PC SC SD PD PD PD PD PC SD PD PD PC SD PC SC SD PD PD PC SD PD PD PD PD PD,1,0.875,0.8888888888888888,0.0,0.7586206896551724,TFT,0.96497345
game_146,agent3,hỗn hợp,0.2,EC SD PD PD PC SD TD PD PC SD PC SD PD PD PD PD PC SD PC SD PD PD PD PD PD PD PD PD PD PD,1,0.7142857142857143,0.6666666666666666,0.5,0.7931034482758621,WSLS,0.6365805
game_145,agent1,ích kỷ,0.6,EC SC SC SD PC SC RD PC RC SC RC RC SD PC SD TD TD PC SC SD PD PD TC SC RC SC SD PD PD PC,1,0.8125,0.46153846153846156,0.3333333333333333,0.4827586206896552,AllC,0.99985003
game_145,agent2,hợp tác,0.6667,EC SC SC SC SC SC RD PC RD PC RC RD TD PD PC SC SC SD PC SC SD PC SC SC RD TC SC SD PC SD,1,0.9444444444444444,0.2,0.625,0.2413793103448276,AllC,0.9999994
game_145,agent3,ích kỷ,0.3667,ED TD TD TD PD TC RC SC RD PC RC RC SD PD PC SC SD PD PD TD PD PC SD TC RC SD TD PD PD PD,0,0.7,0.7142857142857143,0.5384615384615384,0.6206896551724138,AllD,0.9515405
game_150,agent1,ích kỷ,0.2667,EC SD PD TD PD PD PD PD PD PC SC SD PD PD PC SD PD PC SC SC SD PD PD PD PD TD PD PD PD PC,1,0.7,0.875,0.6666666666666666,0.6896551724137931,TFT,0.726661
game_150,agent2,hỗn hợp,0.1333,ED TD PC SD PD PD PD PD PD PD PD TC SD PD PD TD PD PD TD PD TD PD PD PD PC SD PD PC SD PD,0,0.5,1.0,0.8333333333333334,0.7586206896551724,AllD,0.99780744
game_150,agent3,hợp tác,0.5,EC SD PC SC SC SD PD PD PD PD PC SD PC SD PC SD PD PC SD PC SC SC SD PD PC SC SD PD PC SC,1,0.9333333333333333,0.5714285714285714,0.0,0.5172413793103449,TFT,0.9738356
game_151,agent1,ích kỷ,0.1333,ED PD PD PD PD PC SD PD PD PD PD PD PD PD PC SD PD PD PD PD PD PD PD PD PC SD PD PD PC SD,0,0.8,1.0,1.0,0.8620689655172413,AllD,0.99423695
game_151,agent2,hỗn hợp,0.2,ED PD PC SD PD PC SD PD PD PD PD PC SC SD PD PC SC SD PD PD PD PD PD PD PD PD PD PD PD PD,0,0.8571428571428571,1.0,1.0,0.7931034482758621,AllD,0.997373
game_151,agent3,ích kỷ,0.2333,ED PC SD PC SD PD TD PD PC SD PD PD PD PD PD PD PD PC SC SD PD PD PD PD PD PC SC SD PD PD,0,0.7777777777777778,0.75,1.0,0.7241379310344828,WSLS,0.6364536
game_148,agent1,ích kỷ,0.6667,EC SC SD PC SC SC SC RD PC SD TD PC SC SC SC SD PD PC SC RC SC RD PD PD PD PC SC RC SC RC,1,0.9411764705882353,0.3076923076923077,0.42857142857142855,0.3448275862068966,AllC,0.99706024
game_148,agent2,ích kỷ,0.4,ED PD PD PD PD TD TC RD PC SC SD PD TD PC SC SD PC SD PC RD TC RC SD PD PD PD PC RD TC RC,0,0.8,0.6666666666666666,0.5454545454545454,0.5862068965517241,AllD,0.990737
game_148,agent3,ích kỷ,0.5333,ED PD PC SD PC SC SC RC SD TC SC SC SD PD TD TD PD PD PC RC SC RD PD PD PC SD PC RC SC RC,0,0.8571428571428571,0.45454545454545453,0.4444444444444444,0.5172413793103449,AllC,0.3536569
game_149,agent1,ích kỷ,0.2,ED TC SC SD PC SD PD PD PD PD PD PD PD PD PC SC SD PD PD PD PD PD TC SD TD PD PD PD PD PD,0,0.7142857142857143,0.8,0.5,0.8275862068965517,AllD,0.96490455
game_149,agent2,ích kỷ,0.2667,EC SD TD TD PD PC SD PD PD PD PD PD PD PD PD PD PD PD PD PC SC SC SD PC SD PD PC SC SD PD,1,0.7,0.75,0.6666666666666666,0.6896551724137931,AllD,0.94669646
game_149,agent3,hỗn hợp,0.2667,EC SC SC SD PD PD PD PD PD PC SD PD PD PC SD PD PD PD PD PD PD PC SD PC SD PD PD PD PC SD,1,0.875,0.625,0.0,0.7586206896551724,TFT,0.92708343
game_153,agent1,hỗn hợp,0.1667,ED TD PD PD PD PC SD PC SD PD PD PC SD PD PC SD PD PD PD PD PD PD PD PD PD PD PC SD PD PD,0,0.8333333333333334,0.8,1.0,0.7931034482758621,AllD,0.99946755
game_153,agent2,hợp tác,0.1333,EC SD PD PD PD PC SD PD PD PD PD PC SD PD PD PD PD PD PD PC SD PD PD PD PD PD PD PD PD PD,1,0.75,1.0,0.0,0.896551724137931,TFT,1.0
game_153,agent3,hợp tác,0.1,EC SD PC SD PD PD TD PD PD PD PD PD TD PD PD PD PD PD PD PD PD PD PD PC SD PD PD PD PD PD,1,0.4,0.75,0.6666666666666666,0.8620689655172413,TFT,1.0
game_152,agent1,ích kỷ,0.3333,EC SC RD PD PD TC SD TD PC SC SD TC SD PD PD PD PD PD PC SD PC SD PD PD PC SD PC RD PD TD,1,0.75,0.625,0.5714285714285714,0.6206896551724138,WSLS,0.48399705
game_152,agent2,hỗn hợp,0.4667,EC SC RC SC SC SD TC SD PC SC SC SD TD PD PC SC SD PD PC SD PD PD PD PD PD PD PC RD PC SD,1,0.8571428571428571,0.45454545454545453,0.4,0.5517241379310345,AllC,0.99976677
game_152,agent3,hỗn hợp,0.4667,ED TC RD PD PC SC SC SD PD TD TC SC SC SC SD PD PD PC SD TD PD PD PC SC SD PC SC RD PC SD,0,0.8125,0.5454545454545454,0.7142857142857143,0.4482758620689655,AllD,0.9971961
game_156,agent1,hỗn hợp,0.2667,ED TC SD PD PD PD PD PC SD PC RD PD PD PC SD PD PC SD PD PD PD PC SD PD PC SC SD PD PD PD,0,0.875,0.875,0.6666666666666666,0.7241379310344828,AllD,0.865325
game_156,agent2,ích kỷ,0.3333,EC SC SD PD PD PC SD PD PD PC RD PD PD PD PD PD PD PD PC SD PC SC SC SD PD TC SD PC SD PD,1,0.9,0.6363636363636364,0.3333333333333333,0.6896551724137931,TFT,0.8583995
game_156,agent3,hợp tác,0.3,EC SD TD PD PD PD PC SD PD PC RD PD PD PD PC SD PD PC SD PD PD PD TD PC SC SD TC SD PC SD,1,0.7272727272727273,0.8571428571428571,0.6,0.6551724137931034,TFT,0.44313845
game_158,agent1,hỗn hợp,0.2,ED PD PC SD PD PD PD PD PD PD PC SC SD PD PC SC SD PD PD PD PD PD PD PC SD PD PD PD PD PD,0,0.8571428571428571,1.0,1.0,0.7931034482758621,AllD,0.9953597
game_158,agent2,ích kỷ,0.1667,EC SD PD PD PD PD PD PD PC SC SD PD PD PD PD PD PD PC SD PD PD PD PD PD PD PD PD PD PD PC,1,0.8,1.0,0.0,0.8620689655172413,TFT,1.0
game_158,agent3,hỗn hợp,0.1333,ED PD PD PD PD PD PD PD PD PD PD PD PC SD PD PD PD PD PD PD PC SC SD PD PD PD PD PC SD PD,0,0.8,1.0,1.0,0.8620689655172413,AllD,0.99678
game_155,agent1,hỗn hợp,0.4,EC SD TD TD PC RC SC SD PC SC SD TD PD PC SC SD TC SD PC SC SD PC SD PD PD PD PD PD PD PD,1,0.7142857142857143,0.6,0.5,0.5862068965517241,WSLS,0.9996352
game_155,agent2,hợp tác,0.5667,EC SC SC SC SC RC SC SC SC SC SC SD PD PD PD PC SD PD PD PC SC SD TD PC SD PC SC SD PD PD,1,0.8823529411764706,0.375,0.3333333333333333,0.4482758620689655,AllC,0.9999999
game_155,agent3,hỗn hợp,0.2667,ED TC SC SD PC RD TD TD PD TD TC SC SD PD PD PC SD PD PD PD TD PC SC SD PD PD PD PD PD PD,0,0.7,0.8571428571428571,0.75,0.6206896551724138,AllD,0.99945587
game_159,agent1,hỗn hợp,0.2667,ED TD PC SD PD PC SD PD PD PD PD PC SD PC SD PD PD PC SC RD PD PC SD PD PD PD PD PC SD PD,0,0.8888888888888888,0.8571428571428571,1.0,0.6551724137931034,AllD,0.9983669
game_159,agent2,hỗn hợp,0.1333,EC SC SD TD PD PD PD PD PD PD PD PD PD PD PD PD PC SD TC RD PD PD PD PD PD PD PD PD PD PD,1,0.6,0.6666666666666666,0.5,0.8620689655172413,TFT,1.0
game_159,agent3,hợp tác,0.3333,EC SD PC SD PC SD PD PD PD PC SD PD PC SD PC SC SD PC SC RC SD PD PD PD PD PD PD PD PD PD,1,0.8888888888888888,0.6,0.0,0.7241379310344828,WSLS,0.7573013
game_154,agent1,hỗn hợp,0.1333,ED PC SD PD PD PD PD PD PD PC SD PC SD PD PD PD PD PD PC SD TD PD PD PD PD PD TD PD PD PD,0,0.5714285714285714,0.5,1.0,0.7931034482758621,AllD,0.99029714
game_154,agent2,hợp tác,0.1667,ED PD TD PD PC SD PD PD PD PD PC SD PD PD PD PD PD PD PC SC SD PD PD PD PD PC SD PD PD PD,0,0.7142857142857143,1.0,1.0,0.7931034482758621,AllD,0.9993205
game_154,agent3,ích kỷ,0.2333,ED PC SD PD PD PC SD PD PC SD PD PD PD PD PC SD PD PD PD TC SD PC SD PD PD PC SD PD PD PD,0,0.875,0.75,0.5,0.7931034482758621,AllD,0.9505828
game_157,agent1,hỗn hợp,0.2,EC SC RD PD PD PD PD TC SD PD PD PD PD PC SD PD PD PD PD TD PD PD PD PC SD PD PD PC SD PD,1,0.7142857142857143,0.8333333333333334,0.5,0.7931034482758621,TFT,0.8663855
game_157,agent2,ích kỷ,0.4667,EC SC RD PC SC SC SC SD TC SC SD PD PD PD PD PC SD PC SC SD PD PC SD PD PC SD PD PD PC SD,1,0.9285714285714286,0.5833333333333334,0.3333333333333333,0.5517241379310345,AllC,0.999992
game_157,agent3,ích kỷ,0.2333,ED TC RC SD PD PD PC SC SD PD PD PD PC SD PD PD PD PD PC SD PD PD PD PD PD PD PD PD PD PC,0,0.8333333333333334,1.0,0.3333333333333333,0.8275862068965517,AllD,0.6142951
game_160,agent1,hỗn hợp,0.2667,EC SD TD PC SD PD PD PD PD PC SD PD PC RD PD PD TD PC SD PD PD PC RD PD PD PD PD PC SC SD,1,0.7,1.0,0.8,0.6206896551724138,TFT,0.5874871
game_160,agent2,hỗn hợp,0.2,ED TC SD PD PD PD PD PD PD PD TD PD PC RD PD PC SD PD PD PD PD PC RD PD PD PC SD PD PD PC,0,0.7142857142857143,1.0,0.8,0.7241379310344828,AllD,0.85918796
game_160,agent3,ích kỷ,0.5333,EC SC SD PD PC SC SD PC SD PC SC SD PC RD PD PC SC SD PC SC SC SC RC SC SD PD PD PD PD PD,1,0.9333333333333333,0.5,0.3333333333333333,0.4827586206896552,WSLS,0.9619614
game_161,agent1,hỗn hợp,0.1,ED PD PD PD TC SD PD PD PD TD PD PD PC SD PD PD TD PD PD PD PD PD PD PC SD PD PD PD PD PD,0,0.5,1.0,0.75,0.8620689655172413,AllD,0.98537064
game_161,agent2,hỗn hợp,0.2333,EC SD PD PC SD TD PD PC SC SD PD PC SD PD PD PC SD PD PD PD PD PD PD PD PD PC SD PD PD PD,1,0.75,1.0,0.5,0.7586206896551724,WSLS,0.96814704
game_161,agent3,hỗn hợp,0.2,ED PD PD PC SC SD PD PD PC SD PD PD PD PC SD PC SD PD PD PD PD PC SD PD PD PD PD PD PD PD,0,0.8571428571428571,0.8571428571428571,1.0,0.7931034482758621,AllD,0.985291
game_162,agent1,hợp tác,0.2,EC SC SD PD PD PC SD PC SD PD PD PD PD PD PD PD PD PD PD PD PD PD PC SC SD PD PD PD TD PD,1,0.7142857142857143,0.7142857142857143,0.5,0.7931034482758621,TFT,0.7272457
game_162,agent2,hợp tác,0.2,ED TC SD PC SD PD TD PD TD PD PD PD PD PD PD PD PC SD PD PD PC SC SD TD TD PD PD PC SD PD,0,0.5,0.8,0.8333333333333334,0.6896551724137931,AllD,0.9996358
game_162,agent3,hợp tác,0.5667,EC SD TC SD PC SC SC SC SC SD PC SC SC SC SD PC SD PC SD PC SD PD PC SC SD PD PD PC SD PD,1,0.9411764705882353,0.4117647058823529,0.0,0.4827586206896552,AllC,0.9662951
game_163,agent1,hợp tác,0.5333,EC RC RC SC SC SC RC SD PC SC RD PC SC SD PD PD PC SD PD PD PD PD PD TC SD PC SC SC RD PD,1,0.9230769230769231,0.4166666666666667,0.2857142857142857,0.5517241379310345,AllC,0.9993537
game_163,agent2,hợp tác,0.5333,EC RC RD PD PC SC RC SC SC SC RC SD PD PD PD PC SC SC SD PC SC SD PC SD PD PD PD PC RD PD,0,0.9230769230769231,0.5384615384615384,0.3333333333333333,0.5172413793103449,AllC,0.9998318
game_163,agent3,ích kỷ,0.2667,EC RC RD PD PD TC RD TD PD TC RD PD PD PD PD PD PD TD PD PD PD PC SC SD PD PD PD PC RC SD,0,0.7142857142857143,1.0,0.5,0.7241379310344828,TFT,0.91814995
game_165,agent1,hợp tác,0.2667,ED PD PD PD PD TD PD PD PD PD PD PD PD PC SD PD PD PD PD PD PC SD PC SC SC SC SC SD PC SD,0,0.8,0.375,1.0,0.6896551724137931,AllD,0.9998485
game_165,agent2,ích kỷ,0.1333,ED PD PD PD PC SD PD PD PD PD PD PD PD PD PC SD PD PC SD PD PD PD PD PD TD PD PD TD PC SD,0,0.5714285714285714,1.0,1.0,0.7931034482758621,AllD,0.99281925
game_165,agent3,hợp tác,0.1333,ED PD PD PD PC SD PD PC SD PD PD PD PD PD PD PD PD PD PD PD PD PD PD PC SD PD PC SD PD TD,0,0.6666666666666666,1.0,1.0,0.8275862068965517,AllD,0.99734265
game_164,agent1,hợp tác,0.4333,EC SD PC SD TD PC SC SC SD PC SD TD TD PD PC SC RD TD PD PC SC SD PD PC SD TD PD PC SC SD,1,0.7058823529411765,0.625,0.8571428571428571,0.3793103448275862,WSLS,0.99889165
game_164,agent2,hợp tác,0.5667,EC SC SD PC SD PC SD PC SD PD PC SC SC SD PD TC RC SC SC SD PC SD PD PC SC SD PC SD PC SD,1,0.9375,0.4117647058823529,0.0,0.5172413793103449,WSLS,0.9972766
game_164,agent3,hỗn hợp,0.3333,ED TD PD PC SD PD TD PD TD PD PC SC SD PC SC SC RC SD PD PD PD TD PD PD TC SC SD PD PD TC,0,0.6923076923076923,0.75,0.625,0.6206896551724138,AllD,0.99997437
game_166,agent1,hợp tác,0.3,EC SD PD PD PD PD PC SD PC RC SC SC SD PD PD PD PD PC SC SD PD PD PD PD PD PD PD PD PC SD,1,0.875,0.6666666666666666,0.0,0.7586206896551724,TFT,0.8065639
game_166,agent2,ích kỷ,0.1667,ED PD PD PD PC SC SD PD PC RD PC SD TD PD PD PD PD PD TD PD PD PD PD PC SD PD PD PD PD TD,0,0.5555555555555556,0.8,1.0,0.6896551724137931,AllD,0.9973853
game_166,agent3,ích kỷ,0.4,ED PD PD PC SD PD PD PD PC RD PD TC SC SC SC SD PC SC SD PD PC SD PD PD PC SC SD PD PC SD,0,0.9230769230769231,0.75,0.6666666666666666,0.5862068965517241,AllD,0.9968753
game_167,agent1,hợp tác,0.2,EC SD PD PC SD PD PD PD PD PD PD PD PD PC SD PD PD PD PD PC SD PC SD TD PD PD PD PD TC SD,1,0.7142857142857143,0.8,0.3333333333333333,0.8275862068965517,TFT,0.98032105
game_167,agent2,ích kỷ,0.3,EC SD PD PD PD PD PD PD PD PD PD PD PC SD PC SD PD PD PD PD PC SD PC SD PC SD PC SC SD PC,1,0.8888888888888888,0.4444444444444444,0.0,0.7241379310344828,TFT,0.9670105
game_167,agent3,hỗn hợp,0.1,ED TD PD PD PD PD PD PD PD PD PD PD PD PD PD PC SD PD PD PD PD PD PC SD PD PD PD PC SD PD,0,0.75,1.0,1.0,0.8620689655172413,AllD,0.9996213
game_172,agent1,ích kỷ,0.1333,ED PD TD PD TD PD PC SD PD PD PD PD PD PD PD PD PD PC SD PD PD PD PC SC SD PD PD PD PD PD,0,0.5714285714285714,1.0,1.0,0.7931034482758621,AllD,0.9999405
game_172,agent2,hợp tác,0.1333,EC SC SD PC SD PD PD TC SD PD PD PD PD PD PD PD PD PD PD PD PD PD PD PD PD PD PD PD PD PD,1,0.75,0.6,0.0,0.9310344827586207,TFT,1.0
game_172,agent3,ích kỷ,0.3,ED PC SD PC SD PD PC SD PD PC SD PD PC SD PD PC SC SD PD PD PD PC SD PD PD PD PD PD PC SD,0,0.9,0.7777777777777778,1.0,0.6896551724137931,WSLS,0.9667591
game_168,agent1,hợp tác,0.7,ED PC RC SC RC RC RC RC RC SC SD PC RD TD PC RC SC SC SD PC SC RC RD PC SD PD PC SC SC SD,0,0.9285714285714286,0.3076923076923077,0.3333333333333333,0.4482758620689655,AllC,0.999366
game_168,agent2,hỗn hợp,0.5667,EC SC RD TC RC RC RC RC RD TC SD PC RC SD PC RD TD TD PD PD TC RC RD PD TC SD PC SC SD PC,1,0.8888888888888888,0.375,0.35294117647058826,0.5862068965517241,AllC,0.84291714
game_168,agent3,hợp tác,0.7,ED PC RC SC RC RC RC RC RC SD TC SC RC SD PC RC SC SD PD PC SC RC RC SC SD PC SD TD TD PC,0,0.7857142857142857,0.45454545454545453,0.21428571428571427,0.5862068965517241,AllC,0.77537704
game_169,agent1,hợp tác,0.2,EC SD PD PD PD PD PD PD PD PD PD PD PD PC SD PC SD PD PC SD PD PD PC SC SD PD TD PD PD PD,1,0.7142857142857143,0.8571428571428571,0.5,0.7931034482758621,TFT,0.9670106
game_169,agent2,hỗn hợp,0.2,ED TD PD PC SC SD PD PD PD PC SC SD PD PD TD PD PD PD PC SD PD PD PD PD TD PC SD PD PD PD,0,0.6666666666666666,1.0,1.0,0.6896551724137931,AllD,0.9945464
game_169,agent3,ích kỷ,0.2,EC SD PD PD PD PD PD PD PD PD PD PD PD PC SC SD PD PD PD TD PD PC SD PC SD PC SD PD PD PD,1,0.7142857142857143,0.7142857142857143,0.5,0.7931034482758621,TFT,0.9670105
game_171,agent1,ích kỷ,0.2,ED PD PD PC SD PD PC SC SD PD PD TD PD PD PD PD PC SD PD PD PD PD PD PD PC SD PC SD PD PD,0,0.75,0.8571428571428571,1.0,0.7586206896551724,AllD,0.9968581
game_171,agent2,hợp tác,0.2,ED PC SD PD PD PC SD TC SD PD PC SD PC SD PD PD PD PD PD PD PD PC SD PD PD PD PD PD PD PD,0,0.8571428571428571,0.6666666666666666,0.5,0.8275862068965517,AllD,0.96779084
game_171,agent3,hợp tác,0.2333,EC SD PD PD PC SD PC SD TC SD PC SC SD PD PD PD PD PD PD PC SD PD PD PD PD PD PD PD PD PD,1,0.8571428571428571,0.7142857142857143,0.0,0.8275862068965517,TFT,0.97380245
game_170,agent1,hợp tác,0.6667,EC SC SC SC SC SC SC SD PC SC SD TC SC SC SC SD PD PD PC SD PD PD PC SC RD PC SD PC SC SC,1,0.95,0.29411764705882354,0.3333333333333333,0.3448275862068966,AllC,0.9999989
game_170,agent2,hỗn hợp,0.1333,ED TD TD PD TD TD TC SC SD PD TC SD PD TD TD TD PD PD PD PD PD PD PD PC RD PD TD PD PD PD,0,0.36363636363636365,1.0,0.8333333333333334,0.6206896551724138,AllD,0.9996952
game_170,agent3,hỗn hợp,0.4333,EC SC SD PC SC SC SD TD PD PC SC SD PC SC SC SC SD PD PD PD PD PD PD PC RD PC SD PD PD PD,1,0.8571428571428571,0.46153846153846156,0.6666666666666666,0.5172413793103449,AllC,0.6396049
game_175,agent1,ích kỷ,0.1333,ED PD TD PD PD PD PD PD PD PD TD PD PD PC SC SC SD TD PD PD PD PC SD PD PD PD PD PD PD PD,0,0.5,0.75,1.0,0.7586206896551724,AllD,0.9996389
game_175,agent2,ích kỷ,0.2333,ED PC SD PD PD PD PD PC SC SC SD PD PD PD PD TD PC SD PD PD PD PC SD PD PD PD PD PD PD PC,0,0.7777777777777778,0.7142857142857143,1.0,0.7241379310344828,AllD,0.9388313
game_175,agent3,ích kỷ,0.3,ED PC SC SC SD PC SD PD PD PC SD PD PD PD PC SD PC SD PC SD PD PD TD PD PD PD PC SD PD PD,0,0.8181818181818182,0.5,1.0,0.6551724137931034,WSLS,0.4220962
game_173,agent1,ích kỷ,0.3,EC RD TD PC SD PD PC SC SD PD PC SD PD PD PD PD PD PD PC SD PC SD PD PC SD PC SD PD PD PD,0,0.8888888888888888,0.75,0.6666666666666666,0.6551724137931034,WSLS,0.76076937
game_173,agent2,hợp tác,0.2333,EC RC SD PC SD PD PD TD PD PC SD TD PD PD PD PD PD PD PD PD PD PC SD PD PD PC SD PD PC SD,1,0.625,0.8,0.5,0.7586206896551724,WSLS,0.9050747
game_173,agent3,hỗn hợp,0.3,EC RC SD PD TD PD PC SD PD PD PC SC SD PD PC SC SD PD PD PC SD PD PD PD PD PD TD PC SD PD,1,0.7,1.0,0.5,0.6896551724137931,TFT,0.9194779
game_174,agent1,ích kỷ,0.3,ED PD TC SC SD PC SD PD PD PD PD PC SD PC SD PD PD PC SC SD PC SD PD PD PD PD PD PC SD PD,0,0.9,0.7,0.5,0.7241379310344828,AllD,0.9305286
game_174,agent2,ích kỷ,0.2667,ED PC SD TD PD PD TD PD PC SD PD PC SD PD TD PD PD PD TD TC SC SC SD PC SD PC SD PD PD PD,0,0.6153846153846154,0.5,0.8333333333333334,0.6206896551724138,AllD,0.9985838
game_174,agent3,hợp tác,0.3667,EC SC SC SD PD PC SD PD PD PD PD PD TD PC SD PC SC SC SC SD PD TD PD PD PC SD PC SD PD PD,1,0.7692307692307693,0.5,0.6666666666666666,0.5862068965517241,TFT,0.8342864
game_177,agent1,ích kỷ,0.2333,ED PD PD PD PD PC SD TD TC SD PC SD PD PC SC SD PD PD PD PC SD PD PD PD PD PC SD PD PD TD,0,0.7,0.8571428571428571,0.75,0.7241379310344828,AllD,0.99377304
game_177,agent2,hỗn hợp,0.1333,ED PD PD PD PD PD PC SC SD PD PD PD PD PC SD TD PD PD PD PD PD PD PD PD PD PD PD PD PC SD,0,0.6666666666666666,1.0,1.0,0.8275862068965517,AllD,0.9967422
game_177,agent3,hợp tác,0.3667,ED PD PD PD PD PD PC SC SD PC SD PD PD PD TC SD PC SC SD PD PC SC SD PD PC SD PD PC SC SD,0,0.9166666666666666,0.8181818181818182,0.5,0.6551724137931034,AllD,0.98292345
game_178,agent1,ích kỷ,0.2,ED PD PD PD PD TD PD PD PD PD TD PD PD PC SD PC SD PD PC SD PC SD PD PD PD PD PC SD PD PC,0,0.6666666666666666,0.6666666666666666,1.0,0.7241379310344828,AllD,0.9998485
game_178,agent2,hỗn hợp,0.2667,ED PD PC SC SC SD PD PD PD PC SD PD PD PD PD PC SD PD PD PD PD PC SD PD PD PC SD PD PC SD,0,0.8888888888888888,0.875,1.0,0.7241379310344828,AllD,0.9830875
game_178,agent3,ích kỷ,0.2667,EC SC SD PD PC SD PD PD PD PC SD PC SD PD PD PD TD PD PD PC SD PD PC SD PC SD PD PD PD PD,1,0.7777777777777778,0.6666666666666666,0.5,0.7241379310344828,TFT,0.8617506
game_179,agent1,ích kỷ,0.6,EC RC SD PC SC SD PC SC SC SD TC SC SC RC SC SC SC SC SD TD PD TD PD PC SD PD PC SD PD PC,1,0.8333333333333334,0.42857142857142855,0.3333333333333333,0.4482758620689655,AllC,0.61211133
game_179,agent2,hỗn hợp,0.5,EC RC SC SD PC SD PD TC SC SC SD TD PC RC SC SD TC SC SC SD PC SD PD PD TD PD PD PD PC SD,1,0.8,0.5,0.2857142857142857,0.5862068965517241,AllC,0.95562214
game_179,agent3,hỗn hợp,0.3667,EC RD TD PD PD TC SC SD TD TC SC SD PC RD TD TC SD TD TC SC SC SD PD PC SD PD PD PD PD PD,0,0.75,0.7142857142857143,0.5454545454545454,0.5862068965517241,TFT,0.53918797
game_181,agent1,hỗn hợp,0.3,EC SC SC SD TD PD PC RC SD TC RD PD TD PC RD TD PC SD PC SD PD PD PD PD PD PD PD PD PD PD,1,0.7,0.5714285714285714,0.625,0.6206896551724138,WSLS,0.6291967
game_181,agent2,hợp tác,0.4333,ED PC SD TC SD PD PC RC SC SC RD PC SC SC RC SD PD PC SD PD PC SD PC SD PD PD PD PD PD PD,0,0.9166666666666666,0.45454545454545453,0.4,0.6206896551724138,WSLS,0.56636685
game_181,agent3,ích kỷ,0.2667,ED PD TC SC SD PD PC RD TC SC RD PC SD PC RC SD PD PD PD PD PD PD PD PD PD PD PD PD PD PD,0,0.8571428571428571,0.7142857142857143,0.5,0.7586206896551724,AllD,0.8674206
game_180,agent1,hỗn hợp,0.2,ED TD TD PC SD PD PD TC RD PC SD TD PD PC SD PD PD PD PD PD PD PD PC SD PD PC SD PD PD PD,0,0.75,0.8,0.8333333333333334,0.6896551724137931,AllD,0.95421207
game_180,agent2,hợp tác,0.3667,EC SC SC SD PD PD PC SC RD PD TC SD PD PD PD PC SD PD PD PD PD PD PD PD PD PC SC SD PC SC,1,0.9090909090909091,0.6666666666666666,0.3333333333333333,0.6551724137931034,TFT,0.472786
game_180,agent3,hợp tác,0.3,EC SC SD PD PC SD PC SC RC SC SC SD PD PD PD PD PD PD PD PD PD PD PD PD PD PD TD PC SD PD,1,0.7777777777777778,0.5555555555555556,0.3333333333333333,0.7241379310344828,AllC,0.6823142
game_182,agent1,hỗn hợp,0.2333,ED PD PC SD PC SC SD TD PC SC SD PD PD PC SD PD PD PD PD PD PD PD PD PD PD PD PD PD TD PC,0,0.7,0.8333333333333334,1.0,0.6896551724137931,WSLS,0.82521236
game_182,agent2,hợp tác,0.1333,EC SD PD PD PD PD PC SC SD PD PD PD PD PD PD PD PD PD PD PD PD PD PD PD PD PD PD PC SD PD,1,0.75,1.0,0.0,0.896551724137931,TFT,1.0
game_182,agent3,hỗn hợp,0.1333,ED PD PD PD PD PD PC SD PD PD PD PD PD PD PD PD PD PC SC SD PD PD PD PD PD PD PD PC SD PD,0,0.8,1.0,1.0,0.8620689655172413,AllD,0.9951733
game_184,agent1,hỗn hợp,0.4,EC SC RC SC RD TD PC SD PD PD PD PD PD PC SD PD PD PD PD PC RC SD PD PD PD PC RC SD PC SC,1,0.8888888888888888,0.625,0.3333333333333333,0.6551724137931034,AllD,0.5607551
game_184,agent2,ích kỷ,0.5,EC SC RC SC RC SD PC SD PD PC SC SD PD PD PC SC SD PD PD PC RD PD PD PC SC SC RD TC SD PD,1,0.9166666666666666,0.6666666666666666,0.3333333333333333,0.5517241379310345,AllC,0.7782172
game_184,agent3,ích kỷ,0.3,ED TC RD TC RC SD PD TC SC SD PD PD PD PD PD PD PD PD PD PC RD PD PD PD PD PC RC SD PD PC,0,0.8333333333333334,1.0,0.375,0.7931034482758621,TFT,0.99144554
game_183,agent1,hỗn hợp,0.1333,ED PD PD PD PD PC SD PD PC SD PD PD PD PD PD PD PD PD PD PD PD PD PC SD PD PC SD PD PD PD,0,0.8,1.0,1.0,0.8620689655172413,AllD,0.9885006
game_183,agent2,ích kỷ,0.3,EC SD PC SD PD PD TD PD PC SD PD PD PC SD PD PD PD PC SC SC SD PC SD PD PD PD PD PD PD PC,1,0.8,0.6666666666666666,0.5,0.6896551724137931,WSLS,0.7639902
game_183,agent3,hợp tác,0.1667,ED PD PD PC SD PC SD PD PD TD PD PD PD PD PD PD PD PD PD PD PC SD PD PD PC SD PC SD PD PD,0,0.7142857142857143,0.6666666666666666,1.0,0.7931034482758621,AllD,0.9993698
game_186,agent1,hỗn hợp,0.2333,ED PD PD PD PC SD PD PC SD PD PD PD PC SC SC SD PD PD PC SD PD PD PD PD PD PD PD PC SD PD,0,0.875,0.875,1.0,0.7586206896551724,AllD,0.99734265
game_186,agent2,hỗn hợp,0.1667,ED PD PD PD PC SD PC SD PD PC SD PD PD PD PD PD PD PD PD PD PD PD PD PD PD PC SD PD PC SD,0,0.8333333333333334,0.8,1.0,0.8275862068965517,AllD,0.9871005
game_186,agent3,hợp tác,0.1667,ED PC SD PD PD TD PD PD PD PD PC SD PD PD PD PC SC SD PD PD PD PD PD PD PD PD PD PD PD PC,0,0.7142857142857143,0.8,1.0,0.7931034482758621,AllD,0.9998275
game_188,agent1,hỗn hợp,0.2,ED PD PD PD PD PD PD PD PD PD PD PD PC SC SD PD PD PD PC SD PD PC SD PC SD PD PD PD PC SD,0,0.8571428571428571,0.8333333333333334,1.0,0.7931034482758621,AllD,0.99678
game_188,agent2,hỗn hợp,0.2333,EC SD PD PD PD PD PD PD PD PC SD PD PD PC SD PD PC SC SD PC SD PC SD PD PD PD PD PD PD PD,1,0.8571428571428571,0.75,0.0,0.7931034482758621,TFT,0.9837467
game_188,agent3,hỗn hợp,0.0667,ED PD PD PD PD PD PD PD PD PD PD PD PD PD TC SD PD PD PD PD PD PD TD PD PD PD PD PC SD PD,0,0.5,1.0,0.6666666666666666,0.9310344827586207,TFT,1.0
game_187,agent1,hỗn hợp,0.1333,ED PD PC SD PD PD PD PD TD PD PD PD PD PD PC SD PD PD PD PD PD PD PD PD PC SD PC SD PD PD,0,0.6666666666666666,0.8,1.0,0.8275862068965517,AllD,0.99987805
game_187,agent2,hỗn hợp,0.2333,ED PD PD PD PD PD PC SC SD PD PC SD PD PD PD TD PC SD PD PC SD PC SD PD PD TD PD PC SD PD,0,0.7,0.875,1.0,0.6896551724137931,AllD,0.9967422
game_187,agent3,ích kỷ,0.1,ED PD PD PD PD PD PD PC SD PD PD PD PD PD PC SD PD PD PD PD PD PD PD PD PC SD PD PD PD PD,0,0.75,1.0,1.0,0.896551724137931,TFT,1.0
game_185,agent1,hỗn hợp,0.2333,ED PD PD PC SD PD PC SD PD PD PD PD PD PD PD PC SD PC SC SC SD PD PC SD PD PD TD PD TD TD,0,0.6363636363636364,0.75,1.0,0.6551724137931034,AllD,0.9943678
game_185,agent2,ích kỷ,0.2667,EC SD PD PD TD PD PD PC SD PD PD PD PD PD PD PC SC SD TD TD PD PD PD PD PD PC SD PC SC SC,1,0.6363636363636364,0.6666666666666666,0.75,0.6551724137931034,AllD,0.5324027
game_185,agent3,hỗn hợp,0.3333,ED PD PD PC SD PD PD PD PD PC SD PC SD PD PD PD TD PC SC SD PD PC SD PD PD PC SD PC SC SC,0,0.8333333333333334,0.6666666666666666,1.0,0.6206896551724138,AllD,0.97784245
game_189,agent1,hợp tác,0.1,ED PD PD PC SD PD PC SD PD PD PD PD PD PD PD PC SD PD PD PD PD PD PD PD PD TD PD PD PD PD,0,0.6,1.0,1.0,0.8620689655172413,AllD,0.9943678
game_189,agent2,hợp tác,0.2333,ED PD PD PD PD PC SC SD PD PC SD PD PD PD PD PD PD PC SD PD PD PC SD PC SC SD PD PD PD PD,0,0.875,0.875,1.0,0.7586206896551724,AllD,0.99174786
game_189,agent3,hợp tác,0.1333,ED PD PD PD PD PD PD TD PD PD PD PD PD PC SC SD PD PD PD PD PD PD PD PD PC SD PD PD PC SD,0,0.6666666666666666,1.0,1.0,0.8275862068965517,AllD,0.9998229
game_190,agent1,hợp tác,0.2333,EC SC RD PC SD PD PD PD PD PD PC SD PC RD PD PD PD PD PD PD PD PD PC SC SD PD PD PD PD PD,1,0.8571428571428571,0.5714285714285714,0.6666666666666666,0.7241379310344828,TFT,0.70161176
game_190,agent2,hợp tác,0.4333,EC SC RC SC SC SD PD PC SC SD PC SD PC RD PD PD PD PD PD PC SD PC SD PD PC SC SD PD PD PD,1,0.9166666666666666,0.5384615384615384,0.3333333333333333,0.5862068965517241,AllC,0.99224466
game_190,agent3,ích kỷ,0.1667,ED TC RD PD TD PD PD PD PD PD PD TD PC RD PC SD PD PD PD PD PC SD PD PD PD PD PD PD PC SD,0,0.5714285714285714,0.75,0.8333333333333334,0.7241379310344828,AllD,0.99977165
game_193,agent1,hợp tác,0.8667,EC SC RC SC RD PC SD TC SC RC RC RC RC RD TC RC SC SD TC SC RC RC RC RC SC RC SC SC RC RC,1,0.9166666666666666,0.125,0.10526315789473684,0.6206896551724138,AllC,0.9996007
game_193,agent2,ích kỷ,0.7333,ED PC RD PC RC SC SC SD TC RC RC RC RC RC SC RC SD PC SD TC RC RC RC RD TC RD TD TC RC RC,0,0.8888888888888888,0.25,0.23809523809523808,0.6551724137931034,AllC,0.99558854
game_193,agent3,ích kỷ,0.7667,ED PC RD PC RD PD TC SC SC RC RC RC RC RC SC RD TD PC SC SC RC RC RC RC SC RC SC SC RC RD,0,1.0,0.1111111111111111,0.3333333333333333,0.4482758620689655,AllC,0.88919604
game_192,agent1,hợp tác,0.4,ED PC SD PC RC RD TC SC RD TC SC SD PD PD PC SD PD PC SD PD PD PD PC SC SD PD PC SD PD TD,0,0.8181818181818182,0.7777777777777778,0.5714285714285714,0.5862068965517241,AllC,0.7662379
game_192,agent2,ích kỷ,0.4667,EC SD TD PC RC RC SD TC RC SD TC SD PC SD PD PD PD PC SD PD PD PD PC SD PD PC SC SD PC SC,1,0.8333333333333334,0.7777777777777778,0.14285714285714285,0.6896551724137931,WSLS,0.93045354
game_192,agent3,hợp tác,0.4333,ED PC SC SC RC RC SC SC RC SC SD TD PD PC SD PD PD PD TD PD PC SD PD TD PC SD PD TD PC SD,0,0.6666666666666666,0.4444444444444444,0.625,0.5172413793103449,AllC,0.9999949
game_195,agent1,hợp tác,0.2,ED PD PD PD PC SD PD PD PD PD PC SD PD PD PD PD PC SD PD PC SD TD PD PC SD PD PC SD PD PD,0,0.75,1.0,1.0,0.7586206896551724,AllD,0.99281925
game_195,agent2,hỗn hợp,0.2,EC SD PD PC SD PD PD PD PC SD PD PD PD PD PD PD PD PD PD PD PC SC SD PD PD PC SD PD PD PD,1,0.8333333333333334,1.0,0.0,0.8275862068965517,TFT,0.971754
game_195,agent3,hợp tác,0.1667,ED PD PD PD PD PD PD PD PD PD PD PD PC SD PD PD PD PD PC SD PC SD PC SD PD PD PD PD PD PC,0,0.8333333333333334,0.6,1.0,0.8275862068965517,AllD,0.99678
game_194,agent1,hợp tác,0.2333,ED PD PC SD PD PD PD PD PC SC SD PD PD PD PD PC SD PD PD PD PD PD PD PD PC SD PD PC SC SD,0,0.875,1.0,1.0,0.7586206896551724,AllD,0.98745537
game_194,agent2,ích kỷ,0.2,ED PD PD PD PC SD PC SD PD TD TD PD PD PD PC SD PD PC SD PD PD PD PD PD PD PC SD PD PD PC,0,0.6666666666666666,0.8333333333333334,1.0,0.7241379310344828,AllD,0.99790466
game_194,agent3,hỗn hợp,0.2,ED PD PD PD PD PC SD PD PC SC SD PD PC SD PD PD PC SD PD PD PD PD PD PD PD PD PD PD PD PC,0,0.8571428571428571,1.0,1.0,0.7931034482758621,AllD,0.9906489
game_191,agent1,hợp tác,0.6333,ED TC SC RC SC SC RD PD TC RC RD TC SC RC SC SC SD PC SD PD PC SD PC SC RC SC SD TC SD PD,0,0.9285714285714286,0.4166666666666667,0.2727272727272727,0.5517241379310345,AllC,0.9991605
game_191,agent2,hợp tác,0.5333,EC SD PC RC SD TC RD PC SC RC RC SC SC RD PD TC SD PD PD PC SD PD PD PC RD PC SC SC SD PD,1,0.9230769230769231,0.5384615384615384,0.3333333333333333,0.5517241379310345,WSLS,0.84886026
game_191,agent3,hỗn hợp,0.5,EC SD PC RD TC SC RC SC SC RC RC SD TC RD PC SD TC SD PD PD PD PD PD PC RD PD TC SD TD PC,1,0.8333333333333334,0.5,0.3333333333333333,0.6206896551724138,AllC,0.99869776
game_197,agent1,hợp tác,0.2,ED PD PD PD TD PD PD PD PD PD PD PD PC SD PD PC SC SD PD PD PD PC SC SD PD PD PC SD PD PD,0,0.75,1.0,1.0,0.7586206896551724,AllD,0.999913
game_197,agent2,hỗn hợp,0.2667,EC SD PD PC SD PD PC SD PD PC SD PD PD PD PD PD PD PD PD PD PC SD PD PC SD PD PD TD PC SC,1,0.7777777777777778,1.0,0.5,0.7241379310344828,WSLS,0.6333752
game_197,agent3,hỗn hợp,0.2,ED PD PD PC SC SD PD PD PD PD PD PD PD PD PD PD PD PC SD PD PD PD PD PD PD PC SC SD PD PC,0,0.8571428571428571,1.0,1.0,0.7931034482758621,AllD,0.9952684
game_196,agent1,hợp tác,0.4667,EC SC SC SC SD PC SC RD PC SC SC SC SD PD PD PD PC SD PD PD PC SD PD PD TC SD PD PD PD PC,1,0.9285714285714286,0.46153846153846156,0.3333333333333333,0.5517241379310345,AllC,0.9998617
game_196,agent2,hỗn hợp,0.2,EC SD PD PC SD PD TC RD PD TD PD TD TD PD PD PD PD TD PD PC SD TC SD PC SD PD PD PD PD PD,1,0.5,0.8333333333333334,0.625,0.7241379310344828,TFT,0.55129236
game_196,agent3,ích kỷ,0.3333,ED TD PD PD TC SC SC RD PC SD PC SC SD PC SD PD PC SD PD PD PC SD PD PC SD PD PD PD PD PD,0,0.9090909090909091,0.5555555555555556,0.75,0.6206896551724138,AllD,0.95994323
game_198,agent1,ích kỷ,0.2333,ED PD PD PD PD PC SD PD PC RD PD PD PD PC SD PD PD PC SD PD PD PD PC SD PD PC SD PD PD PC,0,0.875,1.0,1.0,0.7241379310344828,AllD,0.99789846
game_198,agent2,hợp tác,0.1667,EC SD PD PD PD PD PD PC SC RD PD PD PD PD PD PD PD PD PD PD PD PD PD PD PC SC SD PD PD PD,1,0.8,1.0,0.5,0.8275862068965517,TFT,0.89145297
game_198,agent3,hợp tác,0.2,ED PD PD PD PC SD PD PD PC RD PC SD PD PD PD PC SD PD PD PD PD PD PD PC SD PD TC SD PD PD,0,0.8571428571428571,0.8571428571428571,0.6666666666666666,0.7931034482758621,AllD,0.99800366
game_201,agent1,ích kỷ,0.2,ED PD PD PC SD PD PD PC SD PD TC SD TD PD PD PD PD PD PC SD PD PD PC SD PD PD PD PD PC SD,0,0.75,1.0,0.6666666666666666,0.7931034482758621,AllD,0.9950854
game_201,agent2,ích kỷ,0.1,ED PD PC SD PD PD PD PD PD PC SD TC SD PD PD PD PD PD PD TD PD PD PD TD PD PD PD PD PD TD,0,0.42857142857142855,1.0,0.8,0.8275862068965517,AllD,0.989726
game_201,agent3,hợp tác,0.5333,EC SD PD PD PD PC SC SD PC SC SC SC SC SC SD PD PD PD PC SC SC SC SC SD PD PD PD PC SC SD,1,0.9375,0.5,0.0,0.4827586206896552,TFT,0.79536724
game_202,agent1,ích kỷ,0.3,ED PD PD PD PD PD PC SC SD PC SC SD PC SD PC SD PD PC SD PC SD PD PD PD PD PC SD PD PD PD,0,0.9,0.6,1.0,0.6896551724137931,AllD,0.98292345
game_202,agent2,ích kỷ,0.1,ED PD PD PD PD PD PD PD PD PD PD TD PD PD PD PD PC SD PD PD TC SD PD PD PC SD PD PD PD PD,0,0.6,1.0,0.6666666666666666,0.896551724137931,TFT,1.0
game_202,agent3,ích kỷ,0.1333,ED PD PD PD PD PD PD PD PD PD PC SD PD PD PD PD PD PD PD PC SD PD PD PC SD PD PD PC SD PD,0,0.8,1.0,1.0,0.8620689655172413,AllD,0.99678
game_199,agent1,ích kỷ,0.2333,EC SD PD PC SD PD PD PD PD PC SD PD PD PD PC SC SD PC SD PD PD PD TD PD PD PD PD PD PC SD,1,0.75,0.8571428571428571,0.5,0.7586206896551724,TFT,0.983723
game_199,agent2,hợp tác,0.2667,EC SD PD PC SC SD PC SD PD PD PD PD PD PD PD PD TD PD PD PC SD PC SD PD PC SD PD PD PD PC,1,0.7777777777777778,0.75,0.5,0.7241379310344828,TFT,0.95966977
game_199,agent3,ích kỷ,0.3,ED TD PC SD TD PC SD PD PD PD PD PD PD PD PD PC SC SD PD PD PD PC SD PC SD PC SC SD PD PC,0,0.8181818181818182,0.7142857142857143,1.0,0.6206896551724138,AllD,0.9997522
game_200,agent1,ích kỷ,0.6333,EC SD TC RC RC SC SC RD TC RC RC RD TC RC RC RC RD TC RD PC RC RD PC SD TD PD PD TD PC RC,1,0.75,0.2,0.3333333333333333,0.5862068965517241,AllC,0.9535419
game_200,agent2,hợp tác,0.8333,EC SC SC RC RD TD TC RC SC RC RC RC SC RC RC RC RC SC RC SC RC RD PD PC SC SD PC SC SC RC,1,1.0,0.2,0.17647058823529413,0.5172413793103449,AllC,0.999701
game_200,agent3,hỗn hợp,0.8,ED TC SC RC RC SC SC RC SC RC RC RC SC RC RC RC RC SC RD PC RC RD PD PC SD PC SC SD PC RC,0,1.0,0.2,0.1875,0.5517241379310345,AllC,0.9999156
game_203,agent1,ích kỷ,0.1333,EC SD PD PD PD PD PD PD PD PD PC SD PD PD PD PC SD PD PD PD PD PD PC SD PD PD PD PD PD PD,1,0.75,1.0,0.0,0.896551724137931,TFT,1.0
game_203,agent2,ích kỷ,0.1667,ED TD PD PD PD PC SD PD PD PD PC SD PD PD PD PD TD PD PD PD PC SD PD PD PD PC SC SD PD PD,0,0.7142857142857143,1.0,1.0,0.7586206896551724,AllD,0.99891245
game_203,agent3,hỗn hợp,0.3667,EC SD PC SD PC SD PD PC SD PD PD TC SC SD PD PC SD PD PC SD PD PC SD PD PC SD PD PD PD PC,1,0.9090909090909091,0.8181818181818182,0.0,0.6896551724137931,WSLS,0.98559046
game_206,agent1,ích kỷ,0.3,EC SD PC SC SD PD PC SD PD PC SD PD TD PD PC SD PD PD PC SC SD PD TD PD PD PC SD PD PD PD,1,0.7272727272727273,0.9,0.6666666666666666,0.6551724137931034,WSLS,0.9645188
game_206,agent2,hỗn hợp,0.2,ED TD PC SD PD PD PD TD PD PD PC SC SD PD PD PD PD PD PD PD PD PC SD PD PD PC SD PC SD PD,0,0.75,0.8333333333333334,1.0,0.7241379310344828,AllD,0.9999149
game_206,agent3,hỗn hợp,0.3,EC SC SD TD PD PC SC SC SD PD PD PC SD PD PD PD PD PD PD PD PD PC SD PD PD PD TD PD PC SC,1,0.7272727272727273,0.7142857142857143,0.6666666666666666,0.6551724137931034,TFT,0.50686586
game_204,agent1,ích kỷ,0.1333,ED PD PD PD PD PD PC SD PD PD PC SD PD PD PD PC SD PD PD PD PC SD PD PD PD PD PD PD PD PD,0,0.8,1.0,1.0,0.8620689655172413,AllD,0.9951733
game_204,agent2,hỗn hợp,0.1333,ED PC SD PD PD PC SD PD PD PD PD PD PD PC SD PD PD PD PD PD PD PD PD PD PD PD PD PD PD PC,0,0.8,0.75,1.0,0.8620689655172413,AllD,0.9970348
game_204,agent3,hợp tác,0.2667,EC SD PC SD PC SD PD PC SD PD PD PC SC SD PD PD PD PD PD PD PD PD PD PD PC SD PD PD PD PC,1,0.875,0.75,0.0,0.7586206896551724,WSLS,0.98559046
game_205,agent1,ích kỷ,0.2333,ED PD PD PD PD PC SD PD PC SD PD PC SD PD PD PD PD TC SD PD PD PD PC SC SD PD PC SD PD PD,0,0.875,1.0,0.5,0.7931034482758621,AllD,0.9885006
game_205,agent2,hỗn hợp,0.3,ED PC SD PD PD PD PD PD PD PD PC SD TC SD PC SC SC SD PD PC SD PD PC SD TD PD PD PD PD PC,0,0.8181818181818182,0.5714285714285714,0.6666666666666666,0.6896551724137931,AllD,0.99719846
game_205,agent3,ích kỷ,0.2,ED PD PD PD PD PD PC SD PD PC SD PC SD PD PD PD PC SD PD PD PD PD PD TC SD PD PD PC SD PD,0,0.8571428571428571,0.8571428571428571,0.5,0.8275862068965517,AllD,0.9882554
game_208,agent1,hỗn hợp,0.2667,ED PC SD PD PC SD PD PD PD PC SD PD PD PD PC SD PC SD PD PD PD PC SD PD PC SC SD PD PD PD,0,0.8888888888888888,0.7777777777777778,1.0,0.7241379310344828,AllD,0.9726848
game_208,agent2,hợp tác,0.1667,EC SD PD PC SD PD PC SD PC SD TD PD PD PD PD PD PD PD PD PC SD PD TD PD PD PD PD PD PD PD,1,0.5714285714285714,0.8,0.6666666666666666,0.7931034482758621,WSLS,0.93776387
game_208,agent3,ích kỷ,0.2667,ED PD PD PD PD PC SD PD PD PC SC SD PC SD PD PC SD PD PC SD PD PC SD PC SD PD PD PD PD PD,0,0.8888888888888888,0.7777777777777778,1.0,0.7241379310344828,AllD,0.9883741
game_207,agent1,hỗn hợp,0.3667,ED PD PC SD PD PD PC SC RC SC RC SC SD TD PC SD PD PD PC SC SC SD PD PD TD PD PD PD PD PD,0,0.75,0.6666666666666666,0.6,0.6206896551724138,AllD,0.97975266
game_207,agent2,hợp tác,0.2,ED PC SD PD PD PD PD TC RD PC RD PD TC SD PD PC SD PD PD PD PD TD PD PC SD PD PD PD PD PD,0,0.75,0.7142857142857143,0.6666666666666666,0.7586206896551724,AllD,0.9709448
game_207,agent3,hợp tác,0.3,ED PD PD PD PC SD PC SC RD PC RD PC SC SD PD PD PD PD PD PD PC SD PD PC SD PC SD PD PD PD,0,0.9,0.5555555555555556,1.0,0.6206896551724138,AllD,0.98421025
game_209,agent1,hỗn hợp,0.2667,EC SD PC RD PC SC RD PD TC SD TC SD TD PD TD PD PD PD PD PD PD PD PD PD PD PD PC SD TC SD,1,0.7,0.5,0.5,0.7241379310344828,AllC,0.7513558
game_209,agent2,hợp tác,0.3333,ED TD PC RD PD TC RC SC SD PC SD PC SD PC SD PD PD PD PD PD PC SD PD PD PD PC SD PC SD TD,0,0.8181818181818182,0.4444444444444444,0.6666666666666666,0.6206896551724138,AllD,0.5753169
game_209,agent3,hỗn hợp,0.4333,EC SC SC RD PC SC RD PC SD PC SD PC SD PC SC SD PD PD PD PD PD PD PD PD PD PD PD PC SC SC,1,0.9230769230769231,0.2,0.6666666666666666,0.5172413793103449,AllC,0.9989567
game_211,agent1,hỗn hợp,0.2333,ED PC SC SC SC SD PD PD TD PD PD PD PD PC SD PD PD PD PD PD PD PD PD PC RD PD PC SD PD PD,0,0.7777777777777778,0.625,1.0,0.6896551724137931,AllD,0.99392164
game_211,agent2,ích kỷ,0.2,EC SD TD TD TD PD PD PC SC SD PD PD PD PD PD PD PD PC SD PD PD PD PD PC RD PD PD PD PC SD,1,0.5555555555555556,1.0,0.8,0.6896551724137931,WSLS,0.5755925
game_211,agent3,ích kỷ,0.3667,ED PC SC SC SD PD PD PC SD PC SD PD PC SD PC SD PD PD PD PD PD PC SC SC RD PC SD PD PD PD,0,0.9166666666666666,0.45454545454545453,1.0,0.5862068965517241,WSLS,0.5960017
game_210,agent1,hỗn hợp,0.3,EC SC SC SD PC SD PC SD PD PD PD PD PD PD PD PD PD PD PC SC SC SD PC SD PD PD PD PD PD PD,1,0.8888888888888888,0.4,0.0,0.7241379310344828,AllC,0.44036126
game_210,agent2,ích kỷ,0.0667,ED PD PD PD PD TD PD PD PD PC SD PC SD PD PD PD PD PD PD PD PD PD PD PD PD PD PD PD PD PD,0,0.5,0.6666666666666666,1.0,0.896551724137931,TFT,1.0
game_210,agent3,hợp tác,0.1,ED PD PD PD PC SD PD PC SD PD PD PD PC SD PD PD PD PD PD PD PD PD PD PD PD PD PD PD PD PD,0,0.75,1.0,1.0,0.896551724137931,TFT,1.0
game_212,agent1,hỗn hợp,0.2,ED PD PD PD PC SD PD PD TD TC SD PD PD PD PD PC SD PD PD TD PC SD PD PD TC SD PD PC SD PD,0,0.6666666666666666,1.0,0.6,0.7931034482758621,AllD,0.9938573
game_212,agent2,ích kỷ,0.3,ED PC SD PC SD PC SD PC SC SD PC SD PD PD PC SD PD PD PC SD PD PD PD PC SD PD PD PD PD PD,0,0.9,0.5,1.0,0.6896551724137931,WSLS,0.9994816
game_212,agent3,hỗn hợp,0.1667,ED PD PD PD PD PD PD PC SC SD PD PD PD PD PD PD PD PD PC SD PD PC SD PC SD PD PD PD PD PD,0,0.8333333333333334,0.8333333333333334,1.0,0.8275862068965517,AllD,0.9594847
game_215,agent1,hỗn hợp,0.1333,EC SC SD PD PD PD PC SD PD PD PD PD PD PD PD PD PC SD PD PD PD PD PD PD PD PD PD PD PD PD,1,0.75,0.8,0.0,0.896551724137931,TFT,1.0
game_215,agent2,hỗn hợp,0.1333,ED PD PD PC SD PD PD PD PD PD PD PD PD PD PD PD PD TD PC SD PD PC SD PD PC SD PD PD PD PD,0,0.6666666666666666,1.0,1.0,0.8275862068965517,AllD,0.9894287
game_215,agent3,hỗn hợp,0.1667,ED PD PC SD PD PD PD PD PD PC SC SC SD PD PD PD PC SD PD PD PD PD PD PD PD PD PD PD PD PD,0,0.8333333333333334,0.8333333333333334,1.0,0.8275862068965517,AllD,0.9897261
game_218,agent1,hợp tác,0.1333,ED PD PD TD PD PD PC SD PD TD PD PD PD PC SD PD PD PD PC SD PD PD PD PD PD PD PC SD PD PD,0,0.5714285714285714,1.0,1.0,0.7931034482758621,AllD,0.999864
game_218,agent2,hợp tác,0.3667,ED PD PC SC SC SC SD PD PC SC SD PD PC SC SD PD PC SD PC SD PD PD PD PD PD PC SD PD PD PD,0,0.9166666666666666,0.75,1.0,0.6206896551724138,AllC,0.99584633
game_218,agent3,hỗn hợp,0.2,EC SD PC SD PD PD PD PD PC SD PD PD PD PD TD PD PD PD PD TC SD PD PD PC SD PD PD PD PC SD,1,0.7142857142857143,0.8333333333333334,0.3333333333333333,0.8275862068965517,TFT,0.9456606
game_216,agent1,hợp tác,0.2,EC SD PD PD PD TD PC SC SD PD PD PD PD PD PD PD PD PD PD PC SC SC SD PD TD PD PD PD TD PD,1,0.5555555555555556,0.8571428571428571,0.75,0.7241379310344828,AllD,0.64645696
game_216,agent2,hợp tác,0.3,ED PD PD PD PC SD PD PD PD PC SD PD PD PC SC SD PD PC SD PC SC SD PD PC SD PD PD PC SD PD,0,0.9,0.9,1.0,0.6896551724137931,AllD,0.9872268
game_216,agent3,hợp tác,0.2,ED PC SC SD PC SD PD PD PC SD PD PD PD PD PD PD PD PD PD PD TD TD PD PC SD PD PD PC SD PD,0,0.6666666666666666,0.7142857142857143,1.0,0.7241379310344828,AllD,0.54351616
game_214,agent1,hỗn hợp,0.4667,EC SC RC SC SD PC SC SC SD PC SD PD PC SD PD PD PD PD PC SD PD PC SD TC SD PC SD PC SD PD,1,0.9230769230769231,0.46153846153846156,0.0,0.6206896551724138,AllC,0.99861264
game_214,agent2,hỗn hợp,0.1667,ED PC RD TD TD PD TD TD PC SD TD PD PC SD PD PD PD PD PD PD PD PD PC SD PD PC SD PD TD PD,0,0.5,0.75,1.0,0.5862068965517241,AllD,0.9881555
game_214,agent3,ích kỷ,0.3667,ED PC RC SC SC SC SC SD PD PC SD PC SD TD PD PD PD PC SD PD PD PD PC SD PD PD TD PC SD PD,0,0.7692307692307693,0.45454545454545453,0.75,0.5862068965517241,AllC,0.9986959
game_213,agent1,hỗn hợp,0.2667,ED TC SC RC SD PD TD PC SD PC SD PD PD PD PD PD PD PD PD PD PC SD PD PC SD PD PD PC SD PD,0,0.75,0.8571428571428571,0.5,0.7586206896551724,WSLS,0.9388261
game_213,agent2,hỗn hợp,0.3,EC SD TC RD TD PC SC SD PD PD TD PD PD PC SC SD PD PD PD PD PC SD PC SD TD PD PD PD PC SD,1,0.7272727272727273,0.8333333333333334,0.6666666666666666,0.6206896551724138,AllD,0.5044471
game_213,agent3,hợp tác,0.4667,EC SC SC RC SC SC SD PD PC SC SC SD PD PD PD PC SD PD PD PC SD TD PD PC SC SC SD PD PD PD,1,0.8571428571428571,0.5384615384615384,0.3333333333333333,0.5517241379310345,AllC,0.99997497
game_219,agent1,hợp tác,0.2667,EC RC SD PD PD PD PD PD PD PD PC SC SD PD PD PD PD PC SD TD PC SD PD PD PC SD TC SD PD PD,1,0.75,1.0,0.25,0.7931034482758621,TFT,0.9980804
game_219,agent2,ích kỷ,0.1667,EC RD TD PD PD PD PD PD PD PD PD PD PD PD PD PD PD PD PC SD PD PD PC SD PD PC SD TD PC SD,0,0.6666666666666666,1.0,0.75,0.7586206896551724,AllD,0.92533183
game_219,agent3,hợp tác,0.2667,EC RC SD PC SD PD PD PD PD PD PD PD PD PD PD PC SD PD PC SD PD PD PD PC SD PC SC SD PD PD,1,0.8571428571428571,0.75,0.0,0.7931034482758621,TFT,0.9894671
game_221,agent1,hợp tác,0.3333,EC SC SC SC SD PC SC SD PC SD PD PD PD PD PD PD PD PD PD PD PD PC SC SC SD PD PD PD PD PD,1,0.9,0.45454545454545453,0.0,0.6896551724137931,AllC,0.94067883
game_221,agent2,ích kỷ,0.1333,ED PD PD PD PD PD TD PD PD PD PD PD PD PD PD PC SD PC SD PD PD PD TD PD PD PD PD PD PC SC,0,0.5714285714285714,0.6666666666666666,1.0,0.7931034482758621,AllD,0.9999093
game_221,agent3,hỗn hợp,0.2333,ED PD PD PD PD PC SD PD PD PC SD PD PD PD PD PD PC SD PC SD PD PC SD PD PD PD PC SC SD PD,0,0.875,0.875,1.0,0.7586206896551724,AllD,0.9883741
game_217,agent1,hợp tác,0.2333,EC SD PD TC SD TD PC SD PD PD TD PC SC SD PD PD PD PC SD PD PD PC SD PD PD PD PD PD PD PD,1,0.6666666666666666,1.0,0.5,0.7586206896551724,TFT,0.95250666
game_217,agent2,hợp tác,0.1667,ED TD PC SD PC SD PD PD PD PC SD PD PD PD PD PD PD PD PD PD PD PD PD PD PD PC SD PD PD PC,0,0.8333333333333334,0.75,1.0,0.7931034482758621,AllD,0.96249956
game_217,agent3,ích kỷ,0.4333,EC SC SC SD PC SC SD PC SC SC SD PD PD PC SC SD PD PD PC SD PD PD PC SD PD PD PC SD PD PD,1,0.9230769230769231,0.6428571428571429,0.0,0.5862068965517241,AllC,0.9997917
game_224,agent1,hợp tác,0.1333,EC SD PD PD PD PD PD PD PD PD PD PD PD PD PD PD PC SD PD PC SD PD PD PC SD PD PD TD PD PD,1,0.6,1.0,0.5,0.8620689655172413,TFT,1.0
game_224,agent2,hỗn hợp,0.2,ED PC SD PD PD PD PD PD PD PC SD PD PD PD PD PD PD TD PD PD PD PD PD PD PD PC SC SC SC SD,0,0.75,0.5,1.0,0.7586206896551724,AllD,0.99029714
game_224,agent3,hỗn hợp,0.2333,ED PD PD PC SD PD PC SD PD PD PC SD PD PD PD PD PC SD PD PD PD PC SD PD PC SD PC SD PD PD,0,0.875,0.875,1.0,0.7586206896551724,AllD,0.9943678
game_226,agent1,ích kỷ,0.2667,ED PC RD TD PC SC RD PD PD PC SC SD PD PD PD PD PD PD PC SD PD PD PC SD PD PD PC SD PD PD,0,0.8888888888888888,0.8571428571428571,1.0,0.6206896551724138,AllD,0.9912009
game_226,agent2,hợp tác,0.2,EC SC RC SC SC SC RD PD PD PD PD PD PD PD PD PD PD PD PD TD PD PD PD PD PD PD PD TD PD PD,1,0.5714285714285714,0.2,0.6,0.7586206896551724,AllC,0.9772764
game_226,agent3,ích kỷ,0.3333,ED PC RC SD PD TC RC SD PD PD PD PD PD PD PD PD PD PD PC SD PC SC SD PC SD PD PC SD PD PC,0,0.8888888888888888,0.7,0.25,0.7586206896551724,TFT,0.75578946
game_220,agent1,hợp tác,0.3,EC SD PD PD PD PD PD PD PC SD PC SD PD TD PD PC SC SD PC SD PD PD PD PD PD PC SC SC SD PD,1,0.8,0.7,0.5,0.6896551724137931,TFT,0.9762526
game_220,agent2,ích kỷ,0.1,ED TD PD PD PD PD PD PD PD PD PD PD PC SC SD PD PD TD PD PD PD PD PD PD PD PD PC SD PD PD,0,0.6,1.0,1.0,0.8275862068965517,AllD,0.9996213
game_220,agent3,ích kỷ,0.3,EC SD PD PD PC SD PD PD PD PC SD PD PC SD PD PD PC SD PD PD PC SD PD PC SC SD PD TD PC SD,1,0.8,1.0,0.5,0.6896551724137931,TFT,0.9723565
game_223,agent1,hợp tác,0.2667,EC RD PD PD PD PD PD PC SC SD PD PD PD PC SD PD PD PD PD PD PC SC SD PC SC SD PD PD PD PD,0,0.875,0.875,0.5,0.7241379310344828,TFT,0.7670336
game_223,agent2,hỗn hợp,0.3333,EC RC SD PC SD PC SD PD PD PD PD PD PD PC SD PD PC SD PC SD PD PC SC SD PC SD PD PD PD PD,1,0.8888888888888888,0.6,0.0,0.7241379310344828,TFT,0.9627081
game_223,agent3,ích kỷ,0.0333,EC RD PD PD PD PD PD PD PD PD PD PD PD PD TD PD PD PD PD PD PD PD TD PD PD TD PD PD PD PD,0,0.0,1.0,0.8,0.8620689655172413,TFT,1.0
game_222,agent1,hợp tác,0.3667,EC SD PC SC SD PC SC SC SC SC SD PD PD PC SC SD PD PD PD PC SD PD PD PD PD TD PD PD PD PD,1,0.8333333333333334,0.5833333333333334,0.5,0.6206896551724138,AllC,0.99970764
game_222,agent2,hỗn hợp,0.1333,ED PC SD TD PD PD PD TD PD PD PD PD PD PD PD PD PD PD PD PD PD PD PD PC SC SD PD PD PC SD,0,0.5714285714285714,0.6666666666666666,1.0,0.7931034482758621,AllD,0.99989927
game_222,agent3,hợp tác,0.3333,ED PD PC SD PD PD PC SD PD PD PC SD PD PD PD PC SC SC SD PD PD PD PC SD PC SD PD PC SD PC,0,0.9090909090909091,0.7,1.0,0.6551724137931034,AllD,0.9969952
game_225,agent1,ích kỷ,0.2333,EC SD TD PC SC SD PD PC SD PD PC SD PD PD PD PD PD PD PD PD PD PD PD PD PD PD PD PC SC SD,1,0.75,1.0,0.5,0.7586206896551724,WSLS,0.9745796
game_225,agent2,hợp tác,0.2667,EC SC SD PD PD TD PD PC SC SD PD PD PD PD PD PD PC SD PD PC SD PD PD PD PD PC SD PD PD PC,1,0.7777777777777778,0.875,0.5,0.7241379310344828,AllD,0.5733576
game_225,agent3,hợp tác,0.2333,ED TC SD PD PC SD PD PD TD PC SD PD PD PD PC SD PD PD PC SD PD PC SD PD PD PD PD PD PD PC,0,0.75,1.0,0.6666666666666666,0.7586206896551724,AllD,0.9189107
game_227,agent1,ích kỷ,0.3667,EC SC SD TD TD PC SC SC SD PD PD PD PC SD PD PC SD PC SD PD PD PD PC SD PD PC SC SD TD PD,1,0.7142857142857143,0.7,0.75,0.5517241379310345,WSLS,0.78531885
game_227,agent2,hợp tác,0.2667,EC SC SC SC SC SD TC SC SD PD PD PD PD PD PD PD PD PD PD PD PD PD PD PD PD PD TD PC SD PD,1,0.7777777777777778,0.5,0.3333333333333333,0.7586206896551724,AllC,0.99239177
game_227,agent3,hỗn hợp,0.2333,ED TD TC SC SD PC SD TD TD PD PD PD PD PD PC SD PD PD PD PD PD PD PD PD PD PC SD PC SC SD,0,0.6666666666666666,0.6,0.8,0.6896551724137931,AllD,0.9925243
game_228,agent1,ích kỷ,0.2667,ED PD PC SC SC SD PD PD PD PD PD TC RD PD PD PD PD TD PC SD PD PD PC SD PC SD PD PC SD PD,0,0.8,0.7777777777777778,0.75,0.6896551724137931,AllD,0.99010146
game_228,agent2,ích kỷ,0.3,ED PD PD PD TD TD PD PD PD PD PC SC RD PD PD PD PC SD PD PC SC SC SD PD PC SC SD PD PC SD,0,0.75,0.875,1.0,0.5862068965517241,AllD,0.99998486
game_228,agent3,hợp tác,0.3333,EC SC SD PC SC SD PD PD PC SD PC SC RD PD PD PD PC SC SD PD PD PD PD PD PD TD PD PD PD PC,1,0.8181818181818182,0.6666666666666666,0.6666666666666666,0.6206896551724138,WSLS,0.6063095
game_229,agent1,ích kỷ,0.2,EC SC SD PC SD PD PD PD PD TD PD PD PD PD PD PD PD PD PC SD TD PD PD PD PC SD PD PC SD PD,1,0.625,0.6666666666666666,0.6666666666666666,0.7586206896551724,AllD,0.8224768
game_229,agent2,ích kỷ,0.3,ED PD PD PD PC SD PD PD PC SD PD PD PD PD PC SD PC SD PC SC SC SC SD PD PC SD PD PD PD PD,0,0.9,0.6,1.0,0.6896551724137931,AllD,0.98766476
game_229,agent3,ích kỷ,0.1,ED PD PD PD PD PD PD PD PC SC SD PD PD PD PD PD PD PD PD TC SD PD PD PD PD TD PD PD PD PD,0,0.6,1.0,0.6666666666666666,0.896551724137931,TFT,1.0
game_230,agent1,ích kỷ,0.1333,ED PD PD PD PD PD TD PD PD PC SD PD PC SD PD TD PD PD PD PD PD PD PD PD PD PC SD PD PD PC,0,0.5714285714285714,1.0,1.0,0.7931034482758621,AllD,0.9995987
game_230,agent2,ích kỷ,0.2333,EC SC SD PD PD PC SC SD PD PD PC SD PD PD PC SD PD PD PD PD PD PD PC SD PD PD PD PD PD PD,1,0.8571428571428571,0.875,0.0,0.7931034482758621,TFT,0.8855971
game_230,agent3,hỗn hợp,0.1333,ED PD PD PD PD PC SD PD PC SD PD PD PD PD PC SD PD PD PD PD PD PD PD PD PD PD PD PC SD PD,0,0.8,1.0,1.0,0.8620689655172413,AllD,0.9885006
game_232,agent1,ích kỷ,0.1667,ED PD PD PD PD PD PD PD TD PD PD PD PC SC SD PD PD PD PC SD PD PC SD PD PD PC SD PD PD PD,0,0.7142857142857143,1.0,1.0,0.7931034482758621,AllD,0.99988246
game_232,agent2,hỗn hợp,0.1333,ED PD PC SD PD PC SD PC SD PD PD PD PD TD PD PD PD PC SD PD PD PD PD PD PD PD TD PD PD PD,0,0.5714285714285714,0.8,1.0,0.7931034482758621,AllD,0.88394386
game_232,agent3,ích kỷ,0.3333,EC SC SD PD PD PD PD PC SD PC SC SD PC SD PC SD PD PD PD PD PD PD PD PD PD PC SD PC SC SD,1,0.9,0.5,0.0,0.6896551724137931,TFT,0.84482473
game_233,agent1,ích kỷ,0.1667,ED PD PD PD PD PD PD PC SD PD PC SD PD PD PD PD PC SD PD PD PD PD PD PC SD PC SD PD PD PD,0,0.8333333333333334,0.8333333333333334,1.0,0.8275862068965517,AllD,0.9954657
game_233,agent2,hỗn hợp,0.2,ED PD PD PC SC SD PD PC SD PC SD PD PD PD PC SD PD PD PD PD PD PD PD PD PD PD PC SD PD PD,0,0.8571428571428571,0.8571428571428571,1.0,0.7931034482758621,AllD,0.9534223
game_233,agent3,hỗn hợp,0.2333,ED PD PD PD PD PD PC SD TC SD PD PD PC SD PD PD PD PD PC SC SD PD PC SD PC SD PD PD PD PD,0,0.875,0.8571428571428571,0.5,0.7931034482758621,AllD,0.821542
game_231,agent1,ích kỷ,0.6,EC SD PC SC SC SC SD PC SC RD TD PD PD PC SC SD PD PD PC SC SC SC SC SC SD PC SD PD PC SC,1,0.9444444444444444,0.4,0.6666666666666666,0.3448275862068966,AllC,0.9986512
game_231,agent2,hỗn hợp,0.2667,ED PC SC SD TD TD PD PD PC RC SD PD PD PD TD TD PD PC SC SD PD PD PD PD PD PD TC SC SD TD,0,0.5384615384615384,0.8571428571428571,0.75,0.6206896551724138,AllD,0.9863762
game_231,agent3,hợp tác,0.3667,ED PD PD TC SC SD PD PD PC RC SD PC SD PC SC SD PC SD PD TD PD PD PD PD PC SC SD PD PC SD,0,0.8333333333333334,0.7272727272727273,0.5,0.6551724137931034,AllD,0.9278933
game_235,agent1,hỗn hợp,0.1667,ED PC SD PD PD PD PD PD PD PC SD PC SD PD PD PC SD PD PD PC SD PD PD PD PD PD PD PD PD TD,0,0.7142857142857143,0.6666666666666666,1.0,0.7931034482758621,AllD,0.99029714
game_235,agent2,hợp tác,0.2667,EC SD PC SD PD PD PD PD PD PD PD PC SC SD PD PD PD PC SD PD PD PD PD PC SD PC SD PD PC SD,1,0.875,0.75,0.0,0.7586206896551724,TFT,0.945497
game_235,agent3,ích kỷ,0.1333,ED PD PD PD PD PD PC SC SD PD PD PD TD PD PD PD PD PD PD PD PD PD PD PD PD PD PD PD PC SC,0,0.6666666666666666,1.0,1.0,0.8275862068965517,AllD,0.9967422
game_236,agent1,hỗn hợp,0.3333,EC SC SD PC SC SD PD PD PC SD PC SC SD PD PD PD PC SD TD PD PD PD PD PD PD PD PC SC SD PD,1,0.8181818181818182,0.7,0.5,0.6551724137931034,WSLS,0.60630953
game_236,agent2,hợp tác,0.3667,ED PD PD PC SC SD PC SD PD PC SC SD TD PD PD PC SD PC SD PD PD PC SC SC SC SD PD PD PD PD,0,0.8461538461538461,0.6363636363636364,1.0,0.5862068965517241,AllD,0.9276184
game_236,agent3,hỗn hợp,0.1333,ED PD PC SD TD TD PD PD PD PD PD TC SD PD PD PD PD PC SD PD PD PD PD PD PD PD PD PD PD PC,0,0.5714285714285714,1.0,0.75,0.8275862068965517,AllD,0.99993765
game_234,agent1,hỗn hợp,0.7667,EC RC SC SC SC RC RC RD TC RC RC SC SC SC SC RC SD PC SD PC SD TC SC SD TC SC SD PD PC RC,1,1.0,0.3076923076923077,0.08333333333333333,0.5517241379310345,AllC,0.99987125
game_234,agent2,hợp tác,0.7333,EC RD PC SC SC RC RC RC SC RC RC SC SC SC SC RC SD PC SD PD TC SD TD PC SD TC SD PC SC RC,0,0.9333333333333333,0.18181818181818182,0.16666666666666666,0.5172413793103449,AllC,0.9997385
game_234,agent3,hợp tác,0.6,EC RD PD TD TC RC RC RC SC RC RD TD TD TD TC RD TC SD TC SC SC SC SD PC SC SD TC SD PC RC,0,0.9090909090909091,0.375,0.3888888888888889,0.5172413793103449,TFT,0.42759264
game_237,agent1,hỗn hợp,0.1667,ED PD PD PD PD PD PD PD PC SD PC SD PD PD PC SD PD PC SD PD PD PD PD PD PD PD PD TD PD PC,0,0.7142857142857143,0.8,1.0,0.7931034482758621,AllD,0.9936045
game_237,agent2,ích kỷ,0.1,ED PD PD PD PD PD PD PD PD PD PC SD PC SD PD TD PD PD PD PD PD PD PD PD PD PD PC SD PD PD,0,0.6,0.75,1.0,0.8620689655172413,AllD,0.99678
game_237,agent3,hợp tác,0.3,EC SC SC SD PD PD PD PD PD PD PD TD PD PD PC SC SD PD PD PC SC SD PD PD PD PD PC SD PC SD,1,0.8,0.6666666666666666,0.5,0.6896551724137931,TFT,0.9005345
game_239,agent1,hỗn hợp,0.2667,ED PC SD PD PD PD PD TD PD PD PC SD PD PC SD PC SD PD PC SD PD TD PC SC SD PD PD PD PD PC,0,0.7272727272727273,0.75,1.0,0.6551724137931034,AllD,0.9998374
game_239,agent2,ích kỷ,0.2333,ED PD PC SD PD PD PC SD PD PD PD PD PD PC SD PD PD PC SD PC SC SD PD PD TD PD PD PD PD PC,0,0.7777777777777778,0.8571428571428571,1.0,0.7241379310344828,AllD,0.9969952
game_239,agent3,hỗn hợp,0.1667,ED PD PD PD PD PD PC SD PD PD PD PD PC SD TD PD PC SD PD PD PC SD PD PC SD PD PD PD PD PD,0,0.7142857142857143,1.0,1.0,0.7931034482758621,AllD,0.9951733
game_240,agent1,hỗn hợp,0.1333,ED PD PD PD PD PD PC SC SD PD TD PD PD PC SD PD PD PC SD PD PD PD PD PD PD TD PD PD PD PD,0,0.5714285714285714,1.0,1.0,0.7931034482758621,AllD,0.9967422
game_240,agent2,hỗn hợp,0.3667,EC SD PC SD PD PC SC SD PD PC SD PD PD PD TD PD PC SD PC SD PD PD PD PC SC SD PC SC SD PD,1,0.8333333333333334,0.75,0.5,0.6206896551724138,WSLS,0.98121727
game_240,agent3,hợp tác,0.1667,ED PD PD PD PD PD PD TD PC SC SD PD PD PC SD PD PD PD PD PD PD PD PD PD PC SC SD PD PD PD,0,0.7142857142857143,1.0,1.0,0.7931034482758621,AllD,0.99866235
game_241,agent1,hỗn hợp,0.3,EC SD PD PD PD PD PC SD PD PC SD PD PD PD PD PD PC SC SC SC SC SD PD TC SD PD PD PD PD PD,1,0.8888888888888888,0.7,0.0,0.7586206896551724,TFT,0.96870047
game_241,agent2,hỗn hợp,0.1,ED TD PD PD PD PD PC SD PD PD TD PD PD PD PD PD PD PD PD PD PD TD PC SC SD PD PD PD PD PD,0,0.5,1.0,1.0,0.7931034482758621,AllD,0.9996024
game_241,agent3,ích kỷ,0.3667,EC SC SD PD PD PD PD TD PD PC SD PC SC SD PC SD PD PD PD PD PC SD PC SD TC SD PD PC SC SD,1,0.8333333333333334,0.6,0.3333333333333333,0.6551724137931034,AllD,0.76458335
game_238,agent1,hỗn hợp,0.2,EC SD PD PD TC SD PD PC SD PC SD PD PD PD PC SD PD PD PD PD PD PD PD PD PD PD PD PC SD PD,1,0.8333333333333334,0.8571428571428571,0.0,0.8620689655172413,TFT,1.0
game_238,agent2,ích kỷ,0.1667,ED TD PD PC SD TD PD PD TC SD TC SD PD PD PD PD PD PD PD PD PD PD PD PD PD PC SD PD PD PC,0,0.7142857142857143,1.0,0.6,0.8275862068965517,AllD,0.99742824
game_238,agent3,ích kỷ,0.4,EC SC SC SC SC SC SC SC SD PC SD PD PD PD PD PD PD PC SD PC SD PC SD PD PD PD PD PD PD PD,1,0.9166666666666666,0.23076923076923078,0.0,0.6206896551724138,AllC,0.99999976
game_242,agent1,hỗn hợp,0.2,ED PD TD PD PC SD PD PD PC SC SD PD PD PD PD PD PC SD PD PD PD PD PD PC SD PD PC SD PD PD,0,0.75,1.0,1.0,0.7586206896551724,AllD,0.995001
game_242,agent2,hỗn hợp,0.1,ED PC SC SC SD PD PD PD PD PD PD PD PD PD PD PD PD TD PD PD PD PD PD PD PD PD PD PD PD PD,0,0.6,0.5,1.0,0.8620689655172413,AllD,0.9910381
game_242,agent3,hỗn hợp,0.1333,ED PC SD PD PD PD PD PC SD PD PD PD PD PD PD PD PC SD PD PD PC SD PD PD PD PD PD PD PD PD,0,0.8,0.8,1.0,0.8620689655172413,AllD,0.99598455
game_243,agent1,hợp tác,0.6,EC SC RD PD TC SC RD PC RC RD TD TC RC SD TC RC SD TC RC SD TD TC SC RC SC RD PD PC RC RD,1,0.9090909090909091,0.625,0.3684210526315789,0.5517241379310345,AllC,0.996732
game_243,agent2,hợp tác,0.8,EC SC RD PC SC SC RD PC RC RC SC SC RC SC SC RD TC SC RC SC SC SC SC RD TC RD PD PC RC RC,1,0.9375,0.07692307692307693,0.35714285714285715,0.3103448275862069,AllC,0.99988604
game_243,agent3,hợp tác,0.7667,ED TC RD PC SD TC RD PC RC RC SC SC RD TC SC RC SC SC RD TC SC SD TC RC SC RC SC SC RC RC,0,0.9285714285714286,0.1,0.29411764705882354,0.4827586206896552,AllC,0.67982876
game_244,agent1,hợp tác,0.5667,EC SC SC SC SD PC SD PC SC RC SD PC SC SC SC SD PC RD PD PD PD PC SD TC SC SD PC SD PD PD,1,0.9375,0.375,0.25,0.4827586206896552,AllC,0.9951344
game_244,agent2,hợp tác,0.2667,ED TD PD TD TC SD PC SD TC RD TD PD PD TC SD TC SC RD PD PD PD PD TC SD PD PD PC SD PD PD,0,0.8,0.75,0.5454545454545454,0.7241379310344828,AllD,0.91241914
game_244,agent3,ích kỷ,0.4667,EC SD PC SC SD PD PD PC SC RC SD PD PC SD TC SD PC RD PC SD PC SC SC SD PD PC SD TD PD PD,1,0.8571428571428571,0.5833333333333334,0.4,0.5517241379310345,WSLS,0.662787
game_246,agent1,hợp tác,0.1333,EC SC SD PD PD PD PC SD PD PD PD PD PD PD PD PD PD PD TD PD PD PD PC SD TD PD PD PD PD PD,1,0.5,0.75,0.6666666666666666,0.8275862068965517,TFT,0.90959775
game_246,agent2,ích kỷ,0.2333,ED PD TD PD PC SD PD PD PD PD PD PD PC SD PD PD PD PC SC SD PD PD PC SC SD PD PD PD PC SD,0,0.7777777777777778,1.0,1.0,0.7241379310344828,AllD,0.9993205
game_246,agent3,hợp tác,0.2333,ED PC SC SD PD PD PD PD PC SD PD PC SD PD PD PD PD PC SD PD PD PD PD TC SD PD PD PD PD PC,0,0.875,0.8571428571428571,0.5,0.7931034482758621,AllD,0.9949536
game_248,agent1,hợp tác,0.2,ED PC SD PC SD PD PC SD PD PD PD PD TD PD PD PD PD PD PC SD PD PD PD PD PC SD PC SD PD TD,0,0.6666666666666666,0.5714285714285714,1.0,0.7241379310344828,AllD,0.99184084
game_248,agent2,ích kỷ,0.2333,ED PC SD PD PD PD PD TD PD PC SD PC SD PD PD PD PC SD PD PC SD PC SD PD PD PD PD TD PC SD,0,0.7,0.5714285714285714,1.0,0.6896551724137931,AllD,0.99726796
game_248,agent3,hỗn hợp,0.3,ED PD TC SD PD PD PC SD PC SD PC SC SD PD PC SD PD PD PD PD PD PD PC SD PD PD PC SD PC SD,0,0.9,0.6666666666666666,0.5,0.7241379310344828,AllD,0.81882787
game_245,agent1,hợp tác,0.6333,EC SD PC SC SC SC SC SC SC SC SD PC SC SC SC RD TD TD PD PC SD PC SD PD PC SC SD PC SC SD,1,0.9473684210526315,0.29411764705882354,0.75,0.27586206896551724,AllC,0.9999982
game_245,agent2,hợp tác,0.3333,EC SD PD PD TD TC SD TD TC SC SD PD PD PD TC RC SC SD PD PC SC SD PD PD PD PC SD PD TD PD,1,0.6666666666666666,0.9,0.375,0.7241379310344828,TFT,0.89063174
game_245,agent3,hỗn hợp,0.4333,ED TC SD PC SC SD TC SC SD TD TC SD PD PC SC RC SC SC SD PD TD PD PD PD PD PD TC SC SD PD,0,0.7857142857142857,0.7,0.375,0.6551724137931034,WSLS,0.42421255
game_249,agent1,hợp tác,0.3333,EC SC SC SD PD PD PC SC SD PD PD PD PD PC SC SD PD PD PC SD PC SD PD PD TC SD TD PD TD PD,1,0.75,0.7,0.5,0.6551724137931034,TFT,0.91042614
game_249,agent2,hỗn hợp,0.2667,ED TC SD TD PD PD PD PD PD PD PD PD PD PD PD PD PC SD PD PC SC SD PD PC SD PC SD PC SD PC,0,0.7777777777777778,0.5,0.6666666666666666,0.7241379310344828,AllD,0.98825186
game_249,agent3,hợp tác,0.2333,EC SD TC SD PD PD PD PD PD PD PD PD PD PD PD PD PD PD PD PD PD TD PD PC SD PC SC SC SC SD,1,0.75,0.5,0.3333333333333333,0.7931034482758621,TFT,0.99951804
game_250,agent1,hợp tác,0.1667,ED PD TD PD PD PD PD PC SD PD PC SD PD TD PD PC SD PD PD PD PC SD PD PD PD PD PD PD PD PC,0,0.625,1.0,1.0,0.7586206896551724,AllD,0.9996618
game_250,agent2,hỗn hợp,0.2667,EC SC SD PD PD PD PD PC SD PD PC SD PC SD PD PC SD PD PD PD PD PD PD PD PD PD PD PD PC SC,1,0.875,0.7142857142857143,0.0,0.7586206896551724,TFT,0.8846933
game_250,agent3,ích kỷ,0.2,ED PC SD PC SD PD PD PD TD PD PD TD PC SC SD PD TD PC SD PD PD PD PC SD PD PD PD PD PD PD,0,0.6,0.7142857142857143,1.0,0.6896551724137931,AllD,0.999782
game_247,agent1,hợp tác,0.9,ED PC RD PC SC SC RC SC SC SC SC SC SC SC SC RC SC RC SC SC SC SC SC RD PC SC SC SC RC RC,0,0.9565217391304348,0.0,0.375,0.1724137931034483,AllC,0.99999464
game_247,agent2,ích kỷ,0.2333,ED PC RD PD TD PC RD TD TD TD PD TD PD TD TC RD TC RD TD PD PD TD TC RD PD TD TD PC RC RD,0,0.45454545454545453,0.6666666666666666,0.8095238095238095,0.3448275862068966,AllD,0.9903554
game_247,agent3,ích kỷ,0.7667,EC SC RC SC SD PC RC SC SC SD PC SD PC SC SC RC SC RC SD PD PC SC SC RD PC SC SD PC RC RC,1,0.9411764705882353,0.29411764705882354,0.125,0.41379310344827586,AllC,0.99844474
game_254,agent1,ích kỷ,0.2667,ED TD PD PC SD PC SD PD PD PD PC SD PD PD PD PD PD PD PC SD PD PD PC SD PC SC SD PC SD PD,0,0.8888888888888888,0.625,1.0,0.6896551724137931,AllD,0.9991254
game_254,agent2,hợp tác,0.1,EC SD PD PD PC SD PD PD PD PD PD TD PD PD PD PC SD PD PD PD PD PD PD TD PD TD PD PD PD PD,1,0.3333333333333333,1.0,0.75,0.8275862068965517,TFT,0.9803325
game_254,agent3,hỗn hợp,0.2667,EC SD PD PD PD PD PD PD PC SD PC SD PD PD PD PD PD PD PD PD PD PD PC SC SC SD PD PD PC SC,1,0.875,0.7142857142857143,0.0,0.7586206896551724,TFT,0.9762526
game_253,agent1,ích kỷ,0.2,ED TD PD PD PD PD PD PD PD PC SC SC SD PD PC SD PD PD PD PC SD PD PC SD PD PD PD PD PD PD,0,0.8571428571428571,0.8333333333333334,1.0,0.7586206896551724,AllD,0.9983746
game_253,agent2,hợp tác,0.2,EC SC SD PD PD PC SC SC SD PD PD PD PC SD PD TD PD PD PD PD TD PD PD PD PD PD PD PD PD PD,1,0.625,0.7142857142857143,0.6666666666666666,0.7586206896551724,TFT,0.9257249
game_253,agent3,ích kỷ,0.1667,EC SD PD PD PD PD PD PD PD PD PD PD PD PC SC SD PC SD PD PC SD PD PD PD PD PD PD PD PD PD,1,0.8,0.8333333333333334,0.0,0.8620689655172413,TFT,1.0
game_252,agent1,ích kỷ,0.1667,ED TD PD PD PD PD PD PD PD PC SC SD PC SD PD PC SD PD PD PD PD PD PD PD PD PD PD PC SD PD,0,0.8333333333333334,0.8,1.0,0.7931034482758621,AllD,0.9983746
game_252,agent2,hợp tác,0.2,EC SC SD PC SD PD PD PD PC SD PD TD PD PD PD PD PD PD PD PD PD PD PD PD PD PC SD PC SD PD,1,0.7142857142857143,0.5714285714285714,0.5,0.7931034482758621,TFT,0.75536424
game_252,agent3,hợp tác,0.2667,EC SD PC SD PD PD PD PD PD PD PC SD PD PD PD PD PD PD PC SD PC SC SC SD PD PD PD PD TD PC,1,0.7777777777777778,0.625,0.5,0.7241379310344828,TFT,0.945497
game_256,agent1,ích kỷ,0.5,EC SC SD PD PD PC SC SC RC SC SC SC SC SC SC SC SD PD PD PD PD PD PC SD PD PD PD PC RD PD,1,0.9285714285714286,0.4,0.3333333333333333,0.5172413793103449,AllC,0.98476404
game_256,agent2,ích kỷ,0.5,EC SC SC SD PC SD TC SC RC SC SD PD PD PC SD PC SC SD PC SD PD PD PC SC SD PD PD PC RD PD,1,0.9285714285714286,0.5714285714285714,0.25,0.5517241379310345,AllC,0.99977285
game_256,agent3,ích kỷ,0.2,ED TD TD PC SD PC SD TC RD TD TD PD PD PD TD PD TD PD PD PD PC SD PD TD PD PD PC SC RD PD,0,0.6,0.6666666666666666,0.9090909090909091,0.5172413793103449,WSLS,0.80291504
game_257,agent1,ích kỷ,0.1333,ED PD PD PD PD TD PD PD PD PD PD TD PC SD PD PD PD PC SD PD PD PD PC SD PC SD PD PD PD PD,0,0.5714285714285714,0.8,1.0,0.7931034482758621,AllD,0.9998485
game_257,agent2,ích kỷ,0.1667,ED PD PD PD PC SD PD PD PD PD PC SD PD PD PD PD PD PD PD PD PD PD PC SD PD PC SC SD PD PD,0,0.8333333333333334,1.0,1.0,0.8275862068965517,AllD,0.99281925
game_257,agent3,hỗn hợp,0.2667,EC SD PD PD PC SD PC SD PD PD PC SD PD PD PC SC SD PD PD PC SD PD PD TD PD PD PD PC SD PD,1,0.7777777777777778,0.8888888888888888,0.5,0.7241379310344828,TFT,0.9249227
game_251,agent1,hợp tác,0.1667,ED TD PD PD PD PC SD PC SD PD PD PC SD PD PD PC SD PD PD PC SD PD PD PD PD PD PD TD PD PD,0,0.7142857142857143,0.8,1.0,0.7586206896551724,AllD,0.99946755
game_251,agent2,hỗn hợp,0.3,EC SD PD PD PC SD PC SD TD PC SD PD PC SC SD PD PD PD PD PD TD PC SD PD PD PD PC SD PD PC,1,0.7272727272727273,0.875,0.6666666666666666,0.6551724137931034,WSLS,0.9820939
game_251,agent3,hỗn hợp,0.3,EC SC SC SD PD PD PD PC SD PD PD PD PD PD PD PD PD PD PC SC SD PD PD PC SD PD PC SD PC SD,1,0.8888888888888888,0.6666666666666666,0.0,0.7241379310344828,TFT,0.88321704
game_258,agent1,ích kỷ,0.2333,ED PD TC SD PD PD TC SD PD PD PD TD PC SD PD PC SD PC SD PD PD PD PD PD PD PD PC SD PD PC,0,0.7777777777777778,0.8571428571428571,0.5,0.7931034482758621,TFT,0.75328636
game_258,agent2,hỗn hợp,0.2667,ED PC SD PD PD PC SD PD PD PD PC SD PC SD PD PC SD PD PD PD PD PD PD PC SC SD PD PD PC SD,0,0.8888888888888888,0.75,1.0,0.7241379310344828,AllD,0.9970348
game_258,agent3,hợp tác,0.3667,EC SC SD PD PC SC SD PC SC SC SC SD PD TC SC SD TC SD PD PD PD PD PD PD PD PD PD PD PD PD,1,0.9090909090909091,0.6363636363636364,0.0,0.7241379310344828,AllC,0.96949255
game_255,agent1,ích kỷ,0.1667,ED PD PD PD PD PD PD PD PD PD PC SD PD PC SD PD PC SD TD PD PD PD PD PC SD PD PD PC SD PD,0,0.7142857142857143,1.0,1.0,0.7931034482758621,AllD,0.99678
game_255,agent2,ích kỷ,0.0667,ED PD PD PD PD PD PD PD PD PD PD PD PD PD PD PD PD PC SD PD PC SD PD PD PD PD PD PD PD PD,0,0.6666666666666666,1.0,1.0,0.9310344827586207,TFT,1.0
game_255,agent3,hợp tác,0.1,EC SD PD PD PD PD PD PD PD PD PD PD PD PD PC SD PD PC SD PD PD PD PD PD PD PD PD PD PD PD,1,0.6666666666666666,1.0,0.0,0.9310344827586207,TFT,1.0
game_259,agent1,ích kỷ,0.2,ED PC SD PC SC SD PD PC SD PD PD PD PC SD PD PD PD PD PD PD TD PC SD PD PD PD PD PD PD PD,0,0.75,0.7142857142857143,1.0,0.7586206896551724,AllD,0.8013157
game_259,agent2,hỗn hợp,0.1667,ED PD TD PD TD TC SD PD PD PC SD PD PD PD PD PD PD PD PD PC SD PC SC SD PD PD PD PD PD PD,0,0.625,0.8333333333333334,0.75,0.7931034482758621,AllD,0.99845743
game_259,agent3,ích kỷ,0.3333,EC SC SD PC SC SD PC SD PD PD PC SD PD PD PD PD PC SC SD PC SD PD TD PD PD PD PD PC SD PD,1,0.8181818181818182,0.6363636363636364,0.5,0.6551724137931034,TFT,0.64611834
game_260,agent1,ích kỷ,0.3,EC SD PD PD PD PC SC SC SD PD PD PC SD PC RD PD PD PD PC SD PD PD PD PD PC SD PD PD PD PC,1,0.8888888888888888,0.7777777777777778,0.5,0.6896551724137931,TFT,0.96013486
game_260,agent2,hỗn hợp,0.2,ED PD PD PD PC SD PD PD PC SD PD PC SD PC RC SD PD PD PD PD PD PD PD PD PD PD PC SD PD PD,0,0.8333333333333334,0.8571428571428571,0.5,0.8275862068965517,AllD,0.98766476
game_260,agent3,hỗn hợp,0.0667,ED PC SD PD PD PD PD PD PD PD PD PD TD PC RD PD PD PD PD PD PD PD PD PD PD PD PD PD PD PD,0,0.5,0.6666666666666666,1.0,0.8620689655172413,AllD,0.99719846
game_261,agent1,hỗn hợp,0.8333,EC RC SC SC RC RC RC SC RC RC RC RC SC SC RC RC RC SD TC RC RC SC RC RC RD PD PD PC SC RD,1,0.9,0.25,0.10526315789473684,0.6551724137931034,AllC,0.99965644
game_261,agent2,hợp tác,0.7667,EC RC SD TC RC RC RC SC RC RC RC RD TD PC RC RC RD TC SC RC RD TC RC RC RD PD PC SC SC RC,1,0.875,0.5,0.22727272727272727,0.6206896551724138,TFT,0.67966527
game_261,agent3,hợp tác,0.7667,EC RD TC SC RC RC RD TC RC RC RC RC SD PC RC RC RC SC SC RC RC SC RC RC RC SD PD PD TC RD,0,0.8571428571428571,0.42857142857142855,0.14285714285714285,0.7241379310344828,AllC,0.91756874
game_263,agent1,hỗn hợp,0.3333,EC SD PD PD PD PD PD PD TD PC SD TC SD PD PD PD PD PD PD PD PC SC SC SD PD PC SD PC SC SC,1,0.8181818181818182,0.625,0.3333333333333333,0.6896551724137931,TFT,0.5314188
game_263,agent2,hợp tác,0.1667,ED TD PD PD PD PD PD PC SD PC SC SD PD PD PD PC SD PD PD PD PD PD PC SD PD PD TD PD PD PD,0,0.7142857142857143,0.8,1.0,0.7586206896551724,AllD,0.99571
game_263,agent3,hỗn hợp,0.2667,EC SC SC SD PD PD PD PC SD PD TC SD PC SD PD PD PD PD PD PD PD PD PD TD PC SC SD PD PD PD,1,0.7777777777777778,0.6666666666666666,0.3333333333333333,0.7586206896551724,TFT,0.8832166
game_262,agent1,hỗn hợp,0.2667,ED TC SD PD PD PD PD PD PD PD PD PD PD PD PD PC SD PD PC SD PC SD PD PC SC SC SC SD TD PD,0,0.7777777777777778,0.5714285714285714,0.6666666666666666,0.7241379310344828,AllD,0.85918796
game_262,agent2,hợp tác,0.2667,EC SC SC SD PD PD PD PD PD PD PD PD PC SD PD PC SD PD PD PD PC SC SD PD PD PD PD PC SD PD,1,0.875,0.7777777777777778,0.0,0.7586206896551724,TFT,0.9005345
game_262,agent3,ích kỷ,0.2,EC SD TD PD PD PC SC SD PD PD PD PD PD PD PC SD TD PD PD PD PD TD PC SD PD PD PD PC SD PD,1,0.5555555555555556,1.0,0.75,0.7241379310344828,AllD,0.503831
game_264,agent1,hỗn hợp,0.3333,ED PC SD PD PD PD PC RD PD TC RD PC SD PC SD TD PC SD PD PC SD PD PD PD PC SD PD PD PC SC,0,0.8333333333333334,0.625,0.8,0.5862068965517241,AllD,0.9942105
game_264,agent2,ích kỷ,0.1667,ED PD PD PD PD PD PC RD PC SC RD PD PD PD PC SD PD PD PD PD PD PD PD PD PC SD PD PD PD TD,0,0.7142857142857143,0.8,1.0,0.7241379310344828,AllD,0.9945521
game_264,agent3,hợp tác,0.3333,ED PD PD PD PC SC SC RD PC SC RC SD PD PD PC SD PD PC SD PD PD PD PD PD PD TD PC SD PC SD,0,0.8181818181818182,0.625,0.75,0.6206896551724138,AllD,0.7956043
game_265,agent1,hỗn hợp,0.3,ED PC SD PC SC SC SD PC SD PD PD PD PC SD PC SD PD PD PD PD PD PD PD PD PC SC RD PD PD PD,0,0.9,0.4444444444444444,1.0,0.6551724137931034,WSLS,0.5838759
game_265,agent2,ích kỷ,0.0667,ED PD PD PD PD PD PD PD PD PD PD PD PD PD PD TD PD PD PD PD PD PD PD PD PD PC RD PD PC SD,0,0.5,1.0,1.0,0.8620689655172413,AllD,0.99678
game_265,agent3,ích kỷ,0.2667,ED PD PC SD PD PD PD PD PC SC SD PD PD PC SC SC SD PD PD PC SD PD PD PD PD PC RD PD PD PD,0,0.8888888888888888,0.8888888888888888,1.0,0.6896551724137931,AllD,0.98745537
game_267,agent1,hỗn hợp,0.2333,ED PD PD PD PC SD PD PD PD PD PD PD PC SC SD PD PD PD PC SD PD PC SD PC SD PD PC SD PD PD,0,0.875,0.875,1.0,0.7586206896551724,AllD,0.99281925
game_267,agent2,hỗn hợp,0.1333,ED PD PD PD PD PD PC SD PD PD PD PD PD TD PD PD PD PD PD PD PD PD PC SD TD PD PD PC SD PC,0,0.5714285714285714,0.6666666666666666,1.0,0.7931034482758621,AllD,0.9951733
game_267,agent3,hợp tác,0.2,EC SD PD PC SD PD PD PD PD PD PC SD PC SD PD PD PD PD PD PD PD PD PD PC SD PC SD PD PD PD,1,0.8333333333333334,0.7142857142857143,0.0,0.8275862068965517,TFT,0.98032105
game_268,agent1,hỗn hợp,0.3667,EC SD PD PD PD PD PC SC SD PD PD PD PD PD PC SC SD PD PC SC SD PC SD PC SD PD PD PC SD PC,1,0.9090909090909091,0.7272727272727273,0.0,0.6551724137931034,TFT,0.96428674
game_268,agent2,hỗn hợp,0.2667,ED PC SC SC SD PD PD TD TD PD PC SC SD PD PD TD PD PD PC SD PD PC SD PD PD PD PD PC SD PD,0,0.6666666666666666,0.7777777777777778,1.0,0.6206896551724138,AllD,0.99944514
game_268,agent3,ích kỷ,0.2667,ED PD PD PD PC SC SC SC SD PD PD PD PC SD PC SD PD PC SD TD PD PD TD PD PD PD PD PD TC SD,0,0.7272727272727273,0.5714285714285714,0.75,0.6896551724137931,AllD,0.9865021
game_266,agent1,hỗn hợp,0.2333,ED PD PD PD PD PD PD PD TD PD PD PC SD PD PD PC SD PD PD PD PD PC SC SC SC SC SD PD PD PD,0,0.7777777777777778,0.625,1.0,0.7241379310344828,AllD,0.99988246
game_266,agent2,ích kỷ,0.2,ED PD PC SD PD PD PC SC SD PD PD PD PD PC SC SC SD PD PD PD PD PD PD PD PD TD PD PD PD PD,0,0.75,0.8571428571428571,1.0,0.7586206896551724,AllD,0.99775034
game_266,agent3,hỗn hợp,0.1667,EC SD PD PD PC SD PD PC SD PD PD PD PD PD PD PD TD PD PD PD PD PD PD PD PC SD PD PC SD PD,1,0.6666666666666666,1.0,0.5,0.8275862068965517,TFT,0.9334717
game_269,agent1,hỗn hợp,0.2667,EC SC SC SD PD PD PD PD PC SD PD PC SD PD TC SD PD PD PD PD PD PD PD PD PC SD TD PD PD PC,1,0.7777777777777778,0.7142857142857143,0.3333333333333333,0.7586206896551724,TFT,0.89904964
game_269,agent2,hỗn hợp,0.1667,ED PC SD TD PD PD PD PD PD PD PD PD TD PC SC SD PD PD PD PD PD PD PC SD PD PC SD PD PD PD,0,0.625,0.8,1.0,0.7586206896551724,AllD,0.99968815
game_269,agent3,hỗn hợp,0.4,ED PD TC SC SD PD PC SD PD PD PD PC SD PC SD TC SD PD PC SD PD PD PD PC SD PC SC SD PC SC,0,0.9230769230769231,0.7,0.3333333333333333,0.6551724137931034,AllD,0.92432123
