game_id,agent_name,llm_name,noise_level,personality,cooperation_rate,predicted_strategy,prediction_confidence,nice,forgiving,retaliatory,troublemaking,emulative
Mistral-7B-Instruct-v0.3__noise00__game_3,agent1,Mistral-7B-Instruct-v0.3,0,selfish,0.0,AllD|TFT,1.0,0,0.0,1.0,1.0,1.0
Mistral-7B-Instruct-v0.3__noise00__game_3,agent2,Mistral-7B-Instruct-v0.3,0,selfish,0.0,AllD|TFT,1.0,0,0.0,1.0,1.0,1.0
Mistral-7B-Instruct-v0.3__noise00__game_0,agent1,Mistral-7B-Instruct-v0.3,0,cooperative,1.0,AllC|TFT|WSLS,1.0,1,0.0,0.0,0.0,1.0
Mistral-7B-Instruct-v0.3__noise00__game_0,agent2,Mistral-7B-Instruct-v0.3,0,cooperative,1.0,AllC|TFT|WSLS,1.0,1,0.0,0.0,0.0,1.0
Mistral-7B-Instruct-v0.3__noise00__game_2,agent1,Mistral-7B-Instruct-v0.3,0,selfish,0.0,AllD,1.0,0,0.0,0.0,1.0,0.41379310344827586
Mistral-7B-Instruct-v0.3__noise00__game_2,agent2,Mistral-7B-Instruct-v0.3,0,cooperative,0.5667,TFT,0.967010498046875,1,0.9411764705882353,0.3333333333333333,0.0,0.4482758620689655
Mistral-7B-Instruct-v0.3__noise00__game_1,agent1,Mistral-7B-Instruct-v0.3,0,cooperative,0.9667,AllC,0.9999982118606567,1,0.9655172413793104,0.03571428571428571,0.0,0.034482758620689655
Mistral-7B-Instruct-v0.3__noise00__game_1,agent2,Mistral-7B-Instruct-v0.3,0,selfish,0.0,AllD|WSLS,1.0,0,0.0,0.0,1.0,0.034482758620689655
Mistral-7B-Instruct-v0.3__noise00__game_6,agent1,Mistral-7B-Instruct-v0.3,0,selfish,0.0,AllD,1.0,0,0.0,0.0,1.0,0.1724137931034483
Mistral-7B-Instruct-v0.3__noise00__game_6,agent2,Mistral-7B-Instruct-v0.3,0,cooperative,0.8333,AllC,0.9986419081687927,1,0.96,0.125,0.0,0.1724137931034483
Mistral-7B-Instruct-v0.3__noise00__game_4,agent1,Mistral-7B-Instruct-v0.3,0,cooperative,1.0,AllC|TFT|WSLS,1.0,1,1.0,0.0,0.0,0.9655172413793104
Mistral-7B-Instruct-v0.3__noise00__game_4,agent2,Mistral-7B-Instruct-v0.3,0,cooperative,0.9667,TFT|WSLS,1.0,0,0.0,0.0,0.03333333333333333,0.9655172413793104
Mistral-7B-Instruct-v0.3__noise00__game_7,agent1,Mistral-7B-Instruct-v0.3,0,selfish,0.0,AllD|TFT,1.0,0,0.0,1.0,1.0,1.0
Mistral-7B-Instruct-v0.3__noise00__game_7,agent2,Mistral-7B-Instruct-v0.3,0,selfish,0.0,AllD|TFT,1.0,0,0.0,1.0,1.0,1.0
Mistral-7B-Instruct-v0.3__noise00__game_5,agent1,Mistral-7B-Instruct-v0.3,0,cooperative,0.9667,AllC,0.9999982118606567,1,0.9655172413793104,0.03571428571428571,0.0,0.034482758620689655
Mistral-7B-Instruct-v0.3__noise00__game_5,agent2,Mistral-7B-Instruct-v0.3,0,selfish,0.0,AllD|WSLS,1.0,0,0.0,0.0,1.0,0.034482758620689655
Mistral-7B-Instruct-v0.3__noise00__game_8,agent1,Mistral-7B-Instruct-v0.3,0,cooperative,1.0,AllC|TFT|WSLS,1.0,1,0.0,0.0,0.0,1.0
Mistral-7B-Instruct-v0.3__noise00__game_8,agent2,Mistral-7B-Instruct-v0.3,0,cooperative,1.0,AllC|TFT|WSLS,1.0,1,0.0,0.0,0.0,1.0
Mistral-7B-Instruct-v0.3__noise00__game_10,agent1,Mistral-7B-Instruct-v0.3,0,selfish,0.0,AllD|TFT,1.0,0,0.0,0.0,1.0,0.896551724137931
Mistral-7B-Instruct-v0.3__noise00__game_10,agent2,Mistral-7B-Instruct-v0.3,0,cooperative,0.1,TFT,1.0,1,0.6666666666666666,1.0,0.0,0.9310344827586207
Mistral-7B-Instruct-v0.3__noise00__game_9,agent1,Mistral-7B-Instruct-v0.3,0,cooperative,1.0,AllC,1.0,1,0.9666666666666667,0.0,0.0,0.0
Mistral-7B-Instruct-v0.3__noise00__game_9,agent2,Mistral-7B-Instruct-v0.3,0,selfish,0.0,AllD|WSLS,1.0,0,0.0,0.0,1.0,0.0
Mistral-7B-Instruct-v0.3__noise00__game_11,agent1,Mistral-7B-Instruct-v0.3,0,selfish,0.0,AllD|TFT,1.0,0,0.0,1.0,1.0,1.0
Mistral-7B-Instruct-v0.3__noise00__game_11,agent2,Mistral-7B-Instruct-v0.3,0,selfish,0.0,AllD|TFT,1.0,0,0.0,1.0,1.0,1.0
Mistral-7B-Instruct-v0.3__noise00__game_12,agent1,Mistral-7B-Instruct-v0.3,0,cooperative,1.0,AllC|TFT|WSLS,1.0,1,0.0,0.0,0.0,1.0
Mistral-7B-Instruct-v0.3__noise00__game_12,agent2,Mistral-7B-Instruct-v0.3,0,cooperative,1.0,AllC|TFT|WSLS,1.0,1,0.0,0.0,0.0,1.0
Mistral-7B-Instruct-v0.3__noise00__game_13,agent1,Mistral-7B-Instruct-v0.3,0,cooperative,1.0,AllC,1.0,1,0.9666666666666667,0.0,0.0,0.0
Mistral-7B-Instruct-v0.3__noise00__game_13,agent2,Mistral-7B-Instruct-v0.3,0,selfish,0.0,AllD|WSLS,1.0,0,0.0,0.0,1.0,0.0
Mistral-7B-Instruct-v0.3__noise00__game_15,agent1,Mistral-7B-Instruct-v0.3,0,selfish,0.0,AllD|TFT,1.0,0,0.0,1.0,1.0,1.0
Mistral-7B-Instruct-v0.3__noise00__game_15,agent2,Mistral-7B-Instruct-v0.3,0,selfish,0.0,AllD|TFT,1.0,0,0.0,1.0,1.0,1.0
Mistral-7B-Instruct-v0.3__noise00__game_14,agent1,Mistral-7B-Instruct-v0.3,0,selfish,0.0,AllD,1.0,0,0.0,0.0,1.0,0.3448275862068966
Mistral-7B-Instruct-v0.3__noise00__game_14,agent2,Mistral-7B-Instruct-v0.3,0,cooperative,0.6667,TFT,0.6128978729248047,1,0.95,0.47368421052631576,0.0,0.3448275862068966
Mistral-7B-Instruct-v0.3__noise00__game_16,agent1,Mistral-7B-Instruct-v0.3,0,cooperative,1.0,AllC|TFT|WSLS,1.0,1,0.0,0.0,0.0,1.0
Mistral-7B-Instruct-v0.3__noise00__game_16,agent2,Mistral-7B-Instruct-v0.3,0,cooperative,1.0,AllC|TFT|WSLS,1.0,1,0.0,0.0,0.0,1.0
Mistral-7B-Instruct-v0.3__noise00__game_18,agent1,Mistral-7B-Instruct-v0.3,0,selfish,0.0,AllD,1.0,0,0.0,0.0,1.0,0.3793103448275862
Mistral-7B-Instruct-v0.3__noise00__game_18,agent2,Mistral-7B-Instruct-v0.3,0,cooperative,0.6333,TFT,0.9803324937820435,1,0.9473684210526315,0.3157894736842105,0.0,0.3793103448275862
Mistral-7B-Instruct-v0.3__noise00__game_19,agent1,Mistral-7B-Instruct-v0.3,0,selfish,0.0,AllD|TFT,1.0,0,0.0,1.0,1.0,1.0
Mistral-7B-Instruct-v0.3__noise00__game_19,agent2,Mistral-7B-Instruct-v0.3,0,selfish,0.0,AllD|TFT,1.0,0,0.0,1.0,1.0,1.0
Mistral-7B-Instruct-v0.3__noise00__game_17,agent1,Mistral-7B-Instruct-v0.3,0,cooperative,1.0,AllC,1.0,1,0.9666666666666667,0.0,0.0,0.0
Mistral-7B-Instruct-v0.3__noise00__game_17,agent2,Mistral-7B-Instruct-v0.3,0,selfish,0.0,AllD|WSLS,1.0,0,0.0,0.0,1.0,0.0
Mistral-7B-Instruct-v0.3__noise00__game_20,agent1,Mistral-7B-Instruct-v0.3,0,cooperative,1.0,AllC|TFT|WSLS,1.0,1,0.0,0.0,0.0,1.0
Mistral-7B-Instruct-v0.3__noise00__game_20,agent2,Mistral-7B-Instruct-v0.3,0,cooperative,1.0,AllC|TFT|WSLS,1.0,1,0.0,0.0,0.0,1.0
Mistral-7B-Instruct-v0.3__noise00__game_21,agent1,Mistral-7B-Instruct-v0.3,0,cooperative,0.9333,AllC,0.9999825954437256,1,0.9629629629629629,0.07692307692307693,0.0,0.10344827586206896
Mistral-7B-Instruct-v0.3__noise00__game_21,agent2,Mistral-7B-Instruct-v0.3,0,selfish,0.0333,WSLS,1.0,0,0.0625,0.0,0.9642857142857143,0.10344827586206896
Mistral-7B-Instruct-v0.3__noise00__game_23,agent1,Mistral-7B-Instruct-v0.3,0,selfish,0.0,AllD|TFT,1.0,0,0.0,1.0,1.0,1.0
Mistral-7B-Instruct-v0.3__noise00__game_23,agent2,Mistral-7B-Instruct-v0.3,0,selfish,0.0,AllD|TFT,1.0,0,0.0,1.0,1.0,1.0
Mistral-7B-Instruct-v0.3__noise00__game_22,agent1,Mistral-7B-Instruct-v0.3,0,selfish,0.0,AllD|WSLS,1.0,0,0.0,0.0,1.0,0.034482758620689655
Mistral-7B-Instruct-v0.3__noise00__game_22,agent2,Mistral-7B-Instruct-v0.3,0,cooperative,0.9667,AllC,0.9999982118606567,1,0.9655172413793104,0.03571428571428571,0.0,0.034482758620689655
Mistral-7B-Instruct-v0.3__noise00__game_24,agent1,Mistral-7B-Instruct-v0.3,0,cooperative,1.0,AllC|TFT|WSLS,1.0,1,0.0,0.0,0.0,1.0
Mistral-7B-Instruct-v0.3__noise00__game_24,agent2,Mistral-7B-Instruct-v0.3,0,cooperative,1.0,AllC|TFT|WSLS,1.0,1,0.0,0.0,0.0,1.0
Mistral-7B-Instruct-v0.3__noise00__game_25,agent1,Mistral-7B-Instruct-v0.3,0,cooperative,0.8333,WSLS,0.8832524418830872,1,0.96,0.125,0.0,0.1724137931034483
Mistral-7B-Instruct-v0.3__noise00__game_25,agent2,Mistral-7B-Instruct-v0.3,0,selfish,0.0,AllD,1.0,0,0.0,0.0,1.0,0.1724137931034483
Mistral-7B-Instruct-v0.3__noise00__game_26,agent1,Mistral-7B-Instruct-v0.3,0,selfish,0.0,AllD|WSLS,1.0,0,0.0,0.0,1.0,0.10344827586206896
Mistral-7B-Instruct-v0.3__noise00__game_26,agent2,Mistral-7B-Instruct-v0.3,0,cooperative,0.9,AllC,0.9999825954437256,1,0.9629629629629629,0.11538461538461539,0.0,0.10344827586206896
Mistral-7B-Instruct-v0.3__noise00__game_27,agent1,Mistral-7B-Instruct-v0.3,0,selfish,0.0,AllD|TFT,1.0,0,0.0,1.0,1.0,1.0
Mistral-7B-Instruct-v0.3__noise00__game_27,agent2,Mistral-7B-Instruct-v0.3,0,selfish,0.0,AllD|TFT,1.0,0,0.0,1.0,1.0,1.0
Mistral-7B-Instruct-v0.3__noise00__game_28,agent1,Mistral-7B-Instruct-v0.3,0,cooperative,1.0,AllC|TFT|WSLS,1.0,1,0.0,0.0,0.0,1.0
Mistral-7B-Instruct-v0.3__noise00__game_28,agent2,Mistral-7B-Instruct-v0.3,0,cooperative,1.0,AllC|TFT|WSLS,1.0,1,0.0,0.0,0.0,1.0
Mistral-7B-Instruct-v0.3__noise00__game_31,agent1,Mistral-7B-Instruct-v0.3,0,selfish,0.0,AllD|TFT,1.0,0,0.0,1.0,1.0,1.0
Mistral-7B-Instruct-v0.3__noise00__game_31,agent2,Mistral-7B-Instruct-v0.3,0,selfish,0.0,AllD|TFT,1.0,0,0.0,1.0,1.0,1.0
Mistral-7B-Instruct-v0.3__noise00__game_29,agent1,Mistral-7B-Instruct-v0.3,0,cooperative,0.1333,TFT,1.0,1,0.75,1.0,0.0,0.896551724137931
Mistral-7B-Instruct-v0.3__noise00__game_29,agent2,Mistral-7B-Instruct-v0.3,0,selfish,0.0,AllD,1.0,0,0.0,0.0,1.0,0.8620689655172413
Mistral-7B-Instruct-v0.3__noise00__game_30,agent1,Mistral-7B-Instruct-v0.3,0,selfish,0.0,AllD|WSLS,1.0,0,0.0,0.0,1.0,0.06896551724137931
Mistral-7B-Instruct-v0.3__noise00__game_30,agent2,Mistral-7B-Instruct-v0.3,0,cooperative,0.9333,AllC,1.0,1,0.9642857142857143,0.07142857142857142,0.0,0.06896551724137931
Mistral-7B-Instruct-v0.3__noise00__game_32,agent1,Mistral-7B-Instruct-v0.3,0,cooperative,0.9667,TFT|WSLS,1.0,1,1.0,0.0,0.034482758620689655,0.9310344827586207
Mistral-7B-Instruct-v0.3__noise00__game_32,agent2,Mistral-7B-Instruct-v0.3,0,cooperative,0.9667,TFT|WSLS,1.0,0,1.0,0.0,0.034482758620689655,0.9310344827586207
Mistral-7B-Instruct-v0.3__noise00__game_33,agent1,Mistral-7B-Instruct-v0.3,0,cooperative,0.9667,AllC,0.9999982118606567,1,0.9655172413793104,0.03571428571428571,0.0,0.034482758620689655
Mistral-7B-Instruct-v0.3__noise00__game_33,agent2,Mistral-7B-Instruct-v0.3,0,selfish,0.0,AllD|WSLS,1.0,0,0.0,0.0,1.0,0.034482758620689655
Mistral-7B-Instruct-v0.3__noise00__game_34,agent1,Mistral-7B-Instruct-v0.3,0,selfish,0.0,AllD|WSLS,1.0,0,0.0,0.0,1.0,0.034482758620689655
Mistral-7B-Instruct-v0.3__noise00__game_34,agent2,Mistral-7B-Instruct-v0.3,0,cooperative,0.9667,AllC,0.9999996423721313,1,0.9655172413793104,0.03571428571428571,0.0,0.034482758620689655
Mistral-7B-Instruct-v0.3__noise00__game_35,agent1,Mistral-7B-Instruct-v0.3,0,selfish,0.0333,TFT,1.0,0,0.5,0.5,1.0,0.9655172413793104
Mistral-7B-Instruct-v0.3__noise00__game_35,agent2,Mistral-7B-Instruct-v0.3,0,selfish,0.0,AllD|TFT,1.0,0,0.0,1.0,1.0,0.9655172413793104
Mistral-7B-Instruct-v0.3__noise00__game_36,agent1,Mistral-7B-Instruct-v0.3,0,cooperative,0.9667,TFT,1.0,0,1.0,0.0,0.037037037037037035,0.8620689655172413
Mistral-7B-Instruct-v0.3__noise00__game_36,agent2,Mistral-7B-Instruct-v0.3,0,cooperative,0.9,TFT|WSLS,1.0,1,0.3333333333333333,1.0,0.06896551724137931,0.9310344827586207
Mistral-7B-Instruct-v0.3__noise00__game_37,agent1,Mistral-7B-Instruct-v0.3,0,cooperative,0.0667,TFT,1.0,1,0.5,0.6666666666666666,0.0,0.9655172413793104
Mistral-7B-Instruct-v0.3__noise00__game_37,agent2,Mistral-7B-Instruct-v0.3,0,selfish,0.0,AllD|TFT,1.0,0,0.0,0.0,1.0,0.9310344827586207
Mistral-7B-Instruct-v0.3__noise00__game_39,agent1,Mistral-7B-Instruct-v0.3,0,selfish,0.0,AllD|TFT,1.0,0,0.0,1.0,1.0,1.0
Mistral-7B-Instruct-v0.3__noise00__game_39,agent2,Mistral-7B-Instruct-v0.3,0,selfish,0.0,AllD|TFT,1.0,0,0.0,1.0,1.0,1.0
Mistral-7B-Instruct-v0.3__noise00__game_38,agent1,Mistral-7B-Instruct-v0.3,0,selfish,0.0,AllD,1.0,0,0.0,0.0,1.0,0.2413793103448276
Mistral-7B-Instruct-v0.3__noise00__game_38,agent2,Mistral-7B-Instruct-v0.3,0,cooperative,0.7333,TFT,0.9497196674346924,1,0.9545454545454546,0.22727272727272727,0.0,0.27586206896551724
Mistral-7B-Instruct-v0.3__noise00__game_41,agent1,Mistral-7B-Instruct-v0.3,0,coopératif,1.0,AllC,1.0,1,0.9666666666666667,0.0,0.0,0.0
Mistral-7B-Instruct-v0.3__noise00__game_41,agent2,Mistral-7B-Instruct-v0.3,0,égoïste,0.0,AllD|WSLS,1.0,0,0.0,0.0,1.0,0.0
Mistral-7B-Instruct-v0.3__noise00__game_40,agent1,Mistral-7B-Instruct-v0.3,0,coopératif,1.0,AllC|TFT|WSLS,1.0,1,0.0,0.0,0.0,1.0
Mistral-7B-Instruct-v0.3__noise00__game_40,agent2,Mistral-7B-Instruct-v0.3,0,coopératif,1.0,AllC|TFT|WSLS,1.0,1,0.0,0.0,0.0,1.0
Mistral-7B-Instruct-v0.3__noise00__game_42,agent1,Mistral-7B-Instruct-v0.3,0,égoïste,0.0,AllD|WSLS,1.0,0,0.0,0.0,1.0,0.0
Mistral-7B-Instruct-v0.3__noise00__game_42,agent2,Mistral-7B-Instruct-v0.3,0,coopératif,1.0,AllC,1.0,1,0.9666666666666667,0.0,0.0,0.0
Mistral-7B-Instruct-v0.3__noise00__game_43,agent1,Mistral-7B-Instruct-v0.3,0,égoïste,0.0,AllD|TFT,1.0,0,0.0,1.0,1.0,1.0
Mistral-7B-Instruct-v0.3__noise00__game_43,agent2,Mistral-7B-Instruct-v0.3,0,égoïste,0.0,AllD|TFT,1.0,0,0.0,1.0,1.0,1.0
Mistral-7B-Instruct-v0.3__noise00__game_44,agent1,Mistral-7B-Instruct-v0.3,0,coopératif,1.0,AllC|TFT|WSLS,1.0,1,0.0,0.0,0.0,1.0
Mistral-7B-Instruct-v0.3__noise00__game_44,agent2,Mistral-7B-Instruct-v0.3,0,coopératif,1.0,AllC|TFT|WSLS,1.0,1,0.0,0.0,0.0,1.0
Mistral-7B-Instruct-v0.3__noise00__game_45,agent1,Mistral-7B-Instruct-v0.3,0,coopératif,1.0,AllC,1.0,1,0.9666666666666667,0.0,0.0,0.0
Mistral-7B-Instruct-v0.3__noise00__game_45,agent2,Mistral-7B-Instruct-v0.3,0,égoïste,0.0,AllD|WSLS,1.0,0,0.0,0.0,1.0,0.0
Mistral-7B-Instruct-v0.3__noise00__game_46,agent1,Mistral-7B-Instruct-v0.3,0,égoïste,0.0,AllD|WSLS,1.0,0,0.0,0.0,1.0,0.034482758620689655
Mistral-7B-Instruct-v0.3__noise00__game_46,agent2,Mistral-7B-Instruct-v0.3,0,coopératif,0.9667,AllC,0.9999982118606567,1,0.9655172413793104,0.03571428571428571,0.0,0.034482758620689655
Mistral-7B-Instruct-v0.3__noise00__game_47,agent1,Mistral-7B-Instruct-v0.3,0,égoïste,0.0,AllD|TFT,1.0,0,0.0,1.0,1.0,1.0
Mistral-7B-Instruct-v0.3__noise00__game_47,agent2,Mistral-7B-Instruct-v0.3,0,égoïste,0.0,AllD|TFT,1.0,0,0.0,1.0,1.0,1.0
Mistral-7B-Instruct-v0.3__noise00__game_49,agent1,Mistral-7B-Instruct-v0.3,0,coopératif,1.0,AllC,1.0,1,0.9666666666666667,0.0,0.0,0.0
Mistral-7B-Instruct-v0.3__noise00__game_49,agent2,Mistral-7B-Instruct-v0.3,0,égoïste,0.0,AllD|WSLS,1.0,0,0.0,0.0,1.0,0.0
Mistral-7B-Instruct-v0.3__noise00__game_48,agent1,Mistral-7B-Instruct-v0.3,0,coopératif,1.0,AllC|TFT|WSLS,1.0,1,0.0,0.0,0.0,1.0
Mistral-7B-Instruct-v0.3__noise00__game_48,agent2,Mistral-7B-Instruct-v0.3,0,coopératif,1.0,AllC|TFT|WSLS,1.0,1,0.0,0.0,0.0,1.0
Mistral-7B-Instruct-v0.3__noise00__game_51,agent1,Mistral-7B-Instruct-v0.3,0,égoïste,0.0,AllD|TFT,1.0,0,0.0,1.0,1.0,1.0
Mistral-7B-Instruct-v0.3__noise00__game_51,agent2,Mistral-7B-Instruct-v0.3,0,égoïste,0.0,AllD|TFT,1.0,0,0.0,1.0,1.0,1.0
Mistral-7B-Instruct-v0.3__noise00__game_50,agent1,Mistral-7B-Instruct-v0.3,0,égoïste,0.0,AllD|WSLS,1.0,0,0.0,0.0,1.0,0.0
Mistral-7B-Instruct-v0.3__noise00__game_50,agent2,Mistral-7B-Instruct-v0.3,0,coopératif,1.0,AllC,1.0,1,0.9666666666666667,0.0,0.0,0.0
Mistral-7B-Instruct-v0.3__noise00__game_53,agent1,Mistral-7B-Instruct-v0.3,0,coopératif,1.0,AllC,1.0,1,0.9666666666666667,0.0,0.0,0.0
Mistral-7B-Instruct-v0.3__noise00__game_53,agent2,Mistral-7B-Instruct-v0.3,0,égoïste,0.0,AllD|WSLS,1.0,0,0.0,0.0,1.0,0.0
Mistral-7B-Instruct-v0.3__noise00__game_52,agent1,Mistral-7B-Instruct-v0.3,0,coopératif,1.0,AllC|TFT|WSLS,1.0,1,0.0,0.0,0.0,1.0
Mistral-7B-Instruct-v0.3__noise00__game_52,agent2,Mistral-7B-Instruct-v0.3,0,coopératif,1.0,AllC|TFT|WSLS,1.0,1,0.0,0.0,0.0,1.0
Mistral-7B-Instruct-v0.3__noise00__game_54,agent1,Mistral-7B-Instruct-v0.3,0,égoïste,0.0,AllD|WSLS,1.0,0,0.0,0.0,1.0,0.034482758620689655
Mistral-7B-Instruct-v0.3__noise00__game_54,agent2,Mistral-7B-Instruct-v0.3,0,coopératif,0.9667,AllC,0.9999982118606567,1,0.9655172413793104,0.03571428571428571,0.0,0.034482758620689655
Mistral-7B-Instruct-v0.3__noise00__game_55,agent1,Mistral-7B-Instruct-v0.3,0,égoïste,0.0,AllD|TFT,1.0,0,0.0,1.0,1.0,1.0
Mistral-7B-Instruct-v0.3__noise00__game_55,agent2,Mistral-7B-Instruct-v0.3,0,égoïste,0.0,AllD|TFT,1.0,0,0.0,1.0,1.0,1.0
Mistral-7B-Instruct-v0.3__noise00__game_56,agent1,Mistral-7B-Instruct-v0.3,0,coopératif,1.0,AllC|TFT|WSLS,1.0,1,0.0,0.0,0.0,1.0
Mistral-7B-Instruct-v0.3__noise00__game_56,agent2,Mistral-7B-Instruct-v0.3,0,coopératif,1.0,AllC|TFT|WSLS,1.0,1,0.0,0.0,0.0,1.0
Mistral-7B-Instruct-v0.3__noise00__game_57,agent1,Mistral-7B-Instruct-v0.3,0,coopératif,0.9333,AllC,0.9999997615814209,1,0.9642857142857143,0.037037037037037035,0.0,0.06896551724137931
Mistral-7B-Instruct-v0.3__noise00__game_57,agent2,Mistral-7B-Instruct-v0.3,0,égoïste,0.0,AllD|WSLS,1.0,0,0.0,0.0,1.0,0.06896551724137931
Mistral-7B-Instruct-v0.3__noise00__game_58,agent1,Mistral-7B-Instruct-v0.3,0,égoïste,0.0,AllD|WSLS,1.0,0,0.0,0.0,1.0,0.034482758620689655
Mistral-7B-Instruct-v0.3__noise00__game_58,agent2,Mistral-7B-Instruct-v0.3,0,coopératif,0.9667,AllC,1.0,1,0.9655172413793104,0.03571428571428571,0.0,0.034482758620689655
Mistral-7B-Instruct-v0.3__noise00__game_59,agent1,Mistral-7B-Instruct-v0.3,0,égoïste,0.0,AllD|TFT,1.0,0,0.0,1.0,1.0,1.0
Mistral-7B-Instruct-v0.3__noise00__game_59,agent2,Mistral-7B-Instruct-v0.3,0,égoïste,0.0,AllD|TFT,1.0,0,0.0,1.0,1.0,1.0
Mistral-7B-Instruct-v0.3__noise00__game_60,agent1,Mistral-7B-Instruct-v0.3,0,coopératif,0.9667,TFT|WSLS,1.0,0,1.0,0.0,0.034482758620689655,0.9655172413793104
Mistral-7B-Instruct-v0.3__noise00__game_60,agent2,Mistral-7B-Instruct-v0.3,0,coopératif,0.9667,TFT|WSLS,1.0,1,1.0,0.0,0.034482758620689655,0.9310344827586207
Mistral-7B-Instruct-v0.3__noise00__game_61,agent1,Mistral-7B-Instruct-v0.3,0,coopératif,1.0,AllC,1.0,1,0.9666666666666667,0.0,0.0,0.0
Mistral-7B-Instruct-v0.3__noise00__game_61,agent2,Mistral-7B-Instruct-v0.3,0,égoïste,0.0,AllD|WSLS,1.0,0,0.0,0.0,1.0,0.0
Mistral-7B-Instruct-v0.3__noise00__game_62,agent1,Mistral-7B-Instruct-v0.3,0,égoïste,0.0,AllD|WSLS,1.0,0,0.0,0.0,1.0,0.034482758620689655
Mistral-7B-Instruct-v0.3__noise00__game_62,agent2,Mistral-7B-Instruct-v0.3,0,coopératif,0.9667,AllC,1.0,1,0.9655172413793104,0.03571428571428571,0.0,0.034482758620689655
Mistral-7B-Instruct-v0.3__noise00__game_63,agent1,Mistral-7B-Instruct-v0.3,0,égoïste,0.0,AllD|TFT,1.0,0,0.0,1.0,1.0,1.0
Mistral-7B-Instruct-v0.3__noise00__game_63,agent2,Mistral-7B-Instruct-v0.3,0,égoïste,0.0,AllD|TFT,1.0,0,0.0,1.0,1.0,1.0
Mistral-7B-Instruct-v0.3__noise00__game_64,agent1,Mistral-7B-Instruct-v0.3,0,coopératif,1.0,AllC|TFT|WSLS,1.0,1,0.0,0.0,0.0,1.0
Mistral-7B-Instruct-v0.3__noise00__game_64,agent2,Mistral-7B-Instruct-v0.3,0,coopératif,1.0,AllC|TFT|WSLS,1.0,1,0.0,0.0,0.0,1.0
Mistral-7B-Instruct-v0.3__noise00__game_66,agent1,Mistral-7B-Instruct-v0.3,0,égoïste,0.0,AllD|WSLS,1.0,0,0.0,0.0,1.0,0.034482758620689655
Mistral-7B-Instruct-v0.3__noise00__game_66,agent2,Mistral-7B-Instruct-v0.3,0,coopératif,0.9667,AllC,0.9999982118606567,1,0.9655172413793104,0.03571428571428571,0.0,0.034482758620689655
Mistral-7B-Instruct-v0.3__noise00__game_65,agent1,Mistral-7B-Instruct-v0.3,0,coopératif,1.0,AllC,1.0,1,0.9666666666666667,0.0,0.0,0.0
Mistral-7B-Instruct-v0.3__noise00__game_65,agent2,Mistral-7B-Instruct-v0.3,0,égoïste,0.0,AllD|WSLS,1.0,0,0.0,0.0,1.0,0.0
Mistral-7B-Instruct-v0.3__noise00__game_67,agent1,Mistral-7B-Instruct-v0.3,0,égoïste,0.0,AllD|TFT,1.0,0,0.0,1.0,1.0,1.0
Mistral-7B-Instruct-v0.3__noise00__game_67,agent2,Mistral-7B-Instruct-v0.3,0,égoïste,0.0,AllD|TFT,1.0,0,0.0,1.0,1.0,1.0
Mistral-7B-Instruct-v0.3__noise00__game_68,agent1,Mistral-7B-Instruct-v0.3,0,coopératif,1.0,AllC|TFT|WSLS,1.0,1,0.0,0.0,0.0,1.0
Mistral-7B-Instruct-v0.3__noise00__game_68,agent2,Mistral-7B-Instruct-v0.3,0,coopératif,1.0,AllC|TFT|WSLS,1.0,1,0.0,0.0,0.0,1.0
Mistral-7B-Instruct-v0.3__noise00__game_69,agent1,Mistral-7B-Instruct-v0.3,0,coopératif,0.7667,TFT,0.927083432674408,1,0.9565217391304348,0.13636363636363635,0.0,0.2413793103448276
Mistral-7B-Instruct-v0.3__noise00__game_69,agent2,Mistral-7B-Instruct-v0.3,0,égoïste,0.0,AllD,1.0,0,0.0,0.0,1.0,0.2413793103448276
Mistral-7B-Instruct-v0.3__noise00__game_70,agent1,Mistral-7B-Instruct-v0.3,0,égoïste,0.0333,WSLS,1.0,0,0.16666666666666666,0.0,0.9655172413793104,0.06896551724137931
Mistral-7B-Instruct-v0.3__noise00__game_70,agent2,Mistral-7B-Instruct-v0.3,0,coopératif,0.9667,AllC,0.9999992847442627,1,0.9642857142857143,0.037037037037037035,0.0,0.06896551724137931
Mistral-7B-Instruct-v0.3__noise00__game_71,agent1,Mistral-7B-Instruct-v0.3,0,égoïste,0.0,AllD|TFT,1.0,0,0.0,1.0,1.0,1.0
Mistral-7B-Instruct-v0.3__noise00__game_71,agent2,Mistral-7B-Instruct-v0.3,0,égoïste,0.0,AllD|TFT,1.0,0,0.0,1.0,1.0,1.0
Mistral-7B-Instruct-v0.3__noise00__game_72,agent1,Mistral-7B-Instruct-v0.3,0,coopératif,1.0,AllC|TFT|WSLS,1.0,1,0.0,0.0,0.0,1.0
Mistral-7B-Instruct-v0.3__noise00__game_72,agent2,Mistral-7B-Instruct-v0.3,0,coopératif,1.0,AllC|TFT|WSLS,1.0,1,0.0,0.0,0.0,1.0
Mistral-7B-Instruct-v0.3__noise00__game_73,agent1,Mistral-7B-Instruct-v0.3,0,coopératif,1.0,AllC,1.0,1,0.9666666666666667,0.0,0.0,0.0
Mistral-7B-Instruct-v0.3__noise00__game_73,agent2,Mistral-7B-Instruct-v0.3,0,égoïste,0.0,AllD|WSLS,1.0,0,0.0,0.0,1.0,0.0
Mistral-7B-Instruct-v0.3__noise00__game_74,agent1,Mistral-7B-Instruct-v0.3,0,égoïste,0.0,AllD|WSLS,1.0,0,0.0,0.0,1.0,0.034482758620689655
Mistral-7B-Instruct-v0.3__noise00__game_74,agent2,Mistral-7B-Instruct-v0.3,0,coopératif,0.9667,AllC,1.0,1,0.9655172413793104,0.03571428571428571,0.0,0.034482758620689655
Mistral-7B-Instruct-v0.3__noise00__game_75,agent1,Mistral-7B-Instruct-v0.3,0,égoïste,0.0,AllD|TFT,1.0,0,0.0,1.0,1.0,1.0
Mistral-7B-Instruct-v0.3__noise00__game_75,agent2,Mistral-7B-Instruct-v0.3,0,égoïste,0.0,AllD|TFT,1.0,0,0.0,1.0,1.0,1.0
Mistral-7B-Instruct-v0.3__noise00__game_77,agent1,Mistral-7B-Instruct-v0.3,0,coopératif,1.0,AllC,1.0,1,0.9666666666666667,0.0,0.0,0.0
Mistral-7B-Instruct-v0.3__noise00__game_77,agent2,Mistral-7B-Instruct-v0.3,0,égoïste,0.0,AllD|WSLS,1.0,0,0.0,0.0,1.0,0.0
Mistral-7B-Instruct-v0.3__noise00__game_76,agent1,Mistral-7B-Instruct-v0.3,0,coopératif,1.0,AllC|TFT|WSLS,1.0,1,1.0,0.0,0.0,0.9655172413793104
Mistral-7B-Instruct-v0.3__noise00__game_76,agent2,Mistral-7B-Instruct-v0.3,0,coopératif,0.9667,TFT|WSLS,1.0,0,0.0,0.0,0.03333333333333333,0.9655172413793104
Mistral-7B-Instruct-v0.3__noise00__game_78,agent1,Mistral-7B-Instruct-v0.3,0,égoïste,0.0,AllD|WSLS,1.0,0,0.0,0.0,1.0,0.0
Mistral-7B-Instruct-v0.3__noise00__game_78,agent2,Mistral-7B-Instruct-v0.3,0,coopératif,1.0,AllC,1.0,1,0.9666666666666667,0.0,0.0,0.0
Mistral-7B-Instruct-v0.3__noise00__game_79,agent1,Mistral-7B-Instruct-v0.3,0,égoïste,0.0,AllD|TFT,1.0,0,0.0,1.0,1.0,1.0
Mistral-7B-Instruct-v0.3__noise00__game_79,agent2,Mistral-7B-Instruct-v0.3,0,égoïste,0.0,AllD|TFT,1.0,0,0.0,1.0,1.0,1.0
Mistral-7B-Instruct-v0.3__noise00__game_81,agent1,Mistral-7B-Instruct-v0.3,0,متعاون,1.0,AllC|TFT|WSLS,1.0,0,0.0,1.0,1.0,1.0
Mistral-7B-Instruct-v0.3__noise00__game_81,agent2,Mistral-7B-Instruct-v0.3,0,أناني,1.0,AllC|TFT|WSLS,1.0,0,0.0,1.0,1.0,1.0
Mistral-7B-Instruct-v0.3__noise00__game_83,agent1,Mistral-7B-Instruct-v0.3,0,أناني,1.0,AllC|TFT|WSLS,1.0,0,0.0,1.0,1.0,1.0
Mistral-7B-Instruct-v0.3__noise00__game_83,agent2,Mistral-7B-Instruct-v0.3,0,أناني,1.0,AllC|TFT|WSLS,1.0,0,0.0,1.0,1.0,1.0
Mistral-7B-Instruct-v0.3__noise00__game_80,agent1,Mistral-7B-Instruct-v0.3,0,متعاون,0.8333,TFT,0.5462929606437683,0,0.0,1.0,1.0,1.0
Mistral-7B-Instruct-v0.3__noise00__game_80,agent2,Mistral-7B-Instruct-v0.3,0,متعاون,1.0,AllC,1.0,0,0.0,1.0,1.0,1.0
Mistral-7B-Instruct-v0.3__noise00__game_82,agent1,Mistral-7B-Instruct-v0.3,0,أناني,0.9333,TFT|WSLS,1.0,0,0.0,1.0,1.0,1.0
Mistral-7B-Instruct-v0.3__noise00__game_82,agent2,Mistral-7B-Instruct-v0.3,0,متعاون,1.0,AllC|TFT|WSLS,1.0,0,0.0,1.0,1.0,1.0
Mistral-7B-Instruct-v0.3__noise00__game_84,agent1,Mistral-7B-Instruct-v0.3,0,متعاون,1.0,AllC|TFT|WSLS,1.0,0,0.0,1.0,1.0,1.0
Mistral-7B-Instruct-v0.3__noise00__game_84,agent2,Mistral-7B-Instruct-v0.3,0,متعاون,1.0,AllC|TFT|WSLS,1.0,0,0.0,1.0,1.0,1.0
Mistral-7B-Instruct-v0.3__noise00__game_86,agent1,Mistral-7B-Instruct-v0.3,0,أناني,0.7667,AllC,0.5373005867004395,0,0.0,1.0,1.0,1.0
Mistral-7B-Instruct-v0.3__noise00__game_86,agent2,Mistral-7B-Instruct-v0.3,0,متعاون,0.9333,AllC,0.920592188835144,0,0.0,1.0,1.0,1.0
Mistral-7B-Instruct-v0.3__noise00__game_85,agent1,Mistral-7B-Instruct-v0.3,0,متعاون,1.0,AllC|TFT|WSLS,1.0,0,0.0,1.0,1.0,1.0
Mistral-7B-Instruct-v0.3__noise00__game_85,agent2,Mistral-7B-Instruct-v0.3,0,أناني,0.9667,TFT|WSLS,1.0,0,0.0,1.0,1.0,1.0
Mistral-7B-Instruct-v0.3__noise00__game_87,agent1,Mistral-7B-Instruct-v0.3,0,أناني,0.8667,TFT,1.0,0,0.0,1.0,1.0,1.0
Mistral-7B-Instruct-v0.3__noise00__game_87,agent2,Mistral-7B-Instruct-v0.3,0,أناني,1.0,AllC|TFT|WSLS,1.0,0,0.0,1.0,1.0,1.0
Mistral-7B-Instruct-v0.3__noise00__game_88,agent1,Mistral-7B-Instruct-v0.3,0,متعاون,1.0,AllC|TFT|WSLS,1.0,0,0.0,1.0,1.0,1.0
Mistral-7B-Instruct-v0.3__noise00__game_88,agent2,Mistral-7B-Instruct-v0.3,0,متعاون,1.0,AllC|TFT|WSLS,1.0,0,0.0,1.0,1.0,1.0
Mistral-7B-Instruct-v0.3__noise00__game_90,agent1,Mistral-7B-Instruct-v0.3,0,أناني,1.0,AllC|TFT|WSLS,1.0,0,0.0,1.0,1.0,1.0
Mistral-7B-Instruct-v0.3__noise00__game_90,agent2,Mistral-7B-Instruct-v0.3,0,متعاون,1.0,AllC|TFT|WSLS,1.0,0,0.0,1.0,1.0,1.0
Mistral-7B-Instruct-v0.3__noise00__game_89,agent1,Mistral-7B-Instruct-v0.3,0,متعاون,1.0,AllC|TFT|WSLS,1.0,0,0.0,1.0,1.0,1.0
Mistral-7B-Instruct-v0.3__noise00__game_89,agent2,Mistral-7B-Instruct-v0.3,0,أناني,1.0,AllC|TFT|WSLS,1.0,0,0.0,1.0,1.0,1.0
Mistral-7B-Instruct-v0.3__noise00__game_91,agent1,Mistral-7B-Instruct-v0.3,0,أناني,1.0,AllC|TFT|WSLS,1.0,0,0.0,1.0,1.0,1.0
Mistral-7B-Instruct-v0.3__noise00__game_91,agent2,Mistral-7B-Instruct-v0.3,0,أناني,0.9667,TFT|WSLS,1.0,0,0.0,1.0,1.0,1.0
Mistral-7B-Instruct-v0.3__noise00__game_92,agent1,Mistral-7B-Instruct-v0.3,0,متعاون,1.0,AllC|TFT|WSLS,1.0,0,0.0,1.0,1.0,1.0
Mistral-7B-Instruct-v0.3__noise00__game_92,agent2,Mistral-7B-Instruct-v0.3,0,متعاون,1.0,AllC|TFT|WSLS,1.0,0,0.0,1.0,1.0,1.0
Mistral-7B-Instruct-v0.3__noise00__game_93,agent1,Mistral-7B-Instruct-v0.3,0,متعاون,1.0,AllC|TFT|WSLS,1.0,0,0.0,1.0,1.0,1.0
Mistral-7B-Instruct-v0.3__noise00__game_93,agent2,Mistral-7B-Instruct-v0.3,0,أناني,0.9333,TFT|WSLS,1.0,0,0.0,1.0,1.0,1.0
Mistral-7B-Instruct-v0.3__noise00__game_94,agent1,Mistral-7B-Instruct-v0.3,0,أناني,1.0,AllC|TFT|WSLS,1.0,0,0.0,1.0,1.0,1.0
Mistral-7B-Instruct-v0.3__noise00__game_94,agent2,Mistral-7B-Instruct-v0.3,0,متعاون,1.0,AllC|TFT|WSLS,1.0,0,0.0,1.0,1.0,1.0
Mistral-7B-Instruct-v0.3__noise00__game_95,agent1,Mistral-7B-Instruct-v0.3,0,أناني,0.9667,AllC,0.9976401329040527,0,0.0,1.0,1.0,1.0
Mistral-7B-Instruct-v0.3__noise00__game_95,agent2,Mistral-7B-Instruct-v0.3,0,أناني,0.8667,AllC,0.895050048828125,0,0.0,1.0,1.0,1.0
Mistral-7B-Instruct-v0.3__noise00__game_96,agent1,Mistral-7B-Instruct-v0.3,0,متعاون,1.0,AllC|TFT|WSLS,1.0,0,0.0,1.0,1.0,1.0
Mistral-7B-Instruct-v0.3__noise00__game_96,agent2,Mistral-7B-Instruct-v0.3,0,متعاون,0.9667,TFT|WSLS,1.0,0,0.0,1.0,1.0,1.0
Mistral-7B-Instruct-v0.3__noise00__game_97,agent1,Mistral-7B-Instruct-v0.3,0,متعاون,1.0,AllC|TFT|WSLS,1.0,0,0.0,1.0,1.0,1.0
Mistral-7B-Instruct-v0.3__noise00__game_97,agent2,Mistral-7B-Instruct-v0.3,0,أناني,1.0,AllC|TFT|WSLS,1.0,0,0.0,1.0,1.0,1.0
Mistral-7B-Instruct-v0.3__noise00__game_98,agent1,Mistral-7B-Instruct-v0.3,0,أناني,0.8667,TFT,1.0,0,0.0,1.0,1.0,1.0
Mistral-7B-Instruct-v0.3__noise00__game_98,agent2,Mistral-7B-Instruct-v0.3,0,متعاون,0.9333,AllC,0.9999469518661499,0,0.0,1.0,1.0,1.0
Mistral-7B-Instruct-v0.3__noise00__game_99,agent1,Mistral-7B-Instruct-v0.3,0,أناني,1.0,AllC|TFT|WSLS,1.0,0,0.0,1.0,1.0,1.0
Mistral-7B-Instruct-v0.3__noise00__game_99,agent2,Mistral-7B-Instruct-v0.3,0,أناني,0.9333,TFT|WSLS,1.0,0,0.0,1.0,1.0,1.0
Mistral-7B-Instruct-v0.3__noise00__game_100,agent1,Mistral-7B-Instruct-v0.3,0,متعاون,1.0,AllC|TFT|WSLS,1.0,0,0.0,1.0,1.0,1.0
Mistral-7B-Instruct-v0.3__noise00__game_100,agent2,Mistral-7B-Instruct-v0.3,0,متعاون,0.9667,TFT|WSLS,1.0,0,0.0,1.0,1.0,1.0
Mistral-7B-Instruct-v0.3__noise00__game_102,agent1,Mistral-7B-Instruct-v0.3,0,أناني,0.9333,TFT|WSLS,1.0,0,0.0,1.0,1.0,1.0
Mistral-7B-Instruct-v0.3__noise00__game_102,agent2,Mistral-7B-Instruct-v0.3,0,متعاون,1.0,AllC|TFT|WSLS,1.0,0,0.0,1.0,1.0,1.0
Mistral-7B-Instruct-v0.3__noise00__game_101,agent1,Mistral-7B-Instruct-v0.3,0,متعاون,0.9333,TFT,1.0,0,0.0,1.0,1.0,1.0
Mistral-7B-Instruct-v0.3__noise00__game_101,agent2,Mistral-7B-Instruct-v0.3,0,أناني,0.9333,TFT|WSLS,1.0,0,0.0,1.0,1.0,1.0
Mistral-7B-Instruct-v0.3__noise00__game_103,agent1,Mistral-7B-Instruct-v0.3,0,أناني,1.0,AllC|TFT|WSLS,1.0,0,0.0,1.0,1.0,1.0
Mistral-7B-Instruct-v0.3__noise00__game_103,agent2,Mistral-7B-Instruct-v0.3,0,أناني,1.0,AllC|TFT|WSLS,1.0,0,0.0,1.0,1.0,1.0
Mistral-7B-Instruct-v0.3__noise00__game_104,agent1,Mistral-7B-Instruct-v0.3,0,متعاون,1.0,AllC|TFT|WSLS,1.0,0,0.0,1.0,1.0,1.0
Mistral-7B-Instruct-v0.3__noise00__game_104,agent2,Mistral-7B-Instruct-v0.3,0,متعاون,0.9667,TFT|WSLS,1.0,0,0.0,1.0,1.0,1.0
Mistral-7B-Instruct-v0.3__noise00__game_105,agent1,Mistral-7B-Instruct-v0.3,0,متعاون,0.8667,AllC,0.9868093729019165,0,0.0,1.0,1.0,1.0
Mistral-7B-Instruct-v0.3__noise00__game_105,agent2,Mistral-7B-Instruct-v0.3,0,أناني,0.8,AllC,0.9958736300468445,0,0.0,1.0,1.0,1.0
Mistral-7B-Instruct-v0.3__noise00__game_106,agent1,Mistral-7B-Instruct-v0.3,0,أناني,0.9333,TFT|WSLS,1.0,0,0.0,1.0,1.0,1.0
Mistral-7B-Instruct-v0.3__noise00__game_106,agent2,Mistral-7B-Instruct-v0.3,0,متعاون,1.0,AllC|TFT|WSLS,1.0,0,0.0,1.0,1.0,1.0
Mistral-7B-Instruct-v0.3__noise00__game_107,agent1,Mistral-7B-Instruct-v0.3,0,أناني,0.9,TFT,0.6693257093429565,0,0.0,1.0,1.0,1.0
Mistral-7B-Instruct-v0.3__noise00__game_107,agent2,Mistral-7B-Instruct-v0.3,0,أناني,0.8667,AllC,0.9534018039703369,0,0.0,1.0,1.0,1.0
Mistral-7B-Instruct-v0.3__noise00__game_109,agent1,Mistral-7B-Instruct-v0.3,0,متعاون,1.0,AllC|TFT|WSLS,1.0,0,0.0,1.0,1.0,1.0
Mistral-7B-Instruct-v0.3__noise00__game_109,agent2,Mistral-7B-Instruct-v0.3,0,أناني,0.9333,TFT|WSLS,1.0,0,0.0,1.0,1.0,1.0
Mistral-7B-Instruct-v0.3__noise00__game_108,agent1,Mistral-7B-Instruct-v0.3,0,متعاون,0.9,AllC,0.9534018039703369,0,0.0,1.0,1.0,1.0
Mistral-7B-Instruct-v0.3__noise00__game_108,agent2,Mistral-7B-Instruct-v0.3,0,متعاون,0.9,TFT,0.6693257093429565,0,0.0,1.0,1.0,1.0
Mistral-7B-Instruct-v0.3__noise00__game_110,agent1,Mistral-7B-Instruct-v0.3,0,أناني,0.9667,TFT|WSLS,1.0,0,0.0,1.0,1.0,1.0
Mistral-7B-Instruct-v0.3__noise00__game_110,agent2,Mistral-7B-Instruct-v0.3,0,متعاون,0.9333,TFT,1.0,0,0.0,1.0,1.0,1.0
Mistral-7B-Instruct-v0.3__noise00__game_111,agent1,Mistral-7B-Instruct-v0.3,0,أناني,0.9667,TFT,1.0,0,0.0,1.0,1.0,1.0
Mistral-7B-Instruct-v0.3__noise00__game_111,agent2,Mistral-7B-Instruct-v0.3,0,أناني,0.9,TFT,1.0,0,0.0,1.0,1.0,1.0
Mistral-7B-Instruct-v0.3__noise00__game_112,agent1,Mistral-7B-Instruct-v0.3,0,متعاون,1.0,AllC|TFT|WSLS,1.0,0,0.0,1.0,1.0,1.0
Mistral-7B-Instruct-v0.3__noise00__game_112,agent2,Mistral-7B-Instruct-v0.3,0,متعاون,1.0,AllC|TFT|WSLS,1.0,0,0.0,1.0,1.0,1.0
Mistral-7B-Instruct-v0.3__noise00__game_114,agent1,Mistral-7B-Instruct-v0.3,0,أناني,0.9667,TFT|WSLS,1.0,0,0.0,1.0,1.0,1.0
Mistral-7B-Instruct-v0.3__noise00__game_114,agent2,Mistral-7B-Instruct-v0.3,0,متعاون,1.0,AllC|TFT|WSLS,1.0,0,0.0,1.0,1.0,1.0
Mistral-7B-Instruct-v0.3__noise00__game_113,agent1,Mistral-7B-Instruct-v0.3,0,متعاون,0.9667,TFT|WSLS,1.0,0,0.0,1.0,1.0,1.0
Mistral-7B-Instruct-v0.3__noise00__game_113,agent2,Mistral-7B-Instruct-v0.3,0,أناني,1.0,AllC|TFT|WSLS,1.0,0,0.0,1.0,1.0,1.0
Mistral-7B-Instruct-v0.3__noise00__game_115,agent1,Mistral-7B-Instruct-v0.3,0,أناني,0.9667,TFT|WSLS,1.0,0,0.0,1.0,1.0,1.0
Mistral-7B-Instruct-v0.3__noise00__game_115,agent2,Mistral-7B-Instruct-v0.3,0,أناني,0.9333,TFT,1.0,0,0.0,1.0,1.0,1.0
Mistral-7B-Instruct-v0.3__noise00__game_116,agent1,Mistral-7B-Instruct-v0.3,0,متعاون,1.0,AllC|TFT|WSLS,1.0,0,0.0,1.0,1.0,1.0
Mistral-7B-Instruct-v0.3__noise00__game_116,agent2,Mistral-7B-Instruct-v0.3,0,متعاون,1.0,AllC|TFT|WSLS,1.0,0,0.0,1.0,1.0,1.0
Mistral-7B-Instruct-v0.3__noise00__game_117,agent1,Mistral-7B-Instruct-v0.3,0,متعاون,1.0,AllC|TFT|WSLS,1.0,0,0.0,1.0,1.0,1.0
Mistral-7B-Instruct-v0.3__noise00__game_117,agent2,Mistral-7B-Instruct-v0.3,0,أناني,0.9667,TFT|WSLS,1.0,0,0.0,1.0,1.0,1.0
Mistral-7B-Instruct-v0.3__noise00__game_120,agent1,Mistral-7B-Instruct-v0.3,0,合作型的,1.0,AllC|TFT|WSLS,1.0,0,0.0,1.0,1.0,1.0
Mistral-7B-Instruct-v0.3__noise00__game_120,agent2,Mistral-7B-Instruct-v0.3,0,合作型的,1.0,AllC|TFT|WSLS,1.0,0,0.0,1.0,1.0,1.0
Mistral-7B-Instruct-v0.3__noise00__game_119,agent1,Mistral-7B-Instruct-v0.3,0,أناني,1.0,AllC|TFT|WSLS,1.0,0,0.0,1.0,1.0,1.0
Mistral-7B-Instruct-v0.3__noise00__game_119,agent2,Mistral-7B-Instruct-v0.3,0,أناني,0.9667,TFT|WSLS,1.0,0,0.0,1.0,1.0,1.0
Mistral-7B-Instruct-v0.3__noise00__game_118,agent1,Mistral-7B-Instruct-v0.3,0,أناني,0.9,TFT|WSLS,1.0,0,0.0,1.0,1.0,1.0
Mistral-7B-Instruct-v0.3__noise00__game_118,agent2,Mistral-7B-Instruct-v0.3,0,متعاون,1.0,AllC|TFT|WSLS,1.0,0,0.0,1.0,1.0,1.0
Mistral-7B-Instruct-v0.3__noise00__game_123,agent1,Mistral-7B-Instruct-v0.3,0,自私型的,0.0333,TFT,1.0,0,0.0,1.0,1.0,1.0
Mistral-7B-Instruct-v0.3__noise00__game_123,agent2,Mistral-7B-Instruct-v0.3,0,自私型的,0.0333,TFT,1.0,0,0.0,1.0,1.0,1.0
Mistral-7B-Instruct-v0.3__noise00__game_121,agent1,Mistral-7B-Instruct-v0.3,0,合作型的,1.0,AllC,1.0,0,0.0,1.0,1.0,1.0
Mistral-7B-Instruct-v0.3__noise00__game_121,agent2,Mistral-7B-Instruct-v0.3,0,自私型的,0.0,AllD|WSLS,1.0,0,0.0,1.0,1.0,1.0
Mistral-7B-Instruct-v0.3__noise00__game_122,agent1,Mistral-7B-Instruct-v0.3,0,自私型的,0.0333,WSLS,1.0,0,0.0,1.0,1.0,1.0
Mistral-7B-Instruct-v0.3__noise00__game_122,agent2,Mistral-7B-Instruct-v0.3,0,合作型的,1.0,AllC,1.0,0,0.0,1.0,1.0,1.0
Mistral-7B-Instruct-v0.3__noise00__game_124,agent1,Mistral-7B-Instruct-v0.3,0,合作型的,1.0,AllC|TFT|WSLS,1.0,0,0.0,1.0,1.0,1.0
Mistral-7B-Instruct-v0.3__noise00__game_124,agent2,Mistral-7B-Instruct-v0.3,0,合作型的,1.0,AllC|TFT|WSLS,1.0,0,0.0,1.0,1.0,1.0
Mistral-7B-Instruct-v0.3__noise00__game_127,agent1,Mistral-7B-Instruct-v0.3,0,自私型的,0.0333,TFT,1.0,0,0.0,1.0,1.0,1.0
Mistral-7B-Instruct-v0.3__noise00__game_127,agent2,Mistral-7B-Instruct-v0.3,0,自私型的,0.0,AllD|TFT,1.0,0,0.0,1.0,1.0,1.0
Mistral-7B-Instruct-v0.3__noise00__game_125,agent1,Mistral-7B-Instruct-v0.3,0,合作型的,1.0,AllC,1.0,0,0.0,1.0,1.0,1.0
Mistral-7B-Instruct-v0.3__noise00__game_125,agent2,Mistral-7B-Instruct-v0.3,0,自私型的,0.0,AllD|WSLS,1.0,0,0.0,1.0,1.0,1.0
Mistral-7B-Instruct-v0.3__noise00__game_126,agent1,Mistral-7B-Instruct-v0.3,0,自私型的,0.0,AllD|WSLS,1.0,0,0.0,1.0,1.0,1.0
Mistral-7B-Instruct-v0.3__noise00__game_126,agent2,Mistral-7B-Instruct-v0.3,0,合作型的,1.0,AllC,1.0,0,0.0,1.0,1.0,1.0
Mistral-7B-Instruct-v0.3__noise00__game_128,agent1,Mistral-7B-Instruct-v0.3,0,合作型的,1.0,AllC|TFT|WSLS,1.0,0,0.0,1.0,1.0,1.0
Mistral-7B-Instruct-v0.3__noise00__game_128,agent2,Mistral-7B-Instruct-v0.3,0,合作型的,1.0,AllC|TFT|WSLS,1.0,0,0.0,1.0,1.0,1.0
Mistral-7B-Instruct-v0.3__noise00__game_130,agent1,Mistral-7B-Instruct-v0.3,0,自私型的,0.0333,WSLS,1.0,0,0.0,1.0,1.0,1.0
Mistral-7B-Instruct-v0.3__noise00__game_130,agent2,Mistral-7B-Instruct-v0.3,0,合作型的,1.0,AllC,1.0,0,0.0,1.0,1.0,1.0
Mistral-7B-Instruct-v0.3__noise00__game_131,agent1,Mistral-7B-Instruct-v0.3,0,自私型的,0.0667,TFT,1.0,0,0.0,1.0,1.0,1.0
Mistral-7B-Instruct-v0.3__noise00__game_131,agent2,Mistral-7B-Instruct-v0.3,0,自私型的,0.0333,TFT,1.0,0,0.0,1.0,1.0,1.0
Mistral-7B-Instruct-v0.3__noise00__game_129,agent1,Mistral-7B-Instruct-v0.3,0,合作型的,1.0,AllC,1.0,0,0.0,1.0,1.0,1.0
Mistral-7B-Instruct-v0.3__noise00__game_129,agent2,Mistral-7B-Instruct-v0.3,0,自私型的,0.0,AllD|WSLS,1.0,0,0.0,1.0,1.0,1.0
Mistral-7B-Instruct-v0.3__noise00__game_132,agent1,Mistral-7B-Instruct-v0.3,0,合作型的,1.0,AllC|TFT|WSLS,1.0,0,0.0,1.0,1.0,1.0
Mistral-7B-Instruct-v0.3__noise00__game_132,agent2,Mistral-7B-Instruct-v0.3,0,合作型的,1.0,AllC|TFT|WSLS,1.0,0,0.0,1.0,1.0,1.0
Mistral-7B-Instruct-v0.3__noise00__game_134,agent1,Mistral-7B-Instruct-v0.3,0,自私型的,0.0,AllD|WSLS,1.0,0,0.0,1.0,1.0,1.0
Mistral-7B-Instruct-v0.3__noise00__game_134,agent2,Mistral-7B-Instruct-v0.3,0,合作型的,1.0,AllC,1.0,0,0.0,1.0,1.0,1.0
Mistral-7B-Instruct-v0.3__noise00__game_135,agent1,Mistral-7B-Instruct-v0.3,0,自私型的,0.0333,TFT,1.0,0,0.0,1.0,1.0,1.0
Mistral-7B-Instruct-v0.3__noise00__game_135,agent2,Mistral-7B-Instruct-v0.3,0,自私型的,0.0,AllD|TFT,1.0,0,0.0,1.0,1.0,1.0
Mistral-7B-Instruct-v0.3__noise00__game_133,agent1,Mistral-7B-Instruct-v0.3,0,合作型的,0.8333,AllC,0.9999988079071045,0,0.0,1.0,1.0,1.0
Mistral-7B-Instruct-v0.3__noise00__game_133,agent2,Mistral-7B-Instruct-v0.3,0,自私型的,0.0667,WSLS,0.965900719165802,0,0.0,1.0,1.0,1.0
Mistral-7B-Instruct-v0.3__noise00__game_136,agent1,Mistral-7B-Instruct-v0.3,0,合作型的,1.0,AllC|TFT|WSLS,1.0,0,0.0,1.0,1.0,1.0
Mistral-7B-Instruct-v0.3__noise00__game_136,agent2,Mistral-7B-Instruct-v0.3,0,合作型的,1.0,AllC|TFT|WSLS,1.0,0,0.0,1.0,1.0,1.0
Mistral-7B-Instruct-v0.3__noise00__game_137,agent1,Mistral-7B-Instruct-v0.3,0,合作型的,0.9667,AllC,0.9999884366989136,0,0.0,1.0,1.0,1.0
Mistral-7B-Instruct-v0.3__noise00__game_137,agent2,Mistral-7B-Instruct-v0.3,0,自私型的,0.0333,WSLS,1.0,0,0.0,1.0,1.0,1.0
Mistral-7B-Instruct-v0.3__noise00__game_138,agent1,Mistral-7B-Instruct-v0.3,0,自私型的,0.0,AllD|WSLS,1.0,0,0.0,1.0,1.0,1.0
Mistral-7B-Instruct-v0.3__noise00__game_138,agent2,Mistral-7B-Instruct-v0.3,0,合作型的,1.0,AllC,1.0,0,0.0,1.0,1.0,1.0
Mistral-7B-Instruct-v0.3__noise00__game_139,agent1,Mistral-7B-Instruct-v0.3,0,自私型的,0.0,AllD|TFT,1.0,0,0.0,1.0,1.0,1.0
Mistral-7B-Instruct-v0.3__noise00__game_139,agent2,Mistral-7B-Instruct-v0.3,0,自私型的,0.0,AllD|TFT,1.0,0,0.0,1.0,1.0,1.0
Mistral-7B-Instruct-v0.3__noise00__game_140,agent1,Mistral-7B-Instruct-v0.3,0,合作型的,1.0,AllC|TFT|WSLS,1.0,0,0.0,1.0,1.0,1.0
Mistral-7B-Instruct-v0.3__noise00__game_140,agent2,Mistral-7B-Instruct-v0.3,0,合作型的,1.0,AllC|TFT|WSLS,1.0,0,0.0,1.0,1.0,1.0
Mistral-7B-Instruct-v0.3__noise00__game_144,agent1,Mistral-7B-Instruct-v0.3,0,合作型的,1.0,AllC|TFT|WSLS,1.0,0,0.0,1.0,1.0,1.0
Mistral-7B-Instruct-v0.3__noise00__game_144,agent2,Mistral-7B-Instruct-v0.3,0,合作型的,1.0,AllC|TFT|WSLS,1.0,0,0.0,1.0,1.0,1.0
Mistral-7B-Instruct-v0.3__noise00__game_141,agent1,Mistral-7B-Instruct-v0.3,0,合作型的,1.0,AllC,1.0,0,0.0,1.0,1.0,1.0
Mistral-7B-Instruct-v0.3__noise00__game_141,agent2,Mistral-7B-Instruct-v0.3,0,自私型的,0.0,AllD|WSLS,1.0,0,0.0,1.0,1.0,1.0
Mistral-7B-Instruct-v0.3__noise00__game_143,agent1,Mistral-7B-Instruct-v0.3,0,自私型的,0.0,AllD|TFT,1.0,0,0.0,1.0,1.0,1.0
Mistral-7B-Instruct-v0.3__noise00__game_143,agent2,Mistral-7B-Instruct-v0.3,0,自私型的,0.0,AllD|TFT,1.0,0,0.0,1.0,1.0,1.0
Mistral-7B-Instruct-v0.3__noise00__game_142,agent1,Mistral-7B-Instruct-v0.3,0,自私型的,0.0333,WSLS,1.0,0,0.0,1.0,1.0,1.0
Mistral-7B-Instruct-v0.3__noise00__game_142,agent2,Mistral-7B-Instruct-v0.3,0,合作型的,1.0,AllC,1.0,0,0.0,1.0,1.0,1.0
Mistral-7B-Instruct-v0.3__noise00__game_145,agent1,Mistral-7B-Instruct-v0.3,0,合作型的,0.9667,AllC,1.0,0,0.0,1.0,1.0,1.0
Mistral-7B-Instruct-v0.3__noise00__game_145,agent2,Mistral-7B-Instruct-v0.3,0,自私型的,0.0,AllD|WSLS,1.0,0,0.0,1.0,1.0,1.0
Mistral-7B-Instruct-v0.3__noise00__game_147,agent1,Mistral-7B-Instruct-v0.3,0,自私型的,0.0,AllD|TFT,1.0,0,0.0,1.0,1.0,1.0
Mistral-7B-Instruct-v0.3__noise00__game_147,agent2,Mistral-7B-Instruct-v0.3,0,自私型的,0.0333,TFT,1.0,0,0.0,1.0,1.0,1.0
Mistral-7B-Instruct-v0.3__noise00__game_148,agent1,Mistral-7B-Instruct-v0.3,0,合作型的,1.0,AllC|TFT|WSLS,1.0,0,0.0,1.0,1.0,1.0
Mistral-7B-Instruct-v0.3__noise00__game_148,agent2,Mistral-7B-Instruct-v0.3,0,合作型的,1.0,AllC|TFT|WSLS,1.0,0,0.0,1.0,1.0,1.0
Mistral-7B-Instruct-v0.3__noise00__game_146,agent1,Mistral-7B-Instruct-v0.3,0,自私型的,0.0,AllD|WSLS,1.0,0,0.0,1.0,1.0,1.0
Mistral-7B-Instruct-v0.3__noise00__game_146,agent2,Mistral-7B-Instruct-v0.3,0,合作型的,1.0,AllC,1.0,0,0.0,1.0,1.0,1.0
Mistral-7B-Instruct-v0.3__noise00__game_150,agent1,Mistral-7B-Instruct-v0.3,0,自私型的,0.0667,WSLS,1.0,0,0.0,1.0,1.0,1.0
Mistral-7B-Instruct-v0.3__noise00__game_150,agent2,Mistral-7B-Instruct-v0.3,0,合作型的,0.9,WSLS,0.8986364603042603,0,0.0,1.0,1.0,1.0
Mistral-7B-Instruct-v0.3__noise00__game_151,agent1,Mistral-7B-Instruct-v0.3,0,自私型的,0.0,AllD|TFT,1.0,0,0.0,1.0,1.0,1.0
Mistral-7B-Instruct-v0.3__noise00__game_151,agent2,Mistral-7B-Instruct-v0.3,0,自私型的,0.0,AllD|TFT,1.0,0,0.0,1.0,1.0,1.0
Mistral-7B-Instruct-v0.3__noise00__game_149,agent1,Mistral-7B-Instruct-v0.3,0,合作型的,1.0,AllC,1.0,0,0.0,1.0,1.0,1.0
Mistral-7B-Instruct-v0.3__noise00__game_149,agent2,Mistral-7B-Instruct-v0.3,0,自私型的,0.0,AllD|WSLS,1.0,0,0.0,1.0,1.0,1.0
Mistral-7B-Instruct-v0.3__noise00__game_152,agent1,Mistral-7B-Instruct-v0.3,0,合作型的,1.0,AllC|TFT|WSLS,1.0,0,0.0,1.0,1.0,1.0
Mistral-7B-Instruct-v0.3__noise00__game_152,agent2,Mistral-7B-Instruct-v0.3,0,合作型的,1.0,AllC|TFT|WSLS,1.0,0,0.0,1.0,1.0,1.0
Mistral-7B-Instruct-v0.3__noise00__game_154,agent1,Mistral-7B-Instruct-v0.3,0,自私型的,0.0,AllD|WSLS,1.0,0,0.0,1.0,1.0,1.0
Mistral-7B-Instruct-v0.3__noise00__game_154,agent2,Mistral-7B-Instruct-v0.3,0,合作型的,1.0,AllC,1.0,0,0.0,1.0,1.0,1.0
Mistral-7B-Instruct-v0.3__noise00__game_155,agent1,Mistral-7B-Instruct-v0.3,0,自私型的,0.0,AllD|TFT,1.0,0,0.0,1.0,1.0,1.0
Mistral-7B-Instruct-v0.3__noise00__game_155,agent2,Mistral-7B-Instruct-v0.3,0,自私型的,0.0,AllD|TFT,1.0,0,0.0,1.0,1.0,1.0
Mistral-7B-Instruct-v0.3__noise00__game_153,agent1,Mistral-7B-Instruct-v0.3,0,合作型的,1.0,AllC,1.0,0,0.0,1.0,1.0,1.0
Mistral-7B-Instruct-v0.3__noise00__game_153,agent2,Mistral-7B-Instruct-v0.3,0,自私型的,0.0,AllD|WSLS,1.0,0,0.0,1.0,1.0,1.0
Mistral-7B-Instruct-v0.3__noise00__game_156,agent1,Mistral-7B-Instruct-v0.3,0,合作型的,1.0,AllC|TFT|WSLS,1.0,0,0.0,1.0,1.0,1.0
Mistral-7B-Instruct-v0.3__noise00__game_156,agent2,Mistral-7B-Instruct-v0.3,0,合作型的,1.0,AllC|TFT|WSLS,1.0,0,0.0,1.0,1.0,1.0
Mistral-7B-Instruct-v0.3__noise00__game_157,agent1,Mistral-7B-Instruct-v0.3,0,合作型的,1.0,AllC,1.0,0,0.0,1.0,1.0,1.0
Mistral-7B-Instruct-v0.3__noise00__game_157,agent2,Mistral-7B-Instruct-v0.3,0,自私型的,0.0333,WSLS,1.0,0,0.0,1.0,1.0,1.0
Mistral-7B-Instruct-v0.3__noise00__game_159,agent1,Mistral-7B-Instruct-v0.3,0,自私型的,0.0,AllD|TFT,1.0,0,0.0,1.0,1.0,1.0
Mistral-7B-Instruct-v0.3__noise00__game_159,agent2,Mistral-7B-Instruct-v0.3,0,自私型的,0.0,AllD|TFT,1.0,0,0.0,1.0,1.0,1.0
Mistral-7B-Instruct-v0.3__noise00__game_158,agent1,Mistral-7B-Instruct-v0.3,0,自私型的,0.0,AllD|WSLS,1.0,0,0.0,1.0,1.0,1.0
Mistral-7B-Instruct-v0.3__noise00__game_158,agent2,Mistral-7B-Instruct-v0.3,0,合作型的,1.0,AllC,1.0,0,0.0,1.0,1.0,1.0
Mistral-7B-Instruct-v0.3__noise00__game_160,agent1,Mistral-7B-Instruct-v0.3,0,một người hợp tác,0.0667,AllD,0.9998373985290527,0,0.0,1.0,1.0,1.0
Mistral-7B-Instruct-v0.3__noise00__game_160,agent2,Mistral-7B-Instruct-v0.3,0,một người hợp tác,0.1333,AllD,0.9980217218399048,0,0.0,1.0,1.0,1.0
Mistral-7B-Instruct-v0.3__noise00__game_162,agent1,Mistral-7B-Instruct-v0.3,0,một người ích kỷ,0.3667,AllC,0.9822667241096497,0,0.0,1.0,1.0,1.0
Mistral-7B-Instruct-v0.3__noise00__game_162,agent2,Mistral-7B-Instruct-v0.3,0,một người hợp tác,0.3,AllD,0.6751757264137268,0,0.0,1.0,1.0,1.0
Mistral-7B-Instruct-v0.3__noise00__game_161,agent1,Mistral-7B-Instruct-v0.3,0,một người hợp tác,0.4,AllD,0.660065233707428,0,0.0,1.0,1.0,1.0
Mistral-7B-Instruct-v0.3__noise00__game_161,agent2,Mistral-7B-Instruct-v0.3,0,một người ích kỷ,0.7,AllC,0.8908926844596863,0,0.0,1.0,1.0,1.0
Mistral-7B-Instruct-v0.3__noise00__game_163,agent1,Mistral-7B-Instruct-v0.3,0,một người ích kỷ,0.6,AllC,0.8028560876846313,0,0.0,1.0,1.0,1.0
Mistral-7B-Instruct-v0.3__noise00__game_163,agent2,Mistral-7B-Instruct-v0.3,0,một người ích kỷ,0.2,AllD,0.8709461092948914,0,0.0,1.0,1.0,1.0
Mistral-7B-Instruct-v0.3__noise00__game_164,agent1,Mistral-7B-Instruct-v0.3,0,một người hợp tác,0.0333,AllD,0.9999871253967285,0,0.0,1.0,1.0,1.0
Mistral-7B-Instruct-v0.3__noise00__game_164,agent2,Mistral-7B-Instruct-v0.3,0,một người hợp tác,0.4667,AllD,0.9662521481513977,0,0.0,1.0,1.0,1.0
Mistral-7B-Instruct-v0.3__noise00__game_165,agent1,Mistral-7B-Instruct-v0.3,0,một người hợp tác,0.0,AllD,1.0,0,0.0,1.0,1.0,1.0
Mistral-7B-Instruct-v0.3__noise00__game_165,agent2,Mistral-7B-Instruct-v0.3,0,một người ích kỷ,0.4333,AllD,0.9889631271362305,0,0.0,1.0,1.0,1.0
Mistral-7B-Instruct-v0.3__noise00__game_167,agent1,Mistral-7B-Instruct-v0.3,0,một người ích kỷ,0.0,AllD|TFT,1.0,0,0.0,1.0,1.0,1.0
Mistral-7B-Instruct-v0.3__noise00__game_167,agent2,Mistral-7B-Instruct-v0.3,0,một người ích kỷ,0.1,TFT,1.0,0,0.0,1.0,1.0,1.0
Mistral-7B-Instruct-v0.3__noise00__game_166,agent1,Mistral-7B-Instruct-v0.3,0,một người ích kỷ,0.0,AllD|TFT,1.0,0,0.0,1.0,1.0,1.0
Mistral-7B-Instruct-v0.3__noise00__game_166,agent2,Mistral-7B-Instruct-v0.3,0,một người hợp tác,0.0667,TFT,1.0,0,0.0,1.0,1.0,1.0
Mistral-7B-Instruct-v0.3__noise00__game_168,agent1,Mistral-7B-Instruct-v0.3,0,một người hợp tác,0.0,AllD,1.0,0,0.0,1.0,1.0,1.0
Mistral-7B-Instruct-v0.3__noise00__game_168,agent2,Mistral-7B-Instruct-v0.3,0,một người hợp tác,0.2,AllD,0.9825698137283325,0,0.0,1.0,1.0,1.0
Mistral-7B-Instruct-v0.3__noise00__game_169,agent1,Mistral-7B-Instruct-v0.3,0,một người hợp tác,0.1,AllD,0.9999165534973145,0,0.0,1.0,1.0,1.0
Mistral-7B-Instruct-v0.3__noise00__game_169,agent2,Mistral-7B-Instruct-v0.3,0,một người ích kỷ,0.1667,AllD,0.9977450966835022,0,0.0,1.0,1.0,1.0
Mistral-7B-Instruct-v0.3__noise00__game_170,agent1,Mistral-7B-Instruct-v0.3,0,một người ích kỷ,0.3,AllD,0.9891547560691833,0,0.0,1.0,1.0,1.0
Mistral-7B-Instruct-v0.3__noise00__game_170,agent2,Mistral-7B-Instruct-v0.3,0,một người hợp tác,0.5667,AllD,0.9997143149375916,0,0.0,1.0,1.0,1.0
Mistral-7B-Instruct-v0.3__noise00__game_171,agent1,Mistral-7B-Instruct-v0.3,0,một người ích kỷ,0.0,AllD|TFT,1.0,0,0.0,1.0,1.0,1.0
Mistral-7B-Instruct-v0.3__noise00__game_171,agent2,Mistral-7B-Instruct-v0.3,0,một người ích kỷ,0.0667,TFT,1.0,0,0.0,1.0,1.0,1.0
Mistral-7B-Instruct-v0.3__noise00__game_172,agent1,Mistral-7B-Instruct-v0.3,0,một người hợp tác,0.5,AllC,0.7846024036407471,0,0.0,1.0,1.0,1.0
Mistral-7B-Instruct-v0.3__noise00__game_172,agent2,Mistral-7B-Instruct-v0.3,0,một người hợp tác,0.7,AllC,0.7846024036407471,0,0.0,1.0,1.0,1.0
Mistral-7B-Instruct-v0.3__noise00__game_174,agent1,Mistral-7B-Instruct-v0.3,0,một người ích kỷ,0.2,AllD,0.9976758360862732,0,0.0,1.0,1.0,1.0
Mistral-7B-Instruct-v0.3__noise00__game_174,agent2,Mistral-7B-Instruct-v0.3,0,một người hợp tác,0.2333,WSLS,0.8813327550888062,0,0.0,1.0,1.0,1.0
Mistral-7B-Instruct-v0.3__noise00__game_173,agent1,Mistral-7B-Instruct-v0.3,0,một người hợp tác,0.0,AllD|TFT,1.0,0,0.0,1.0,1.0,1.0
Mistral-7B-Instruct-v0.3__noise00__game_173,agent2,Mistral-7B-Instruct-v0.3,0,một người ích kỷ,0.0333,TFT,1.0,0,0.0,1.0,1.0,1.0
Mistral-7B-Instruct-v0.3__noise00__game_175,agent1,Mistral-7B-Instruct-v0.3,0,một người ích kỷ,1.0,AllC|TFT|WSLS,1.0,0,0.0,1.0,1.0,1.0
Mistral-7B-Instruct-v0.3__noise00__game_175,agent2,Mistral-7B-Instruct-v0.3,0,một người ích kỷ,1.0,AllC|TFT|WSLS,1.0,0,0.0,1.0,1.0,1.0
Mistral-7B-Instruct-v0.3__noise00__game_176,agent1,Mistral-7B-Instruct-v0.3,0,một người hợp tác,0.0333,TFT,1.0,0,0.0,1.0,1.0,1.0
Mistral-7B-Instruct-v0.3__noise00__game_176,agent2,Mistral-7B-Instruct-v0.3,0,một người hợp tác,0.1,TFT,1.0,0,0.0,1.0,1.0,1.0
Mistral-7B-Instruct-v0.3__noise00__game_177,agent1,Mistral-7B-Instruct-v0.3,0,một người hợp tác,0.0333,TFT,1.0,0,0.0,1.0,1.0,1.0
Mistral-7B-Instruct-v0.3__noise00__game_177,agent2,Mistral-7B-Instruct-v0.3,0,một người ích kỷ,0.0,AllD|TFT,1.0,0,0.0,1.0,1.0,1.0
Mistral-7B-Instruct-v0.3__noise00__game_179,agent1,Mistral-7B-Instruct-v0.3,0,một người ích kỷ,0.1,WSLS,0.6497301459312439,0,0.0,1.0,1.0,1.0
Mistral-7B-Instruct-v0.3__noise00__game_179,agent2,Mistral-7B-Instruct-v0.3,0,một người ích kỷ,0.2667,WSLS,0.9972572922706604,0,0.0,1.0,1.0,1.0
Mistral-7B-Instruct-v0.3__noise00__game_178,agent1,Mistral-7B-Instruct-v0.3,0,một người ích kỷ,0.6667,TFT,1.0,0,0.0,1.0,1.0,1.0
Mistral-7B-Instruct-v0.3__noise00__game_178,agent2,Mistral-7B-Instruct-v0.3,0,một người hợp tác,0.7,AllD,0.9997496008872986,0,0.0,1.0,1.0,1.0
Mistral-7B-Instruct-v0.3__noise00__game_180,agent1,Mistral-7B-Instruct-v0.3,0,một người hợp tác,0.0,AllD|TFT,1.0,0,0.0,1.0,1.0,1.0
Mistral-7B-Instruct-v0.3__noise00__game_180,agent2,Mistral-7B-Instruct-v0.3,0,một người hợp tác,0.0,AllD|TFT,1.0,0,0.0,1.0,1.0,1.0
Mistral-7B-Instruct-v0.3__noise00__game_181,agent1,Mistral-7B-Instruct-v0.3,0,một người hợp tác,0.0667,AllD,0.9973702430725098,0,0.0,1.0,1.0,1.0
Mistral-7B-Instruct-v0.3__noise00__game_181,agent2,Mistral-7B-Instruct-v0.3,0,một người ích kỷ,0.1667,TFT,0.6542325019836426,0,0.0,1.0,1.0,1.0
Mistral-7B-Instruct-v0.3__noise00__game_182,agent1,Mistral-7B-Instruct-v0.3,0,một người ích kỷ,0.0,AllD|TFT,1.0,0,0.0,1.0,1.0,1.0
Mistral-7B-Instruct-v0.3__noise00__game_182,agent2,Mistral-7B-Instruct-v0.3,0,một người hợp tác,0.0,AllD|TFT,1.0,0,0.0,1.0,1.0,1.0
Mistral-7B-Instruct-v0.3__noise00__game_183,agent1,Mistral-7B-Instruct-v0.3,0,một người ích kỷ,0.0,AllD,1.0,0,0.0,1.0,1.0,1.0
Mistral-7B-Instruct-v0.3__noise00__game_183,agent2,Mistral-7B-Instruct-v0.3,0,một người ích kỷ,0.2,TFT,0.8675850629806519,0,0.0,1.0,1.0,1.0
Mistral-7B-Instruct-v0.3__noise00__game_184,agent1,Mistral-7B-Instruct-v0.3,0,một người hợp tác,0.0,AllD|TFT,1.0,0,0.0,1.0,1.0,1.0
Mistral-7B-Instruct-v0.3__noise00__game_184,agent2,Mistral-7B-Instruct-v0.3,0,một người hợp tác,0.0667,TFT,1.0,0,0.0,1.0,1.0,1.0
Mistral-7B-Instruct-v0.3__noise00__game_185,agent1,Mistral-7B-Instruct-v0.3,0,một người hợp tác,0.0,AllD,1.0,0,0.0,1.0,1.0,1.0
Mistral-7B-Instruct-v0.3__noise00__game_185,agent2,Mistral-7B-Instruct-v0.3,0,một người ích kỷ,0.1667,AllD,0.9705810546875,0,0.0,1.0,1.0,1.0
Mistral-7B-Instruct-v0.3__noise00__game_186,agent1,Mistral-7B-Instruct-v0.3,0,một người ích kỷ,0.4667,AllC,0.9992179870605469,0,0.0,1.0,1.0,1.0
Mistral-7B-Instruct-v0.3__noise00__game_186,agent2,Mistral-7B-Instruct-v0.3,0,một người hợp tác,0.3333,AllC,0.9193105697631836,0,0.0,1.0,1.0,1.0
Mistral-7B-Instruct-v0.3__noise00__game_187,agent1,Mistral-7B-Instruct-v0.3,0,một người ích kỷ,0.0667,TFT,0.967010498046875,0,0.0,1.0,1.0,1.0
Mistral-7B-Instruct-v0.3__noise00__game_187,agent2,Mistral-7B-Instruct-v0.3,0,một người ích kỷ,0.1333,AllD,0.9996212720870972,0,0.0,1.0,1.0,1.0
Mistral-7B-Instruct-v0.3__noise00__game_188,agent1,Mistral-7B-Instruct-v0.3,0,một người hợp tác,0.0,AllD|TFT,1.0,0,0.0,1.0,1.0,1.0
Mistral-7B-Instruct-v0.3__noise00__game_188,agent2,Mistral-7B-Instruct-v0.3,0,một người hợp tác,0.0,AllD|TFT,1.0,0,0.0,1.0,1.0,1.0
Mistral-7B-Instruct-v0.3__noise00__game_189,agent1,Mistral-7B-Instruct-v0.3,0,một người hợp tác,0.0,AllD|TFT,1.0,0,0.0,1.0,1.0,1.0
Mistral-7B-Instruct-v0.3__noise00__game_189,agent2,Mistral-7B-Instruct-v0.3,0,một người ích kỷ,0.0667,TFT,1.0,0,0.0,1.0,1.0,1.0
Mistral-7B-Instruct-v0.3__noise00__game_191,agent1,Mistral-7B-Instruct-v0.3,0,một người ích kỷ,0.0667,TFT,1.0,0,0.0,1.0,1.0,1.0
Mistral-7B-Instruct-v0.3__noise00__game_191,agent2,Mistral-7B-Instruct-v0.3,0,một người ích kỷ,0.0,AllD|TFT,1.0,0,0.0,1.0,1.0,1.0
Mistral-7B-Instruct-v0.3__noise00__game_190,agent1,Mistral-7B-Instruct-v0.3,0,một người ích kỷ,0.1667,WSLS,0.9964039325714111,0,0.0,1.0,1.0,1.0
Mistral-7B-Instruct-v0.3__noise00__game_190,agent2,Mistral-7B-Instruct-v0.3,0,một người hợp tác,0.3,AllC,0.9987686276435852,0,0.0,1.0,1.0,1.0
Mistral-7B-Instruct-v0.3__noise00__game_192,agent1,Mistral-7B-Instruct-v0.3,0,một người hợp tác,0.1,AllD,0.9999938011169434,0,0.0,1.0,1.0,1.0
Mistral-7B-Instruct-v0.3__noise00__game_192,agent2,Mistral-7B-Instruct-v0.3,0,một người hợp tác,0.2,TFT,0.8846933245658875,0,0.0,1.0,1.0,1.0
Mistral-7B-Instruct-v0.3__noise00__game_193,agent1,Mistral-7B-Instruct-v0.3,0,một người hợp tác,0.2667,AllD,0.999982476234436,0,0.0,1.0,1.0,1.0
Mistral-7B-Instruct-v0.3__noise00__game_193,agent2,Mistral-7B-Instruct-v0.3,0,một người ích kỷ,0.8667,WSLS,0.9849334359169006,0,0.0,1.0,1.0,1.0
Mistral-7B-Instruct-v0.3__noise00__game_196,agent1,Mistral-7B-Instruct-v0.3,0,một người hợp tác,0.0,AllD|TFT,1.0,0,0.0,1.0,1.0,1.0
Mistral-7B-Instruct-v0.3__noise00__game_196,agent2,Mistral-7B-Instruct-v0.3,0,một người hợp tác,0.0333,TFT,1.0,0,0.0,1.0,1.0,1.0
Mistral-7B-Instruct-v0.3__noise00__game_194,agent1,Mistral-7B-Instruct-v0.3,0,một người ích kỷ,0.1,AllD,0.9989928603172302,0,0.0,1.0,1.0,1.0
Mistral-7B-Instruct-v0.3__noise00__game_194,agent2,Mistral-7B-Instruct-v0.3,0,một người hợp tác,0.1333,AllD,0.9971619844436646,0,0.0,1.0,1.0,1.0
Mistral-7B-Instruct-v0.3__noise00__game_195,agent1,Mistral-7B-Instruct-v0.3,0,một người ích kỷ,0.0,AllD|TFT,1.0,0,0.0,1.0,1.0,1.0
Mistral-7B-Instruct-v0.3__noise00__game_195,agent2,Mistral-7B-Instruct-v0.3,0,một người ích kỷ,0.0,AllD|TFT,1.0,0,0.0,1.0,1.0,1.0
Mistral-7B-Instruct-v0.3__noise00__game_197,agent1,Mistral-7B-Instruct-v0.3,0,một người hợp tác,0.1,AllD,0.990461528301239,0,0.0,1.0,1.0,1.0
Mistral-7B-Instruct-v0.3__noise00__game_197,agent2,Mistral-7B-Instruct-v0.3,0,một người ích kỷ,0.1,TFT,1.0,0,0.0,1.0,1.0,1.0
Mistral-7B-Instruct-v0.3__noise00__game_200,agent1,Mistral-7B-Instruct-v0.3,0,cooperativo,0.6,AllD,0.8817058801651001,0,0.4,0.0,0.36,0.6206896551724138
Mistral-7B-Instruct-v0.3__noise00__game_200,agent2,Mistral-7B-Instruct-v0.3,0,cooperativo,0.8333,WSLS,0.7225058078765869,1,1.0,0.3333333333333333,0.05555555555555555,0.6896551724137931
Mistral-7B-Instruct-v0.3__noise00__game_199,agent1,Mistral-7B-Instruct-v0.3,0,một người ích kỷ,0.1333,AllD,0.9999912977218628,0,0.0,1.0,1.0,1.0
Mistral-7B-Instruct-v0.3__noise00__game_199,agent2,Mistral-7B-Instruct-v0.3,0,một người ích kỷ,0.5,TFT,0.9435646533966064,0,0.0,1.0,1.0,1.0
Mistral-7B-Instruct-v0.3__noise00__game_201,agent1,Mistral-7B-Instruct-v0.3,0,cooperativo,1.0,AllC,1.0,1,0.9666666666666667,0.0,0.0,0.0
Mistral-7B-Instruct-v0.3__noise00__game_201,agent2,Mistral-7B-Instruct-v0.3,0,egoista,0.0,AllD|WSLS,1.0,0,0.0,0.0,1.0,0.0
Mistral-7B-Instruct-v0.3__noise00__game_198,agent1,Mistral-7B-Instruct-v0.3,0,một người ích kỷ,0.2,WSLS,0.596453845500946,0,0.0,1.0,1.0,1.0
Mistral-7B-Instruct-v0.3__noise00__game_198,agent2,Mistral-7B-Instruct-v0.3,0,một người hợp tác,0.0333,AllD,0.9990043044090271,0,0.0,1.0,1.0,1.0
Mistral-7B-Instruct-v0.3__noise00__game_202,agent1,Mistral-7B-Instruct-v0.3,0,egoista,0.0667,WSLS,1.0,0,0.0,0.0,0.9333333333333333,0.034482758620689655
Mistral-7B-Instruct-v0.3__noise00__game_202,agent2,Mistral-7B-Instruct-v0.3,0,cooperativo,1.0,AllC,1.0,1,0.9642857142857143,0.0,0.0,0.06896551724137931
Mistral-7B-Instruct-v0.3__noise00__game_204,agent1,Mistral-7B-Instruct-v0.3,0,cooperativo,0.8667,TFT,0.6605239510536194,0,1.0,0.0,0.13793103448275862,0.8275862068965517
Mistral-7B-Instruct-v0.3__noise00__game_204,agent2,Mistral-7B-Instruct-v0.3,0,cooperativo,0.9667,WSLS,1.0,1,1.0,0.0,0.038461538461538464,0.8275862068965517
Mistral-7B-Instruct-v0.3__noise00__game_203,agent1,Mistral-7B-Instruct-v0.3,0,egoista,0.0,AllD|TFT,1.0,0,0.0,0.0,1.0,0.9655172413793104
Mistral-7B-Instruct-v0.3__noise00__game_203,agent2,Mistral-7B-Instruct-v0.3,0,egoista,0.0333,TFT,1.0,1,0.0,1.0,0.0,1.0
Mistral-7B-Instruct-v0.3__noise00__game_205,agent1,Mistral-7B-Instruct-v0.3,0,cooperativo,1.0,AllC,1.0,1,0.9666666666666667,0.0,0.0,0.0
Mistral-7B-Instruct-v0.3__noise00__game_205,agent2,Mistral-7B-Instruct-v0.3,0,egoista,0.0,AllD|WSLS,1.0,0,0.0,0.0,1.0,0.0
Mistral-7B-Instruct-v0.3__noise00__game_206,agent1,Mistral-7B-Instruct-v0.3,0,egoista,0.0667,WSLS,1.0,0,0.0,0.0,0.9333333333333333,0.06896551724137931
Mistral-7B-Instruct-v0.3__noise00__game_206,agent2,Mistral-7B-Instruct-v0.3,0,cooperativo,1.0,AllC,1.0,1,0.9642857142857143,0.0,0.0,0.06896551724137931
Mistral-7B-Instruct-v0.3__noise00__game_207,agent1,Mistral-7B-Instruct-v0.3,0,egoista,0.0,AllD|TFT,1.0,0,0.0,1.0,1.0,1.0
Mistral-7B-Instruct-v0.3__noise00__game_207,agent2,Mistral-7B-Instruct-v0.3,0,egoista,0.0,AllD|TFT,1.0,0,0.0,1.0,1.0,1.0
Mistral-7B-Instruct-v0.3__noise00__game_208,agent1,Mistral-7B-Instruct-v0.3,0,cooperativo,1.0,AllC|TFT|WSLS,1.0,1,0.0,0.0,0.0,1.0
Mistral-7B-Instruct-v0.3__noise00__game_208,agent2,Mistral-7B-Instruct-v0.3,0,cooperativo,1.0,AllC|TFT|WSLS,1.0,1,0.0,0.0,0.0,1.0
Mistral-7B-Instruct-v0.3__noise00__game_209,agent1,Mistral-7B-Instruct-v0.3,0,cooperativo,1.0,AllC,1.0,1,0.9642857142857143,0.0,0.0,0.06896551724137931
Mistral-7B-Instruct-v0.3__noise00__game_209,agent2,Mistral-7B-Instruct-v0.3,0,egoista,0.0667,WSLS,1.0,0,0.0,0.0,0.9333333333333333,0.06896551724137931
Mistral-7B-Instruct-v0.3__noise00__game_210,agent1,Mistral-7B-Instruct-v0.3,0,egoista,0.0,AllD|WSLS,1.0,0,0.0,0.0,1.0,0.034482758620689655
Mistral-7B-Instruct-v0.3__noise00__game_210,agent2,Mistral-7B-Instruct-v0.3,0,cooperativo,0.9667,AllC,0.9999995231628418,1,0.9655172413793104,0.03571428571428571,0.0,0.034482758620689655
Mistral-7B-Instruct-v0.3__noise00__game_211,agent1,Mistral-7B-Instruct-v0.3,0,egoista,0.0,AllD|TFT,1.0,0,0.0,1.0,1.0,1.0
Mistral-7B-Instruct-v0.3__noise00__game_211,agent2,Mistral-7B-Instruct-v0.3,0,egoista,0.0,AllD|TFT,1.0,0,0.0,1.0,1.0,1.0
Mistral-7B-Instruct-v0.3__noise00__game_212,agent1,Mistral-7B-Instruct-v0.3,0,cooperativo,1.0,AllC|TFT|WSLS,1.0,1,0.0,0.0,0.0,1.0
Mistral-7B-Instruct-v0.3__noise00__game_212,agent2,Mistral-7B-Instruct-v0.3,0,cooperativo,1.0,AllC|TFT|WSLS,1.0,1,0.0,0.0,0.0,1.0
Mistral-7B-Instruct-v0.3__noise00__game_213,agent1,Mistral-7B-Instruct-v0.3,0,cooperativo,0.9333,AllC,1.0,1,0.9642857142857143,0.07407407407407407,0.0,0.06896551724137931
Mistral-7B-Instruct-v0.3__noise00__game_213,agent2,Mistral-7B-Instruct-v0.3,0,egoista,0.0,AllD|WSLS,1.0,0,0.0,0.0,1.0,0.06896551724137931
Mistral-7B-Instruct-v0.3__noise00__game_215,agent1,Mistral-7B-Instruct-v0.3,0,egoista,0.0333,TFT,1.0,0,0.5,0.5,1.0,0.9655172413793104
Mistral-7B-Instruct-v0.3__noise00__game_215,agent2,Mistral-7B-Instruct-v0.3,0,egoista,0.0,AllD|TFT,1.0,0,0.0,1.0,1.0,0.9655172413793104
Mistral-7B-Instruct-v0.3__noise00__game_214,agent1,Mistral-7B-Instruct-v0.3,0,egoista,0.0,AllD|WSLS,1.0,0,0.0,0.0,1.0,0.10344827586206896
Mistral-7B-Instruct-v0.3__noise00__game_214,agent2,Mistral-7B-Instruct-v0.3,0,cooperativo,0.9,AllC,0.9996942281723022,1,0.9629629629629629,0.11538461538461539,0.0,0.10344827586206896
Mistral-7B-Instruct-v0.3__noise00__game_216,agent1,Mistral-7B-Instruct-v0.3,0,cooperativo,0.5667,TFT,0.834876298904419,0,1.0,1.0,0.39285714285714285,0.6206896551724138
Mistral-7B-Instruct-v0.3__noise00__game_216,agent2,Mistral-7B-Instruct-v0.3,0,cooperativo,0.9333,WSLS,0.6143537759780884,1,0.9166666666666666,0.1,0.05555555555555555,0.5862068965517241
Mistral-7B-Instruct-v0.3__noise00__game_217,agent1,Mistral-7B-Instruct-v0.3,0,cooperativo,1.0,AllC,1.0,1,0.9642857142857143,0.0,0.0,0.06896551724137931
Mistral-7B-Instruct-v0.3__noise00__game_217,agent2,Mistral-7B-Instruct-v0.3,0,egoista,0.0667,WSLS,1.0,0,0.0,0.0,0.9333333333333333,0.06896551724137931
Mistral-7B-Instruct-v0.3__noise00__game_218,agent1,Mistral-7B-Instruct-v0.3,0,egoista,0.0,AllD|WSLS,1.0,0,0.0,0.0,1.0,0.0
Mistral-7B-Instruct-v0.3__noise00__game_218,agent2,Mistral-7B-Instruct-v0.3,0,cooperativo,1.0,AllC,1.0,1,0.9666666666666667,0.0,0.0,0.0
Mistral-7B-Instruct-v0.3__noise00__game_219,agent1,Mistral-7B-Instruct-v0.3,0,egoista,0.0,AllD|TFT,1.0,0,0.0,1.0,1.0,1.0
Mistral-7B-Instruct-v0.3__noise00__game_219,agent2,Mistral-7B-Instruct-v0.3,0,egoista,0.0,AllD|TFT,1.0,0,0.0,1.0,1.0,1.0
Mistral-7B-Instruct-v0.3__noise00__game_220,agent1,Mistral-7B-Instruct-v0.3,0,cooperativo,1.0,AllC|TFT|WSLS,1.0,1,0.0,0.0,0.0,1.0
Mistral-7B-Instruct-v0.3__noise00__game_220,agent2,Mistral-7B-Instruct-v0.3,0,cooperativo,1.0,AllC|TFT|WSLS,1.0,1,0.0,0.0,0.0,1.0
Mistral-7B-Instruct-v0.3__noise00__game_221,agent1,Mistral-7B-Instruct-v0.3,0,cooperativo,1.0,AllC,1.0,1,0.9655172413793104,0.0,0.0,0.034482758620689655
Mistral-7B-Instruct-v0.3__noise00__game_221,agent2,Mistral-7B-Instruct-v0.3,0,egoista,0.0333,WSLS,1.0,0,0.0,0.0,0.9666666666666667,0.034482758620689655
Mistral-7B-Instruct-v0.3__noise00__game_222,agent1,Mistral-7B-Instruct-v0.3,0,egoista,0.0333,WSLS,1.0,0,0.0,0.0,0.9655172413793104,0.034482758620689655
Mistral-7B-Instruct-v0.3__noise00__game_222,agent2,Mistral-7B-Instruct-v0.3,0,cooperativo,0.9667,AllC,0.9999996423721313,1,0.9642857142857143,0.037037037037037035,0.0,0.06896551724137931
Mistral-7B-Instruct-v0.3__noise00__game_223,agent1,Mistral-7B-Instruct-v0.3,0,egoista,0.0,AllD|TFT,1.0,0,0.0,1.0,1.0,1.0
Mistral-7B-Instruct-v0.3__noise00__game_223,agent2,Mistral-7B-Instruct-v0.3,0,egoista,0.0,AllD|TFT,1.0,0,0.0,1.0,1.0,1.0
Mistral-7B-Instruct-v0.3__noise00__game_224,agent1,Mistral-7B-Instruct-v0.3,0,cooperativo,1.0,AllC|TFT|WSLS,1.0,1,0.0,0.0,0.0,1.0
Mistral-7B-Instruct-v0.3__noise00__game_224,agent2,Mistral-7B-Instruct-v0.3,0,cooperativo,1.0,AllC|TFT|WSLS,1.0,1,0.0,0.0,0.0,1.0
Mistral-7B-Instruct-v0.3__noise00__game_225,agent1,Mistral-7B-Instruct-v0.3,0,cooperativo,1.0,AllC,1.0,1,0.9666666666666667,0.0,0.0,0.0
Mistral-7B-Instruct-v0.3__noise00__game_225,agent2,Mistral-7B-Instruct-v0.3,0,egoista,0.0,AllD|WSLS,1.0,0,0.0,0.0,1.0,0.0
Mistral-7B-Instruct-v0.3__noise00__game_227,agent1,Mistral-7B-Instruct-v0.3,0,egoista,0.0,AllD|TFT,1.0,0,0.0,1.0,1.0,0.9310344827586207
Mistral-7B-Instruct-v0.3__noise00__game_227,agent2,Mistral-7B-Instruct-v0.3,0,egoista,0.0667,TFT,1.0,0,0.6666666666666666,0.6666666666666666,1.0,0.9310344827586207
Mistral-7B-Instruct-v0.3__noise00__game_226,agent1,Mistral-7B-Instruct-v0.3,0,egoista,0.0,AllD|WSLS,1.0,0,0.0,0.0,1.0,0.06896551724137931
Mistral-7B-Instruct-v0.3__noise00__game_226,agent2,Mistral-7B-Instruct-v0.3,0,cooperativo,0.9333,AllC,0.9999982118606567,1,0.9642857142857143,0.07407407407407407,0.0,0.06896551724137931
Mistral-7B-Instruct-v0.3__noise00__game_228,agent1,Mistral-7B-Instruct-v0.3,0,cooperativo,1.0,AllC|TFT|WSLS,1.0,1,0.0,0.0,0.0,1.0
Mistral-7B-Instruct-v0.3__noise00__game_228,agent2,Mistral-7B-Instruct-v0.3,0,cooperativo,1.0,AllC|TFT|WSLS,1.0,1,0.0,0.0,0.0,1.0
Mistral-7B-Instruct-v0.3__noise00__game_229,agent1,Mistral-7B-Instruct-v0.3,0,cooperativo,0.9667,AllC,0.9999860525131226,1,0.9642857142857143,0.037037037037037035,0.0,0.06896551724137931
Mistral-7B-Instruct-v0.3__noise00__game_229,agent2,Mistral-7B-Instruct-v0.3,0,egoista,0.0333,WSLS,1.0,0,0.0,0.0,0.9655172413793104,0.034482758620689655
Mistral-7B-Instruct-v0.3__noise00__game_231,agent1,Mistral-7B-Instruct-v0.3,0,egoista,0.0,AllD|TFT,1.0,0,0.0,1.0,1.0,1.0
Mistral-7B-Instruct-v0.3__noise00__game_231,agent2,Mistral-7B-Instruct-v0.3,0,egoista,0.0,AllD|TFT,1.0,0,0.0,1.0,1.0,1.0
Mistral-7B-Instruct-v0.3__noise00__game_230,agent1,Mistral-7B-Instruct-v0.3,0,egoista,0.0,AllD|WSLS,1.0,0,0.0,0.0,1.0,0.06896551724137931
Mistral-7B-Instruct-v0.3__noise00__game_230,agent2,Mistral-7B-Instruct-v0.3,0,cooperativo,0.9333,AllC,0.9999982118606567,1,0.9642857142857143,0.07407407407407407,0.0,0.06896551724137931
Mistral-7B-Instruct-v0.3__noise00__game_232,agent1,Mistral-7B-Instruct-v0.3,0,cooperativo,1.0,AllC|TFT|WSLS,1.0,1,0.0,0.0,0.0,1.0
Mistral-7B-Instruct-v0.3__noise00__game_232,agent2,Mistral-7B-Instruct-v0.3,0,cooperativo,1.0,AllC|TFT|WSLS,1.0,1,0.0,0.0,0.0,1.0
Mistral-7B-Instruct-v0.3__noise00__game_233,agent1,Mistral-7B-Instruct-v0.3,0,cooperativo,1.0,AllC,1.0,1,0.9629629629629629,0.0,0.0,0.10344827586206896
Mistral-7B-Instruct-v0.3__noise00__game_233,agent2,Mistral-7B-Instruct-v0.3,0,egoista,0.1,AllD,0.973102867603302,0,0.0,0.0,0.9,0.10344827586206896
Mistral-7B-Instruct-v0.3__noise00__game_234,agent1,Mistral-7B-Instruct-v0.3,0,egoista,0.0,AllD|WSLS,1.0,0,0.0,0.0,1.0,0.034482758620689655
Mistral-7B-Instruct-v0.3__noise00__game_234,agent2,Mistral-7B-Instruct-v0.3,0,cooperativo,0.9667,AllC,1.0,1,0.9655172413793104,0.03571428571428571,0.0,0.034482758620689655
Mistral-7B-Instruct-v0.3__noise00__game_235,agent1,Mistral-7B-Instruct-v0.3,0,egoista,0.3667,AllD,0.9967799782752991,0,0.8,0.3333333333333333,0.3,0.7931034482758621
Mistral-7B-Instruct-v0.3__noise00__game_235,agent2,Mistral-7B-Instruct-v0.3,0,egoista,0.3,TFT,1.0,0,0.4,0.6666666666666666,0.2727272727272727,0.896551724137931
Mistral-7B-Instruct-v0.3__noise00__game_236,agent1,Mistral-7B-Instruct-v0.3,0,cooperativo,0.9333,TFT,1.0,0,1.0,0.0,0.06896551724137931,0.896551724137931
Mistral-7B-Instruct-v0.3__noise00__game_236,agent2,Mistral-7B-Instruct-v0.3,0,cooperativo,0.9667,TFT|WSLS,1.0,1,1.0,0.0,0.03571428571428571,0.896551724137931
Mistral-7B-Instruct-v0.3__noise00__game_237,agent1,Mistral-7B-Instruct-v0.3,0,cooperativo,1.0,AllC,1.0,1,0.9666666666666667,0.0,0.0,0.0
Mistral-7B-Instruct-v0.3__noise00__game_237,agent2,Mistral-7B-Instruct-v0.3,0,egoista,0.0,AllD|WSLS,1.0,0,0.0,0.0,1.0,0.0
Mistral-7B-Instruct-v0.3__noise00__game_238,agent1,Mistral-7B-Instruct-v0.3,0,egoista,0.0,AllD|WSLS,1.0,0,0.0,0.0,1.0,0.06896551724137931
Mistral-7B-Instruct-v0.3__noise00__game_238,agent2,Mistral-7B-Instruct-v0.3,0,cooperativo,0.9333,AllC,0.999869704246521,1,0.9642857142857143,0.037037037037037035,0.0,0.06896551724137931
Mistral-7B-Instruct-v0.3__noise00__game_239,agent1,Mistral-7B-Instruct-v0.3,0,egoista,0.0,AllD|TFT,1.0,0,0.0,0.0,1.0,0.9310344827586207
Mistral-7B-Instruct-v0.3__noise00__game_239,agent2,Mistral-7B-Instruct-v0.3,0,egoista,0.0667,TFT,1.0,1,0.5,1.0,0.0,0.9655172413793104
Mistral-7B-Instruct-v0.3__noise05__game_1,agent1,Mistral-7B-Instruct-v0.3,5,cooperative,0.2333,TFT,0.8781359791755676,1,0.8571428571428571,0.625,0.0,0.8275862068965517
Mistral-7B-Instruct-v0.3__noise05__game_1,agent2,Mistral-7B-Instruct-v0.3,5,selfish,0.0333,AllD,0.9999247789382935,0,0.14285714285714285,0.0,1.0,0.7241379310344828
Mistral-7B-Instruct-v0.3__noise05__game_0,agent1,Mistral-7B-Instruct-v0.3,5,cooperative,0.9,TFT,1.0,1,1.0,0.0,0.10344827586206896,0.8620689655172413
Mistral-7B-Instruct-v0.3__noise05__game_0,agent2,Mistral-7B-Instruct-v0.3,5,cooperative,0.9667,TFT,1.0,0,1.0,0.0,0.037037037037037035,0.8620689655172413
Mistral-7B-Instruct-v0.3__noise05__game_3,agent1,Mistral-7B-Instruct-v0.3,5,selfish,0.0333,TFT,1.0,0,0.25,1.0,1.0,0.896551724137931
Mistral-7B-Instruct-v0.3__noise05__game_3,agent2,Mistral-7B-Instruct-v0.3,5,selfish,0.0667,TFT,1.0,0,0.5,1.0,1.0,0.896551724137931
Mistral-7B-Instruct-v0.3__noise05__game_2,agent1,Mistral-7B-Instruct-v0.3,5,selfish,0.1,AllD,0.9253318309783936,0,0.2857142857142857,1.0,0.9090909090909091,0.5862068965517241
Mistral-7B-Instruct-v0.3__noise05__game_2,agent2,Mistral-7B-Instruct-v0.3,5,cooperative,0.3333,TFT,0.9980803728103638,1,0.7777777777777778,0.7,0.25,0.7241379310344828
Mistral-7B-Instruct-v0.3__noise05__game_4,agent1,Mistral-7B-Instruct-v0.3,5,cooperative,0.9667,TFT|WSLS,1.0,1,1.0,0.0,0.034482758620689655,0.9310344827586207
Mistral-7B-Instruct-v0.3__noise05__game_4,agent2,Mistral-7B-Instruct-v0.3,5,cooperative,0.9667,TFT|WSLS,1.0,0,1.0,0.0,0.034482758620689655,0.9310344827586207
Mistral-7B-Instruct-v0.3__noise05__game_5,agent1,Mistral-7B-Instruct-v0.3,5,cooperative,0.6667,AllC,1.0,1,0.95,0.19047619047619047,0.0,0.3448275862068966
Mistral-7B-Instruct-v0.3__noise05__game_5,agent2,Mistral-7B-Instruct-v0.3,5,selfish,0.0,AllD,1.0,0,0.0,0.0,1.0,0.3103448275862069
Mistral-7B-Instruct-v0.3__noise05__game_6,agent1,Mistral-7B-Instruct-v0.3,5,selfish,0.0,AllD|WSLS,1.0,0,0.0,0.0,1.0,0.10344827586206896
Mistral-7B-Instruct-v0.3__noise05__game_6,agent2,Mistral-7B-Instruct-v0.3,5,cooperative,0.9,AllC,0.9999825954437256,1,0.9629629629629629,0.11538461538461539,0.0,0.10344827586206896
Mistral-7B-Instruct-v0.3__noise05__game_7,agent1,Mistral-7B-Instruct-v0.3,5,selfish,0.0,AllD|TFT,1.0,0,0.0,1.0,1.0,0.896551724137931
Mistral-7B-Instruct-v0.3__noise05__game_7,agent2,Mistral-7B-Instruct-v0.3,5,selfish,0.1,TFT,1.0,0,0.75,0.75,1.0,0.896551724137931
Mistral-7B-Instruct-v0.3__noise05__game_8,agent1,Mistral-7B-Instruct-v0.3,5,cooperative,0.9,TFT|WSLS,1.0,1,0.6666666666666666,0.5,0.07142857142857142,0.896551724137931
Mistral-7B-Instruct-v0.3__noise05__game_8,agent2,Mistral-7B-Instruct-v0.3,5,cooperative,0.9333,AllC,0.3657553493976593,0,1.0,0.0,0.07407407407407407,0.8275862068965517
Mistral-7B-Instruct-v0.3__noise05__game_9,agent1,Mistral-7B-Instruct-v0.3,5,cooperative,0.9333,AllC,0.9999998807907104,1,1.0,0.038461538461538464,0.5,0.034482758620689655
Mistral-7B-Instruct-v0.3__noise05__game_9,agent2,Mistral-7B-Instruct-v0.3,5,selfish,0.0667,AllD,0.9998156428337097,0,0.04,1.0,0.9285714285714286,0.13793103448275862
Mistral-7B-Instruct-v0.3__noise05__game_10,agent1,Mistral-7B-Instruct-v0.3,5,selfish,0.0667,AllD,0.9986289739608765,0,0.09523809523809523,0.0,0.92,0.2413793103448276
Mistral-7B-Instruct-v0.3__noise05__game_10,agent2,Mistral-7B-Instruct-v0.3,5,cooperative,0.8333,AllC,0.9999982118606567,1,0.9583333333333334,0.18181818181818182,0.0,0.2413793103448276
Mistral-7B-Instruct-v0.3__noise05__game_11,agent1,Mistral-7B-Instruct-v0.3,5,selfish,0.0,AllD|TFT,1.0,0,0.0,1.0,1.0,1.0
Mistral-7B-Instruct-v0.3__noise05__game_11,agent2,Mistral-7B-Instruct-v0.3,5,selfish,0.0,AllD|TFT,1.0,0,0.0,1.0,1.0,1.0
Mistral-7B-Instruct-v0.3__noise05__game_12,agent1,Mistral-7B-Instruct-v0.3,5,cooperative,1.0,AllC,1.0,1,1.0,0.0,0.0,0.8275862068965517
Mistral-7B-Instruct-v0.3__noise05__game_12,agent2,Mistral-7B-Instruct-v0.3,5,cooperative,0.8333,WSLS,0.524857223033905,0,0.0,0.0,0.16666666666666666,0.8275862068965517
Mistral-7B-Instruct-v0.3__noise05__game_13,agent1,Mistral-7B-Instruct-v0.3,5,cooperative,0.9333,AllC,0.9999982118606567,1,1.0,0.07407407407407407,0.0,0.06896551724137931
Mistral-7B-Instruct-v0.3__noise05__game_13,agent2,Mistral-7B-Instruct-v0.3,5,selfish,0.0333,WSLS,1.0,0,0.038461538461538464,0.0,0.9642857142857143,0.10344827586206896
Mistral-7B-Instruct-v0.3__noise05__game_14,agent1,Mistral-7B-Instruct-v0.3,5,selfish,0.1,WSLS,1.0,0,1.0,0.0,0.896551724137931,0.13793103448275862
Mistral-7B-Instruct-v0.3__noise05__game_14,agent2,Mistral-7B-Instruct-v0.3,5,cooperative,0.9667,AllC,1.0,1,1.0,0.038461538461538464,0.0,0.10344827586206896
Mistral-7B-Instruct-v0.3__noise05__game_15,agent1,Mistral-7B-Instruct-v0.3,5,selfish,0.0333,TFT,1.0,0,0.25,1.0,1.0,0.896551724137931
Mistral-7B-Instruct-v0.3__noise05__game_15,agent2,Mistral-7B-Instruct-v0.3,5,selfish,0.0667,TFT,1.0,0,0.5,1.0,1.0,0.896551724137931
Mistral-7B-Instruct-v0.3__noise05__game_16,agent1,Mistral-7B-Instruct-v0.3,5,cooperative,0.9333,TFT,1.0,1,1.0,0.0,0.06896551724137931,0.896551724137931
Mistral-7B-Instruct-v0.3__noise05__game_16,agent2,Mistral-7B-Instruct-v0.3,5,cooperative,0.9667,TFT|WSLS,1.0,0,1.0,0.0,0.03571428571428571,0.896551724137931
Mistral-7B-Instruct-v0.3__noise05__game_17,agent1,Mistral-7B-Instruct-v0.3,5,cooperative,0.9667,AllC,1.0,1,0.9615384615384616,0.0,0.2,0.10344827586206896
Mistral-7B-Instruct-v0.3__noise05__game_17,agent2,Mistral-7B-Instruct-v0.3,5,selfish,0.1333,AllD,0.973102867603302,0,0.3333333333333333,1.0,0.8620689655172413,0.1724137931034483
Mistral-7B-Instruct-v0.3__noise05__game_18,agent1,Mistral-7B-Instruct-v0.3,5,selfish,0.0333,AllD,0.9993809461593628,0,0.0,0.0,0.9629629629629629,0.13793103448275862
Mistral-7B-Instruct-v0.3__noise05__game_18,agent2,Mistral-7B-Instruct-v0.3,5,cooperative,0.9,AllC,0.9999998807907104,1,0.9615384615384616,0.12,0.0,0.13793103448275862
Mistral-7B-Instruct-v0.3__noise05__game_19,agent1,Mistral-7B-Instruct-v0.3,5,selfish,0.0,AllD|TFT,1.0,0,0.0,1.0,1.0,1.0
Mistral-7B-Instruct-v0.3__noise05__game_19,agent2,Mistral-7B-Instruct-v0.3,5,selfish,0.0,AllD|TFT,1.0,0,0.0,1.0,1.0,1.0
Mistral-7B-Instruct-v0.3__noise05__game_21,agent1,Mistral-7B-Instruct-v0.3,5,cooperative,1.0,AllC,1.0,1,0.9655172413793104,0.0,0.0,0.034482758620689655
Mistral-7B-Instruct-v0.3__noise05__game_21,agent2,Mistral-7B-Instruct-v0.3,5,selfish,0.0333,WSLS,1.0,0,0.0,0.0,0.9666666666666667,0.034482758620689655
Mistral-7B-Instruct-v0.3__noise05__game_22,agent1,Mistral-7B-Instruct-v0.3,5,selfish,0.0333,WSLS,1.0,0,0.08333333333333333,0.0,1.0,0.10344827586206896
Mistral-7B-Instruct-v0.3__noise05__game_22,agent2,Mistral-7B-Instruct-v0.3,5,cooperative,0.8667,AllC,0.9831433892250061,1,0.96,0.16,0.0,0.1724137931034483
Mistral-7B-Instruct-v0.3__noise05__game_23,agent1,Mistral-7B-Instruct-v0.3,5,selfish,0.1,AllD,0.9953597187995911,0,0.6,0.6666666666666666,1.0,0.8620689655172413
Mistral-7B-Instruct-v0.3__noise05__game_23,agent2,Mistral-7B-Instruct-v0.3,5,selfish,0.0333,AllD,0.9994181394577026,0,0.2,1.0,1.0,0.8620689655172413
Mistral-7B-Instruct-v0.3__noise05__game_20,agent1,Mistral-7B-Instruct-v0.3,5,cooperative,0.6,WSLS,0.7867331504821777,0,0.5,0.0,0.41379310344827586,0.5517241379310345
Mistral-7B-Instruct-v0.3__noise05__game_20,agent2,Mistral-7B-Instruct-v0.3,5,cooperative,0.9333,AllC,0.9999969005584717,1,1.0,0.0,0.1111111111111111,0.5172413793103449
Mistral-7B-Instruct-v0.3__noise05__game_24,agent1,Mistral-7B-Instruct-v0.3,5,cooperative,1.0,AllC,1.0,1,1.0,0.0,0.0,0.7931034482758621
Mistral-7B-Instruct-v0.3__noise05__game_24,agent2,Mistral-7B-Instruct-v0.3,5,cooperative,0.8,AllC,0.3657553493976593,0,0.0,0.0,0.2,0.7931034482758621
Mistral-7B-Instruct-v0.3__noise05__game_25,agent1,Mistral-7B-Instruct-v0.3,5,cooperative,0.9333,AllC,0.9996942281723022,1,0.9545454545454546,0.09523809523809523,0.0,0.27586206896551724
Mistral-7B-Instruct-v0.3__noise05__game_25,agent2,Mistral-7B-Instruct-v0.3,5,selfish,0.2,AllD,0.999869704246521,0,0.14285714285714285,0.0,0.7857142857142857,0.27586206896551724
Mistral-7B-Instruct-v0.3__noise05__game_26,agent1,Mistral-7B-Instruct-v0.3,5,selfish,0.0667,AllD,0.8582501411437988,0,0.0,0.0,0.9230769230769231,0.1724137931034483
Mistral-7B-Instruct-v0.3__noise05__game_26,agent2,Mistral-7B-Instruct-v0.3,5,cooperative,0.8667,AllC,0.999998927116394,1,0.9583333333333334,0.13043478260869565,0.0,0.20689655172413793
Mistral-7B-Instruct-v0.3__noise05__game_27,agent1,Mistral-7B-Instruct-v0.3,5,selfish,0.1,AllD,0.9909857511520386,0,0.6,1.0,1.0,0.8620689655172413
Mistral-7B-Instruct-v0.3__noise05__game_27,agent2,Mistral-7B-Instruct-v0.3,5,selfish,0.0333,AllD,0.9967799782752991,0,0.2,1.0,1.0,0.8620689655172413
Mistral-7B-Instruct-v0.3__noise05__game_28,agent1,Mistral-7B-Instruct-v0.3,5,cooperative,0.9667,TFT|WSLS,1.0,1,1.0,0.5,0.0,0.9655172413793104
Mistral-7B-Instruct-v0.3__noise05__game_28,agent2,Mistral-7B-Instruct-v0.3,5,cooperative,0.9333,TFT,1.0,0,1.0,0.0,0.06896551724137931,0.896551724137931
Mistral-7B-Instruct-v0.3__noise05__game_30,agent1,Mistral-7B-Instruct-v0.3,5,selfish,0.0333,WSLS,1.0,0,0.07692307692307693,0.0,0.9655172413793104,0.06896551724137931
Mistral-7B-Instruct-v0.3__noise05__game_30,agent2,Mistral-7B-Instruct-v0.3,5,cooperative,0.9667,AllC,0.9999982118606567,1,0.9642857142857143,0.037037037037037035,0.0,0.06896551724137931
Mistral-7B-Instruct-v0.3__noise05__game_31,agent1,Mistral-7B-Instruct-v0.3,5,selfish,0.0333,TFT,1.0,0,0.3333333333333333,1.0,1.0,0.9310344827586207
Mistral-7B-Instruct-v0.3__noise05__game_31,agent2,Mistral-7B-Instruct-v0.3,5,selfish,0.0333,TFT,1.0,0,0.3333333333333333,1.0,1.0,0.9310344827586207
Mistral-7B-Instruct-v0.3__noise05__game_29,agent1,Mistral-7B-Instruct-v0.3,5,cooperative,0.8333,AllC,0.9999896287918091,1,0.9583333333333334,0.14285714285714285,0.25,0.20689655172413793
Mistral-7B-Instruct-v0.3__noise05__game_29,agent2,Mistral-7B-Instruct-v0.3,5,selfish,0.1,AllD,0.9998620748519897,0,0.13333333333333333,1.0,0.88,0.27586206896551724
Mistral-7B-Instruct-v0.3__noise05__game_32,agent1,Mistral-7B-Instruct-v0.3,5,cooperative,0.9667,TFT|WSLS,1.0,1,1.0,0.0,0.03571428571428571,0.896551724137931
Mistral-7B-Instruct-v0.3__noise05__game_32,agent2,Mistral-7B-Instruct-v0.3,5,cooperative,0.9333,TFT,1.0,0,1.0,0.0,0.06896551724137931,0.896551724137931
Mistral-7B-Instruct-v0.3__noise05__game_33,agent1,Mistral-7B-Instruct-v0.3,5,cooperative,0.8,AllC,0.9882102012634277,1,0.9545454545454546,0.23809523809523808,0.0,0.27586206896551724
Mistral-7B-Instruct-v0.3__noise05__game_33,agent2,Mistral-7B-Instruct-v0.3,5,selfish,0.0667,AllD,0.9999098777770996,0,0.1111111111111111,0.0,0.9166666666666666,0.27586206896551724
Mistral-7B-Instruct-v0.3__noise05__game_34,agent1,Mistral-7B-Instruct-v0.3,5,selfish,0.0333,WSLS,1.0,0,0.1111111111111111,0.0,0.9655172413793104,0.06896551724137931
Mistral-7B-Instruct-v0.3__noise05__game_34,agent2,Mistral-7B-Instruct-v0.3,5,cooperative,0.9667,AllC,0.999998927116394,1,0.9642857142857143,0.037037037037037035,0.0,0.06896551724137931
Mistral-7B-Instruct-v0.3__noise05__game_35,agent1,Mistral-7B-Instruct-v0.3,5,selfish,0.0333,TFT,1.0,0,0.0,1.0,0.6666666666666666,0.9310344827586207
Mistral-7B-Instruct-v0.3__noise05__game_35,agent2,Mistral-7B-Instruct-v0.3,5,selfish,0.0667,TFT,1.0,0,0.5,1.0,0.5,0.9310344827586207
Mistral-7B-Instruct-v0.3__noise05__game_36,agent1,Mistral-7B-Instruct-v0.3,5,cooperative,0.9667,TFT|WSLS,1.0,0,0.0,0.0,0.03333333333333333,0.9655172413793104
Mistral-7B-Instruct-v0.3__noise05__game_36,agent2,Mistral-7B-Instruct-v0.3,5,cooperative,1.0,AllC|TFT|WSLS,1.0,1,1.0,0.0,0.0,0.9655172413793104
Mistral-7B-Instruct-v0.3__noise05__game_38,agent1,Mistral-7B-Instruct-v0.3,5,selfish,0.0,AllD|WSLS,1.0,0,0.0,0.0,1.0,0.13793103448275862
Mistral-7B-Instruct-v0.3__noise05__game_38,agent2,Mistral-7B-Instruct-v0.3,5,cooperative,0.8667,AllC,0.9873616695404053,1,0.9615384615384616,0.12,0.0,0.13793103448275862
Mistral-7B-Instruct-v0.3__noise05__game_37,agent1,Mistral-7B-Instruct-v0.3,5,cooperative,0.9333,AllC,0.9999970197677612,1,0.9583333333333334,0.08695652173913043,0.0,0.2413793103448276
Mistral-7B-Instruct-v0.3__noise05__game_37,agent2,Mistral-7B-Instruct-v0.3,5,selfish,0.1667,AllD,0.9998437166213989,0,0.4,0.0,0.8571428571428571,0.1724137931034483
Mistral-7B-Instruct-v0.3__noise05__game_39,agent1,Mistral-7B-Instruct-v0.3,5,selfish,0.0667,TFT,1.0,0,0.5,1.0,1.0,0.896551724137931
Mistral-7B-Instruct-v0.3__noise05__game_39,agent2,Mistral-7B-Instruct-v0.3,5,selfish,0.0333,TFT,1.0,0,0.3333333333333333,1.0,1.0,0.9310344827586207
Mistral-7B-Instruct-v0.3__noise05__game_41,agent1,Mistral-7B-Instruct-v0.3,5,coopératif,0.9333,AllC,0.9999909400939941,0,1.0,0.05555555555555555,0.09090909090909091,0.3793103448275862
Mistral-7B-Instruct-v0.3__noise05__game_41,agent2,Mistral-7B-Instruct-v0.3,5,égoïste,0.3667,AllD,0.9993429780006409,0,1.0,1.0,0.6428571428571429,0.3793103448275862
Mistral-7B-Instruct-v0.3__noise05__game_40,agent1,Mistral-7B-Instruct-v0.3,5,coopératif,1.0,AllC|TFT|WSLS,1.0,1,1.0,0.0,0.0,0.9655172413793104
Mistral-7B-Instruct-v0.3__noise05__game_40,agent2,Mistral-7B-Instruct-v0.3,5,coopératif,0.9667,TFT|WSLS,1.0,0,0.0,0.0,0.03333333333333333,0.9655172413793104
Mistral-7B-Instruct-v0.3__noise05__game_42,agent1,Mistral-7B-Instruct-v0.3,5,égoïste,0.1,AllD,0.9990647435188293,0,0.5,0.0,0.92,0.20689655172413793
Mistral-7B-Instruct-v0.3__noise05__game_42,agent2,Mistral-7B-Instruct-v0.3,5,coopératif,0.8333,AllC,0.9968061447143555,1,0.9545454545454546,0.18181818181818182,0.0,0.27586206896551724
Mistral-7B-Instruct-v0.3__noise05__game_43,agent1,Mistral-7B-Instruct-v0.3,5,égoïste,0.0333,TFT,1.0,0,0.3333333333333333,1.0,1.0,0.9310344827586207
Mistral-7B-Instruct-v0.3__noise05__game_43,agent2,Mistral-7B-Instruct-v0.3,5,égoïste,0.0333,TFT,1.0,0,0.3333333333333333,1.0,1.0,0.9310344827586207
Mistral-7B-Instruct-v0.3__noise05__game_44,agent1,Mistral-7B-Instruct-v0.3,5,coopératif,1.0,AllC|TFT|WSLS,1.0,1,1.0,0.0,0.0,0.9310344827586207
Mistral-7B-Instruct-v0.3__noise05__game_44,agent2,Mistral-7B-Instruct-v0.3,5,coopératif,0.9333,TFT|WSLS,1.0,0,0.0,0.0,0.06666666666666667,0.9310344827586207
Mistral-7B-Instruct-v0.3__noise05__game_45,agent1,Mistral-7B-Instruct-v0.3,5,coopératif,0.9333,AllC,0.9999997615814209,1,0.9629629629629629,0.04,0.3333333333333333,0.06896551724137931
Mistral-7B-Instruct-v0.3__noise05__game_45,agent2,Mistral-7B-Instruct-v0.3,5,égoïste,0.0667,AllD,0.9992017149925232,0,0.14285714285714285,1.0,0.9285714285714286,0.13793103448275862
Mistral-7B-Instruct-v0.3__noise05__game_46,agent1,Mistral-7B-Instruct-v0.3,5,égoïste,0.0333,AllD,0.9986289739608765,0,0.043478260869565216,0.0,0.9615384615384616,0.1724137931034483
Mistral-7B-Instruct-v0.3__noise05__game_46,agent2,Mistral-7B-Instruct-v0.3,5,coopératif,0.8667,AllC,0.9999982118606567,1,0.96,0.16666666666666666,0.0,0.1724137931034483
Mistral-7B-Instruct-v0.3__noise05__game_47,agent1,Mistral-7B-Instruct-v0.3,5,égoïste,0.0333,TFT,1.0,0,0.5,1.0,1.0,0.9655172413793104
Mistral-7B-Instruct-v0.3__noise05__game_47,agent2,Mistral-7B-Instruct-v0.3,5,égoïste,0.0333,TFT,1.0,0,0.3333333333333333,1.0,1.0,0.9310344827586207
Mistral-7B-Instruct-v0.3__noise05__game_48,agent1,Mistral-7B-Instruct-v0.3,5,coopératif,0.8667,AllC,0.9537000060081482,0,0.8333333333333334,0.25,0.12,0.7586206896551724
Mistral-7B-Instruct-v0.3__noise05__game_48,agent2,Mistral-7B-Instruct-v0.3,5,coopératif,0.8333,WSLS,0.7749246954917908,0,0.6666666666666666,0.3333333333333333,0.15384615384615385,0.7586206896551724
Mistral-7B-Instruct-v0.3__noise05__game_50,agent1,Mistral-7B-Instruct-v0.3,5,égoïste,0.0667,WSLS,1.0,0,0.2,0.0,0.9310344827586207,0.10344827586206896
Mistral-7B-Instruct-v0.3__noise05__game_50,agent2,Mistral-7B-Instruct-v0.3,5,coopératif,0.9667,AllC,1.0,1,0.9642857142857143,0.038461538461538464,0.0,0.10344827586206896
Mistral-7B-Instruct-v0.3__noise05__game_49,agent1,Mistral-7B-Instruct-v0.3,5,coopératif,0.9,AllC,0.9999996423721313,1,0.9615384615384616,0.12,0.0,0.13793103448275862
Mistral-7B-Instruct-v0.3__noise05__game_49,agent2,Mistral-7B-Instruct-v0.3,5,égoïste,0.0333,AllD,0.9723701477050781,0,0.08333333333333333,0.0,0.9629629629629629,0.13793103448275862
Mistral-7B-Instruct-v0.3__noise05__game_51,agent1,Mistral-7B-Instruct-v0.3,5,égoïste,0.0,AllD,1.0,0,0.0,0.0,1.0,0.8620689655172413
Mistral-7B-Instruct-v0.3__noise05__game_51,agent2,Mistral-7B-Instruct-v0.3,5,égoïste,0.1333,TFT,1.0,1,0.75,1.0,0.0,0.896551724137931
Mistral-7B-Instruct-v0.3__noise05__game_52,agent1,Mistral-7B-Instruct-v0.3,5,coopératif,0.9,TFT,1.0,0,1.0,0.0,0.10344827586206896,0.896551724137931
Mistral-7B-Instruct-v0.3__noise05__game_52,agent2,Mistral-7B-Instruct-v0.3,5,coopératif,0.9667,TFT,1.0,1,1.0,0.0,0.037037037037037035,0.8620689655172413
Mistral-7B-Instruct-v0.3__noise05__game_53,agent1,Mistral-7B-Instruct-v0.3,5,coopératif,0.9667,AllC,0.9999998807907104,1,0.9615384615384616,0.04,0.0,0.13793103448275862
Mistral-7B-Instruct-v0.3__noise05__game_53,agent2,Mistral-7B-Instruct-v0.3,5,égoïste,0.1,AllD,0.9987454414367676,0,0.1,0.0,0.896551724137931,0.13793103448275862
Mistral-7B-Instruct-v0.3__noise05__game_54,agent1,Mistral-7B-Instruct-v0.3,5,égoïste,0.0,AllD|WSLS,1.0,0,0.0,0.0,1.0,0.06896551724137931
Mistral-7B-Instruct-v0.3__noise05__game_54,agent2,Mistral-7B-Instruct-v0.3,5,coopératif,0.9333,AllC,1.0,1,0.9642857142857143,0.07407407407407407,0.0,0.06896551724137931
Mistral-7B-Instruct-v0.3__noise05__game_55,agent1,Mistral-7B-Instruct-v0.3,5,égoïste,0.0333,TFT,1.0,0,0.0,1.0,0.6666666666666666,0.9310344827586207
Mistral-7B-Instruct-v0.3__noise05__game_55,agent2,Mistral-7B-Instruct-v0.3,5,égoïste,0.0667,TFT,1.0,0,0.5,0.5,0.5,0.9310344827586207
Mistral-7B-Instruct-v0.3__noise05__game_56,agent1,Mistral-7B-Instruct-v0.3,5,coopératif,0.9667,TFT,1.0,1,1.0,0.0,0.037037037037037035,0.8620689655172413
Mistral-7B-Instruct-v0.3__noise05__game_56,agent2,Mistral-7B-Instruct-v0.3,5,coopératif,0.9,TFT,1.0,0,1.0,0.0,0.10344827586206896,0.8620689655172413
Mistral-7B-Instruct-v0.3__noise05__game_57,agent1,Mistral-7B-Instruct-v0.3,5,coopératif,0.9667,AllC,0.9999998807907104,1,0.9615384615384616,0.038461538461538464,0.0,0.13793103448275862
Mistral-7B-Instruct-v0.3__noise05__game_57,agent2,Mistral-7B-Instruct-v0.3,5,égoïste,0.1,AllD,0.9977239966392517,0,0.0,0.0,0.896551724137931,0.13793103448275862
Mistral-7B-Instruct-v0.3__noise05__game_59,agent1,Mistral-7B-Instruct-v0.3,5,égoïste,0.0333,TFT,1.0,0,0.5,1.0,0.5,1.0
Mistral-7B-Instruct-v0.3__noise05__game_59,agent2,Mistral-7B-Instruct-v0.3,5,égoïste,0.0333,TFT,1.0,0,0.3333333333333333,1.0,1.0,0.9310344827586207
Mistral-7B-Instruct-v0.3__noise05__game_58,agent1,Mistral-7B-Instruct-v0.3,5,égoïste,0.1,AllD,0.9723701477050781,0,0.5,0.0,0.9285714285714286,0.10344827586206896
Mistral-7B-Instruct-v0.3__noise05__game_58,agent2,Mistral-7B-Instruct-v0.3,5,coopératif,0.9333,AllC,1.0,1,1.0,0.07692307692307693,0.0,0.13793103448275862
Mistral-7B-Instruct-v0.3__noise05__game_60,agent1,Mistral-7B-Instruct-v0.3,5,coopératif,0.9,TFT,1.0,1,1.0,0.0,0.10344827586206896,0.8620689655172413
Mistral-7B-Instruct-v0.3__noise05__game_60,agent2,Mistral-7B-Instruct-v0.3,5,coopératif,0.9667,TFT,1.0,0,1.0,0.0,0.037037037037037035,0.8620689655172413
Mistral-7B-Instruct-v0.3__noise05__game_62,agent1,Mistral-7B-Instruct-v0.3,5,égoïste,0.0333,AllD,0.9992017149925232,0,0.05555555555555555,1.0,0.9629629629629629,0.13793103448275862
Mistral-7B-Instruct-v0.3__noise05__game_62,agent2,Mistral-7B-Instruct-v0.3,5,coopératif,0.9,AllC,0.9999997615814209,1,0.9629629629629629,0.08,0.5,0.06896551724137931
Mistral-7B-Instruct-v0.3__noise05__game_61,agent1,Mistral-7B-Instruct-v0.3,5,coopératif,0.1667,TFT,0.5010469555854797,1,0.6666666666666666,0.3333333333333333,0.5,0.8275862068965517
Mistral-7B-Instruct-v0.3__noise05__game_61,agent2,Mistral-7B-Instruct-v0.3,5,égoïste,0.0333,AllD,0.9999887943267822,0,0.5,1.0,1.0,0.7931034482758621
Mistral-7B-Instruct-v0.3__noise05__game_63,agent1,Mistral-7B-Instruct-v0.3,5,égoïste,0.0667,AllD,0.9997268319129944,0,0.4,1.0,1.0,0.8620689655172413
Mistral-7B-Instruct-v0.3__noise05__game_63,agent2,Mistral-7B-Instruct-v0.3,5,égoïste,0.0667,TFT,1.0,0,0.5,1.0,0.6666666666666666,0.9310344827586207
Mistral-7B-Instruct-v0.3__noise05__game_64,agent1,Mistral-7B-Instruct-v0.3,5,coopératif,0.9333,AllC,0.9072801470756531,0,1.0,0.0,0.07692307692307693,0.7931034482758621
Mistral-7B-Instruct-v0.3__noise05__game_64,agent2,Mistral-7B-Instruct-v0.3,5,coopératif,0.8667,TFT,1.0,1,1.0,0.5,0.10714285714285714,0.8620689655172413
Mistral-7B-Instruct-v0.3__noise05__game_65,agent1,Mistral-7B-Instruct-v0.3,5,coopératif,0.9,AllC,0.9999996423721313,1,0.9615384615384616,0.08695652173913043,0.25,0.13793103448275862
Mistral-7B-Instruct-v0.3__noise05__game_65,agent2,Mistral-7B-Instruct-v0.3,5,égoïste,0.1,AllD,0.973102867603302,0,0.2,1.0,0.8888888888888888,0.20689655172413793
Mistral-7B-Instruct-v0.3__noise05__game_66,agent1,Mistral-7B-Instruct-v0.3,5,égoïste,0.0,AllD|WSLS,1.0,0,0.0,0.0,1.0,0.13793103448275862
Mistral-7B-Instruct-v0.3__noise05__game_66,agent2,Mistral-7B-Instruct-v0.3,5,coopératif,0.8667,AllC,0.9999387264251709,1,0.9615384615384616,0.12,0.0,0.13793103448275862
Mistral-7B-Instruct-v0.3__noise05__game_67,agent1,Mistral-7B-Instruct-v0.3,5,égoïste,0.0667,TFT,1.0,0,0.5,1.0,1.0,0.896551724137931
Mistral-7B-Instruct-v0.3__noise05__game_67,agent2,Mistral-7B-Instruct-v0.3,5,égoïste,0.0333,TFT,1.0,0,0.25,1.0,1.0,0.896551724137931
Mistral-7B-Instruct-v0.3__noise05__game_68,agent1,Mistral-7B-Instruct-v0.3,5,coopératif,0.9333,TFT,1.0,1,1.0,0.0,0.06896551724137931,0.896551724137931
Mistral-7B-Instruct-v0.3__noise05__game_68,agent2,Mistral-7B-Instruct-v0.3,5,coopératif,0.9667,TFT|WSLS,1.0,0,1.0,0.0,0.03571428571428571,0.896551724137931
Mistral-7B-Instruct-v0.3__noise05__game_69,agent1,Mistral-7B-Instruct-v0.3,5,coopératif,0.9,AllC,0.9999990463256836,1,1.0,0.09523809523809523,0.14285714285714285,0.2413793103448276
Mistral-7B-Instruct-v0.3__noise05__game_69,agent2,Mistral-7B-Instruct-v0.3,5,égoïste,0.2333,AllD,0.995830237865448,0,0.4,1.0,0.7777777777777778,0.27586206896551724
Mistral-7B-Instruct-v0.3__noise05__game_70,agent1,Mistral-7B-Instruct-v0.3,5,égoïste,0.0,AllD|WSLS,1.0,0,0.0,0.0,1.0,0.034482758620689655
Mistral-7B-Instruct-v0.3__noise05__game_70,agent2,Mistral-7B-Instruct-v0.3,5,coopératif,0.9667,AllC,0.9999982118606567,1,0.9655172413793104,0.03571428571428571,0.0,0.034482758620689655
Mistral-7B-Instruct-v0.3__noise05__game_71,agent1,Mistral-7B-Instruct-v0.3,5,égoïste,0.0667,AllD,0.9998577833175659,0,0.4,1.0,1.0,0.8275862068965517
Mistral-7B-Instruct-v0.3__noise05__game_71,agent2,Mistral-7B-Instruct-v0.3,5,égoïste,0.1,TFT,1.0,1,0.4,1.0,0.6666666666666666,0.8620689655172413
Mistral-7B-Instruct-v0.3__noise05__game_72,agent1,Mistral-7B-Instruct-v0.3,5,coopératif,0.9667,TFT|WSLS,1.0,0,1.0,0.0,0.034482758620689655,0.9310344827586207
Mistral-7B-Instruct-v0.3__noise05__game_72,agent2,Mistral-7B-Instruct-v0.3,5,coopératif,0.9667,TFT|WSLS,1.0,1,1.0,0.0,0.034482758620689655,0.9310344827586207
Mistral-7B-Instruct-v0.3__noise05__game_73,agent1,Mistral-7B-Instruct-v0.3,5,coopératif,0.9,AllC,0.9999995231628418,1,0.9629629629629629,0.11538461538461539,0.0,0.10344827586206896
Mistral-7B-Instruct-v0.3__noise05__game_73,agent2,Mistral-7B-Instruct-v0.3,5,égoïste,0.0,AllD|WSLS,1.0,0,0.0,0.0,1.0,0.10344827586206896
Mistral-7B-Instruct-v0.3__noise05__game_74,agent1,Mistral-7B-Instruct-v0.3,5,égoïste,0.0333,AllD,0.9991680383682251,0,0.09090909090909091,0.0,0.96,0.20689655172413793
Mistral-7B-Instruct-v0.3__noise05__game_74,agent2,Mistral-7B-Instruct-v0.3,5,coopératif,0.8333,AllC,0.9999992847442627,1,0.9583333333333334,0.17391304347826086,0.0,0.20689655172413793
Mistral-7B-Instruct-v0.3__noise05__game_75,agent1,Mistral-7B-Instruct-v0.3,5,égoïste,0.0333,TFT,1.0,0,0.3333333333333333,1.0,1.0,0.9310344827586207
Mistral-7B-Instruct-v0.3__noise05__game_75,agent2,Mistral-7B-Instruct-v0.3,5,égoïste,0.0333,TFT,1.0,0,0.5,0.5,1.0,0.9655172413793104
Mistral-7B-Instruct-v0.3__noise05__game_76,agent1,Mistral-7B-Instruct-v0.3,5,coopératif,0.9333,TFT|WSLS,1.0,0,0.0,0.0,0.06666666666666667,0.9310344827586207
Mistral-7B-Instruct-v0.3__noise05__game_76,agent2,Mistral-7B-Instruct-v0.3,5,coopératif,1.0,AllC|TFT|WSLS,1.0,1,1.0,0.0,0.0,0.9310344827586207
Mistral-7B-Instruct-v0.3__noise05__game_77,agent1,Mistral-7B-Instruct-v0.3,5,coopératif,0.9333,AllC,1.0,1,0.9642857142857143,0.07407407407407407,0.0,0.06896551724137931
Mistral-7B-Instruct-v0.3__noise05__game_77,agent2,Mistral-7B-Instruct-v0.3,5,égoïste,0.0,AllD|WSLS,1.0,0,0.0,0.0,1.0,0.06896551724137931
Mistral-7B-Instruct-v0.3__noise05__game_78,agent1,Mistral-7B-Instruct-v0.3,5,égoïste,0.0333,WSLS,1.0,0,0.07142857142857142,0.0,0.9642857142857143,0.10344827586206896
Mistral-7B-Instruct-v0.3__noise05__game_78,agent2,Mistral-7B-Instruct-v0.3,5,coopératif,0.9333,AllC,0.9999996423721313,1,0.9629629629629629,0.07692307692307693,0.0,0.10344827586206896
Mistral-7B-Instruct-v0.3__noise05__game_79,agent1,Mistral-7B-Instruct-v0.3,5,égoïste,0.4,AllD,0.9996212720870972,0,0.8,0.0,0.2727272727272727,0.7931034482758621
Mistral-7B-Instruct-v0.3__noise05__game_79,agent2,Mistral-7B-Instruct-v0.3,5,égoïste,0.3667,TFT,1.0,1,0.6666666666666666,1.0,0.16666666666666666,0.896551724137931
Mistral-7B-Instruct-v0.3__noise05__game_81,agent1,Mistral-7B-Instruct-v0.3,5,متعاون,1.0,AllC|TFT|WSLS,1.0,0,0.0,1.0,1.0,1.0
Mistral-7B-Instruct-v0.3__noise05__game_81,agent2,Mistral-7B-Instruct-v0.3,5,أناني,0.8667,TFT,1.0,0,0.0,1.0,1.0,1.0
Mistral-7B-Instruct-v0.3__noise05__game_80,agent1,Mistral-7B-Instruct-v0.3,5,متعاون,0.9667,AllC,0.9772095084190369,0,0.0,1.0,1.0,1.0
Mistral-7B-Instruct-v0.3__noise05__game_80,agent2,Mistral-7B-Instruct-v0.3,5,متعاون,0.7667,AllC,0.7881522178649902,0,0.0,1.0,1.0,1.0
Mistral-7B-Instruct-v0.3__noise05__game_83,agent1,Mistral-7B-Instruct-v0.3,5,أناني,0.9333,TFT,1.0,0,0.0,1.0,1.0,1.0
Mistral-7B-Instruct-v0.3__noise05__game_83,agent2,Mistral-7B-Instruct-v0.3,5,أناني,0.9333,TFT|WSLS,1.0,0,0.0,1.0,1.0,1.0
Mistral-7B-Instruct-v0.3__noise05__game_82,agent1,Mistral-7B-Instruct-v0.3,5,أناني,0.9333,TFT|WSLS,1.0,0,0.0,1.0,1.0,1.0
Mistral-7B-Instruct-v0.3__noise05__game_82,agent2,Mistral-7B-Instruct-v0.3,5,متعاون,1.0,AllC|TFT|WSLS,1.0,0,0.0,1.0,1.0,1.0
Mistral-7B-Instruct-v0.3__noise05__game_86,agent1,Mistral-7B-Instruct-v0.3,5,أناني,0.9333,TFT|WSLS,1.0,0,0.0,1.0,1.0,1.0
Mistral-7B-Instruct-v0.3__noise05__game_86,agent2,Mistral-7B-Instruct-v0.3,5,متعاون,0.9667,TFT|WSLS,1.0,0,0.0,1.0,1.0,1.0
Mistral-7B-Instruct-v0.3__noise05__game_84,agent1,Mistral-7B-Instruct-v0.3,5,متعاون,0.9333,TFT|WSLS,1.0,0,0.0,1.0,1.0,1.0
Mistral-7B-Instruct-v0.3__noise05__game_84,agent2,Mistral-7B-Instruct-v0.3,5,متعاون,1.0,AllC|TFT|WSLS,1.0,0,0.0,1.0,1.0,1.0
Mistral-7B-Instruct-v0.3__noise05__game_87,agent1,Mistral-7B-Instruct-v0.3,5,أناني,0.8333,AllC,0.8569055795669556,0,0.0,1.0,1.0,1.0
Mistral-7B-Instruct-v0.3__noise05__game_87,agent2,Mistral-7B-Instruct-v0.3,5,أناني,0.8,WSLS,0.5218596458435059,0,0.0,1.0,1.0,1.0
Mistral-7B-Instruct-v0.3__noise05__game_85,agent1,Mistral-7B-Instruct-v0.3,5,متعاون,0.9667,TFT|WSLS,1.0,0,0.0,1.0,1.0,1.0
Mistral-7B-Instruct-v0.3__noise05__game_85,agent2,Mistral-7B-Instruct-v0.3,5,أناني,0.9333,TFT,1.0,0,0.0,1.0,1.0,1.0
Mistral-7B-Instruct-v0.3__noise05__game_88,agent1,Mistral-7B-Instruct-v0.3,5,متعاون,0.9333,AllC,0.9985072016716003,0,0.0,1.0,1.0,1.0
Mistral-7B-Instruct-v0.3__noise05__game_88,agent2,Mistral-7B-Instruct-v0.3,5,متعاون,0.8667,AllC,0.86644446849823,0,0.0,1.0,1.0,1.0
Mistral-7B-Instruct-v0.3__noise05__game_89,agent1,Mistral-7B-Instruct-v0.3,5,متعاون,0.6333,AllC,0.9999973773956299,0,0.0,1.0,1.0,1.0
Mistral-7B-Instruct-v0.3__noise05__game_89,agent2,Mistral-7B-Instruct-v0.3,5,أناني,0.2667,AllD,0.9365267753601074,0,0.0,1.0,1.0,1.0
Mistral-7B-Instruct-v0.3__noise05__game_91,agent1,Mistral-7B-Instruct-v0.3,5,أناني,0.5333,AllC,0.32513222098350525,0,0.0,1.0,1.0,1.0
Mistral-7B-Instruct-v0.3__noise05__game_91,agent2,Mistral-7B-Instruct-v0.3,5,أناني,0.6,AllC,0.9999545812606812,0,0.0,1.0,1.0,1.0
Mistral-7B-Instruct-v0.3__noise05__game_90,agent1,Mistral-7B-Instruct-v0.3,5,أناني,0.9667,TFT|WSLS,1.0,0,0.0,1.0,1.0,1.0
Mistral-7B-Instruct-v0.3__noise05__game_90,agent2,Mistral-7B-Instruct-v0.3,5,متعاون,0.9667,TFT|WSLS,1.0,0,0.0,1.0,1.0,1.0
Mistral-7B-Instruct-v0.3__noise05__game_93,agent1,Mistral-7B-Instruct-v0.3,5,متعاون,0.9,AllC,0.3657553493976593,0,0.0,1.0,1.0,1.0
Mistral-7B-Instruct-v0.3__noise05__game_93,agent2,Mistral-7B-Instruct-v0.3,5,أناني,0.8,AllC,0.3657553493976593,0,0.0,1.0,1.0,1.0
Mistral-7B-Instruct-v0.3__noise05__game_92,agent1,Mistral-7B-Instruct-v0.3,5,متعاون,0.9,AllC,0.9970049262046814,0,0.0,1.0,1.0,1.0
Mistral-7B-Instruct-v0.3__noise05__game_92,agent2,Mistral-7B-Instruct-v0.3,5,متعاون,0.9333,TFT|WSLS,1.0,0,0.0,1.0,1.0,1.0
Mistral-7B-Instruct-v0.3__noise05__game_94,agent1,Mistral-7B-Instruct-v0.3,5,أناني,0.8667,AllC,0.9948738217353821,0,0.0,1.0,1.0,1.0
Mistral-7B-Instruct-v0.3__noise05__game_94,agent2,Mistral-7B-Instruct-v0.3,5,متعاون,0.9,AllC,0.7614536285400391,0,0.0,1.0,1.0,1.0
Mistral-7B-Instruct-v0.3__noise05__game_95,agent1,Mistral-7B-Instruct-v0.3,5,أناني,0.6,AllD,0.825847327709198,0,0.0,1.0,1.0,1.0
Mistral-7B-Instruct-v0.3__noise05__game_95,agent2,Mistral-7B-Instruct-v0.3,5,أناني,0.6667,AllC,0.8673560619354248,0,0.0,1.0,1.0,1.0
Mistral-7B-Instruct-v0.3__noise05__game_96,agent1,Mistral-7B-Instruct-v0.3,5,متعاون,0.7667,TFT,0.4007895290851593,0,0.0,1.0,1.0,1.0
Mistral-7B-Instruct-v0.3__noise05__game_96,agent2,Mistral-7B-Instruct-v0.3,5,متعاون,0.6667,AllC,0.9630346894264221,0,0.0,1.0,1.0,1.0
Mistral-7B-Instruct-v0.3__noise05__game_97,agent1,Mistral-7B-Instruct-v0.3,5,متعاون,0.9333,TFT|WSLS,1.0,0,0.0,1.0,1.0,1.0
Mistral-7B-Instruct-v0.3__noise05__game_97,agent2,Mistral-7B-Instruct-v0.3,5,أناني,1.0,AllC|TFT|WSLS,1.0,0,0.0,1.0,1.0,1.0
Mistral-7B-Instruct-v0.3__noise05__game_99,agent1,Mistral-7B-Instruct-v0.3,5,أناني,0.9,AllC,0.9937844276428223,0,0.0,1.0,1.0,1.0
Mistral-7B-Instruct-v0.3__noise05__game_99,agent2,Mistral-7B-Instruct-v0.3,5,أناني,0.9333,AllC,0.955138087272644,0,0.0,1.0,1.0,1.0
Mistral-7B-Instruct-v0.3__noise05__game_98,agent1,Mistral-7B-Instruct-v0.3,5,أناني,0.9667,TFT|WSLS,1.0,0,0.0,1.0,1.0,1.0
Mistral-7B-Instruct-v0.3__noise05__game_98,agent2,Mistral-7B-Instruct-v0.3,5,متعاون,0.9667,TFT|WSLS,1.0,0,0.0,1.0,1.0,1.0
Mistral-7B-Instruct-v0.3__noise05__game_100,agent1,Mistral-7B-Instruct-v0.3,5,متعاون,0.9667,TFT|WSLS,1.0,0,0.0,1.0,1.0,1.0
Mistral-7B-Instruct-v0.3__noise05__game_100,agent2,Mistral-7B-Instruct-v0.3,5,متعاون,1.0,AllC|TFT|WSLS,1.0,0,0.0,1.0,1.0,1.0
Mistral-7B-Instruct-v0.3__noise05__game_101,agent1,Mistral-7B-Instruct-v0.3,5,متعاون,0.9,TFT,1.0,0,0.0,1.0,1.0,1.0
Mistral-7B-Instruct-v0.3__noise05__game_101,agent2,Mistral-7B-Instruct-v0.3,5,أناني,0.9,AllC,0.86644446849823,0,0.0,1.0,1.0,1.0
Mistral-7B-Instruct-v0.3__noise05__game_102,agent1,Mistral-7B-Instruct-v0.3,5,أناني,0.2333,AllD,0.7619232535362244,0,0.0,1.0,1.0,1.0
Mistral-7B-Instruct-v0.3__noise05__game_102,agent2,Mistral-7B-Instruct-v0.3,5,متعاون,0.3667,TFT,0.7484220266342163,0,0.0,1.0,1.0,1.0
Mistral-7B-Instruct-v0.3__noise05__game_103,agent1,Mistral-7B-Instruct-v0.3,5,أناني,0.9667,TFT|WSLS,1.0,0,0.0,1.0,1.0,1.0
Mistral-7B-Instruct-v0.3__noise05__game_103,agent2,Mistral-7B-Instruct-v0.3,5,أناني,1.0,AllC|TFT|WSLS,1.0,0,0.0,1.0,1.0,1.0
Mistral-7B-Instruct-v0.3__noise05__game_105,agent1,Mistral-7B-Instruct-v0.3,5,متعاون,0.9333,TFT,1.0,0,0.0,1.0,1.0,1.0
Mistral-7B-Instruct-v0.3__noise05__game_105,agent2,Mistral-7B-Instruct-v0.3,5,أناني,0.9333,TFT,1.0,0,0.0,1.0,1.0,1.0
Mistral-7B-Instruct-v0.3__noise05__game_104,agent1,Mistral-7B-Instruct-v0.3,5,متعاون,0.8333,AllC,0.994631290435791,0,0.0,1.0,1.0,1.0
Mistral-7B-Instruct-v0.3__noise05__game_104,agent2,Mistral-7B-Instruct-v0.3,5,متعاون,0.9333,AllC,0.7791600227355957,0,0.0,1.0,1.0,1.0
Mistral-7B-Instruct-v0.3__noise05__game_107,agent1,Mistral-7B-Instruct-v0.3,5,أناني,0.8333,TFT,0.8658992052078247,0,0.0,1.0,1.0,1.0
Mistral-7B-Instruct-v0.3__noise05__game_107,agent2,Mistral-7B-Instruct-v0.3,5,أناني,0.8333,AllC,0.999964714050293,0,0.0,1.0,1.0,1.0
Mistral-7B-Instruct-v0.3__noise05__game_106,agent1,Mistral-7B-Instruct-v0.3,5,أناني,0.8,TFT,0.5430467128753662,0,0.0,1.0,1.0,1.0
Mistral-7B-Instruct-v0.3__noise05__game_106,agent2,Mistral-7B-Instruct-v0.3,5,متعاون,0.9333,AllC,0.9995964169502258,0,0.0,1.0,1.0,1.0
Mistral-7B-Instruct-v0.3__noise05__game_108,agent1,Mistral-7B-Instruct-v0.3,5,متعاون,0.9333,TFT,1.0,0,0.0,1.0,1.0,1.0
Mistral-7B-Instruct-v0.3__noise05__game_108,agent2,Mistral-7B-Instruct-v0.3,5,متعاون,0.9333,TFT,1.0,0,0.0,1.0,1.0,1.0
Mistral-7B-Instruct-v0.3__noise05__game_111,agent1,Mistral-7B-Instruct-v0.3,5,أناني,1.0,AllC|TFT|WSLS,1.0,0,0.0,1.0,1.0,1.0
Mistral-7B-Instruct-v0.3__noise05__game_111,agent2,Mistral-7B-Instruct-v0.3,5,أناني,0.9667,TFT|WSLS,1.0,0,0.0,1.0,1.0,1.0
Mistral-7B-Instruct-v0.3__noise05__game_110,agent1,Mistral-7B-Instruct-v0.3,5,أناني,0.9333,TFT,1.0,0,0.0,1.0,1.0,1.0
Mistral-7B-Instruct-v0.3__noise05__game_110,agent2,Mistral-7B-Instruct-v0.3,5,متعاون,0.9,TFT,1.0,0,0.0,1.0,1.0,1.0
Mistral-7B-Instruct-v0.3__noise05__game_109,agent1,Mistral-7B-Instruct-v0.3,5,متعاون,0.9333,TFT,1.0,0,0.0,1.0,1.0,1.0
Mistral-7B-Instruct-v0.3__noise05__game_109,agent2,Mistral-7B-Instruct-v0.3,5,أناني,0.9333,TFT,1.0,0,0.0,1.0,1.0,1.0
Mistral-7B-Instruct-v0.3__noise05__game_112,agent1,Mistral-7B-Instruct-v0.3,5,متعاون,0.9333,AllC,0.3657553493976593,0,0.0,1.0,1.0,1.0
Mistral-7B-Instruct-v0.3__noise05__game_112,agent2,Mistral-7B-Instruct-v0.3,5,متعاون,0.9,WSLS,1.0,0,0.0,1.0,1.0,1.0
Mistral-7B-Instruct-v0.3__noise05__game_113,agent1,Mistral-7B-Instruct-v0.3,5,متعاون,0.9333,TFT|WSLS,1.0,0,0.0,1.0,1.0,1.0
Mistral-7B-Instruct-v0.3__noise05__game_113,agent2,Mistral-7B-Instruct-v0.3,5,أناني,0.9333,TFT,1.0,0,0.0,1.0,1.0,1.0
Mistral-7B-Instruct-v0.3__noise05__game_114,agent1,Mistral-7B-Instruct-v0.3,5,أناني,0.9,AllC,0.7540540099143982,0,0.0,1.0,1.0,1.0
Mistral-7B-Instruct-v0.3__noise05__game_114,agent2,Mistral-7B-Instruct-v0.3,5,متعاون,0.9333,AllC,0.3657553493976593,0,0.0,1.0,1.0,1.0
Mistral-7B-Instruct-v0.3__noise05__game_115,agent1,Mistral-7B-Instruct-v0.3,5,أناني,0.8667,TFT,0.8964187502861023,0,0.0,1.0,1.0,1.0
Mistral-7B-Instruct-v0.3__noise05__game_115,agent2,Mistral-7B-Instruct-v0.3,5,أناني,0.9333,AllC,0.9966756105422974,0,0.0,1.0,1.0,1.0
Mistral-7B-Instruct-v0.3__noise05__game_116,agent1,Mistral-7B-Instruct-v0.3,5,متعاون,0.9667,TFT|WSLS,1.0,0,0.0,1.0,1.0,1.0
Mistral-7B-Instruct-v0.3__noise05__game_116,agent2,Mistral-7B-Instruct-v0.3,5,متعاون,1.0,AllC|TFT|WSLS,1.0,0,0.0,1.0,1.0,1.0
Mistral-7B-Instruct-v0.3__noise05__game_118,agent1,Mistral-7B-Instruct-v0.3,5,أناني,0.9,TFT,0.6646656394004822,0,0.0,1.0,1.0,1.0
Mistral-7B-Instruct-v0.3__noise05__game_118,agent2,Mistral-7B-Instruct-v0.3,5,متعاون,0.9333,AllC,0.9772670269012451,0,0.0,1.0,1.0,1.0
Mistral-7B-Instruct-v0.3__noise05__game_117,agent1,Mistral-7B-Instruct-v0.3,5,متعاون,0.9,AllC,0.9796020984649658,0,0.0,1.0,1.0,1.0
Mistral-7B-Instruct-v0.3__noise05__game_117,agent2,Mistral-7B-Instruct-v0.3,5,أناني,0.8,AllC,0.9796372056007385,0,0.0,1.0,1.0,1.0
Mistral-7B-Instruct-v0.3__noise05__game_119,agent1,Mistral-7B-Instruct-v0.3,5,أناني,0.9333,TFT,1.0,0,0.0,1.0,1.0,1.0
Mistral-7B-Instruct-v0.3__noise05__game_119,agent2,Mistral-7B-Instruct-v0.3,5,أناني,0.9333,TFT,1.0,0,0.0,1.0,1.0,1.0
Mistral-7B-Instruct-v0.3__noise05__game_120,agent1,Mistral-7B-Instruct-v0.3,5,合作型的,1.0,AllC,1.0,0,0.0,1.0,1.0,1.0
Mistral-7B-Instruct-v0.3__noise05__game_120,agent2,Mistral-7B-Instruct-v0.3,5,合作型的,0.8333,AllC,0.7881522178649902,0,0.0,1.0,1.0,1.0
Mistral-7B-Instruct-v0.3__noise05__game_121,agent1,Mistral-7B-Instruct-v0.3,5,合作型的,0.5667,TFT,0.5936522483825684,0,0.0,1.0,1.0,1.0
Mistral-7B-Instruct-v0.3__noise05__game_121,agent2,Mistral-7B-Instruct-v0.3,5,自私型的,0.0667,AllD,0.9924812316894531,0,0.0,1.0,1.0,1.0
Mistral-7B-Instruct-v0.3__noise05__game_122,agent1,Mistral-7B-Instruct-v0.3,5,自私型的,0.0,AllD|WSLS,1.0,0,0.0,1.0,1.0,1.0
Mistral-7B-Instruct-v0.3__noise05__game_122,agent2,Mistral-7B-Instruct-v0.3,5,合作型的,0.9667,AllC,1.0,0,0.0,1.0,1.0,1.0
Mistral-7B-Instruct-v0.3__noise05__game_123,agent1,Mistral-7B-Instruct-v0.3,5,自私型的,0.1,AllD,0.9810583591461182,0,0.0,1.0,1.0,1.0
Mistral-7B-Instruct-v0.3__noise05__game_123,agent2,Mistral-7B-Instruct-v0.3,5,自私型的,0.1333,TFT,0.8772223591804504,0,0.0,1.0,1.0,1.0
Mistral-7B-Instruct-v0.3__noise05__game_124,agent1,Mistral-7B-Instruct-v0.3,5,合作型的,0.9333,TFT|WSLS,1.0,0,0.0,1.0,1.0,1.0
Mistral-7B-Instruct-v0.3__noise05__game_124,agent2,Mistral-7B-Instruct-v0.3,5,合作型的,0.9,TFT|WSLS,1.0,0,0.0,1.0,1.0,1.0
Mistral-7B-Instruct-v0.3__noise05__game_125,agent1,Mistral-7B-Instruct-v0.3,5,合作型的,0.9667,AllC,0.9999988079071045,0,0.0,1.0,1.0,1.0
Mistral-7B-Instruct-v0.3__noise05__game_125,agent2,Mistral-7B-Instruct-v0.3,5,自私型的,0.1,WSLS,1.0,0,0.0,1.0,1.0,1.0
Mistral-7B-Instruct-v0.3__noise05__game_126,agent1,Mistral-7B-Instruct-v0.3,5,自私型的,0.1333,AllD,0.999506950378418,0,0.0,1.0,1.0,1.0
Mistral-7B-Instruct-v0.3__noise05__game_126,agent2,Mistral-7B-Instruct-v0.3,5,合作型的,0.7,TFT,0.5819978713989258,0,0.0,1.0,1.0,1.0
Mistral-7B-Instruct-v0.3__noise05__game_127,agent1,Mistral-7B-Instruct-v0.3,5,自私型的,0.0333,TFT,1.0,0,0.0,1.0,1.0,1.0
Mistral-7B-Instruct-v0.3__noise05__game_127,agent2,Mistral-7B-Instruct-v0.3,5,自私型的,0.1333,TFT,1.0,0,0.0,1.0,1.0,1.0
Mistral-7B-Instruct-v0.3__noise05__game_128,agent1,Mistral-7B-Instruct-v0.3,5,合作型的,0.9667,TFT|WSLS,1.0,0,0.0,1.0,1.0,1.0
Mistral-7B-Instruct-v0.3__noise05__game_128,agent2,Mistral-7B-Instruct-v0.3,5,合作型的,0.9667,TFT|WSLS,1.0,0,0.0,1.0,1.0,1.0
Mistral-7B-Instruct-v0.3__noise05__game_129,agent1,Mistral-7B-Instruct-v0.3,5,合作型的,0.9667,AllC,0.9999998807907104,0,0.0,1.0,1.0,1.0
Mistral-7B-Instruct-v0.3__noise05__game_129,agent2,Mistral-7B-Instruct-v0.3,5,自私型的,0.0333,WSLS,1.0,0,0.0,1.0,1.0,1.0
Mistral-7B-Instruct-v0.3__noise05__game_130,agent1,Mistral-7B-Instruct-v0.3,5,自私型的,0.1667,AllD,0.9996790885925293,0,0.0,1.0,1.0,1.0
Mistral-7B-Instruct-v0.3__noise05__game_130,agent2,Mistral-7B-Instruct-v0.3,5,合作型的,0.9,AllC,0.9988909363746643,0,0.0,1.0,1.0,1.0
Mistral-7B-Instruct-v0.3__noise05__game_131,agent1,Mistral-7B-Instruct-v0.3,5,自私型的,0.0,AllD|TFT,1.0,0,0.0,1.0,1.0,1.0
Mistral-7B-Instruct-v0.3__noise05__game_131,agent2,Mistral-7B-Instruct-v0.3,5,自私型的,0.0667,TFT,1.0,0,0.0,1.0,1.0,1.0
Mistral-7B-Instruct-v0.3__noise05__game_132,agent1,Mistral-7B-Instruct-v0.3,5,合作型的,0.9667,TFT,0.6693257093429565,0,0.0,1.0,1.0,1.0
Mistral-7B-Instruct-v0.3__noise05__game_132,agent2,Mistral-7B-Instruct-v0.3,5,合作型的,0.8667,AllC,0.9534018039703369,0,0.0,1.0,1.0,1.0
Mistral-7B-Instruct-v0.3__noise05__game_133,agent1,Mistral-7B-Instruct-v0.3,5,合作型的,0.9333,AllC,0.9999996423721313,0,0.0,1.0,1.0,1.0
Mistral-7B-Instruct-v0.3__noise05__game_133,agent2,Mistral-7B-Instruct-v0.3,5,自私型的,0.0667,WSLS,0.6771008968353271,0,0.0,1.0,1.0,1.0
Mistral-7B-Instruct-v0.3__noise05__game_134,agent1,Mistral-7B-Instruct-v0.3,5,自私型的,0.0667,WSLS,1.0,0,0.0,1.0,1.0,1.0
Mistral-7B-Instruct-v0.3__noise05__game_134,agent2,Mistral-7B-Instruct-v0.3,5,合作型的,0.9,AllC,0.9999599456787109,0,0.0,1.0,1.0,1.0
Mistral-7B-Instruct-v0.3__noise05__game_135,agent1,Mistral-7B-Instruct-v0.3,5,自私型的,0.0667,AllD,0.9755991101264954,0,0.0,1.0,1.0,1.0
Mistral-7B-Instruct-v0.3__noise05__game_135,agent2,Mistral-7B-Instruct-v0.3,5,自私型的,0.1333,TFT,0.6567515730857849,0,0.0,1.0,1.0,1.0
Mistral-7B-Instruct-v0.3__noise05__game_136,agent1,Mistral-7B-Instruct-v0.3,5,合作型的,1.0,AllC|TFT|WSLS,1.0,0,0.0,1.0,1.0,1.0
Mistral-7B-Instruct-v0.3__noise05__game_136,agent2,Mistral-7B-Instruct-v0.3,5,合作型的,0.9,TFT,1.0,0,0.0,1.0,1.0,1.0
Mistral-7B-Instruct-v0.3__noise05__game_137,agent1,Mistral-7B-Instruct-v0.3,5,合作型的,0.9333,AllC,1.0,0,0.0,1.0,1.0,1.0
Mistral-7B-Instruct-v0.3__noise05__game_137,agent2,Mistral-7B-Instruct-v0.3,5,自私型的,0.0333,WSLS,1.0,0,0.0,1.0,1.0,1.0
Mistral-7B-Instruct-v0.3__noise05__game_138,agent1,Mistral-7B-Instruct-v0.3,5,自私型的,0.1333,AllD,0.944320559501648,0,0.0,1.0,1.0,1.0
Mistral-7B-Instruct-v0.3__noise05__game_138,agent2,Mistral-7B-Instruct-v0.3,5,合作型的,0.8,AllC,0.9999996423721313,0,0.0,1.0,1.0,1.0
Mistral-7B-Instruct-v0.3__noise05__game_140,agent1,Mistral-7B-Instruct-v0.3,5,合作型的,1.0,AllC|TFT|WSLS,1.0,0,0.0,1.0,1.0,1.0
Mistral-7B-Instruct-v0.3__noise05__game_140,agent2,Mistral-7B-Instruct-v0.3,5,合作型的,0.9333,TFT|WSLS,1.0,0,0.0,1.0,1.0,1.0
Mistral-7B-Instruct-v0.3__noise05__game_139,agent1,Mistral-7B-Instruct-v0.3,5,自私型的,0.1667,TFT,0.941539466381073,0,0.0,1.0,1.0,1.0
Mistral-7B-Instruct-v0.3__noise05__game_139,agent2,Mistral-7B-Instruct-v0.3,5,自私型的,0.1333,AllD,0.9278088212013245,0,0.0,1.0,1.0,1.0
Mistral-7B-Instruct-v0.3__noise05__game_141,agent1,Mistral-7B-Instruct-v0.3,5,合作型的,0.9667,AllC,0.9999998807907104,0,0.0,1.0,1.0,1.0
Mistral-7B-Instruct-v0.3__noise05__game_141,agent2,Mistral-7B-Instruct-v0.3,5,自私型的,0.0333,WSLS,1.0,0,0.0,1.0,1.0,1.0
Mistral-7B-Instruct-v0.3__noise05__game_142,agent1,Mistral-7B-Instruct-v0.3,5,自私型的,0.0333,AllD,0.9723701477050781,0,0.0,1.0,1.0,1.0
Mistral-7B-Instruct-v0.3__noise05__game_142,agent2,Mistral-7B-Instruct-v0.3,5,合作型的,0.9,AllC,1.0,0,0.0,1.0,1.0,1.0
Mistral-7B-Instruct-v0.3__noise05__game_143,agent1,Mistral-7B-Instruct-v0.3,5,自私型的,0.1,TFT,1.0,0,0.0,1.0,1.0,1.0
Mistral-7B-Instruct-v0.3__noise05__game_143,agent2,Mistral-7B-Instruct-v0.3,5,自私型的,0.0333,AllD,0.9999825954437256,0,0.0,1.0,1.0,1.0
Mistral-7B-Instruct-v0.3__noise05__game_144,agent1,Mistral-7B-Instruct-v0.3,5,合作型的,0.9667,TFT|WSLS,1.0,0,0.0,1.0,1.0,1.0
Mistral-7B-Instruct-v0.3__noise05__game_144,agent2,Mistral-7B-Instruct-v0.3,5,合作型的,0.9667,TFT|WSLS,1.0,0,0.0,1.0,1.0,1.0
Mistral-7B-Instruct-v0.3__noise05__game_145,agent1,Mistral-7B-Instruct-v0.3,5,合作型的,0.9333,AllC,0.9999884366989136,0,0.0,1.0,1.0,1.0
Mistral-7B-Instruct-v0.3__noise05__game_145,agent2,Mistral-7B-Instruct-v0.3,5,自私型的,0.1,AllD,0.9350112676620483,0,0.0,1.0,1.0,1.0
Mistral-7B-Instruct-v0.3__noise05__game_146,agent1,Mistral-7B-Instruct-v0.3,5,自私型的,0.1,AllD,0.6700016856193542,0,0.0,1.0,1.0,1.0
Mistral-7B-Instruct-v0.3__noise05__game_146,agent2,Mistral-7B-Instruct-v0.3,5,合作型的,0.6667,WSLS,0.9717673659324646,0,0.0,1.0,1.0,1.0
Mistral-7B-Instruct-v0.3__noise05__game_147,agent1,Mistral-7B-Instruct-v0.3,5,自私型的,0.0333,TFT,1.0,0,0.0,1.0,1.0,1.0
Mistral-7B-Instruct-v0.3__noise05__game_147,agent2,Mistral-7B-Instruct-v0.3,5,自私型的,0.0333,TFT,1.0,0,0.0,1.0,1.0,1.0
Mistral-7B-Instruct-v0.3__noise05__game_148,agent1,Mistral-7B-Instruct-v0.3,5,合作型的,1.0,AllC|TFT|WSLS,1.0,0,0.0,1.0,1.0,1.0
Mistral-7B-Instruct-v0.3__noise05__game_148,agent2,Mistral-7B-Instruct-v0.3,5,合作型的,0.9,TFT,1.0,0,0.0,1.0,1.0,1.0
Mistral-7B-Instruct-v0.3__noise05__game_149,agent1,Mistral-7B-Instruct-v0.3,5,合作型的,0.8667,AllC,0.9999079704284668,0,0.0,1.0,1.0,1.0
Mistral-7B-Instruct-v0.3__noise05__game_149,agent2,Mistral-7B-Instruct-v0.3,5,自私型的,0.0,AllD|WSLS,1.0,0,0.0,1.0,1.0,1.0
Mistral-7B-Instruct-v0.3__noise05__game_150,agent1,Mistral-7B-Instruct-v0.3,5,自私型的,0.0667,WSLS,0.6771008968353271,0,0.0,1.0,1.0,1.0
Mistral-7B-Instruct-v0.3__noise05__game_150,agent2,Mistral-7B-Instruct-v0.3,5,合作型的,0.9,AllC,0.9999996423721313,0,0.0,1.0,1.0,1.0
Mistral-7B-Instruct-v0.3__noise05__game_152,agent1,Mistral-7B-Instruct-v0.3,5,合作型的,1.0,AllC|TFT|WSLS,1.0,0,0.0,1.0,1.0,1.0
Mistral-7B-Instruct-v0.3__noise05__game_152,agent2,Mistral-7B-Instruct-v0.3,5,合作型的,1.0,AllC|TFT|WSLS,1.0,0,0.0,1.0,1.0,1.0
Mistral-7B-Instruct-v0.3__noise05__game_151,agent1,Mistral-7B-Instruct-v0.3,5,自私型的,0.1,AllD,0.998738706111908,0,0.0,1.0,1.0,1.0
Mistral-7B-Instruct-v0.3__noise05__game_151,agent2,Mistral-7B-Instruct-v0.3,5,自私型的,0.1,AllD,0.9776526689529419,0,0.0,1.0,1.0,1.0
Mistral-7B-Instruct-v0.3__noise05__game_153,agent1,Mistral-7B-Instruct-v0.3,5,合作型的,0.8667,AllC,0.9519493579864502,0,0.0,1.0,1.0,1.0
Mistral-7B-Instruct-v0.3__noise05__game_153,agent2,Mistral-7B-Instruct-v0.3,5,自私型的,0.0,AllD|WSLS,1.0,0,0.0,1.0,1.0,1.0
Mistral-7B-Instruct-v0.3__noise05__game_154,agent1,Mistral-7B-Instruct-v0.3,5,自私型的,0.0667,AllD,0.9967936873435974,0,0.0,1.0,1.0,1.0
Mistral-7B-Instruct-v0.3__noise05__game_154,agent2,Mistral-7B-Instruct-v0.3,5,合作型的,0.8667,AllC,0.9990302324295044,0,0.0,1.0,1.0,1.0
Mistral-7B-Instruct-v0.3__noise05__game_155,agent1,Mistral-7B-Instruct-v0.3,5,自私型的,0.0667,TFT,1.0,0,0.0,1.0,1.0,1.0
Mistral-7B-Instruct-v0.3__noise05__game_155,agent2,Mistral-7B-Instruct-v0.3,5,自私型的,0.0333,TFT,1.0,0,0.0,1.0,1.0,1.0
Mistral-7B-Instruct-v0.3__noise05__game_156,agent1,Mistral-7B-Instruct-v0.3,5,合作型的,0.9333,TFT|WSLS,1.0,0,0.0,1.0,1.0,1.0
Mistral-7B-Instruct-v0.3__noise05__game_156,agent2,Mistral-7B-Instruct-v0.3,5,合作型的,0.9667,TFT|WSLS,1.0,0,0.0,1.0,1.0,1.0
Mistral-7B-Instruct-v0.3__noise05__game_157,agent1,Mistral-7B-Instruct-v0.3,5,合作型的,0.9667,AllC,0.9999996423721313,0,0.0,1.0,1.0,1.0
Mistral-7B-Instruct-v0.3__noise05__game_157,agent2,Mistral-7B-Instruct-v0.3,5,自私型的,0.1,AllD,0.9985929131507874,0,0.0,1.0,1.0,1.0
Mistral-7B-Instruct-v0.3__noise05__game_158,agent1,Mistral-7B-Instruct-v0.3,5,自私型的,0.1667,WSLS,0.6771008968353271,0,0.0,1.0,1.0,1.0
Mistral-7B-Instruct-v0.3__noise05__game_158,agent2,Mistral-7B-Instruct-v0.3,5,合作型的,0.9333,AllC,0.9999996423721313,0,0.0,1.0,1.0,1.0
Mistral-7B-Instruct-v0.3__noise05__game_159,agent1,Mistral-7B-Instruct-v0.3,5,自私型的,0.0667,AllD,0.9999796152114868,0,0.0,1.0,1.0,1.0
Mistral-7B-Instruct-v0.3__noise05__game_159,agent2,Mistral-7B-Instruct-v0.3,5,自私型的,0.1333,AllD,0.9966182112693787,0,0.0,1.0,1.0,1.0
Mistral-7B-Instruct-v0.3__noise05__game_160,agent1,Mistral-7B-Instruct-v0.3,5,một người hợp tác,0.0333,TFT,1.0,0,0.0,1.0,1.0,1.0
Mistral-7B-Instruct-v0.3__noise05__game_160,agent2,Mistral-7B-Instruct-v0.3,5,một người hợp tác,0.1333,AllD,0.975788414478302,0,0.0,1.0,1.0,1.0
Mistral-7B-Instruct-v0.3__noise05__game_162,agent1,Mistral-7B-Instruct-v0.3,5,một người ích kỷ,0.0667,TFT,1.0,0,0.0,1.0,1.0,1.0
Mistral-7B-Instruct-v0.3__noise05__game_162,agent2,Mistral-7B-Instruct-v0.3,5,một người hợp tác,0.0,AllD|TFT,1.0,0,0.0,1.0,1.0,1.0
Mistral-7B-Instruct-v0.3__noise05__game_161,agent1,Mistral-7B-Instruct-v0.3,5,một người hợp tác,0.0667,TFT,1.0,0,0.0,1.0,1.0,1.0
Mistral-7B-Instruct-v0.3__noise05__game_161,agent2,Mistral-7B-Instruct-v0.3,5,một người ích kỷ,0.1,TFT,1.0,0,0.0,1.0,1.0,1.0
Mistral-7B-Instruct-v0.3__noise05__game_163,agent1,Mistral-7B-Instruct-v0.3,5,một người ích kỷ,0.0,AllD|TFT,1.0,0,0.0,1.0,1.0,1.0
Mistral-7B-Instruct-v0.3__noise05__game_163,agent2,Mistral-7B-Instruct-v0.3,5,một người ích kỷ,0.0667,TFT,1.0,0,0.0,1.0,1.0,1.0
Mistral-7B-Instruct-v0.3__noise05__game_164,agent1,Mistral-7B-Instruct-v0.3,5,một người hợp tác,0.0,AllD|TFT,1.0,0,0.0,1.0,1.0,1.0
Mistral-7B-Instruct-v0.3__noise05__game_164,agent2,Mistral-7B-Instruct-v0.3,5,một người hợp tác,0.0667,TFT,1.0,0,0.0,1.0,1.0,1.0
Mistral-7B-Instruct-v0.3__noise05__game_165,agent1,Mistral-7B-Instruct-v0.3,5,một người hợp tác,0.0667,AllD,0.999852180480957,0,0.0,1.0,1.0,1.0
Mistral-7B-Instruct-v0.3__noise05__game_165,agent2,Mistral-7B-Instruct-v0.3,5,một người ích kỷ,0.1,TFT,1.0,0,0.0,1.0,1.0,1.0
Mistral-7B-Instruct-v0.3__noise05__game_166,agent1,Mistral-7B-Instruct-v0.3,5,một người ích kỷ,0.1,TFT,1.0,0,0.0,1.0,1.0,1.0
Mistral-7B-Instruct-v0.3__noise05__game_166,agent2,Mistral-7B-Instruct-v0.3,5,một người hợp tác,0.0667,TFT,1.0,0,0.0,1.0,1.0,1.0
Mistral-7B-Instruct-v0.3__noise05__game_167,agent1,Mistral-7B-Instruct-v0.3,5,một người ích kỷ,0.1,AllD,0.9928192496299744,0,0.0,1.0,1.0,1.0
Mistral-7B-Instruct-v0.3__noise05__game_167,agent2,Mistral-7B-Instruct-v0.3,5,một người ích kỷ,0.0333,AllD,0.999848484992981,0,0.0,1.0,1.0,1.0
Mistral-7B-Instruct-v0.3__noise05__game_168,agent1,Mistral-7B-Instruct-v0.3,5,một người hợp tác,0.0667,TFT,1.0,0,0.0,1.0,1.0,1.0
Mistral-7B-Instruct-v0.3__noise05__game_168,agent2,Mistral-7B-Instruct-v0.3,5,một người hợp tác,0.0,AllD|TFT,1.0,0,0.0,1.0,1.0,1.0
Mistral-7B-Instruct-v0.3__noise05__game_169,agent1,Mistral-7B-Instruct-v0.3,5,một người hợp tác,0.0333,TFT,1.0,0,0.0,1.0,1.0,1.0
Mistral-7B-Instruct-v0.3__noise05__game_169,agent2,Mistral-7B-Instruct-v0.3,5,một người ích kỷ,0.0,AllD|TFT,1.0,0,0.0,1.0,1.0,1.0
Mistral-7B-Instruct-v0.3__noise05__game_170,agent1,Mistral-7B-Instruct-v0.3,5,một người ích kỷ,0.0333,AllD,0.999968409538269,0,0.0,1.0,1.0,1.0
Mistral-7B-Instruct-v0.3__noise05__game_170,agent2,Mistral-7B-Instruct-v0.3,5,một người hợp tác,0.1333,TFT,1.0,0,0.0,1.0,1.0,1.0
Mistral-7B-Instruct-v0.3__noise05__game_171,agent1,Mistral-7B-Instruct-v0.3,5,một người ích kỷ,0.0,AllD,1.0,0,0.0,1.0,1.0,1.0
Mistral-7B-Instruct-v0.3__noise05__game_171,agent2,Mistral-7B-Instruct-v0.3,5,một người ích kỷ,0.1333,AllD,0.9971901774406433,0,0.0,1.0,1.0,1.0
Mistral-7B-Instruct-v0.3__noise05__game_172,agent1,Mistral-7B-Instruct-v0.3,5,một người hợp tác,0.0333,AllD,0.9999873638153076,0,0.0,1.0,1.0,1.0
Mistral-7B-Instruct-v0.3__noise05__game_172,agent2,Mistral-7B-Instruct-v0.3,5,một người hợp tác,0.1,TFT,1.0,0,0.0,1.0,1.0,1.0
Mistral-7B-Instruct-v0.3__noise05__game_173,agent1,Mistral-7B-Instruct-v0.3,5,một người hợp tác,0.0,AllD|TFT,1.0,0,0.0,1.0,1.0,1.0
Mistral-7B-Instruct-v0.3__noise05__game_173,agent2,Mistral-7B-Instruct-v0.3,5,một người ích kỷ,0.0333,TFT,1.0,0,0.0,1.0,1.0,1.0
Mistral-7B-Instruct-v0.3__noise05__game_174,agent1,Mistral-7B-Instruct-v0.3,5,một người ích kỷ,0.1333,AllD,0.9951732754707336,0,0.0,1.0,1.0,1.0
Mistral-7B-Instruct-v0.3__noise05__game_174,agent2,Mistral-7B-Instruct-v0.3,5,một người hợp tác,0.0333,AllD,0.9998229146003723,0,0.0,1.0,1.0,1.0
Mistral-7B-Instruct-v0.3__noise05__game_175,agent1,Mistral-7B-Instruct-v0.3,5,một người ích kỷ,0.0333,TFT,1.0,0,0.0,1.0,1.0,1.0
Mistral-7B-Instruct-v0.3__noise05__game_175,agent2,Mistral-7B-Instruct-v0.3,5,một người ích kỷ,0.0,AllD|TFT,1.0,0,0.0,1.0,1.0,1.0
Mistral-7B-Instruct-v0.3__noise05__game_176,agent1,Mistral-7B-Instruct-v0.3,5,một người hợp tác,0.0667,TFT,1.0,0,0.0,1.0,1.0,1.0
Mistral-7B-Instruct-v0.3__noise05__game_176,agent2,Mistral-7B-Instruct-v0.3,5,một người hợp tác,0.0,AllD|TFT,1.0,0,0.0,1.0,1.0,1.0
Mistral-7B-Instruct-v0.3__noise05__game_178,agent1,Mistral-7B-Instruct-v0.3,5,một người ích kỷ,0.0667,TFT,1.0,0,0.0,1.0,1.0,1.0
Mistral-7B-Instruct-v0.3__noise05__game_178,agent2,Mistral-7B-Instruct-v0.3,5,một người hợp tác,0.0,AllD|TFT,1.0,0,0.0,1.0,1.0,1.0
Mistral-7B-Instruct-v0.3__noise05__game_177,agent1,Mistral-7B-Instruct-v0.3,5,một người hợp tác,0.0,AllD,1.0,0,0.0,1.0,1.0,1.0
Mistral-7B-Instruct-v0.3__noise05__game_177,agent2,Mistral-7B-Instruct-v0.3,5,một người ích kỷ,0.1333,AllD,0.9977503418922424,0,0.0,1.0,1.0,1.0
Mistral-7B-Instruct-v0.3__noise05__game_179,agent1,Mistral-7B-Instruct-v0.3,5,một người ích kỷ,0.0,AllD|TFT,1.0,0,0.0,1.0,1.0,1.0
Mistral-7B-Instruct-v0.3__noise05__game_179,agent2,Mistral-7B-Instruct-v0.3,5,một người ích kỷ,0.0,AllD|TFT,1.0,0,0.0,1.0,1.0,1.0
Mistral-7B-Instruct-v0.3__noise05__game_182,agent1,Mistral-7B-Instruct-v0.3,5,một người ích kỷ,0.0,AllD|TFT,1.0,0,0.0,1.0,1.0,1.0
Mistral-7B-Instruct-v0.3__noise05__game_182,agent2,Mistral-7B-Instruct-v0.3,5,một người hợp tác,0.0333,TFT,1.0,0,0.0,1.0,1.0,1.0
Mistral-7B-Instruct-v0.3__noise05__game_180,agent1,Mistral-7B-Instruct-v0.3,5,một người hợp tác,0.0333,TFT,1.0,0,0.0,1.0,1.0,1.0
Mistral-7B-Instruct-v0.3__noise05__game_180,agent2,Mistral-7B-Instruct-v0.3,5,một người hợp tác,0.0667,TFT,1.0,0,0.0,1.0,1.0,1.0
Mistral-7B-Instruct-v0.3__noise05__game_181,agent1,Mistral-7B-Instruct-v0.3,5,một người hợp tác,0.1,TFT,1.0,0,0.0,1.0,1.0,1.0
Mistral-7B-Instruct-v0.3__noise05__game_181,agent2,Mistral-7B-Instruct-v0.3,5,một người ích kỷ,0.0,AllD|TFT,1.0,0,0.0,1.0,1.0,1.0
Mistral-7B-Instruct-v0.3__noise05__game_183,agent1,Mistral-7B-Instruct-v0.3,5,một người ích kỷ,0.0333,TFT,1.0,0,0.0,1.0,1.0,1.0
Mistral-7B-Instruct-v0.3__noise05__game_183,agent2,Mistral-7B-Instruct-v0.3,5,một người ích kỷ,0.0667,TFT,1.0,0,0.0,1.0,1.0,1.0
Mistral-7B-Instruct-v0.3__noise05__game_184,agent1,Mistral-7B-Instruct-v0.3,5,một người hợp tác,0.1,TFT,1.0,0,0.0,1.0,1.0,1.0
Mistral-7B-Instruct-v0.3__noise05__game_184,agent2,Mistral-7B-Instruct-v0.3,5,một người hợp tác,0.0,AllD|TFT,1.0,0,0.0,1.0,1.0,1.0
Mistral-7B-Instruct-v0.3__noise05__game_185,agent1,Mistral-7B-Instruct-v0.3,5,một người hợp tác,0.0333,TFT,1.0,0,0.0,1.0,1.0,1.0
Mistral-7B-Instruct-v0.3__noise05__game_185,agent2,Mistral-7B-Instruct-v0.3,5,một người ích kỷ,0.0,AllD|TFT,1.0,0,0.0,1.0,1.0,1.0
Mistral-7B-Instruct-v0.3__noise05__game_187,agent1,Mistral-7B-Instruct-v0.3,5,một người ích kỷ,0.0667,TFT,1.0,0,0.0,1.0,1.0,1.0
Mistral-7B-Instruct-v0.3__noise05__game_187,agent2,Mistral-7B-Instruct-v0.3,5,một người ích kỷ,0.0333,TFT,1.0,0,0.0,1.0,1.0,1.0
Mistral-7B-Instruct-v0.3__noise05__game_186,agent1,Mistral-7B-Instruct-v0.3,5,một người ích kỷ,0.0,AllD|TFT,1.0,0,0.0,1.0,1.0,1.0
Mistral-7B-Instruct-v0.3__noise05__game_186,agent2,Mistral-7B-Instruct-v0.3,5,một người hợp tác,0.0333,TFT,1.0,0,0.0,1.0,1.0,1.0
Mistral-7B-Instruct-v0.3__noise05__game_189,agent1,Mistral-7B-Instruct-v0.3,5,một người hợp tác,0.1333,AllD,0.9909857511520386,0,0.0,1.0,1.0,1.0
Mistral-7B-Instruct-v0.3__noise05__game_189,agent2,Mistral-7B-Instruct-v0.3,5,một người ích kỷ,0.0333,TFT,1.0,0,0.0,1.0,1.0,1.0
Mistral-7B-Instruct-v0.3__noise05__game_188,agent1,Mistral-7B-Instruct-v0.3,5,một người hợp tác,0.0333,TFT,1.0,0,0.0,1.0,1.0,1.0
Mistral-7B-Instruct-v0.3__noise05__game_188,agent2,Mistral-7B-Instruct-v0.3,5,một người hợp tác,0.0,AllD|TFT,1.0,0,0.0,1.0,1.0,1.0
Mistral-7B-Instruct-v0.3__noise05__game_190,agent1,Mistral-7B-Instruct-v0.3,5,một người ích kỷ,0.0,AllD|TFT,1.0,0,0.0,1.0,1.0,1.0
Mistral-7B-Instruct-v0.3__noise05__game_190,agent2,Mistral-7B-Instruct-v0.3,5,một người hợp tác,0.1,TFT,1.0,0,0.0,1.0,1.0,1.0
Mistral-7B-Instruct-v0.3__noise05__game_191,agent1,Mistral-7B-Instruct-v0.3,5,một người ích kỷ,0.1,AllD,0.9967799782752991,0,0.0,1.0,1.0,1.0
Mistral-7B-Instruct-v0.3__noise05__game_191,agent2,Mistral-7B-Instruct-v0.3,5,một người ích kỷ,0.0333,AllD,0.9967799782752991,0,0.0,1.0,1.0,1.0
Mistral-7B-Instruct-v0.3__noise05__game_192,agent1,Mistral-7B-Instruct-v0.3,5,một người hợp tác,0.2333,AllD,0.8791506886482239,0,0.0,1.0,1.0,1.0
Mistral-7B-Instruct-v0.3__noise05__game_192,agent2,Mistral-7B-Instruct-v0.3,5,một người hợp tác,0.0333,AllD,0.9780817627906799,0,0.0,1.0,1.0,1.0
Mistral-7B-Instruct-v0.3__noise05__game_193,agent1,Mistral-7B-Instruct-v0.3,5,một người hợp tác,0.1,AllD,0.9936044812202454,0,0.0,1.0,1.0,1.0
Mistral-7B-Instruct-v0.3__noise05__game_193,agent2,Mistral-7B-Instruct-v0.3,5,một người ích kỷ,0.0333,TFT,1.0,0,0.0,1.0,1.0,1.0
Mistral-7B-Instruct-v0.3__noise05__game_195,agent1,Mistral-7B-Instruct-v0.3,5,một người ích kỷ,0.0667,TFT,1.0,0,0.0,1.0,1.0,1.0
Mistral-7B-Instruct-v0.3__noise05__game_195,agent2,Mistral-7B-Instruct-v0.3,5,một người ích kỷ,0.0333,TFT,1.0,0,0.0,1.0,1.0,1.0
Mistral-7B-Instruct-v0.3__noise05__game_194,agent1,Mistral-7B-Instruct-v0.3,5,một người ích kỷ,0.0333,TFT,1.0,0,0.0,1.0,1.0,1.0
Mistral-7B-Instruct-v0.3__noise05__game_194,agent2,Mistral-7B-Instruct-v0.3,5,một người hợp tác,0.0333,TFT,1.0,0,0.0,1.0,1.0,1.0
Mistral-7B-Instruct-v0.3__noise05__game_197,agent1,Mistral-7B-Instruct-v0.3,5,một người hợp tác,0.0,AllD|TFT,1.0,0,0.0,1.0,1.0,1.0
Mistral-7B-Instruct-v0.3__noise05__game_197,agent2,Mistral-7B-Instruct-v0.3,5,một người ích kỷ,0.1,TFT,1.0,0,0.0,1.0,1.0,1.0
Mistral-7B-Instruct-v0.3__noise05__game_196,agent1,Mistral-7B-Instruct-v0.3,5,một người hợp tác,0.0333,TFT,1.0,0,0.0,1.0,1.0,1.0
Mistral-7B-Instruct-v0.3__noise05__game_196,agent2,Mistral-7B-Instruct-v0.3,5,một người hợp tác,0.0667,TFT,1.0,0,0.0,1.0,1.0,1.0
Mistral-7B-Instruct-v0.3__noise05__game_198,agent1,Mistral-7B-Instruct-v0.3,5,một người ích kỷ,0.0667,AllD,0.9987280964851379,0,0.0,1.0,1.0,1.0
Mistral-7B-Instruct-v0.3__noise05__game_198,agent2,Mistral-7B-Instruct-v0.3,5,một người hợp tác,0.1667,AllD,0.9875227808952332,0,0.0,1.0,1.0,1.0
Mistral-7B-Instruct-v0.3__noise05__game_199,agent1,Mistral-7B-Instruct-v0.3,5,một người ích kỷ,0.0667,AllD,0.9995532631874084,0,0.0,1.0,1.0,1.0
Mistral-7B-Instruct-v0.3__noise05__game_199,agent2,Mistral-7B-Instruct-v0.3,5,một người ích kỷ,0.1333,AllD,0.9951732754707336,0,0.0,1.0,1.0,1.0
Mistral-7B-Instruct-v0.3__noise05__game_200,agent1,Mistral-7B-Instruct-v0.3,5,cooperativo,0.9,AllC,0.9555014371871948,0,0.8333333333333334,0.2,0.08,0.7931034482758621
Mistral-7B-Instruct-v0.3__noise05__game_200,agent2,Mistral-7B-Instruct-v0.3,5,cooperativo,0.8,AllC,0.9442258477210999,1,1.0,0.0,0.2222222222222222,0.6896551724137931
Mistral-7B-Instruct-v0.3__noise05__game_201,agent1,Mistral-7B-Instruct-v0.3,5,cooperativo,0.2333,AllC,0.9967039227485657,1,0.8571428571428571,0.375,0.0,0.7931034482758621
Mistral-7B-Instruct-v0.3__noise05__game_201,agent2,Mistral-7B-Instruct-v0.3,5,egoista,0.0,AllD,1.0,0,0.0,0.0,1.0,0.7586206896551724
Mistral-7B-Instruct-v0.3__noise05__game_202,agent1,Mistral-7B-Instruct-v0.3,5,egoista,0.0,AllD|WSLS,1.0,0,0.0,0.0,1.0,0.13793103448275862
Mistral-7B-Instruct-v0.3__noise05__game_202,agent2,Mistral-7B-Instruct-v0.3,5,cooperativo,0.8667,AllC,0.9999982118606567,1,0.9615384615384616,0.16,0.0,0.13793103448275862
Mistral-7B-Instruct-v0.3__noise05__game_203,agent1,Mistral-7B-Instruct-v0.3,5,egoista,0.0,AllD,1.0,0,0.0,0.0,1.0,0.8620689655172413
Mistral-7B-Instruct-v0.3__noise05__game_203,agent2,Mistral-7B-Instruct-v0.3,5,egoista,0.1333,TFT,1.0,1,0.75,1.0,0.0,0.896551724137931
Mistral-7B-Instruct-v0.3__noise05__game_204,agent1,Mistral-7B-Instruct-v0.3,5,cooperativo,0.9,TFT,1.0,0,0.0,0.0,0.1,0.896551724137931
Mistral-7B-Instruct-v0.3__noise05__game_204,agent2,Mistral-7B-Instruct-v0.3,5,cooperativo,1.0,AllC|TFT|WSLS,1.0,1,1.0,0.0,0.0,0.896551724137931
Mistral-7B-Instruct-v0.3__noise05__game_205,agent1,Mistral-7B-Instruct-v0.3,5,cooperativo,0.9333,AllC,1.0,1,0.9642857142857143,0.07407407407407407,0.0,0.06896551724137931
Mistral-7B-Instruct-v0.3__noise05__game_205,agent2,Mistral-7B-Instruct-v0.3,5,egoista,0.0,AllD|WSLS,1.0,0,0.0,0.0,1.0,0.06896551724137931
Mistral-7B-Instruct-v0.3__noise05__game_206,agent1,Mistral-7B-Instruct-v0.3,5,egoista,0.0667,AllD,0.9984586238861084,0,0.07692307692307693,0.0,0.9259259259259259,0.1724137931034483
Mistral-7B-Instruct-v0.3__noise05__game_206,agent2,Mistral-7B-Instruct-v0.3,5,cooperativo,0.9,AllC,0.9999995231628418,1,0.96,0.125,0.0,0.1724137931034483
Mistral-7B-Instruct-v0.3__noise05__game_207,agent1,Mistral-7B-Instruct-v0.3,5,egoista,0.0,AllD|TFT,1.0,0,0.0,1.0,1.0,0.9310344827586207
Mistral-7B-Instruct-v0.3__noise05__game_207,agent2,Mistral-7B-Instruct-v0.3,5,egoista,0.0667,TFT,1.0,0,0.6666666666666666,1.0,1.0,0.9310344827586207
Mistral-7B-Instruct-v0.3__noise05__game_208,agent1,Mistral-7B-Instruct-v0.3,5,cooperativo,0.9667,TFT|WSLS,1.0,0,0.0,0.0,0.03333333333333333,0.9655172413793104
Mistral-7B-Instruct-v0.3__noise05__game_208,agent2,Mistral-7B-Instruct-v0.3,5,cooperativo,1.0,AllC|TFT|WSLS,1.0,1,1.0,0.0,0.0,0.9655172413793104
Mistral-7B-Instruct-v0.3__noise05__game_209,agent1,Mistral-7B-Instruct-v0.3,5,cooperativo,0.5,AllC,0.9905717372894287,1,0.875,0.38461538461538464,0.5,0.4827586206896552
Mistral-7B-Instruct-v0.3__noise05__game_209,agent2,Mistral-7B-Instruct-v0.3,5,egoista,0.0333,AllD,0.9999929666519165,0,0.09090909090909091,1.0,0.9333333333333333,0.5517241379310345
Mistral-7B-Instruct-v0.3__noise05__game_210,agent1,Mistral-7B-Instruct-v0.3,5,egoista,0.1,AllD,0.9997537732124329,0,0.14285714285714285,0.0,0.9090909090909091,0.3103448275862069
Mistral-7B-Instruct-v0.3__noise05__game_210,agent2,Mistral-7B-Instruct-v0.3,5,cooperativo,0.7333,AllC,0.9999951124191284,1,0.95,0.3684210526315789,0.0,0.3793103448275862
Mistral-7B-Instruct-v0.3__noise05__game_211,agent1,Mistral-7B-Instruct-v0.3,5,egoista,0.0,AllD|TFT,1.0,0,0.0,1.0,1.0,1.0
Mistral-7B-Instruct-v0.3__noise05__game_211,agent2,Mistral-7B-Instruct-v0.3,5,egoista,0.0,AllD|TFT,1.0,0,0.0,1.0,1.0,1.0
Mistral-7B-Instruct-v0.3__noise05__game_213,agent1,Mistral-7B-Instruct-v0.3,5,cooperativo,0.9,AllC,0.9999996423721313,1,0.9615384615384616,0.11538461538461539,0.0,0.13793103448275862
Mistral-7B-Instruct-v0.3__noise05__game_213,agent2,Mistral-7B-Instruct-v0.3,5,egoista,0.0333,WSLS,1.0,0,0.08333333333333333,0.0,1.0,0.06896551724137931
Mistral-7B-Instruct-v0.3__noise05__game_212,agent1,Mistral-7B-Instruct-v0.3,5,cooperativo,0.9333,TFT,1.0,1,1.0,0.0,0.06896551724137931,0.896551724137931
Mistral-7B-Instruct-v0.3__noise05__game_212,agent2,Mistral-7B-Instruct-v0.3,5,cooperativo,0.9667,TFT|WSLS,1.0,0,1.0,0.0,0.03571428571428571,0.896551724137931
Mistral-7B-Instruct-v0.3__noise05__game_214,agent1,Mistral-7B-Instruct-v0.3,5,egoista,0.1,AllD,0.9999135732650757,0,0.16666666666666666,0.0,0.9,0.3793103448275862
Mistral-7B-Instruct-v0.3__noise05__game_214,agent2,Mistral-7B-Instruct-v0.3,5,cooperativo,0.6333,AllC,0.8877277374267578,1,0.9375,0.4117647058823529,0.0,0.4827586206896552
Mistral-7B-Instruct-v0.3__noise05__game_215,agent1,Mistral-7B-Instruct-v0.3,5,egoista,0.0,AllD|TFT,1.0,0,0.0,1.0,1.0,0.9310344827586207
Mistral-7B-Instruct-v0.3__noise05__game_215,agent2,Mistral-7B-Instruct-v0.3,5,egoista,0.1,TFT,1.0,0,0.75,1.0,1.0,0.896551724137931
Mistral-7B-Instruct-v0.3__noise05__game_216,agent1,Mistral-7B-Instruct-v0.3,5,cooperativo,0.9667,TFT|WSLS,1.0,0,0.0,0.0,0.03333333333333333,0.9655172413793104
Mistral-7B-Instruct-v0.3__noise05__game_216,agent2,Mistral-7B-Instruct-v0.3,5,cooperativo,1.0,AllC|TFT|WSLS,1.0,1,1.0,0.0,0.0,0.9655172413793104
Mistral-7B-Instruct-v0.3__noise05__game_217,agent1,Mistral-7B-Instruct-v0.3,5,cooperativo,0.9,AllC,0.9999996423721313,1,0.9629629629629629,0.11538461538461539,0.0,0.10344827586206896
Mistral-7B-Instruct-v0.3__noise05__game_217,agent2,Mistral-7B-Instruct-v0.3,5,egoista,0.0,AllD|WSLS,1.0,0,0.0,0.0,1.0,0.10344827586206896
Mistral-7B-Instruct-v0.3__noise05__game_218,agent1,Mistral-7B-Instruct-v0.3,5,egoista,0.1,AllD,0.9986138343811035,0,0.17647058823529413,0.0,0.875,0.3103448275862069
Mistral-7B-Instruct-v0.3__noise05__game_218,agent2,Mistral-7B-Instruct-v0.3,5,cooperativo,0.8,AllC,0.9999785423278809,1,1.0,0.2857142857142857,0.0,0.27586206896551724
Mistral-7B-Instruct-v0.3__noise05__game_219,agent1,Mistral-7B-Instruct-v0.3,5,egoista,0.1,AllD,0.9975161552429199,0,0.42857142857142855,0.75,1.0,0.7586206896551724
Mistral-7B-Instruct-v0.3__noise05__game_219,agent2,Mistral-7B-Instruct-v0.3,5,egoista,0.1333,AllD,0.9984326958656311,0,0.5714285714285714,1.0,1.0,0.7586206896551724
Mistral-7B-Instruct-v0.3__noise05__game_221,agent1,Mistral-7B-Instruct-v0.3,5,cooperativo,0.3667,TFT,0.5010469555854797,1,0.75,0.4,0.5,0.6206896551724138
Mistral-7B-Instruct-v0.3__noise05__game_221,agent2,Mistral-7B-Instruct-v0.3,5,egoista,0.1,AllD,0.9999887943267822,0,0.5,1.0,0.8333333333333334,0.6551724137931034
Mistral-7B-Instruct-v0.3__noise05__game_220,agent1,Mistral-7B-Instruct-v0.3,5,cooperativo,0.7667,WSLS,0.9259465336799622,0,1.0,0.0,0.24,0.6551724137931034
Mistral-7B-Instruct-v0.3__noise05__game_220,agent2,Mistral-7B-Instruct-v0.3,5,cooperativo,0.8333,AllC,0.7620871663093567,0,0.8571428571428571,0.4,0.125,0.7586206896551724
Mistral-7B-Instruct-v0.3__noise05__game_222,agent1,Mistral-7B-Instruct-v0.3,5,egoista,0.0667,AllD,0.9938457608222961,0,0.16666666666666666,1.0,0.9333333333333333,0.5172413793103449
Mistral-7B-Instruct-v0.3__noise05__game_222,agent2,Mistral-7B-Instruct-v0.3,5,cooperativo,0.5,WSLS,0.4020240902900696,1,0.8666666666666667,0.38461538461538464,0.3333333333333333,0.5172413793103449
Mistral-7B-Instruct-v0.3__noise05__game_223,agent1,Mistral-7B-Instruct-v0.3,5,egoista,0.1,AllD,0.9996212720870972,0,0.5,1.0,1.0,0.7931034482758621
Mistral-7B-Instruct-v0.3__noise05__game_223,agent2,Mistral-7B-Instruct-v0.3,5,egoista,0.1,TFT,1.0,1,0.4,1.0,0.5,0.896551724137931
Mistral-7B-Instruct-v0.3__noise05__game_224,agent1,Mistral-7B-Instruct-v0.3,5,cooperativo,0.9333,TFT,1.0,0,1.0,0.0,0.07142857142857142,0.8620689655172413
Mistral-7B-Instruct-v0.3__noise05__game_224,agent2,Mistral-7B-Instruct-v0.3,5,cooperativo,0.9333,TFT|WSLS,1.0,1,1.0,0.5,0.03571428571428571,0.9310344827586207
Mistral-7B-Instruct-v0.3__noise05__game_225,agent1,Mistral-7B-Instruct-v0.3,5,cooperativo,0.9333,AllC,0.9999933242797852,1,0.96,0.043478260869565216,0.2,0.13793103448275862
Mistral-7B-Instruct-v0.3__noise05__game_225,agent2,Mistral-7B-Instruct-v0.3,5,egoista,0.1333,WSLS,1.0,0,0.2,1.0,0.8571428571428571,0.20689655172413793
Mistral-7B-Instruct-v0.3__noise05__game_226,agent1,Mistral-7B-Instruct-v0.3,5,egoista,0.0333,AllD,0.9956847429275513,0,0.0,0.0,0.9473684210526315,0.3793103448275862
Mistral-7B-Instruct-v0.3__noise05__game_226,agent2,Mistral-7B-Instruct-v0.3,5,cooperativo,0.6333,AllC,0.997312605381012,1,0.9444444444444444,0.3333333333333333,0.0,0.41379310344827586
Mistral-7B-Instruct-v0.3__noise05__game_227,agent1,Mistral-7B-Instruct-v0.3,5,egoista,0.0667,AllD,0.9998161196708679,0,0.4,1.0,1.0,0.8620689655172413
Mistral-7B-Instruct-v0.3__noise05__game_227,agent2,Mistral-7B-Instruct-v0.3,5,egoista,0.0667,AllD,0.9897260069847107,0,0.4,1.0,1.0,0.8620689655172413
Mistral-7B-Instruct-v0.3__noise05__game_228,agent1,Mistral-7B-Instruct-v0.3,5,cooperativo,0.9,TFT,1.0,0,0.0,0.0,0.1,0.896551724137931
Mistral-7B-Instruct-v0.3__noise05__game_228,agent2,Mistral-7B-Instruct-v0.3,5,cooperativo,1.0,AllC|TFT|WSLS,1.0,1,1.0,0.0,0.0,0.896551724137931
Mistral-7B-Instruct-v0.3__noise05__game_229,agent1,Mistral-7B-Instruct-v0.3,5,cooperativo,0.7,AllC,0.9976523518562317,0,0.9523809523809523,0.19047619047619047,0.5,0.3103448275862069
Mistral-7B-Instruct-v0.3__noise05__game_229,agent2,Mistral-7B-Instruct-v0.3,5,egoista,0.0333,WSLS,0.8019444346427917,1,0.0,1.0,0.9545454545454546,0.27586206896551724
Mistral-7B-Instruct-v0.3__noise05__game_230,agent1,Mistral-7B-Instruct-v0.3,5,egoista,0.1,AllD,0.9960760474205017,0,0.25,1.0,0.875,0.7241379310344828
Mistral-7B-Instruct-v0.3__noise05__game_230,agent2,Mistral-7B-Instruct-v0.3,5,cooperativo,0.2667,WSLS,0.8802530169487,1,0.7,0.6666666666666666,0.75,0.6551724137931034
Mistral-7B-Instruct-v0.3__noise05__game_231,agent1,Mistral-7B-Instruct-v0.3,5,egoista,0.1,AllD,0.9996212720870972,0,0.5,1.0,1.0,0.7931034482758621
Mistral-7B-Instruct-v0.3__noise05__game_231,agent2,Mistral-7B-Instruct-v0.3,5,egoista,0.1,TFT,1.0,1,0.4,1.0,0.5,0.896551724137931
Mistral-7B-Instruct-v0.3__noise05__game_232,agent1,Mistral-7B-Instruct-v0.3,5,cooperativo,0.9667,TFT|WSLS,1.0,1,1.0,0.0,0.034482758620689655,0.9310344827586207
Mistral-7B-Instruct-v0.3__noise05__game_232,agent2,Mistral-7B-Instruct-v0.3,5,cooperativo,0.9667,TFT|WSLS,1.0,0,1.0,0.0,0.034482758620689655,0.9310344827586207
Mistral-7B-Instruct-v0.3__noise05__game_233,agent1,Mistral-7B-Instruct-v0.3,5,cooperativo,0.9667,AllC,0.9999998807907104,1,0.9615384615384616,0.04,0.0,0.13793103448275862
Mistral-7B-Instruct-v0.3__noise05__game_233,agent2,Mistral-7B-Instruct-v0.3,5,egoista,0.1,AllD,0.9993809461593628,0,0.0,0.0,0.896551724137931,0.13793103448275862
Mistral-7B-Instruct-v0.3__noise05__game_234,agent1,Mistral-7B-Instruct-v0.3,5,egoista,0.0667,AllD,0.9997896552085876,0,0.15384615384615385,0.0,0.92,0.2413793103448276
Mistral-7B-Instruct-v0.3__noise05__game_234,agent2,Mistral-7B-Instruct-v0.3,5,cooperativo,0.8333,AllC,0.9997076392173767,1,0.9583333333333334,0.18181818181818182,0.0,0.2413793103448276
Mistral-7B-Instruct-v0.3__noise05__game_235,agent1,Mistral-7B-Instruct-v0.3,5,egoista,0.0667,AllD,0.9996212720870972,0,0.4,1.0,1.0,0.8275862068965517
Mistral-7B-Instruct-v0.3__noise05__game_235,agent2,Mistral-7B-Instruct-v0.3,5,egoista,0.1,TFT,1.0,1,0.4,1.0,0.6666666666666666,0.8620689655172413
Mistral-7B-Instruct-v0.3__noise05__game_236,agent1,Mistral-7B-Instruct-v0.3,5,cooperativo,0.9,AllC,0.999980092048645,1,0.8888888888888888,0.2222222222222222,0.05,0.6896551724137931
Mistral-7B-Instruct-v0.3__noise05__game_236,agent2,Mistral-7B-Instruct-v0.3,5,cooperativo,0.6333,TFT,0.9947028756141663,0,0.5,1.0,0.32142857142857145,0.6896551724137931
Mistral-7B-Instruct-v0.3__noise05__game_237,agent1,Mistral-7B-Instruct-v0.3,5,cooperativo,0.9333,AllC,0.9999988079071045,1,0.9615384615384616,0.08,0.0,0.13793103448275862
Mistral-7B-Instruct-v0.3__noise05__game_237,agent2,Mistral-7B-Instruct-v0.3,5,egoista,0.0667,AllD,0.8158785700798035,0,0.0,0.0,0.9285714285714286,0.10344827586206896
Mistral-7B-Instruct-v0.3__noise05__game_238,agent1,Mistral-7B-Instruct-v0.3,5,egoista,0.1,AllD,0.9999725818634033,0,0.2727272727272727,1.0,0.9285714285714286,0.5172413793103449
Mistral-7B-Instruct-v0.3__noise05__game_238,agent2,Mistral-7B-Instruct-v0.3,5,cooperativo,0.4333,TFT,0.8823541402816772,1,0.8461538461538461,0.75,0.25,0.6206896551724138
Mistral-7B-Instruct-v0.3__noise05__game_239,agent1,Mistral-7B-Instruct-v0.3,5,egoista,0.0333,TFT,1.0,0,0.25,1.0,0.8,0.896551724137931
Mistral-7B-Instruct-v0.3__noise05__game_239,agent2,Mistral-7B-Instruct-v0.3,5,egoista,0.1333,AllD,0.9986592531204224,0,0.8,0.75,1.0,0.8275862068965517
Qwen2.5-32B-Instruct__noise00__game_0,agent1,Qwen2.5-32B-Instruct,0,cooperative,1.0,AllC|TFT|WSLS,1.0,1,0.0,0.0,0.0,1.0
Qwen2.5-32B-Instruct__noise00__game_0,agent2,Qwen2.5-32B-Instruct,0,cooperative,1.0,AllC|TFT|WSLS,1.0,1,0.0,0.0,0.0,1.0
Qwen2.5-32B-Instruct__noise00__game_2,agent1,Qwen2.5-32B-Instruct,0,selfish,0.0,AllD|TFT,1.0,0,0.0,0.0,1.0,0.896551724137931
Qwen2.5-32B-Instruct__noise00__game_2,agent2,Qwen2.5-32B-Instruct,0,cooperative,0.1333,TFT,1.0,1,0.75,0.6666666666666666,0.0,0.896551724137931
Qwen2.5-32B-Instruct__noise00__game_1,agent1,Qwen2.5-32B-Instruct,0,cooperative,0.1,TFT,1.0,1,0.6666666666666666,0.5,0.0,0.9310344827586207
Qwen2.5-32B-Instruct__noise00__game_1,agent2,Qwen2.5-32B-Instruct,0,selfish,0.0,AllD|TFT,1.0,0,0.0,0.0,1.0,0.896551724137931
Qwen2.5-32B-Instruct__noise00__game_3,agent1,Qwen2.5-32B-Instruct,0,selfish,0.0,AllD|TFT,1.0,0,0.0,1.0,1.0,1.0
Qwen2.5-32B-Instruct__noise00__game_3,agent2,Qwen2.5-32B-Instruct,0,selfish,0.0,AllD|TFT,1.0,0,0.0,1.0,1.0,1.0
Qwen2.5-32B-Instruct__noise00__game_4,agent1,Qwen2.5-32B-Instruct,0,cooperative,1.0,AllC|TFT|WSLS,1.0,1,0.0,0.0,0.0,1.0
Qwen2.5-32B-Instruct__noise00__game_4,agent2,Qwen2.5-32B-Instruct,0,cooperative,1.0,AllC|TFT|WSLS,1.0,1,0.0,0.0,0.0,1.0
Qwen2.5-32B-Instruct__noise00__game_5,agent1,Qwen2.5-32B-Instruct,0,cooperative,0.1,TFT,1.0,1,0.6666666666666666,0.5,0.0,0.9310344827586207
Qwen2.5-32B-Instruct__noise00__game_5,agent2,Qwen2.5-32B-Instruct,0,selfish,0.0,AllD|TFT,1.0,0,0.0,0.0,1.0,0.896551724137931
Qwen2.5-32B-Instruct__noise00__game_6,agent1,Qwen2.5-32B-Instruct,0,selfish,0.0,AllD|TFT,1.0,0,0.0,0.0,1.0,0.9655172413793104
Qwen2.5-32B-Instruct__noise00__game_6,agent2,Qwen2.5-32B-Instruct,0,cooperative,0.0333,TFT,1.0,1,0.0,1.0,0.0,1.0
Qwen2.5-32B-Instruct__noise00__game_7,agent1,Qwen2.5-32B-Instruct,0,selfish,0.0,AllD|TFT,1.0,0,0.0,1.0,1.0,1.0
Qwen2.5-32B-Instruct__noise00__game_7,agent2,Qwen2.5-32B-Instruct,0,selfish,0.0,AllD|TFT,1.0,0,0.0,1.0,1.0,1.0
Qwen2.5-32B-Instruct__noise00__game_8,agent1,Qwen2.5-32B-Instruct,0,cooperative,1.0,AllC|TFT|WSLS,1.0,1,0.0,0.0,0.0,1.0
Qwen2.5-32B-Instruct__noise00__game_8,agent2,Qwen2.5-32B-Instruct,0,cooperative,1.0,AllC|TFT|WSLS,1.0,1,0.0,0.0,0.0,1.0
Qwen2.5-32B-Instruct__noise00__game_9,agent1,Qwen2.5-32B-Instruct,0,cooperative,0.1333,TFT,1.0,1,0.75,0.4,0.0,0.896551724137931
Qwen2.5-32B-Instruct__noise00__game_9,agent2,Qwen2.5-32B-Instruct,0,selfish,0.0,AllD,1.0,0,0.0,0.0,1.0,0.8620689655172413
Qwen2.5-32B-Instruct__noise00__game_10,agent1,Qwen2.5-32B-Instruct,0,selfish,0.0,AllD|TFT,1.0,0,0.0,0.0,1.0,0.9310344827586207
Qwen2.5-32B-Instruct__noise00__game_10,agent2,Qwen2.5-32B-Instruct,0,cooperative,0.1,TFT,1.0,1,0.6666666666666666,1.0,0.0,0.9310344827586207
Qwen2.5-32B-Instruct__noise00__game_11,agent1,Qwen2.5-32B-Instruct,0,selfish,0.0,AllD|TFT,1.0,0,0.0,1.0,1.0,1.0
Qwen2.5-32B-Instruct__noise00__game_11,agent2,Qwen2.5-32B-Instruct,0,selfish,0.0,AllD|TFT,1.0,0,0.0,1.0,1.0,1.0
Qwen2.5-32B-Instruct__noise00__game_12,agent1,Qwen2.5-32B-Instruct,0,cooperative,1.0,AllC|TFT|WSLS,1.0,1,0.0,0.0,0.0,1.0
Qwen2.5-32B-Instruct__noise00__game_12,agent2,Qwen2.5-32B-Instruct,0,cooperative,1.0,AllC|TFT|WSLS,1.0,1,0.0,0.0,0.0,1.0
Qwen2.5-32B-Instruct__noise00__game_13,agent1,Qwen2.5-32B-Instruct,0,cooperative,0.0667,TFT,1.0,1,0.5,0.6666666666666666,0.0,0.9655172413793104
Qwen2.5-32B-Instruct__noise00__game_13,agent2,Qwen2.5-32B-Instruct,0,selfish,0.0,AllD|TFT,1.0,0,0.0,0.0,1.0,0.9310344827586207
Qwen2.5-32B-Instruct__noise00__game_14,agent1,Qwen2.5-32B-Instruct,0,selfish,0.0,AllD|TFT,1.0,0,0.0,0.0,1.0,0.9655172413793104
Qwen2.5-32B-Instruct__noise00__game_14,agent2,Qwen2.5-32B-Instruct,0,cooperative,0.0333,TFT,1.0,1,0.0,1.0,0.0,1.0
Qwen2.5-32B-Instruct__noise00__game_15,agent1,Qwen2.5-32B-Instruct,0,selfish,0.0,AllD|TFT,1.0,0,0.0,1.0,1.0,1.0
Qwen2.5-32B-Instruct__noise00__game_15,agent2,Qwen2.5-32B-Instruct,0,selfish,0.0,AllD|TFT,1.0,0,0.0,1.0,1.0,1.0
Qwen2.5-32B-Instruct__noise00__game_16,agent1,Qwen2.5-32B-Instruct,0,cooperative,1.0,AllC|TFT|WSLS,1.0,1,0.0,0.0,0.0,1.0
Qwen2.5-32B-Instruct__noise00__game_16,agent2,Qwen2.5-32B-Instruct,0,cooperative,1.0,AllC|TFT|WSLS,1.0,1,0.0,0.0,0.0,1.0
Qwen2.5-32B-Instruct__noise00__game_17,agent1,Qwen2.5-32B-Instruct,0,cooperative,1.0,AllC,1.0,1,0.9666666666666667,0.0,0.0,0.0
Qwen2.5-32B-Instruct__noise00__game_17,agent2,Qwen2.5-32B-Instruct,0,selfish,0.0,AllD|WSLS,1.0,0,0.0,0.0,1.0,0.0
Qwen2.5-32B-Instruct__noise00__game_18,agent1,Qwen2.5-32B-Instruct,0,selfish,0.0,AllD,1.0,0,0.0,0.0,1.0,0.8620689655172413
Qwen2.5-32B-Instruct__noise00__game_18,agent2,Qwen2.5-32B-Instruct,0,cooperative,0.1667,TFT,1.0,1,0.8,0.5,0.0,0.8620689655172413
Qwen2.5-32B-Instruct__noise00__game_19,agent1,Qwen2.5-32B-Instruct,0,selfish,0.0,AllD|TFT,1.0,0,0.0,1.0,1.0,1.0
Qwen2.5-32B-Instruct__noise00__game_19,agent2,Qwen2.5-32B-Instruct,0,selfish,0.0,AllD|TFT,1.0,0,0.0,1.0,1.0,1.0
Qwen2.5-32B-Instruct__noise00__game_20,agent1,Qwen2.5-32B-Instruct,0,cooperative,1.0,AllC|TFT|WSLS,1.0,1,0.0,0.0,0.0,1.0
Qwen2.5-32B-Instruct__noise00__game_20,agent2,Qwen2.5-32B-Instruct,0,cooperative,1.0,AllC|TFT|WSLS,1.0,1,0.0,0.0,0.0,1.0
Qwen2.5-32B-Instruct__noise00__game_22,agent1,Qwen2.5-32B-Instruct,0,selfish,0.0,AllD|TFT,1.0,0,0.0,0.0,1.0,0.9655172413793104
Qwen2.5-32B-Instruct__noise00__game_22,agent2,Qwen2.5-32B-Instruct,0,cooperative,0.0333,TFT,1.0,1,0.0,1.0,0.0,1.0
Qwen2.5-32B-Instruct__noise00__game_21,agent1,Qwen2.5-32B-Instruct,0,cooperative,0.1,TFT,1.0,1,0.6666666666666666,0.5,0.0,0.9310344827586207
Qwen2.5-32B-Instruct__noise00__game_21,agent2,Qwen2.5-32B-Instruct,0,selfish,0.0,AllD|TFT,1.0,0,0.0,0.0,1.0,0.896551724137931
Qwen2.5-32B-Instruct__noise00__game_23,agent1,Qwen2.5-32B-Instruct,0,selfish,0.0,AllD|TFT,1.0,0,0.0,1.0,1.0,1.0
Qwen2.5-32B-Instruct__noise00__game_23,agent2,Qwen2.5-32B-Instruct,0,selfish,0.0,AllD|TFT,1.0,0,0.0,1.0,1.0,1.0
Qwen2.5-32B-Instruct__noise00__game_24,agent1,Qwen2.5-32B-Instruct,0,cooperative,1.0,AllC|TFT|WSLS,1.0,1,0.0,0.0,0.0,1.0
Qwen2.5-32B-Instruct__noise00__game_24,agent2,Qwen2.5-32B-Instruct,0,cooperative,1.0,AllC|TFT|WSLS,1.0,1,0.0,0.0,0.0,1.0
Qwen2.5-32B-Instruct__noise00__game_26,agent1,Qwen2.5-32B-Instruct,0,selfish,0.0,AllD,1.0,0,0.0,0.0,1.0,0.8620689655172413
Qwen2.5-32B-Instruct__noise00__game_26,agent2,Qwen2.5-32B-Instruct,0,cooperative,0.1667,TFT,1.0,1,0.8,0.5,0.0,0.8620689655172413
Qwen2.5-32B-Instruct__noise00__game_25,agent1,Qwen2.5-32B-Instruct,0,cooperative,0.0667,TFT,1.0,1,0.5,1.0,0.0,0.9655172413793104
Qwen2.5-32B-Instruct__noise00__game_25,agent2,Qwen2.5-32B-Instruct,0,selfish,0.0,AllD|TFT,1.0,0,0.0,0.0,1.0,0.9310344827586207
Qwen2.5-32B-Instruct__noise00__game_27,agent1,Qwen2.5-32B-Instruct,0,selfish,0.0,AllD|TFT,1.0,0,0.0,1.0,1.0,1.0
Qwen2.5-32B-Instruct__noise00__game_27,agent2,Qwen2.5-32B-Instruct,0,selfish,0.0,AllD|TFT,1.0,0,0.0,1.0,1.0,1.0
Qwen2.5-32B-Instruct__noise00__game_28,agent1,Qwen2.5-32B-Instruct,0,cooperative,1.0,AllC|TFT|WSLS,1.0,1,0.0,0.0,0.0,1.0
Qwen2.5-32B-Instruct__noise00__game_28,agent2,Qwen2.5-32B-Instruct,0,cooperative,1.0,AllC|TFT|WSLS,1.0,1,0.0,0.0,0.0,1.0
Qwen2.5-32B-Instruct__noise00__game_29,agent1,Qwen2.5-32B-Instruct,0,cooperative,1.0,AllC,1.0,1,0.9666666666666667,0.0,0.0,0.0
Qwen2.5-32B-Instruct__noise00__game_29,agent2,Qwen2.5-32B-Instruct,0,selfish,0.0,AllD|WSLS,1.0,0,0.0,0.0,1.0,0.0
Qwen2.5-32B-Instruct__noise00__game_30,agent1,Qwen2.5-32B-Instruct,0,selfish,0.0,AllD|TFT,1.0,0,0.0,0.0,1.0,0.896551724137931
Qwen2.5-32B-Instruct__noise00__game_30,agent2,Qwen2.5-32B-Instruct,0,cooperative,0.1333,TFT,1.0,1,0.75,0.6666666666666666,0.0,0.896551724137931
Qwen2.5-32B-Instruct__noise00__game_31,agent1,Qwen2.5-32B-Instruct,0,selfish,0.0,AllD|TFT,1.0,0,0.0,1.0,1.0,1.0
Qwen2.5-32B-Instruct__noise00__game_31,agent2,Qwen2.5-32B-Instruct,0,selfish,0.0,AllD|TFT,1.0,0,0.0,1.0,1.0,1.0
Qwen2.5-32B-Instruct__noise00__game_32,agent1,Qwen2.5-32B-Instruct,0,cooperative,1.0,AllC|TFT|WSLS,1.0,1,0.0,0.0,0.0,1.0
Qwen2.5-32B-Instruct__noise00__game_32,agent2,Qwen2.5-32B-Instruct,0,cooperative,1.0,AllC|TFT|WSLS,1.0,1,0.0,0.0,0.0,1.0
Qwen2.5-32B-Instruct__noise00__game_33,agent1,Qwen2.5-32B-Instruct,0,cooperative,0.0667,TFT,1.0,1,0.5,0.6666666666666666,0.0,0.9655172413793104
Qwen2.5-32B-Instruct__noise00__game_33,agent2,Qwen2.5-32B-Instruct,0,selfish,0.0,AllD|TFT,1.0,0,0.0,0.0,1.0,0.9310344827586207
Qwen2.5-32B-Instruct__noise00__game_34,agent1,Qwen2.5-32B-Instruct,0,selfish,0.0,AllD|TFT,1.0,0,0.0,0.0,1.0,0.9655172413793104
Qwen2.5-32B-Instruct__noise00__game_34,agent2,Qwen2.5-32B-Instruct,0,cooperative,0.0333,TFT,1.0,1,0.0,1.0,0.0,1.0
Qwen2.5-32B-Instruct__noise00__game_35,agent1,Qwen2.5-32B-Instruct,0,selfish,0.0,AllD|TFT,1.0,0,0.0,1.0,1.0,1.0
Qwen2.5-32B-Instruct__noise00__game_35,agent2,Qwen2.5-32B-Instruct,0,selfish,0.0,AllD|TFT,1.0,0,0.0,1.0,1.0,1.0
Qwen2.5-32B-Instruct__noise00__game_36,agent1,Qwen2.5-32B-Instruct,0,cooperative,1.0,AllC|TFT|WSLS,1.0,1,0.0,0.0,0.0,1.0
Qwen2.5-32B-Instruct__noise00__game_36,agent2,Qwen2.5-32B-Instruct,0,cooperative,1.0,AllC|TFT|WSLS,1.0,1,0.0,0.0,0.0,1.0
Qwen2.5-32B-Instruct__noise00__game_37,agent1,Qwen2.5-32B-Instruct,0,cooperative,1.0,AllC,1.0,1,0.9666666666666667,0.0,0.0,0.0
Qwen2.5-32B-Instruct__noise00__game_37,agent2,Qwen2.5-32B-Instruct,0,selfish,0.0,AllD|WSLS,1.0,0,0.0,0.0,1.0,0.0
Qwen2.5-32B-Instruct__noise00__game_38,agent1,Qwen2.5-32B-Instruct,0,selfish,0.0,AllD,1.0,0,0.0,0.0,1.0,0.6551724137931034
Qwen2.5-32B-Instruct__noise00__game_38,agent2,Qwen2.5-32B-Instruct,0,cooperative,0.3667,TFT,0.967010498046875,1,0.9090909090909091,0.2,0.0,0.6551724137931034
Qwen2.5-32B-Instruct__noise00__game_39,agent1,Qwen2.5-32B-Instruct,0,selfish,0.0,AllD|TFT,1.0,0,0.0,1.0,1.0,1.0
Qwen2.5-32B-Instruct__noise00__game_39,agent2,Qwen2.5-32B-Instruct,0,selfish,0.0,AllD|TFT,1.0,0,0.0,1.0,1.0,1.0
Qwen2.5-32B-Instruct__noise00__game_40,agent1,Qwen2.5-32B-Instruct,0,coopératif,1.0,AllC|TFT|WSLS,1.0,1,0.0,0.0,0.0,1.0
Qwen2.5-32B-Instruct__noise00__game_40,agent2,Qwen2.5-32B-Instruct,0,coopératif,1.0,AllC|TFT|WSLS,1.0,1,0.0,0.0,0.0,1.0
Qwen2.5-32B-Instruct__noise00__game_41,agent1,Qwen2.5-32B-Instruct,0,coopératif,1.0,AllC,1.0,1,0.9666666666666667,0.0,0.0,0.0
Qwen2.5-32B-Instruct__noise00__game_41,agent2,Qwen2.5-32B-Instruct,0,égoïste,0.0,AllD|WSLS,1.0,0,0.0,0.0,1.0,0.0
Qwen2.5-32B-Instruct__noise00__game_42,agent1,Qwen2.5-32B-Instruct,0,égoïste,0.0,AllD|WSLS,1.0,0,0.0,0.0,1.0,0.034482758620689655
Qwen2.5-32B-Instruct__noise00__game_42,agent2,Qwen2.5-32B-Instruct,0,coopératif,0.9667,AllC,0.9999982118606567,1,0.9655172413793104,0.03571428571428571,0.0,0.034482758620689655
Qwen2.5-32B-Instruct__noise00__game_43,agent1,Qwen2.5-32B-Instruct,0,égoïste,0.0,AllD|TFT,1.0,0,0.0,1.0,1.0,1.0
Qwen2.5-32B-Instruct__noise00__game_43,agent2,Qwen2.5-32B-Instruct,0,égoïste,0.0,AllD|TFT,1.0,0,0.0,1.0,1.0,1.0
Qwen2.5-32B-Instruct__noise00__game_44,agent1,Qwen2.5-32B-Instruct,0,coopératif,1.0,AllC|TFT|WSLS,1.0,1,0.0,0.0,0.0,1.0
Qwen2.5-32B-Instruct__noise00__game_44,agent2,Qwen2.5-32B-Instruct,0,coopératif,1.0,AllC|TFT|WSLS,1.0,1,0.0,0.0,0.0,1.0
Qwen2.5-32B-Instruct__noise00__game_45,agent1,Qwen2.5-32B-Instruct,0,coopératif,0.0667,TFT,1.0,1,0.5,0.6666666666666666,0.0,0.9655172413793104
Qwen2.5-32B-Instruct__noise00__game_45,agent2,Qwen2.5-32B-Instruct,0,égoïste,0.0,AllD|TFT,1.0,0,0.0,0.0,1.0,0.9310344827586207
Qwen2.5-32B-Instruct__noise00__game_47,agent1,Qwen2.5-32B-Instruct,0,égoïste,0.0,AllD|TFT,1.0,0,0.0,1.0,1.0,1.0
Qwen2.5-32B-Instruct__noise00__game_47,agent2,Qwen2.5-32B-Instruct,0,égoïste,0.0,AllD|TFT,1.0,0,0.0,1.0,1.0,1.0
Qwen2.5-32B-Instruct__noise00__game_46,agent1,Qwen2.5-32B-Instruct,0,égoïste,0.0,AllD|TFT,1.0,0,0.0,0.0,1.0,0.9655172413793104
Qwen2.5-32B-Instruct__noise00__game_46,agent2,Qwen2.5-32B-Instruct,0,coopératif,0.0333,TFT,1.0,1,0.0,1.0,0.0,1.0
Qwen2.5-32B-Instruct__noise00__game_48,agent1,Qwen2.5-32B-Instruct,0,coopératif,1.0,AllC|TFT|WSLS,1.0,1,0.0,0.0,0.0,1.0
Qwen2.5-32B-Instruct__noise00__game_48,agent2,Qwen2.5-32B-Instruct,0,coopératif,1.0,AllC|TFT|WSLS,1.0,1,0.0,0.0,0.0,1.0
Qwen2.5-32B-Instruct__noise00__game_49,agent1,Qwen2.5-32B-Instruct,0,coopératif,0.0667,TFT,1.0,1,0.5,0.6666666666666666,0.0,0.9655172413793104
Qwen2.5-32B-Instruct__noise00__game_49,agent2,Qwen2.5-32B-Instruct,0,égoïste,0.0,AllD|TFT,1.0,0,0.0,0.0,1.0,0.9310344827586207
Qwen2.5-32B-Instruct__noise00__game_50,agent1,Qwen2.5-32B-Instruct,0,égoïste,0.0,AllD|TFT,1.0,0,0.0,0.0,1.0,0.9655172413793104
Qwen2.5-32B-Instruct__noise00__game_50,agent2,Qwen2.5-32B-Instruct,0,coopératif,0.0333,TFT,1.0,1,0.0,1.0,0.0,1.0
Qwen2.5-32B-Instruct__noise00__game_51,agent1,Qwen2.5-32B-Instruct,0,égoïste,0.0,AllD|TFT,1.0,0,0.0,1.0,1.0,1.0
Qwen2.5-32B-Instruct__noise00__game_51,agent2,Qwen2.5-32B-Instruct,0,égoïste,0.0,AllD|TFT,1.0,0,0.0,1.0,1.0,1.0
Qwen2.5-32B-Instruct__noise00__game_52,agent1,Qwen2.5-32B-Instruct,0,coopératif,1.0,AllC|TFT|WSLS,1.0,1,0.0,0.0,0.0,1.0
Qwen2.5-32B-Instruct__noise00__game_52,agent2,Qwen2.5-32B-Instruct,0,coopératif,1.0,AllC|TFT|WSLS,1.0,1,0.0,0.0,0.0,1.0
Qwen2.5-32B-Instruct__noise00__game_53,agent1,Qwen2.5-32B-Instruct,0,coopératif,0.0667,TFT,1.0,1,0.5,0.6666666666666666,0.0,0.9655172413793104
Qwen2.5-32B-Instruct__noise00__game_53,agent2,Qwen2.5-32B-Instruct,0,égoïste,0.0,AllD|TFT,1.0,0,0.0,0.0,1.0,0.9310344827586207
Qwen2.5-32B-Instruct__noise00__game_54,agent1,Qwen2.5-32B-Instruct,0,égoïste,0.0,AllD|TFT,1.0,0,0.0,0.0,1.0,0.9655172413793104
Qwen2.5-32B-Instruct__noise00__game_54,agent2,Qwen2.5-32B-Instruct,0,coopératif,0.0333,TFT,1.0,1,0.0,1.0,0.0,1.0
Qwen2.5-32B-Instruct__noise00__game_55,agent1,Qwen2.5-32B-Instruct,0,égoïste,0.0,AllD|TFT,1.0,0,0.0,1.0,1.0,1.0
Qwen2.5-32B-Instruct__noise00__game_55,agent2,Qwen2.5-32B-Instruct,0,égoïste,0.0,AllD|TFT,1.0,0,0.0,1.0,1.0,1.0
Qwen2.5-32B-Instruct__noise00__game_56,agent1,Qwen2.5-32B-Instruct,0,coopératif,1.0,AllC|TFT|WSLS,1.0,1,0.0,0.0,0.0,1.0
Qwen2.5-32B-Instruct__noise00__game_56,agent2,Qwen2.5-32B-Instruct,0,coopératif,1.0,AllC|TFT|WSLS,1.0,1,0.0,0.0,0.0,1.0
Qwen2.5-32B-Instruct__noise00__game_57,agent1,Qwen2.5-32B-Instruct,0,coopératif,0.0333,TFT,1.0,1,0.0,1.0,0.0,1.0
Qwen2.5-32B-Instruct__noise00__game_57,agent2,Qwen2.5-32B-Instruct,0,égoïste,0.0,AllD|TFT,1.0,0,0.0,0.0,1.0,0.9655172413793104
Qwen2.5-32B-Instruct__noise00__game_58,agent1,Qwen2.5-32B-Instruct,0,égoïste,0.0,AllD|WSLS,1.0,0,0.0,0.0,1.0,0.0
Qwen2.5-32B-Instruct__noise00__game_58,agent2,Qwen2.5-32B-Instruct,0,coopératif,1.0,AllC,1.0,1,0.9666666666666667,0.0,0.0,0.0
Qwen2.5-32B-Instruct__noise00__game_59,agent1,Qwen2.5-32B-Instruct,0,égoïste,0.0,AllD|TFT,1.0,0,0.0,1.0,1.0,1.0
Qwen2.5-32B-Instruct__noise00__game_59,agent2,Qwen2.5-32B-Instruct,0,égoïste,0.0,AllD|TFT,1.0,0,0.0,1.0,1.0,1.0
Qwen2.5-32B-Instruct__noise00__game_60,agent1,Qwen2.5-32B-Instruct,0,coopératif,1.0,AllC|TFT|WSLS,1.0,1,0.0,0.0,0.0,1.0
Qwen2.5-32B-Instruct__noise00__game_60,agent2,Qwen2.5-32B-Instruct,0,coopératif,1.0,AllC|TFT|WSLS,1.0,1,0.0,0.0,0.0,1.0
Qwen2.5-32B-Instruct__noise00__game_61,agent1,Qwen2.5-32B-Instruct,0,coopératif,0.0333,TFT,1.0,1,0.0,1.0,0.0,1.0
Qwen2.5-32B-Instruct__noise00__game_61,agent2,Qwen2.5-32B-Instruct,0,égoïste,0.0,AllD|TFT,1.0,0,0.0,0.0,1.0,0.9655172413793104
Qwen2.5-32B-Instruct__noise00__game_62,agent1,Qwen2.5-32B-Instruct,0,égoïste,0.0,AllD|TFT,1.0,0,0.0,0.0,1.0,0.9655172413793104
Qwen2.5-32B-Instruct__noise00__game_62,agent2,Qwen2.5-32B-Instruct,0,coopératif,0.0333,TFT,1.0,1,0.0,1.0,0.0,1.0
Qwen2.5-32B-Instruct__noise00__game_63,agent1,Qwen2.5-32B-Instruct,0,égoïste,0.0,AllD|TFT,1.0,0,0.0,1.0,1.0,1.0
Qwen2.5-32B-Instruct__noise00__game_63,agent2,Qwen2.5-32B-Instruct,0,égoïste,0.0,AllD|TFT,1.0,0,0.0,1.0,1.0,1.0
Qwen2.5-32B-Instruct__noise00__game_64,agent1,Qwen2.5-32B-Instruct,0,coopératif,1.0,AllC|TFT|WSLS,1.0,1,0.0,0.0,0.0,1.0
Qwen2.5-32B-Instruct__noise00__game_64,agent2,Qwen2.5-32B-Instruct,0,coopératif,1.0,AllC|TFT|WSLS,1.0,1,0.0,0.0,0.0,1.0
Qwen2.5-32B-Instruct__noise00__game_65,agent1,Qwen2.5-32B-Instruct,0,coopératif,0.0667,TFT,1.0,1,0.5,0.6666666666666666,0.0,0.9655172413793104
Qwen2.5-32B-Instruct__noise00__game_65,agent2,Qwen2.5-32B-Instruct,0,égoïste,0.0,AllD|TFT,1.0,0,0.0,0.0,1.0,0.9310344827586207
Qwen2.5-32B-Instruct__noise00__game_67,agent1,Qwen2.5-32B-Instruct,0,égoïste,0.0,AllD|TFT,1.0,0,0.0,1.0,1.0,1.0
Qwen2.5-32B-Instruct__noise00__game_67,agent2,Qwen2.5-32B-Instruct,0,égoïste,0.0,AllD|TFT,1.0,0,0.0,1.0,1.0,1.0
Qwen2.5-32B-Instruct__noise00__game_66,agent1,Qwen2.5-32B-Instruct,0,égoïste,0.0,AllD,1.0,0,0.0,0.0,1.0,0.27586206896551724
Qwen2.5-32B-Instruct__noise00__game_66,agent2,Qwen2.5-32B-Instruct,0,coopératif,0.7333,TFT,0.9837467074394226,1,0.9545454545454546,0.09523809523809523,0.0,0.27586206896551724
Qwen2.5-32B-Instruct__noise00__game_68,agent1,Qwen2.5-32B-Instruct,0,coopératif,1.0,AllC|TFT|WSLS,1.0,1,0.0,0.0,0.0,1.0
Qwen2.5-32B-Instruct__noise00__game_68,agent2,Qwen2.5-32B-Instruct,0,coopératif,1.0,AllC|TFT|WSLS,1.0,1,0.0,0.0,0.0,1.0
Qwen2.5-32B-Instruct__noise00__game_69,agent1,Qwen2.5-32B-Instruct,0,coopératif,1.0,AllC,1.0,1,0.9666666666666667,0.0,0.0,0.0
Qwen2.5-32B-Instruct__noise00__game_69,agent2,Qwen2.5-32B-Instruct,0,égoïste,0.0,AllD|WSLS,1.0,0,0.0,0.0,1.0,0.0
Qwen2.5-32B-Instruct__noise00__game_70,agent1,Qwen2.5-32B-Instruct,0,égoïste,0.0,AllD,1.0,0,0.0,0.0,1.0,0.20689655172413793
Qwen2.5-32B-Instruct__noise00__game_70,agent2,Qwen2.5-32B-Instruct,0,coopératif,0.8,TFT,0.9362894892692566,1,0.9583333333333334,0.08695652173913043,0.0,0.20689655172413793
Qwen2.5-32B-Instruct__noise00__game_71,agent1,Qwen2.5-32B-Instruct,0,égoïste,0.0,AllD|TFT,1.0,0,0.0,1.0,1.0,1.0
Qwen2.5-32B-Instruct__noise00__game_71,agent2,Qwen2.5-32B-Instruct,0,égoïste,0.0,AllD|TFT,1.0,0,0.0,1.0,1.0,1.0
Qwen2.5-32B-Instruct__noise00__game_72,agent1,Qwen2.5-32B-Instruct,0,coopératif,1.0,AllC|TFT|WSLS,1.0,1,0.0,0.0,0.0,1.0
Qwen2.5-32B-Instruct__noise00__game_72,agent2,Qwen2.5-32B-Instruct,0,coopératif,1.0,AllC|TFT|WSLS,1.0,1,0.0,0.0,0.0,1.0
Qwen2.5-32B-Instruct__noise00__game_73,agent1,Qwen2.5-32B-Instruct,0,coopératif,1.0,AllC,1.0,1,0.9666666666666667,0.0,0.0,0.0
Qwen2.5-32B-Instruct__noise00__game_73,agent2,Qwen2.5-32B-Instruct,0,égoïste,0.0,AllD|WSLS,1.0,0,0.0,0.0,1.0,0.0
Qwen2.5-32B-Instruct__noise00__game_75,agent1,Qwen2.5-32B-Instruct,0,égoïste,0.0,AllD|TFT,1.0,0,0.0,1.0,1.0,1.0
Qwen2.5-32B-Instruct__noise00__game_75,agent2,Qwen2.5-32B-Instruct,0,égoïste,0.0,AllD|TFT,1.0,0,0.0,1.0,1.0,1.0
Qwen2.5-32B-Instruct__noise00__game_74,agent1,Qwen2.5-32B-Instruct,0,égoïste,0.0,AllD,1.0,0,0.0,0.0,1.0,0.8620689655172413
Qwen2.5-32B-Instruct__noise00__game_74,agent2,Qwen2.5-32B-Instruct,0,coopératif,0.1333,TFT,1.0,1,0.75,1.0,0.0,0.896551724137931
Qwen2.5-32B-Instruct__noise00__game_76,agent1,Qwen2.5-32B-Instruct,0,coopératif,1.0,AllC|TFT|WSLS,1.0,1,0.0,0.0,0.0,1.0
Qwen2.5-32B-Instruct__noise00__game_76,agent2,Qwen2.5-32B-Instruct,0,coopératif,1.0,AllC|TFT|WSLS,1.0,1,0.0,0.0,0.0,1.0
Qwen2.5-32B-Instruct__noise00__game_77,agent1,Qwen2.5-32B-Instruct,0,coopératif,0.0667,TFT,1.0,1,0.5,0.6666666666666666,0.0,0.9655172413793104
Qwen2.5-32B-Instruct__noise00__game_77,agent2,Qwen2.5-32B-Instruct,0,égoïste,0.0,AllD|TFT,1.0,0,0.0,0.0,1.0,0.9310344827586207
Qwen2.5-32B-Instruct__noise00__game_78,agent1,Qwen2.5-32B-Instruct,0,égoïste,0.0,AllD|TFT,1.0,0,0.0,0.0,1.0,0.9655172413793104
Qwen2.5-32B-Instruct__noise00__game_78,agent2,Qwen2.5-32B-Instruct,0,coopératif,0.0333,TFT,1.0,1,0.0,1.0,0.0,1.0
Qwen2.5-32B-Instruct__noise00__game_79,agent1,Qwen2.5-32B-Instruct,0,égoïste,0.0,AllD|TFT,1.0,0,0.0,1.0,1.0,1.0
Qwen2.5-32B-Instruct__noise00__game_79,agent2,Qwen2.5-32B-Instruct,0,égoïste,0.0,AllD|TFT,1.0,0,0.0,1.0,1.0,1.0
Qwen2.5-32B-Instruct__noise00__game_80,agent1,Qwen2.5-32B-Instruct,0,متعاون,1.0,AllC|TFT|WSLS,1.0,0,0.0,1.0,1.0,1.0
Qwen2.5-32B-Instruct__noise00__game_80,agent2,Qwen2.5-32B-Instruct,0,متعاون,1.0,AllC|TFT|WSLS,1.0,0,0.0,1.0,1.0,1.0
Qwen2.5-32B-Instruct__noise00__game_83,agent1,Qwen2.5-32B-Instruct,0,أناني,0.0,AllD|TFT,1.0,0,0.0,1.0,1.0,1.0
Qwen2.5-32B-Instruct__noise00__game_83,agent2,Qwen2.5-32B-Instruct,0,أناني,0.0,AllD|TFT,1.0,0,0.0,1.0,1.0,1.0
Qwen2.5-32B-Instruct__noise00__game_81,agent1,Qwen2.5-32B-Instruct,0,متعاون,0.0667,TFT,1.0,0,0.0,1.0,1.0,1.0
Qwen2.5-32B-Instruct__noise00__game_81,agent2,Qwen2.5-32B-Instruct,0,أناني,0.0,AllD|TFT,1.0,0,0.0,1.0,1.0,1.0
Qwen2.5-32B-Instruct__noise00__game_82,agent1,Qwen2.5-32B-Instruct,0,أناني,0.0,AllD|TFT,1.0,0,0.0,1.0,1.0,1.0
Qwen2.5-32B-Instruct__noise00__game_82,agent2,Qwen2.5-32B-Instruct,0,متعاون,0.0333,TFT,1.0,0,0.0,1.0,1.0,1.0
Qwen2.5-32B-Instruct__noise00__game_84,agent1,Qwen2.5-32B-Instruct,0,متعاون,1.0,AllC|TFT|WSLS,1.0,0,0.0,1.0,1.0,1.0
Qwen2.5-32B-Instruct__noise00__game_84,agent2,Qwen2.5-32B-Instruct,0,متعاون,1.0,AllC|TFT|WSLS,1.0,0,0.0,1.0,1.0,1.0
Qwen2.5-32B-Instruct__noise00__game_85,agent1,Qwen2.5-32B-Instruct,0,متعاون,0.4667,TFT,0.8781359791755676,0,0.0,1.0,1.0,1.0
Qwen2.5-32B-Instruct__noise00__game_85,agent2,Qwen2.5-32B-Instruct,0,أناني,0.0,AllD,1.0,0,0.0,1.0,1.0,1.0
Qwen2.5-32B-Instruct__noise00__game_86,agent1,Qwen2.5-32B-Instruct,0,أناني,0.0,AllD,1.0,0,0.0,1.0,1.0,1.0
Qwen2.5-32B-Instruct__noise00__game_86,agent2,Qwen2.5-32B-Instruct,0,متعاون,0.8,TFT,0.931580662727356,0,0.0,1.0,1.0,1.0
Qwen2.5-32B-Instruct__noise00__game_87,agent1,Qwen2.5-32B-Instruct,0,أناني,0.0,AllD|TFT,1.0,0,0.0,1.0,1.0,1.0
Qwen2.5-32B-Instruct__noise00__game_87,agent2,Qwen2.5-32B-Instruct,0,أناني,0.0,AllD|TFT,1.0,0,0.0,1.0,1.0,1.0
Qwen2.5-32B-Instruct__noise00__game_88,agent1,Qwen2.5-32B-Instruct,0,متعاون,1.0,AllC|TFT|WSLS,1.0,0,0.0,1.0,1.0,1.0
Qwen2.5-32B-Instruct__noise00__game_88,agent2,Qwen2.5-32B-Instruct,0,متعاون,1.0,AllC|TFT|WSLS,1.0,0,0.0,1.0,1.0,1.0
Qwen2.5-32B-Instruct__noise00__game_89,agent1,Qwen2.5-32B-Instruct,0,متعاون,0.2333,TFT,0.8781359791755676,0,0.0,1.0,1.0,1.0
Qwen2.5-32B-Instruct__noise00__game_89,agent2,Qwen2.5-32B-Instruct,0,أناني,0.0,AllD,1.0,0,0.0,1.0,1.0,1.0
Qwen2.5-32B-Instruct__noise00__game_90,agent1,Qwen2.5-32B-Instruct,0,أناني,0.0,AllD|TFT,1.0,0,0.0,1.0,1.0,1.0
Qwen2.5-32B-Instruct__noise00__game_90,agent2,Qwen2.5-32B-Instruct,0,متعاون,0.0333,TFT,1.0,0,0.0,1.0,1.0,1.0
Qwen2.5-32B-Instruct__noise00__game_91,agent1,Qwen2.5-32B-Instruct,0,أناني,0.0,AllD|TFT,1.0,0,0.0,1.0,1.0,1.0
Qwen2.5-32B-Instruct__noise00__game_91,agent2,Qwen2.5-32B-Instruct,0,أناني,0.0,AllD|TFT,1.0,0,0.0,1.0,1.0,1.0
Qwen2.5-32B-Instruct__noise00__game_92,agent1,Qwen2.5-32B-Instruct,0,متعاون,1.0,AllC|TFT|WSLS,1.0,0,0.0,1.0,1.0,1.0
Qwen2.5-32B-Instruct__noise00__game_92,agent2,Qwen2.5-32B-Instruct,0,متعاون,1.0,AllC|TFT|WSLS,1.0,0,0.0,1.0,1.0,1.0
Qwen2.5-32B-Instruct__noise00__game_93,agent1,Qwen2.5-32B-Instruct,0,متعاون,1.0,AllC,1.0,0,0.0,1.0,1.0,1.0
Qwen2.5-32B-Instruct__noise00__game_93,agent2,Qwen2.5-32B-Instruct,0,أناني,0.0,AllD|WSLS,1.0,0,0.0,1.0,1.0,1.0
Qwen2.5-32B-Instruct__noise00__game_94,agent1,Qwen2.5-32B-Instruct,0,أناني,0.0,AllD,1.0,0,0.0,1.0,1.0,1.0
Qwen2.5-32B-Instruct__noise00__game_94,agent2,Qwen2.5-32B-Instruct,0,متعاون,0.8,TFT,0.9362894892692566,0,0.0,1.0,1.0,1.0
Qwen2.5-32B-Instruct__noise00__game_95,agent1,Qwen2.5-32B-Instruct,0,أناني,0.0,AllD|TFT,1.0,0,0.0,1.0,1.0,1.0
Qwen2.5-32B-Instruct__noise00__game_95,agent2,Qwen2.5-32B-Instruct,0,أناني,0.0,AllD|TFT,1.0,0,0.0,1.0,1.0,1.0
Qwen2.5-32B-Instruct__noise00__game_96,agent1,Qwen2.5-32B-Instruct,0,متعاون,1.0,AllC|TFT|WSLS,1.0,0,0.0,1.0,1.0,1.0
Qwen2.5-32B-Instruct__noise00__game_96,agent2,Qwen2.5-32B-Instruct,0,متعاون,1.0,AllC|TFT|WSLS,1.0,0,0.0,1.0,1.0,1.0
Qwen2.5-32B-Instruct__noise00__game_97,agent1,Qwen2.5-32B-Instruct,0,متعاون,0.0333,TFT,1.0,0,0.0,1.0,1.0,1.0
Qwen2.5-32B-Instruct__noise00__game_97,agent2,Qwen2.5-32B-Instruct,0,أناني,0.0,AllD|TFT,1.0,0,0.0,1.0,1.0,1.0
Qwen2.5-32B-Instruct__noise00__game_98,agent1,Qwen2.5-32B-Instruct,0,أناني,0.0,AllD|WSLS,1.0,0,0.0,1.0,1.0,1.0
Qwen2.5-32B-Instruct__noise00__game_98,agent2,Qwen2.5-32B-Instruct,0,متعاون,1.0,AllC,1.0,0,0.0,1.0,1.0,1.0
Qwen2.5-32B-Instruct__noise00__game_99,agent1,Qwen2.5-32B-Instruct,0,أناني,0.0,AllD|TFT,1.0,0,0.0,1.0,1.0,1.0
Qwen2.5-32B-Instruct__noise00__game_99,agent2,Qwen2.5-32B-Instruct,0,أناني,0.0,AllD|TFT,1.0,0,0.0,1.0,1.0,1.0
Qwen2.5-32B-Instruct__noise00__game_100,agent1,Qwen2.5-32B-Instruct,0,متعاون,1.0,AllC|TFT|WSLS,1.0,0,0.0,1.0,1.0,1.0
Qwen2.5-32B-Instruct__noise00__game_100,agent2,Qwen2.5-32B-Instruct,0,متعاون,1.0,AllC|TFT|WSLS,1.0,0,0.0,1.0,1.0,1.0
Qwen2.5-32B-Instruct__noise00__game_102,agent1,Qwen2.5-32B-Instruct,0,أناني,0.0,AllD,1.0,0,0.0,1.0,1.0,1.0
Qwen2.5-32B-Instruct__noise00__game_102,agent2,Qwen2.5-32B-Instruct,0,متعاون,0.2,TFT,0.967010498046875,0,0.0,1.0,1.0,1.0
Qwen2.5-32B-Instruct__noise00__game_101,agent1,Qwen2.5-32B-Instruct,0,متعاون,0.0667,TFT,1.0,0,0.0,1.0,1.0,1.0
Qwen2.5-32B-Instruct__noise00__game_101,agent2,Qwen2.5-32B-Instruct,0,أناني,0.0,AllD|TFT,1.0,0,0.0,1.0,1.0,1.0
Qwen2.5-32B-Instruct__noise00__game_103,agent1,Qwen2.5-32B-Instruct,0,أناني,0.0,AllD|TFT,1.0,0,0.0,1.0,1.0,1.0
Qwen2.5-32B-Instruct__noise00__game_103,agent2,Qwen2.5-32B-Instruct,0,أناني,0.0,AllD|TFT,1.0,0,0.0,1.0,1.0,1.0
Qwen2.5-32B-Instruct__noise00__game_104,agent1,Qwen2.5-32B-Instruct,0,متعاون,1.0,AllC|TFT|WSLS,1.0,0,0.0,1.0,1.0,1.0
Qwen2.5-32B-Instruct__noise00__game_104,agent2,Qwen2.5-32B-Instruct,0,متعاون,1.0,AllC|TFT|WSLS,1.0,0,0.0,1.0,1.0,1.0
Qwen2.5-32B-Instruct__noise00__game_105,agent1,Qwen2.5-32B-Instruct,0,متعاون,1.0,AllC,1.0,0,0.0,1.0,1.0,1.0
Qwen2.5-32B-Instruct__noise00__game_105,agent2,Qwen2.5-32B-Instruct,0,أناني,0.0,AllD|WSLS,1.0,0,0.0,1.0,1.0,1.0
Qwen2.5-32B-Instruct__noise00__game_106,agent1,Qwen2.5-32B-Instruct,0,أناني,0.0,AllD,1.0,0,0.0,1.0,1.0,1.0
Qwen2.5-32B-Instruct__noise00__game_106,agent2,Qwen2.5-32B-Instruct,0,متعاون,0.8,TFT,0.931580662727356,0,0.0,1.0,1.0,1.0
Qwen2.5-32B-Instruct__noise00__game_107,agent1,Qwen2.5-32B-Instruct,0,أناني,0.0,AllD|TFT,1.0,0,0.0,1.0,1.0,1.0
Qwen2.5-32B-Instruct__noise00__game_107,agent2,Qwen2.5-32B-Instruct,0,أناني,0.0,AllD|TFT,1.0,0,0.0,1.0,1.0,1.0
Qwen2.5-32B-Instruct__noise00__game_108,agent1,Qwen2.5-32B-Instruct,0,متعاون,1.0,AllC|TFT|WSLS,1.0,0,0.0,1.0,1.0,1.0
Qwen2.5-32B-Instruct__noise00__game_108,agent2,Qwen2.5-32B-Instruct,0,متعاون,1.0,AllC|TFT|WSLS,1.0,0,0.0,1.0,1.0,1.0
Qwen2.5-32B-Instruct__noise00__game_109,agent1,Qwen2.5-32B-Instruct,0,متعاون,1.0,AllC,1.0,0,0.0,1.0,1.0,1.0
Qwen2.5-32B-Instruct__noise00__game_109,agent2,Qwen2.5-32B-Instruct,0,أناني,0.0,AllD|WSLS,1.0,0,0.0,1.0,1.0,1.0
Qwen2.5-32B-Instruct__noise00__game_111,agent1,Qwen2.5-32B-Instruct,0,أناني,0.0,AllD|TFT,1.0,0,0.0,1.0,1.0,1.0
Qwen2.5-32B-Instruct__noise00__game_111,agent2,Qwen2.5-32B-Instruct,0,أناني,0.0,AllD|TFT,1.0,0,0.0,1.0,1.0,1.0
Qwen2.5-32B-Instruct__noise00__game_110,agent1,Qwen2.5-32B-Instruct,0,أناني,0.0,AllD|TFT,1.0,0,0.0,1.0,1.0,1.0
Qwen2.5-32B-Instruct__noise00__game_110,agent2,Qwen2.5-32B-Instruct,0,متعاون,0.0333,TFT,1.0,0,0.0,1.0,1.0,1.0
Qwen2.5-32B-Instruct__noise00__game_112,agent1,Qwen2.5-32B-Instruct,0,متعاون,1.0,AllC|TFT|WSLS,1.0,0,0.0,1.0,1.0,1.0
Qwen2.5-32B-Instruct__noise00__game_112,agent2,Qwen2.5-32B-Instruct,0,متعاون,1.0,AllC|TFT|WSLS,1.0,0,0.0,1.0,1.0,1.0
Qwen2.5-32B-Instruct__noise00__game_113,agent1,Qwen2.5-32B-Instruct,0,متعاون,1.0,AllC,1.0,0,0.0,1.0,1.0,1.0
Qwen2.5-32B-Instruct__noise00__game_113,agent2,Qwen2.5-32B-Instruct,0,أناني,0.0,AllD|WSLS,1.0,0,0.0,1.0,1.0,1.0
Qwen2.5-32B-Instruct__noise00__game_115,agent1,Qwen2.5-32B-Instruct,0,أناني,0.0,AllD|TFT,1.0,0,0.0,1.0,1.0,1.0
Qwen2.5-32B-Instruct__noise00__game_115,agent2,Qwen2.5-32B-Instruct,0,أناني,0.0,AllD|TFT,1.0,0,0.0,1.0,1.0,1.0
Qwen2.5-32B-Instruct__noise00__game_114,agent1,Qwen2.5-32B-Instruct,0,أناني,0.0,AllD|TFT,1.0,0,0.0,1.0,1.0,1.0
Qwen2.5-32B-Instruct__noise00__game_114,agent2,Qwen2.5-32B-Instruct,0,متعاون,0.0667,TFT,1.0,0,0.0,1.0,1.0,1.0
Qwen2.5-32B-Instruct__noise00__game_116,agent1,Qwen2.5-32B-Instruct,0,متعاون,1.0,AllC|TFT|WSLS,1.0,0,0.0,1.0,1.0,1.0
Qwen2.5-32B-Instruct__noise00__game_116,agent2,Qwen2.5-32B-Instruct,0,متعاون,1.0,AllC|TFT|WSLS,1.0,0,0.0,1.0,1.0,1.0
Qwen2.5-32B-Instruct__noise00__game_117,agent1,Qwen2.5-32B-Instruct,0,متعاون,1.0,AllC,1.0,0,0.0,1.0,1.0,1.0
Qwen2.5-32B-Instruct__noise00__game_117,agent2,Qwen2.5-32B-Instruct,0,أناني,0.0,AllD|WSLS,1.0,0,0.0,1.0,1.0,1.0
Qwen2.5-32B-Instruct__noise00__game_118,agent1,Qwen2.5-32B-Instruct,0,أناني,0.0,AllD|WSLS,1.0,0,0.0,1.0,1.0,1.0
Qwen2.5-32B-Instruct__noise00__game_118,agent2,Qwen2.5-32B-Instruct,0,متعاون,1.0,AllC,1.0,0,0.0,1.0,1.0,1.0
Qwen2.5-32B-Instruct__noise00__game_119,agent1,Qwen2.5-32B-Instruct,0,أناني,0.0,AllD|TFT,1.0,0,0.0,1.0,1.0,1.0
Qwen2.5-32B-Instruct__noise00__game_119,agent2,Qwen2.5-32B-Instruct,0,أناني,0.0,AllD|TFT,1.0,0,0.0,1.0,1.0,1.0
Qwen2.5-32B-Instruct__noise00__game_120,agent1,Qwen2.5-32B-Instruct,0,合作型的,1.0,AllC|TFT|WSLS,1.0,0,0.0,1.0,1.0,1.0
Qwen2.5-32B-Instruct__noise00__game_120,agent2,Qwen2.5-32B-Instruct,0,合作型的,1.0,AllC|TFT|WSLS,1.0,0,0.0,1.0,1.0,1.0
Qwen2.5-32B-Instruct__noise00__game_121,agent1,Qwen2.5-32B-Instruct,0,合作型的,1.0,AllC,1.0,0,0.0,1.0,1.0,1.0
Qwen2.5-32B-Instruct__noise00__game_121,agent2,Qwen2.5-32B-Instruct,0,自私型的,0.0,AllD|WSLS,1.0,0,0.0,1.0,1.0,1.0
Qwen2.5-32B-Instruct__noise00__game_122,agent1,Qwen2.5-32B-Instruct,0,自私型的,0.0,AllD|WSLS,1.0,0,0.0,1.0,1.0,1.0
Qwen2.5-32B-Instruct__noise00__game_122,agent2,Qwen2.5-32B-Instruct,0,合作型的,1.0,AllC,1.0,0,0.0,1.0,1.0,1.0
Qwen2.5-32B-Instruct__noise00__game_124,agent1,Qwen2.5-32B-Instruct,0,合作型的,1.0,AllC|TFT|WSLS,1.0,0,0.0,1.0,1.0,1.0
Qwen2.5-32B-Instruct__noise00__game_124,agent2,Qwen2.5-32B-Instruct,0,合作型的,1.0,AllC|TFT|WSLS,1.0,0,0.0,1.0,1.0,1.0
Qwen2.5-32B-Instruct__noise00__game_123,agent1,Qwen2.5-32B-Instruct,0,自私型的,0.0,AllD|TFT,1.0,0,0.0,1.0,1.0,1.0
Qwen2.5-32B-Instruct__noise00__game_123,agent2,Qwen2.5-32B-Instruct,0,自私型的,0.0,AllD|TFT,1.0,0,0.0,1.0,1.0,1.0
Qwen2.5-32B-Instruct__noise00__game_125,agent1,Qwen2.5-32B-Instruct,0,合作型的,1.0,AllC,1.0,0,0.0,1.0,1.0,1.0
Qwen2.5-32B-Instruct__noise00__game_125,agent2,Qwen2.5-32B-Instruct,0,自私型的,0.0,AllD|WSLS,1.0,0,0.0,1.0,1.0,1.0
Qwen2.5-32B-Instruct__noise00__game_126,agent1,Qwen2.5-32B-Instruct,0,自私型的,0.0,AllD|WSLS,1.0,0,0.0,1.0,1.0,1.0
Qwen2.5-32B-Instruct__noise00__game_126,agent2,Qwen2.5-32B-Instruct,0,合作型的,1.0,AllC,1.0,0,0.0,1.0,1.0,1.0
Qwen2.5-32B-Instruct__noise00__game_128,agent1,Qwen2.5-32B-Instruct,0,合作型的,1.0,AllC|TFT|WSLS,1.0,0,0.0,1.0,1.0,1.0
Qwen2.5-32B-Instruct__noise00__game_128,agent2,Qwen2.5-32B-Instruct,0,合作型的,1.0,AllC|TFT|WSLS,1.0,0,0.0,1.0,1.0,1.0
Qwen2.5-32B-Instruct__noise00__game_127,agent1,Qwen2.5-32B-Instruct,0,自私型的,0.0,AllD|TFT,1.0,0,0.0,1.0,1.0,1.0
Qwen2.5-32B-Instruct__noise00__game_127,agent2,Qwen2.5-32B-Instruct,0,自私型的,0.0,AllD|TFT,1.0,0,0.0,1.0,1.0,1.0
Qwen2.5-32B-Instruct__noise00__game_129,agent1,Qwen2.5-32B-Instruct,0,合作型的,1.0,AllC,1.0,0,0.0,1.0,1.0,1.0
Qwen2.5-32B-Instruct__noise00__game_129,agent2,Qwen2.5-32B-Instruct,0,自私型的,0.0,AllD|WSLS,1.0,0,0.0,1.0,1.0,1.0
Qwen2.5-32B-Instruct__noise00__game_130,agent1,Qwen2.5-32B-Instruct,0,自私型的,0.0,AllD|WSLS,1.0,0,0.0,1.0,1.0,1.0
Qwen2.5-32B-Instruct__noise00__game_130,agent2,Qwen2.5-32B-Instruct,0,合作型的,1.0,AllC,1.0,0,0.0,1.0,1.0,1.0
Qwen2.5-32B-Instruct__noise00__game_132,agent1,Qwen2.5-32B-Instruct,0,合作型的,1.0,AllC|TFT|WSLS,1.0,0,0.0,1.0,1.0,1.0
Qwen2.5-32B-Instruct__noise00__game_132,agent2,Qwen2.5-32B-Instruct,0,合作型的,1.0,AllC|TFT|WSLS,1.0,0,0.0,1.0,1.0,1.0
Qwen2.5-32B-Instruct__noise00__game_131,agent1,Qwen2.5-32B-Instruct,0,自私型的,0.0,AllD|TFT,1.0,0,0.0,1.0,1.0,1.0
Qwen2.5-32B-Instruct__noise00__game_131,agent2,Qwen2.5-32B-Instruct,0,自私型的,0.0,AllD|TFT,1.0,0,0.0,1.0,1.0,1.0
Qwen2.5-32B-Instruct__noise00__game_133,agent1,Qwen2.5-32B-Instruct,0,合作型的,1.0,AllC,1.0,0,0.0,1.0,1.0,1.0
Qwen2.5-32B-Instruct__noise00__game_133,agent2,Qwen2.5-32B-Instruct,0,自私型的,0.0,AllD|WSLS,1.0,0,0.0,1.0,1.0,1.0
Qwen2.5-32B-Instruct__noise00__game_134,agent1,Qwen2.5-32B-Instruct,0,自私型的,0.0,AllD|WSLS,1.0,0,0.0,1.0,1.0,1.0
Qwen2.5-32B-Instruct__noise00__game_134,agent2,Qwen2.5-32B-Instruct,0,合作型的,1.0,AllC,1.0,0,0.0,1.0,1.0,1.0
Qwen2.5-32B-Instruct__noise00__game_135,agent1,Qwen2.5-32B-Instruct,0,自私型的,0.0,AllD|TFT,1.0,0,0.0,1.0,1.0,1.0
Qwen2.5-32B-Instruct__noise00__game_135,agent2,Qwen2.5-32B-Instruct,0,自私型的,0.0,AllD|TFT,1.0,0,0.0,1.0,1.0,1.0
Qwen2.5-32B-Instruct__noise00__game_136,agent1,Qwen2.5-32B-Instruct,0,合作型的,1.0,AllC|TFT|WSLS,1.0,0,0.0,1.0,1.0,1.0
Qwen2.5-32B-Instruct__noise00__game_136,agent2,Qwen2.5-32B-Instruct,0,合作型的,1.0,AllC|TFT|WSLS,1.0,0,0.0,1.0,1.0,1.0
Qwen2.5-32B-Instruct__noise00__game_137,agent1,Qwen2.5-32B-Instruct,0,合作型的,1.0,AllC,1.0,0,0.0,1.0,1.0,1.0
Qwen2.5-32B-Instruct__noise00__game_137,agent2,Qwen2.5-32B-Instruct,0,自私型的,0.0,AllD|WSLS,1.0,0,0.0,1.0,1.0,1.0
Qwen2.5-32B-Instruct__noise00__game_138,agent1,Qwen2.5-32B-Instruct,0,自私型的,0.0,AllD|WSLS,1.0,0,0.0,1.0,1.0,1.0
Qwen2.5-32B-Instruct__noise00__game_138,agent2,Qwen2.5-32B-Instruct,0,合作型的,1.0,AllC,1.0,0,0.0,1.0,1.0,1.0
Qwen2.5-32B-Instruct__noise00__game_139,agent1,Qwen2.5-32B-Instruct,0,自私型的,0.0,AllD|TFT,1.0,0,0.0,1.0,1.0,1.0
Qwen2.5-32B-Instruct__noise00__game_139,agent2,Qwen2.5-32B-Instruct,0,自私型的,0.0,AllD|TFT,1.0,0,0.0,1.0,1.0,1.0
Qwen2.5-32B-Instruct__noise00__game_140,agent1,Qwen2.5-32B-Instruct,0,合作型的,1.0,AllC|TFT|WSLS,1.0,0,0.0,1.0,1.0,1.0
Qwen2.5-32B-Instruct__noise00__game_140,agent2,Qwen2.5-32B-Instruct,0,合作型的,1.0,AllC|TFT|WSLS,1.0,0,0.0,1.0,1.0,1.0
Qwen2.5-32B-Instruct__noise00__game_141,agent1,Qwen2.5-32B-Instruct,0,合作型的,1.0,AllC,1.0,0,0.0,1.0,1.0,1.0
Qwen2.5-32B-Instruct__noise00__game_141,agent2,Qwen2.5-32B-Instruct,0,自私型的,0.0,AllD|WSLS,1.0,0,0.0,1.0,1.0,1.0
Qwen2.5-32B-Instruct__noise00__game_142,agent1,Qwen2.5-32B-Instruct,0,自私型的,0.0,AllD|WSLS,1.0,0,0.0,1.0,1.0,1.0
Qwen2.5-32B-Instruct__noise00__game_142,agent2,Qwen2.5-32B-Instruct,0,合作型的,1.0,AllC,1.0,0,0.0,1.0,1.0,1.0
Qwen2.5-32B-Instruct__noise00__game_143,agent1,Qwen2.5-32B-Instruct,0,自私型的,0.0,AllD|TFT,1.0,0,0.0,1.0,1.0,1.0
Qwen2.5-32B-Instruct__noise00__game_143,agent2,Qwen2.5-32B-Instruct,0,自私型的,0.0,AllD|TFT,1.0,0,0.0,1.0,1.0,1.0
Qwen2.5-32B-Instruct__noise00__game_144,agent1,Qwen2.5-32B-Instruct,0,合作型的,1.0,AllC|TFT|WSLS,1.0,0,0.0,1.0,1.0,1.0
Qwen2.5-32B-Instruct__noise00__game_144,agent2,Qwen2.5-32B-Instruct,0,合作型的,1.0,AllC|TFT|WSLS,1.0,0,0.0,1.0,1.0,1.0
Qwen2.5-32B-Instruct__noise00__game_145,agent1,Qwen2.5-32B-Instruct,0,合作型的,1.0,AllC,1.0,0,0.0,1.0,1.0,1.0
Qwen2.5-32B-Instruct__noise00__game_145,agent2,Qwen2.5-32B-Instruct,0,自私型的,0.0,AllD|WSLS,1.0,0,0.0,1.0,1.0,1.0
Qwen2.5-32B-Instruct__noise00__game_146,agent1,Qwen2.5-32B-Instruct,0,自私型的,0.0,AllD|WSLS,1.0,0,0.0,1.0,1.0,1.0
Qwen2.5-32B-Instruct__noise00__game_146,agent2,Qwen2.5-32B-Instruct,0,合作型的,1.0,AllC,1.0,0,0.0,1.0,1.0,1.0
Qwen2.5-32B-Instruct__noise00__game_147,agent1,Qwen2.5-32B-Instruct,0,自私型的,0.0,AllD|TFT,1.0,0,0.0,1.0,1.0,1.0
Qwen2.5-32B-Instruct__noise00__game_147,agent2,Qwen2.5-32B-Instruct,0,自私型的,0.0,AllD|TFT,1.0,0,0.0,1.0,1.0,1.0
Qwen2.5-32B-Instruct__noise00__game_148,agent1,Qwen2.5-32B-Instruct,0,合作型的,1.0,AllC|TFT|WSLS,1.0,0,0.0,1.0,1.0,1.0
Qwen2.5-32B-Instruct__noise00__game_148,agent2,Qwen2.5-32B-Instruct,0,合作型的,1.0,AllC|TFT|WSLS,1.0,0,0.0,1.0,1.0,1.0
Qwen2.5-32B-Instruct__noise00__game_149,agent1,Qwen2.5-32B-Instruct,0,合作型的,1.0,AllC,1.0,0,0.0,1.0,1.0,1.0
Qwen2.5-32B-Instruct__noise00__game_149,agent2,Qwen2.5-32B-Instruct,0,自私型的,0.0,AllD|WSLS,1.0,0,0.0,1.0,1.0,1.0
Qwen2.5-32B-Instruct__noise00__game_150,agent1,Qwen2.5-32B-Instruct,0,自私型的,0.0,AllD|WSLS,1.0,0,0.0,1.0,1.0,1.0
Qwen2.5-32B-Instruct__noise00__game_150,agent2,Qwen2.5-32B-Instruct,0,合作型的,1.0,AllC,1.0,0,0.0,1.0,1.0,1.0
Qwen2.5-32B-Instruct__noise00__game_151,agent1,Qwen2.5-32B-Instruct,0,自私型的,0.0,AllD|TFT,1.0,0,0.0,1.0,1.0,1.0
Qwen2.5-32B-Instruct__noise00__game_151,agent2,Qwen2.5-32B-Instruct,0,自私型的,0.0,AllD|TFT,1.0,0,0.0,1.0,1.0,1.0
Qwen2.5-32B-Instruct__noise00__game_152,agent1,Qwen2.5-32B-Instruct,0,合作型的,1.0,AllC|TFT|WSLS,1.0,0,0.0,1.0,1.0,1.0
Qwen2.5-32B-Instruct__noise00__game_152,agent2,Qwen2.5-32B-Instruct,0,合作型的,1.0,AllC|TFT|WSLS,1.0,0,0.0,1.0,1.0,1.0
Qwen2.5-32B-Instruct__noise00__game_153,agent1,Qwen2.5-32B-Instruct,0,合作型的,1.0,AllC,1.0,0,0.0,1.0,1.0,1.0
Qwen2.5-32B-Instruct__noise00__game_153,agent2,Qwen2.5-32B-Instruct,0,自私型的,0.0,AllD|WSLS,1.0,0,0.0,1.0,1.0,1.0
Qwen2.5-32B-Instruct__noise00__game_154,agent1,Qwen2.5-32B-Instruct,0,自私型的,0.0,AllD|WSLS,1.0,0,0.0,1.0,1.0,1.0
Qwen2.5-32B-Instruct__noise00__game_154,agent2,Qwen2.5-32B-Instruct,0,合作型的,1.0,AllC,1.0,0,0.0,1.0,1.0,1.0
Qwen2.5-32B-Instruct__noise00__game_155,agent1,Qwen2.5-32B-Instruct,0,自私型的,0.0,AllD|TFT,1.0,0,0.0,1.0,1.0,1.0
Qwen2.5-32B-Instruct__noise00__game_155,agent2,Qwen2.5-32B-Instruct,0,自私型的,0.0,AllD|TFT,1.0,0,0.0,1.0,1.0,1.0
Qwen2.5-32B-Instruct__noise00__game_156,agent1,Qwen2.5-32B-Instruct,0,合作型的,1.0,AllC|TFT|WSLS,1.0,0,0.0,1.0,1.0,1.0
Qwen2.5-32B-Instruct__noise00__game_156,agent2,Qwen2.5-32B-Instruct,0,合作型的,1.0,AllC|TFT|WSLS,1.0,0,0.0,1.0,1.0,1.0
Qwen2.5-32B-Instruct__noise00__game_157,agent1,Qwen2.5-32B-Instruct,0,合作型的,1.0,AllC,1.0,0,0.0,1.0,1.0,1.0
Qwen2.5-32B-Instruct__noise00__game_157,agent2,Qwen2.5-32B-Instruct,0,自私型的,0.0,AllD|WSLS,1.0,0,0.0,1.0,1.0,1.0
Qwen2.5-32B-Instruct__noise00__game_158,agent1,Qwen2.5-32B-Instruct,0,自私型的,0.0,AllD|WSLS,1.0,0,0.0,1.0,1.0,1.0
Qwen2.5-32B-Instruct__noise00__game_158,agent2,Qwen2.5-32B-Instruct,0,合作型的,1.0,AllC,1.0,0,0.0,1.0,1.0,1.0
Qwen2.5-32B-Instruct__noise00__game_159,agent1,Qwen2.5-32B-Instruct,0,自私型的,0.0,AllD|TFT,1.0,0,0.0,1.0,1.0,1.0
Qwen2.5-32B-Instruct__noise00__game_159,agent2,Qwen2.5-32B-Instruct,0,自私型的,0.0,AllD|TFT,1.0,0,0.0,1.0,1.0,1.0
Qwen2.5-32B-Instruct__noise00__game_160,agent1,Qwen2.5-32B-Instruct,0,một người hợp tác,1.0,AllC|TFT|WSLS,1.0,0,0.0,1.0,1.0,1.0
Qwen2.5-32B-Instruct__noise00__game_160,agent2,Qwen2.5-32B-Instruct,0,một người hợp tác,1.0,AllC|TFT|WSLS,1.0,0,0.0,1.0,1.0,1.0
Qwen2.5-32B-Instruct__noise00__game_161,agent1,Qwen2.5-32B-Instruct,0,một người hợp tác,1.0,AllC,1.0,0,0.0,1.0,1.0,1.0
Qwen2.5-32B-Instruct__noise00__game_161,agent2,Qwen2.5-32B-Instruct,0,một người ích kỷ,0.0,AllD|WSLS,1.0,0,0.0,1.0,1.0,1.0
Qwen2.5-32B-Instruct__noise00__game_162,agent1,Qwen2.5-32B-Instruct,0,một người ích kỷ,0.0,AllD,1.0,0,0.0,1.0,1.0,1.0
Qwen2.5-32B-Instruct__noise00__game_162,agent2,Qwen2.5-32B-Instruct,0,một người hợp tác,0.2333,TFT,0.967010498046875,0,0.0,1.0,1.0,1.0
Qwen2.5-32B-Instruct__noise00__game_163,agent1,Qwen2.5-32B-Instruct,0,một người ích kỷ,0.0,AllD|TFT,1.0,0,0.0,1.0,1.0,1.0
Qwen2.5-32B-Instruct__noise00__game_163,agent2,Qwen2.5-32B-Instruct,0,một người ích kỷ,0.0,AllD|TFT,1.0,0,0.0,1.0,1.0,1.0
Qwen2.5-32B-Instruct__noise00__game_164,agent1,Qwen2.5-32B-Instruct,0,một người hợp tác,1.0,AllC|TFT|WSLS,1.0,0,0.0,1.0,1.0,1.0
Qwen2.5-32B-Instruct__noise00__game_164,agent2,Qwen2.5-32B-Instruct,0,một người hợp tác,1.0,AllC|TFT|WSLS,1.0,0,0.0,1.0,1.0,1.0
Qwen2.5-32B-Instruct__noise00__game_165,agent1,Qwen2.5-32B-Instruct,0,một người hợp tác,1.0,AllC,1.0,0,0.0,1.0,1.0,1.0
Qwen2.5-32B-Instruct__noise00__game_165,agent2,Qwen2.5-32B-Instruct,0,một người ích kỷ,0.0,AllD|WSLS,1.0,0,0.0,1.0,1.0,1.0
Qwen2.5-32B-Instruct__noise00__game_166,agent1,Qwen2.5-32B-Instruct,0,một người ích kỷ,0.0,AllD|WSLS,1.0,0,0.0,1.0,1.0,1.0
Qwen2.5-32B-Instruct__noise00__game_166,agent2,Qwen2.5-32B-Instruct,0,một người hợp tác,1.0,AllC,1.0,0,0.0,1.0,1.0,1.0
Qwen2.5-32B-Instruct__noise00__game_167,agent1,Qwen2.5-32B-Instruct,0,một người ích kỷ,0.0,AllD|TFT,1.0,0,0.0,1.0,1.0,1.0
Qwen2.5-32B-Instruct__noise00__game_167,agent2,Qwen2.5-32B-Instruct,0,một người ích kỷ,0.0,AllD|TFT,1.0,0,0.0,1.0,1.0,1.0
Qwen2.5-32B-Instruct__noise00__game_168,agent1,Qwen2.5-32B-Instruct,0,một người hợp tác,1.0,AllC|TFT|WSLS,1.0,0,0.0,1.0,1.0,1.0
Qwen2.5-32B-Instruct__noise00__game_168,agent2,Qwen2.5-32B-Instruct,0,một người hợp tác,1.0,AllC|TFT|WSLS,1.0,0,0.0,1.0,1.0,1.0
Qwen2.5-32B-Instruct__noise00__game_169,agent1,Qwen2.5-32B-Instruct,0,một người hợp tác,1.0,AllC,1.0,0,0.0,1.0,1.0,1.0
Qwen2.5-32B-Instruct__noise00__game_169,agent2,Qwen2.5-32B-Instruct,0,một người ích kỷ,0.0,AllD|WSLS,1.0,0,0.0,1.0,1.0,1.0
Qwen2.5-32B-Instruct__noise00__game_170,agent1,Qwen2.5-32B-Instruct,0,một người ích kỷ,0.0,AllD,1.0,0,0.0,1.0,1.0,1.0
Qwen2.5-32B-Instruct__noise00__game_170,agent2,Qwen2.5-32B-Instruct,0,một người hợp tác,0.2667,TFT,0.967010498046875,0,0.0,1.0,1.0,1.0
Qwen2.5-32B-Instruct__noise00__game_171,agent1,Qwen2.5-32B-Instruct,0,một người ích kỷ,0.0,AllD|TFT,1.0,0,0.0,1.0,1.0,1.0
Qwen2.5-32B-Instruct__noise00__game_171,agent2,Qwen2.5-32B-Instruct,0,một người ích kỷ,0.0,AllD|TFT,1.0,0,0.0,1.0,1.0,1.0
Qwen2.5-32B-Instruct__noise00__game_172,agent1,Qwen2.5-32B-Instruct,0,một người hợp tác,1.0,AllC|TFT|WSLS,1.0,0,0.0,1.0,1.0,1.0
Qwen2.5-32B-Instruct__noise00__game_172,agent2,Qwen2.5-32B-Instruct,0,một người hợp tác,1.0,AllC|TFT|WSLS,1.0,0,0.0,1.0,1.0,1.0
Qwen2.5-32B-Instruct__noise00__game_174,agent1,Qwen2.5-32B-Instruct,0,một người ích kỷ,0.0,AllD|TFT,1.0,0,0.0,1.0,1.0,1.0
Qwen2.5-32B-Instruct__noise00__game_174,agent2,Qwen2.5-32B-Instruct,0,một người hợp tác,0.0333,TFT,1.0,0,0.0,1.0,1.0,1.0
Qwen2.5-32B-Instruct__noise00__game_173,agent1,Qwen2.5-32B-Instruct,0,một người hợp tác,1.0,AllC,1.0,0,0.0,1.0,1.0,1.0
Qwen2.5-32B-Instruct__noise00__game_173,agent2,Qwen2.5-32B-Instruct,0,một người ích kỷ,0.0,AllD|WSLS,1.0,0,0.0,1.0,1.0,1.0
Qwen2.5-32B-Instruct__noise00__game_175,agent1,Qwen2.5-32B-Instruct,0,một người ích kỷ,0.0,AllD|TFT,1.0,0,0.0,1.0,1.0,1.0
Qwen2.5-32B-Instruct__noise00__game_175,agent2,Qwen2.5-32B-Instruct,0,một người ích kỷ,0.0,AllD|TFT,1.0,0,0.0,1.0,1.0,1.0
Qwen2.5-32B-Instruct__noise00__game_176,agent1,Qwen2.5-32B-Instruct,0,một người hợp tác,1.0,AllC|TFT|WSLS,1.0,0,0.0,1.0,1.0,1.0
Qwen2.5-32B-Instruct__noise00__game_176,agent2,Qwen2.5-32B-Instruct,0,một người hợp tác,1.0,AllC|TFT|WSLS,1.0,0,0.0,1.0,1.0,1.0
Qwen2.5-32B-Instruct__noise00__game_177,agent1,Qwen2.5-32B-Instruct,0,một người hợp tác,0.0333,TFT,1.0,0,0.0,1.0,1.0,1.0
Qwen2.5-32B-Instruct__noise00__game_177,agent2,Qwen2.5-32B-Instruct,0,một người ích kỷ,0.0,AllD|TFT,1.0,0,0.0,1.0,1.0,1.0
Qwen2.5-32B-Instruct__noise00__game_178,agent1,Qwen2.5-32B-Instruct,0,một người ích kỷ,0.0,AllD|WSLS,1.0,0,0.0,1.0,1.0,1.0
Qwen2.5-32B-Instruct__noise00__game_178,agent2,Qwen2.5-32B-Instruct,0,một người hợp tác,1.0,AllC,1.0,0,0.0,1.0,1.0,1.0
Qwen2.5-32B-Instruct__noise00__game_179,agent1,Qwen2.5-32B-Instruct,0,một người ích kỷ,0.0,AllD|TFT,1.0,0,0.0,1.0,1.0,1.0
Qwen2.5-32B-Instruct__noise00__game_179,agent2,Qwen2.5-32B-Instruct,0,một người ích kỷ,0.0,AllD|TFT,1.0,0,0.0,1.0,1.0,1.0
Qwen2.5-32B-Instruct__noise00__game_180,agent1,Qwen2.5-32B-Instruct,0,một người hợp tác,1.0,AllC|TFT|WSLS,1.0,0,0.0,1.0,1.0,1.0
Qwen2.5-32B-Instruct__noise00__game_180,agent2,Qwen2.5-32B-Instruct,0,một người hợp tác,1.0,AllC|TFT|WSLS,1.0,0,0.0,1.0,1.0,1.0
Qwen2.5-32B-Instruct__noise00__game_181,agent1,Qwen2.5-32B-Instruct,0,một người hợp tác,1.0,AllC,1.0,0,0.0,1.0,1.0,1.0
Qwen2.5-32B-Instruct__noise00__game_181,agent2,Qwen2.5-32B-Instruct,0,một người ích kỷ,0.0,AllD|WSLS,1.0,0,0.0,1.0,1.0,1.0
Qwen2.5-32B-Instruct__noise00__game_182,agent1,Qwen2.5-32B-Instruct,0,một người ích kỷ,0.0,AllD|WSLS,1.0,0,0.0,1.0,1.0,1.0
Qwen2.5-32B-Instruct__noise00__game_182,agent2,Qwen2.5-32B-Instruct,0,một người hợp tác,1.0,AllC,1.0,0,0.0,1.0,1.0,1.0
Qwen2.5-32B-Instruct__noise00__game_183,agent1,Qwen2.5-32B-Instruct,0,một người ích kỷ,0.0,AllD|TFT,1.0,0,0.0,1.0,1.0,1.0
Qwen2.5-32B-Instruct__noise00__game_183,agent2,Qwen2.5-32B-Instruct,0,một người ích kỷ,0.0,AllD|TFT,1.0,0,0.0,1.0,1.0,1.0
Qwen2.5-32B-Instruct__noise00__game_184,agent1,Qwen2.5-32B-Instruct,0,một người hợp tác,1.0,AllC|TFT|WSLS,1.0,0,0.0,1.0,1.0,1.0
Qwen2.5-32B-Instruct__noise00__game_184,agent2,Qwen2.5-32B-Instruct,0,một người hợp tác,1.0,AllC|TFT|WSLS,1.0,0,0.0,1.0,1.0,1.0
Qwen2.5-32B-Instruct__noise00__game_186,agent1,Qwen2.5-32B-Instruct,0,một người ích kỷ,0.0,AllD|TFT,1.0,0,0.0,1.0,1.0,1.0
Qwen2.5-32B-Instruct__noise00__game_186,agent2,Qwen2.5-32B-Instruct,0,một người hợp tác,0.0333,TFT,1.0,0,0.0,1.0,1.0,1.0
Qwen2.5-32B-Instruct__noise00__game_185,agent1,Qwen2.5-32B-Instruct,0,một người hợp tác,1.0,AllC,1.0,0,0.0,1.0,1.0,1.0
Qwen2.5-32B-Instruct__noise00__game_185,agent2,Qwen2.5-32B-Instruct,0,một người ích kỷ,0.0,AllD|WSLS,1.0,0,0.0,1.0,1.0,1.0
Qwen2.5-32B-Instruct__noise00__game_187,agent1,Qwen2.5-32B-Instruct,0,một người ích kỷ,0.0,AllD|TFT,1.0,0,0.0,1.0,1.0,1.0
Qwen2.5-32B-Instruct__noise00__game_187,agent2,Qwen2.5-32B-Instruct,0,một người ích kỷ,0.0,AllD|TFT,1.0,0,0.0,1.0,1.0,1.0
Qwen2.5-32B-Instruct__noise00__game_188,agent1,Qwen2.5-32B-Instruct,0,một người hợp tác,1.0,AllC|TFT|WSLS,1.0,0,0.0,1.0,1.0,1.0
Qwen2.5-32B-Instruct__noise00__game_188,agent2,Qwen2.5-32B-Instruct,0,một người hợp tác,1.0,AllC|TFT|WSLS,1.0,0,0.0,1.0,1.0,1.0
Qwen2.5-32B-Instruct__noise00__game_189,agent1,Qwen2.5-32B-Instruct,0,một người hợp tác,0.0333,TFT,1.0,0,0.0,1.0,1.0,1.0
Qwen2.5-32B-Instruct__noise00__game_189,agent2,Qwen2.5-32B-Instruct,0,một người ích kỷ,0.0,AllD|TFT,1.0,0,0.0,1.0,1.0,1.0
Qwen2.5-32B-Instruct__noise00__game_190,agent1,Qwen2.5-32B-Instruct,0,một người ích kỷ,0.0,AllD,1.0,0,0.0,1.0,1.0,1.0
Qwen2.5-32B-Instruct__noise00__game_190,agent2,Qwen2.5-32B-Instruct,0,một người hợp tác,0.2,TFT,0.967010498046875,0,0.0,1.0,1.0,1.0
Qwen2.5-32B-Instruct__noise00__game_191,agent1,Qwen2.5-32B-Instruct,0,một người ích kỷ,0.0,AllD|TFT,1.0,0,0.0,1.0,1.0,1.0
Qwen2.5-32B-Instruct__noise00__game_191,agent2,Qwen2.5-32B-Instruct,0,một người ích kỷ,0.0,AllD|TFT,1.0,0,0.0,1.0,1.0,1.0
Qwen2.5-32B-Instruct__noise00__game_192,agent1,Qwen2.5-32B-Instruct,0,một người hợp tác,1.0,AllC|TFT|WSLS,1.0,0,0.0,1.0,1.0,1.0
Qwen2.5-32B-Instruct__noise00__game_192,agent2,Qwen2.5-32B-Instruct,0,một người hợp tác,1.0,AllC|TFT|WSLS,1.0,0,0.0,1.0,1.0,1.0
Qwen2.5-32B-Instruct__noise00__game_193,agent1,Qwen2.5-32B-Instruct,0,một người hợp tác,1.0,AllC,1.0,0,0.0,1.0,1.0,1.0
Qwen2.5-32B-Instruct__noise00__game_193,agent2,Qwen2.5-32B-Instruct,0,một người ích kỷ,0.0,AllD|WSLS,1.0,0,0.0,1.0,1.0,1.0
Qwen2.5-32B-Instruct__noise00__game_194,agent1,Qwen2.5-32B-Instruct,0,một người ích kỷ,0.0,AllD|WSLS,1.0,0,0.0,1.0,1.0,1.0
Qwen2.5-32B-Instruct__noise00__game_194,agent2,Qwen2.5-32B-Instruct,0,một người hợp tác,1.0,AllC,1.0,0,0.0,1.0,1.0,1.0
Qwen2.5-32B-Instruct__noise00__game_196,agent1,Qwen2.5-32B-Instruct,0,một người hợp tác,1.0,AllC|TFT|WSLS,1.0,0,0.0,1.0,1.0,1.0
Qwen2.5-32B-Instruct__noise00__game_196,agent2,Qwen2.5-32B-Instruct,0,một người hợp tác,1.0,AllC|TFT|WSLS,1.0,0,0.0,1.0,1.0,1.0
Qwen2.5-32B-Instruct__noise00__game_195,agent1,Qwen2.5-32B-Instruct,0,một người ích kỷ,0.0,AllD|TFT,1.0,0,0.0,1.0,1.0,1.0
Qwen2.5-32B-Instruct__noise00__game_195,agent2,Qwen2.5-32B-Instruct,0,một người ích kỷ,0.0,AllD|TFT,1.0,0,0.0,1.0,1.0,1.0
Qwen2.5-32B-Instruct__noise00__game_197,agent1,Qwen2.5-32B-Instruct,0,một người hợp tác,1.0,AllC,1.0,0,0.0,1.0,1.0,1.0
Qwen2.5-32B-Instruct__noise00__game_197,agent2,Qwen2.5-32B-Instruct,0,một người ích kỷ,0.0,AllD|WSLS,1.0,0,0.0,1.0,1.0,1.0
Qwen2.5-32B-Instruct__noise00__game_198,agent1,Qwen2.5-32B-Instruct,0,một người ích kỷ,0.0,AllD|WSLS,1.0,0,0.0,1.0,1.0,1.0
Qwen2.5-32B-Instruct__noise00__game_198,agent2,Qwen2.5-32B-Instruct,0,một người hợp tác,1.0,AllC,1.0,0,0.0,1.0,1.0,1.0
Qwen2.5-32B-Instruct__noise00__game_199,agent1,Qwen2.5-32B-Instruct,0,một người ích kỷ,0.0,AllD|TFT,1.0,0,0.0,1.0,1.0,1.0
Qwen2.5-32B-Instruct__noise00__game_199,agent2,Qwen2.5-32B-Instruct,0,một người ích kỷ,0.0,AllD|TFT,1.0,0,0.0,1.0,1.0,1.0
Qwen2.5-32B-Instruct__noise00__game_200,agent1,Qwen2.5-32B-Instruct,0,cooperativo,1.0,AllC|TFT|WSLS,1.0,1,0.0,0.0,0.0,1.0
Qwen2.5-32B-Instruct__noise00__game_200,agent2,Qwen2.5-32B-Instruct,0,cooperativo,1.0,AllC|TFT|WSLS,1.0,1,0.0,0.0,0.0,1.0
Qwen2.5-32B-Instruct__noise00__game_201,agent1,Qwen2.5-32B-Instruct,0,cooperativo,0.1,TFT,1.0,1,0.6666666666666666,0.5,0.0,0.9310344827586207
Qwen2.5-32B-Instruct__noise00__game_201,agent2,Qwen2.5-32B-Instruct,0,egoista,0.0,AllD|TFT,1.0,0,0.0,0.0,1.0,0.896551724137931
Qwen2.5-32B-Instruct__noise00__game_202,agent1,Qwen2.5-32B-Instruct,0,egoista,0.0,AllD|WSLS,1.0,0,0.0,0.0,1.0,0.0
Qwen2.5-32B-Instruct__noise00__game_202,agent2,Qwen2.5-32B-Instruct,0,cooperativo,1.0,AllC,1.0,1,0.9666666666666667,0.0,0.0,0.0
Qwen2.5-32B-Instruct__noise00__game_203,agent1,Qwen2.5-32B-Instruct,0,egoista,0.0,AllD|TFT,1.0,0,0.0,1.0,1.0,1.0
Qwen2.5-32B-Instruct__noise00__game_203,agent2,Qwen2.5-32B-Instruct,0,egoista,0.0,AllD|TFT,1.0,0,0.0,1.0,1.0,1.0
Qwen2.5-32B-Instruct__noise00__game_204,agent1,Qwen2.5-32B-Instruct,0,cooperativo,1.0,AllC|TFT|WSLS,1.0,1,0.0,0.0,0.0,1.0
Qwen2.5-32B-Instruct__noise00__game_204,agent2,Qwen2.5-32B-Instruct,0,cooperativo,1.0,AllC|TFT|WSLS,1.0,1,0.0,0.0,0.0,1.0
Qwen2.5-32B-Instruct__noise00__game_205,agent1,Qwen2.5-32B-Instruct,0,cooperativo,0.1333,TFT,1.0,1,0.75,0.4,0.0,0.896551724137931
Qwen2.5-32B-Instruct__noise00__game_205,agent2,Qwen2.5-32B-Instruct,0,egoista,0.0,AllD,1.0,0,0.0,0.0,1.0,0.8620689655172413
Qwen2.5-32B-Instruct__noise00__game_207,agent1,Qwen2.5-32B-Instruct,0,egoista,0.0,AllD|TFT,1.0,0,0.0,1.0,1.0,1.0
Qwen2.5-32B-Instruct__noise00__game_207,agent2,Qwen2.5-32B-Instruct,0,egoista,0.0,AllD|TFT,1.0,0,0.0,1.0,1.0,1.0
Qwen2.5-32B-Instruct__noise00__game_206,agent1,Qwen2.5-32B-Instruct,0,egoista,0.0,AllD|WSLS,1.0,0,0.0,0.0,1.0,0.0
Qwen2.5-32B-Instruct__noise00__game_206,agent2,Qwen2.5-32B-Instruct,0,cooperativo,1.0,AllC,1.0,1,0.9666666666666667,0.0,0.0,0.0
Qwen2.5-32B-Instruct__noise00__game_208,agent1,Qwen2.5-32B-Instruct,0,cooperativo,1.0,AllC|TFT|WSLS,1.0,1,0.0,0.0,0.0,1.0
Qwen2.5-32B-Instruct__noise00__game_208,agent2,Qwen2.5-32B-Instruct,0,cooperativo,1.0,AllC|TFT|WSLS,1.0,1,0.0,0.0,0.0,1.0
Qwen2.5-32B-Instruct__noise00__game_210,agent1,Qwen2.5-32B-Instruct,0,egoista,0.0,AllD|WSLS,1.0,0,0.0,0.0,1.0,0.0
Qwen2.5-32B-Instruct__noise00__game_210,agent2,Qwen2.5-32B-Instruct,0,cooperativo,1.0,AllC,1.0,1,0.9666666666666667,0.0,0.0,0.0
Qwen2.5-32B-Instruct__noise00__game_209,agent1,Qwen2.5-32B-Instruct,0,cooperativo,1.0,AllC,1.0,1,0.9666666666666667,0.0,0.0,0.0
Qwen2.5-32B-Instruct__noise00__game_209,agent2,Qwen2.5-32B-Instruct,0,egoista,0.0,AllD|WSLS,1.0,0,0.0,0.0,1.0,0.0
Qwen2.5-32B-Instruct__noise00__game_211,agent1,Qwen2.5-32B-Instruct,0,egoista,0.0,AllD|TFT,1.0,0,0.0,1.0,1.0,1.0
Qwen2.5-32B-Instruct__noise00__game_211,agent2,Qwen2.5-32B-Instruct,0,egoista,0.0,AllD|TFT,1.0,0,0.0,1.0,1.0,1.0
Qwen2.5-32B-Instruct__noise00__game_212,agent1,Qwen2.5-32B-Instruct,0,cooperativo,1.0,AllC|TFT|WSLS,1.0,1,0.0,0.0,0.0,1.0
Qwen2.5-32B-Instruct__noise00__game_212,agent2,Qwen2.5-32B-Instruct,0,cooperativo,1.0,AllC|TFT|WSLS,1.0,1,0.0,0.0,0.0,1.0
Qwen2.5-32B-Instruct__noise00__game_213,agent1,Qwen2.5-32B-Instruct,0,cooperativo,1.0,AllC,1.0,1,0.9666666666666667,0.0,0.0,0.0
Qwen2.5-32B-Instruct__noise00__game_213,agent2,Qwen2.5-32B-Instruct,0,egoista,0.0,AllD|WSLS,1.0,0,0.0,0.0,1.0,0.0
Qwen2.5-32B-Instruct__noise00__game_214,agent1,Qwen2.5-32B-Instruct,0,egoista,0.0,AllD|TFT,1.0,0,0.0,0.0,1.0,0.9655172413793104
Qwen2.5-32B-Instruct__noise00__game_214,agent2,Qwen2.5-32B-Instruct,0,cooperativo,0.0333,TFT,1.0,1,0.0,1.0,0.0,1.0
Qwen2.5-32B-Instruct__noise00__game_215,agent1,Qwen2.5-32B-Instruct,0,egoista,0.0,AllD|TFT,1.0,0,0.0,1.0,1.0,1.0
Qwen2.5-32B-Instruct__noise00__game_215,agent2,Qwen2.5-32B-Instruct,0,egoista,0.0,AllD|TFT,1.0,0,0.0,1.0,1.0,1.0
Qwen2.5-32B-Instruct__noise00__game_216,agent1,Qwen2.5-32B-Instruct,0,cooperativo,1.0,AllC|TFT|WSLS,1.0,1,0.0,0.0,0.0,1.0
Qwen2.5-32B-Instruct__noise00__game_216,agent2,Qwen2.5-32B-Instruct,0,cooperativo,1.0,AllC|TFT|WSLS,1.0,1,0.0,0.0,0.0,1.0
Qwen2.5-32B-Instruct__noise00__game_217,agent1,Qwen2.5-32B-Instruct,0,cooperativo,0.0667,TFT,1.0,1,0.5,0.6666666666666666,0.0,0.9655172413793104
Qwen2.5-32B-Instruct__noise00__game_217,agent2,Qwen2.5-32B-Instruct,0,egoista,0.0,AllD|TFT,1.0,0,0.0,0.0,1.0,0.9310344827586207
Qwen2.5-32B-Instruct__noise00__game_218,agent1,Qwen2.5-32B-Instruct,0,egoista,0.0,AllD|TFT,1.0,0,0.0,0.0,1.0,0.9655172413793104
Qwen2.5-32B-Instruct__noise00__game_218,agent2,Qwen2.5-32B-Instruct,0,cooperativo,0.0333,TFT,1.0,1,0.0,1.0,0.0,1.0
Qwen2.5-32B-Instruct__noise00__game_219,agent1,Qwen2.5-32B-Instruct,0,egoista,0.0,AllD|TFT,1.0,0,0.0,1.0,1.0,1.0
Qwen2.5-32B-Instruct__noise00__game_219,agent2,Qwen2.5-32B-Instruct,0,egoista,0.0,AllD|TFT,1.0,0,0.0,1.0,1.0,1.0
Qwen2.5-32B-Instruct__noise00__game_220,agent1,Qwen2.5-32B-Instruct,0,cooperativo,1.0,AllC|TFT|WSLS,1.0,1,0.0,0.0,0.0,1.0
Qwen2.5-32B-Instruct__noise00__game_220,agent2,Qwen2.5-32B-Instruct,0,cooperativo,1.0,AllC|TFT|WSLS,1.0,1,0.0,0.0,0.0,1.0
Qwen2.5-32B-Instruct__noise00__game_221,agent1,Qwen2.5-32B-Instruct,0,cooperativo,0.3333,AllC,1.0,1,0.9,0.18181818181818182,0.0,0.6896551724137931
Qwen2.5-32B-Instruct__noise00__game_221,agent2,Qwen2.5-32B-Instruct,0,egoista,0.0,AllD,1.0,0,0.0,0.0,1.0,0.6551724137931034
Qwen2.5-32B-Instruct__noise00__game_223,agent1,Qwen2.5-32B-Instruct,0,egoista,0.0,AllD|TFT,1.0,0,0.0,1.0,1.0,1.0
Qwen2.5-32B-Instruct__noise00__game_223,agent2,Qwen2.5-32B-Instruct,0,egoista,0.0,AllD|TFT,1.0,0,0.0,1.0,1.0,1.0
Qwen2.5-32B-Instruct__noise00__game_222,agent1,Qwen2.5-32B-Instruct,0,egoista,0.0,AllD|WSLS,1.0,0,0.0,0.0,1.0,0.0
Qwen2.5-32B-Instruct__noise00__game_222,agent2,Qwen2.5-32B-Instruct,0,cooperativo,1.0,AllC,1.0,1,0.9666666666666667,0.0,0.0,0.0
Qwen2.5-32B-Instruct__noise00__game_224,agent1,Qwen2.5-32B-Instruct,0,cooperativo,1.0,AllC|TFT|WSLS,1.0,1,0.0,0.0,0.0,1.0
Qwen2.5-32B-Instruct__noise00__game_224,agent2,Qwen2.5-32B-Instruct,0,cooperativo,1.0,AllC|TFT|WSLS,1.0,1,0.0,0.0,0.0,1.0
Qwen2.5-32B-Instruct__noise00__game_225,agent1,Qwen2.5-32B-Instruct,0,cooperativo,1.0,AllC,1.0,1,0.9666666666666667,0.0,0.0,0.0
Qwen2.5-32B-Instruct__noise00__game_225,agent2,Qwen2.5-32B-Instruct,0,egoista,0.0,AllD|WSLS,1.0,0,0.0,0.0,1.0,0.0
Qwen2.5-32B-Instruct__noise00__game_226,agent1,Qwen2.5-32B-Instruct,0,egoista,0.0,AllD|WSLS,1.0,0,0.0,0.0,1.0,0.0
Qwen2.5-32B-Instruct__noise00__game_226,agent2,Qwen2.5-32B-Instruct,0,cooperativo,1.0,AllC,1.0,1,0.9666666666666667,0.0,0.0,0.0
Qwen2.5-32B-Instruct__noise00__game_227,agent1,Qwen2.5-32B-Instruct,0,egoista,0.0,AllD|TFT,1.0,0,0.0,1.0,1.0,1.0
Qwen2.5-32B-Instruct__noise00__game_227,agent2,Qwen2.5-32B-Instruct,0,egoista,0.0,AllD|TFT,1.0,0,0.0,1.0,1.0,1.0
Qwen2.5-32B-Instruct__noise00__game_228,agent1,Qwen2.5-32B-Instruct,0,cooperativo,1.0,AllC|TFT|WSLS,1.0,1,0.0,0.0,0.0,1.0
Qwen2.5-32B-Instruct__noise00__game_228,agent2,Qwen2.5-32B-Instruct,0,cooperativo,1.0,AllC|TFT|WSLS,1.0,1,0.0,0.0,0.0,1.0
Qwen2.5-32B-Instruct__noise00__game_229,agent1,Qwen2.5-32B-Instruct,0,cooperativo,1.0,AllC,1.0,1,0.9666666666666667,0.0,0.0,0.0
Qwen2.5-32B-Instruct__noise00__game_229,agent2,Qwen2.5-32B-Instruct,0,egoista,0.0,AllD|WSLS,1.0,0,0.0,0.0,1.0,0.0
Qwen2.5-32B-Instruct__noise00__game_231,agent1,Qwen2.5-32B-Instruct,0,egoista,0.0,AllD|TFT,1.0,0,0.0,1.0,1.0,1.0
Qwen2.5-32B-Instruct__noise00__game_231,agent2,Qwen2.5-32B-Instruct,0,egoista,0.0,AllD|TFT,1.0,0,0.0,1.0,1.0,1.0
Qwen2.5-32B-Instruct__noise00__game_230,agent1,Qwen2.5-32B-Instruct,0,egoista,0.0,AllD|WSLS,1.0,0,0.0,0.0,1.0,0.0
Qwen2.5-32B-Instruct__noise00__game_230,agent2,Qwen2.5-32B-Instruct,0,cooperativo,1.0,AllC,1.0,1,0.9666666666666667,0.0,0.0,0.0
Qwen2.5-32B-Instruct__noise00__game_232,agent1,Qwen2.5-32B-Instruct,0,cooperativo,1.0,AllC|TFT|WSLS,1.0,1,0.0,0.0,0.0,1.0
Qwen2.5-32B-Instruct__noise00__game_232,agent2,Qwen2.5-32B-Instruct,0,cooperativo,1.0,AllC|TFT|WSLS,1.0,1,0.0,0.0,0.0,1.0
Qwen2.5-32B-Instruct__noise00__game_233,agent1,Qwen2.5-32B-Instruct,0,cooperativo,1.0,AllC,1.0,1,0.9666666666666667,0.0,0.0,0.0
Qwen2.5-32B-Instruct__noise00__game_233,agent2,Qwen2.5-32B-Instruct,0,egoista,0.0,AllD|WSLS,1.0,0,0.0,0.0,1.0,0.0
Qwen2.5-32B-Instruct__noise00__game_234,agent1,Qwen2.5-32B-Instruct,0,egoista,0.0,AllD|WSLS,1.0,0,0.0,0.0,1.0,0.0
Qwen2.5-32B-Instruct__noise00__game_234,agent2,Qwen2.5-32B-Instruct,0,cooperativo,1.0,AllC,1.0,1,0.9666666666666667,0.0,0.0,0.0
Qwen2.5-32B-Instruct__noise00__game_235,agent1,Qwen2.5-32B-Instruct,0,egoista,0.0,AllD|TFT,1.0,0,0.0,1.0,1.0,1.0
Qwen2.5-32B-Instruct__noise00__game_235,agent2,Qwen2.5-32B-Instruct,0,egoista,0.0,AllD|TFT,1.0,0,0.0,1.0,1.0,1.0
Qwen2.5-32B-Instruct__noise00__game_236,agent1,Qwen2.5-32B-Instruct,0,cooperativo,1.0,AllC|TFT|WSLS,1.0,1,0.0,0.0,0.0,1.0
Qwen2.5-32B-Instruct__noise00__game_236,agent2,Qwen2.5-32B-Instruct,0,cooperativo,1.0,AllC|TFT|WSLS,1.0,1,0.0,0.0,0.0,1.0
Qwen2.5-32B-Instruct__noise00__game_237,agent1,Qwen2.5-32B-Instruct,0,cooperativo,0.3333,AllC,1.0,1,0.9,0.18181818181818182,0.0,0.6896551724137931
Qwen2.5-32B-Instruct__noise00__game_237,agent2,Qwen2.5-32B-Instruct,0,egoista,0.0,AllD,1.0,0,0.0,0.0,1.0,0.6551724137931034
Qwen2.5-32B-Instruct__noise00__game_239,agent1,Qwen2.5-32B-Instruct,0,egoista,0.0,AllD|TFT,1.0,0,0.0,1.0,1.0,1.0
Qwen2.5-32B-Instruct__noise00__game_239,agent2,Qwen2.5-32B-Instruct,0,egoista,0.0,AllD|TFT,1.0,0,0.0,1.0,1.0,1.0
Qwen2.5-32B-Instruct__noise00__game_238,agent1,Qwen2.5-32B-Instruct,0,egoista,0.0,AllD|WSLS,1.0,0,0.0,0.0,1.0,0.0
Qwen2.5-32B-Instruct__noise00__game_238,agent2,Qwen2.5-32B-Instruct,0,cooperativo,1.0,AllC,1.0,1,0.9666666666666667,0.0,0.0,0.0
Qwen2.5-32B-Instruct__noise05__game_1,agent1,Qwen2.5-32B-Instruct,5,cooperative,0.9333,AllC,0.999998927116394,1,0.9642857142857143,0.07407407407407407,0.0,0.06896551724137931
Qwen2.5-32B-Instruct__noise05__game_1,agent2,Qwen2.5-32B-Instruct,5,selfish,0.0,AllD|WSLS,1.0,0,0.0,0.0,1.0,0.06896551724137931
Qwen2.5-32B-Instruct__noise05__game_3,agent1,Qwen2.5-32B-Instruct,5,selfish,0.0667,TFT,1.0,0,0.6666666666666666,1.0,1.0,0.9310344827586207
Qwen2.5-32B-Instruct__noise05__game_3,agent2,Qwen2.5-32B-Instruct,5,selfish,0.0,AllD|TFT,1.0,0,0.0,1.0,1.0,0.9310344827586207
Qwen2.5-32B-Instruct__noise05__game_2,agent1,Qwen2.5-32B-Instruct,5,selfish,0.0,AllD|WSLS,1.0,0,0.0,0.0,1.0,0.06896551724137931
Qwen2.5-32B-Instruct__noise05__game_2,agent2,Qwen2.5-32B-Instruct,5,cooperative,0.9333,AllC,1.0,1,0.9642857142857143,0.07407407407407407,0.0,0.06896551724137931
Qwen2.5-32B-Instruct__noise05__game_0,agent1,Qwen2.5-32B-Instruct,5,cooperative,0.9333,TFT,1.0,1,1.0,0.0,0.06896551724137931,0.896551724137931
Qwen2.5-32B-Instruct__noise05__game_0,agent2,Qwen2.5-32B-Instruct,5,cooperative,0.9667,TFT|WSLS,1.0,0,1.0,0.0,0.03571428571428571,0.896551724137931
Qwen2.5-32B-Instruct__noise05__game_4,agent1,Qwen2.5-32B-Instruct,5,cooperative,0.9333,AllC,0.9969224333763123,1,1.0,0.0,0.07407407407407407,0.8275862068965517
Qwen2.5-32B-Instruct__noise05__game_4,agent2,Qwen2.5-32B-Instruct,5,cooperative,0.9,WSLS,0.5825889706611633,0,1.0,0.0,0.10714285714285714,0.8275862068965517
Qwen2.5-32B-Instruct__noise05__game_6,agent1,Qwen2.5-32B-Instruct,5,selfish,0.0,AllD|TFT,1.0,0,0.0,0.0,1.0,0.896551724137931
Qwen2.5-32B-Instruct__noise05__game_6,agent2,Qwen2.5-32B-Instruct,5,cooperative,0.1,TFT,1.0,1,0.6666666666666666,0.75,0.0,0.9310344827586207
Qwen2.5-32B-Instruct__noise05__game_5,agent1,Qwen2.5-32B-Instruct,5,cooperative,0.9667,AllC,0.9999997615814209,1,0.9629629629629629,0.038461538461538464,0.0,0.10344827586206896
Qwen2.5-32B-Instruct__noise05__game_5,agent2,Qwen2.5-32B-Instruct,5,selfish,0.0667,AllD,0.9998416900634766,0,0.0,0.0,0.9310344827586207,0.10344827586206896
Qwen2.5-32B-Instruct__noise05__game_7,agent1,Qwen2.5-32B-Instruct,5,selfish,0.0333,TFT,1.0,0,0.3333333333333333,1.0,1.0,0.9310344827586207
Qwen2.5-32B-Instruct__noise05__game_7,agent2,Qwen2.5-32B-Instruct,5,selfish,0.0333,TFT,1.0,0,0.3333333333333333,1.0,1.0,0.9310344827586207
Qwen2.5-32B-Instruct__noise05__game_8,agent1,Qwen2.5-32B-Instruct,5,cooperative,0.9667,TFT|WSLS,1.0,0,1.0,0.0,0.034482758620689655,0.9310344827586207
Qwen2.5-32B-Instruct__noise05__game_8,agent2,Qwen2.5-32B-Instruct,5,cooperative,0.9667,TFT|WSLS,1.0,1,1.0,1.0,0.0,1.0
Qwen2.5-32B-Instruct__noise05__game_10,agent1,Qwen2.5-32B-Instruct,5,selfish,0.0667,AllD,0.9996212720870972,0,0.5,1.0,1.0,0.8620689655172413
Qwen2.5-32B-Instruct__noise05__game_10,agent2,Qwen2.5-32B-Instruct,5,cooperative,0.0667,TFT,1.0,1,0.25,1.0,0.6666666666666666,0.896551724137931
Qwen2.5-32B-Instruct__noise05__game_9,agent1,Qwen2.5-32B-Instruct,5,cooperative,0.3667,TFT,0.8819125294685364,1,0.9090909090909091,0.36363636363636365,0.0,0.6551724137931034
Qwen2.5-32B-Instruct__noise05__game_9,agent2,Qwen2.5-32B-Instruct,5,selfish,0.0,AllD,1.0,0,0.0,0.0,1.0,0.6206896551724138
Qwen2.5-32B-Instruct__noise05__game_11,agent1,Qwen2.5-32B-Instruct,5,selfish,0.0333,TFT,1.0,0,0.3333333333333333,1.0,1.0,0.9310344827586207
Qwen2.5-32B-Instruct__noise05__game_11,agent2,Qwen2.5-32B-Instruct,5,selfish,0.0333,TFT,1.0,0,0.3333333333333333,1.0,1.0,0.9310344827586207
Qwen2.5-32B-Instruct__noise05__game_12,agent1,Qwen2.5-32B-Instruct,5,cooperative,0.9333,TFT|WSLS,1.0,0,1.0,0.0,0.06896551724137931,0.9310344827586207
Qwen2.5-32B-Instruct__noise05__game_12,agent2,Qwen2.5-32B-Instruct,5,cooperative,0.9667,TFT|WSLS,1.0,1,1.0,0.5,0.0,0.9655172413793104
Qwen2.5-32B-Instruct__noise05__game_13,agent1,Qwen2.5-32B-Instruct,5,cooperative,0.9333,AllC,0.9999996423721313,1,0.9310344827586207,0.038461538461538464,0.5,0.034482758620689655
Qwen2.5-32B-Instruct__noise05__game_13,agent2,Qwen2.5-32B-Instruct,5,selfish,0.0333,WSLS,1.0,0,0.0,1.0,0.9642857142857143,0.10344827586206896
Qwen2.5-32B-Instruct__noise05__game_14,agent1,Qwen2.5-32B-Instruct,5,selfish,0.0333,WSLS,1.0,0,0.07142857142857142,0.0,0.9642857142857143,0.10344827586206896
Qwen2.5-32B-Instruct__noise05__game_14,agent2,Qwen2.5-32B-Instruct,5,cooperative,0.9333,AllC,0.9999982118606567,1,0.9629629629629629,0.07692307692307693,0.0,0.10344827586206896
Qwen2.5-32B-Instruct__noise05__game_15,agent1,Qwen2.5-32B-Instruct,5,selfish,0.1,AllD,0.9971984624862671,0,0.75,0.75,1.0,0.8620689655172413
Qwen2.5-32B-Instruct__noise05__game_15,agent2,Qwen2.5-32B-Instruct,5,selfish,0.0333,AllD,0.9996389150619507,0,0.25,1.0,1.0,0.8620689655172413
Qwen2.5-32B-Instruct__noise05__game_16,agent1,Qwen2.5-32B-Instruct,5,cooperative,1.0,AllC|TFT|WSLS,1.0,1,0.0,0.0,0.0,1.0
Qwen2.5-32B-Instruct__noise05__game_16,agent2,Qwen2.5-32B-Instruct,5,cooperative,1.0,AllC|TFT|WSLS,1.0,1,0.0,0.0,0.0,1.0
Qwen2.5-32B-Instruct__noise05__game_17,agent1,Qwen2.5-32B-Instruct,5,cooperative,1.0,AllC,1.0,1,0.9642857142857143,0.0,0.0,0.06896551724137931
Qwen2.5-32B-Instruct__noise05__game_17,agent2,Qwen2.5-32B-Instruct,5,selfish,0.0667,WSLS,1.0,0,0.0,0.0,0.9333333333333333,0.06896551724137931
Qwen2.5-32B-Instruct__noise05__game_18,agent1,Qwen2.5-32B-Instruct,5,selfish,0.0,AllD,1.0,0,0.0,0.0,1.0,0.7586206896551724
Qwen2.5-32B-Instruct__noise05__game_18,agent2,Qwen2.5-32B-Instruct,5,cooperative,0.2333,TFT,0.9762526154518127,1,0.8571428571428571,0.8571428571428571,0.0,0.7931034482758621
Qwen2.5-32B-Instruct__noise05__game_19,agent1,Qwen2.5-32B-Instruct,5,selfish,0.0667,TFT,1.0,1,0.3333333333333333,0.6666666666666666,0.5,0.9310344827586207
Qwen2.5-32B-Instruct__noise05__game_19,agent2,Qwen2.5-32B-Instruct,5,selfish,0.0333,TFT,1.0,0,0.5,1.0,1.0,0.896551724137931
Qwen2.5-32B-Instruct__noise05__game_20,agent1,Qwen2.5-32B-Instruct,5,cooperative,0.9667,TFT|WSLS,1.0,1,1.0,0.0,0.03571428571428571,0.896551724137931
Qwen2.5-32B-Instruct__noise05__game_20,agent2,Qwen2.5-32B-Instruct,5,cooperative,0.9333,TFT,1.0,0,1.0,0.0,0.06896551724137931,0.896551724137931
Qwen2.5-32B-Instruct__noise05__game_21,agent1,Qwen2.5-32B-Instruct,5,cooperative,0.1,TFT,1.0,1,0.5,0.6666666666666666,0.5,0.896551724137931
Qwen2.5-32B-Instruct__noise05__game_21,agent2,Qwen2.5-32B-Instruct,5,selfish,0.0333,AllD,0.999968409538269,0,0.25,1.0,1.0,0.8620689655172413
Qwen2.5-32B-Instruct__noise05__game_22,agent1,Qwen2.5-32B-Instruct,5,selfish,0.0667,AllD,0.9997329115867615,0,0.5,0.0,0.9310344827586207,0.10344827586206896
Qwen2.5-32B-Instruct__noise05__game_22,agent2,Qwen2.5-32B-Instruct,5,cooperative,0.9667,AllC,0.9999918937683105,1,0.9629629629629629,0.038461538461538464,0.0,0.10344827586206896
Qwen2.5-32B-Instruct__noise05__game_23,agent1,Qwen2.5-32B-Instruct,5,selfish,0.0,AllD|TFT,1.0,0,0.0,1.0,1.0,0.896551724137931
Qwen2.5-32B-Instruct__noise05__game_23,agent2,Qwen2.5-32B-Instruct,5,selfish,0.1,TFT,1.0,0,0.75,0.75,1.0,0.896551724137931
Qwen2.5-32B-Instruct__noise05__game_24,agent1,Qwen2.5-32B-Instruct,5,cooperative,0.9333,TFT|WSLS,1.0,0,0.0,0.0,0.06666666666666667,0.9310344827586207
Qwen2.5-32B-Instruct__noise05__game_24,agent2,Qwen2.5-32B-Instruct,5,cooperative,1.0,AllC|TFT|WSLS,1.0,1,1.0,0.0,0.0,0.9310344827586207
Qwen2.5-32B-Instruct__noise05__game_25,agent1,Qwen2.5-32B-Instruct,5,cooperative,0.2333,AllD,0.9971984624862671,0,0.875,0.5714285714285714,0.3333333333333333,0.8275862068965517
Qwen2.5-32B-Instruct__noise05__game_25,agent2,Qwen2.5-32B-Instruct,5,selfish,0.0667,AllD,0.9990705847740173,0,0.2,1.0,1.0,0.6896551724137931
Qwen2.5-32B-Instruct__noise05__game_26,agent1,Qwen2.5-32B-Instruct,5,selfish,0.1,AllD,0.9991599321365356,0,0.25,1.0,0.896551724137931,0.13793103448275862
Qwen2.5-32B-Instruct__noise05__game_26,agent2,Qwen2.5-32B-Instruct,5,cooperative,0.9667,AllC,0.9999978542327881,0,0.9629629629629629,0.0,0.25,0.10344827586206896
Qwen2.5-32B-Instruct__noise05__game_27,agent1,Qwen2.5-32B-Instruct,5,selfish,0.0333,TFT,1.0,0,0.5,1.0,1.0,0.9655172413793104
Qwen2.5-32B-Instruct__noise05__game_27,agent2,Qwen2.5-32B-Instruct,5,selfish,0.0,AllD|TFT,1.0,0,0.0,1.0,1.0,0.9655172413793104
Qwen2.5-32B-Instruct__noise05__game_28,agent1,Qwen2.5-32B-Instruct,5,cooperative,0.9,TFT,1.0,0,1.0,0.0,0.10344827586206896,0.8620689655172413
Qwen2.5-32B-Instruct__noise05__game_28,agent2,Qwen2.5-32B-Instruct,5,cooperative,0.9667,TFT,1.0,1,1.0,0.0,0.037037037037037035,0.8620689655172413
Qwen2.5-32B-Instruct__noise05__game_29,agent1,Qwen2.5-32B-Instruct,5,cooperative,0.9333,AllC,1.0,1,0.9642857142857143,0.037037037037037035,0.5,0.034482758620689655
Qwen2.5-32B-Instruct__noise05__game_29,agent2,Qwen2.5-32B-Instruct,5,selfish,0.0333,WSLS,1.0,0,0.0,1.0,0.9655172413793104,0.06896551724137931
Qwen2.5-32B-Instruct__noise05__game_30,agent1,Qwen2.5-32B-Instruct,5,selfish,0.0333,AllD,0.9999656677246094,0,0.07692307692307693,0.0,1.0,0.27586206896551724
Qwen2.5-32B-Instruct__noise05__game_30,agent2,Qwen2.5-32B-Instruct,5,cooperative,0.6667,TFT,0.9803324937820435,1,0.9473684210526315,0.25,0.0,0.3793103448275862
Qwen2.5-32B-Instruct__noise05__game_31,agent1,Qwen2.5-32B-Instruct,5,selfish,0.0667,AllD,0.9999656677246094,0,0.4,1.0,1.0,0.8275862068965517
Qwen2.5-32B-Instruct__noise05__game_31,agent2,Qwen2.5-32B-Instruct,5,selfish,0.1,TFT,1.0,1,0.5,1.0,0.5,0.896551724137931
Qwen2.5-32B-Instruct__noise05__game_32,agent1,Qwen2.5-32B-Instruct,5,cooperative,0.9333,TFT,1.0,1,1.0,0.0,0.06896551724137931,0.896551724137931
Qwen2.5-32B-Instruct__noise05__game_32,agent2,Qwen2.5-32B-Instruct,5,cooperative,0.9667,TFT|WSLS,1.0,0,1.0,0.0,0.03571428571428571,0.9310344827586207
Qwen2.5-32B-Instruct__noise05__game_33,agent1,Qwen2.5-32B-Instruct,5,cooperative,1.0,AllC,1.0,1,0.9642857142857143,0.0,0.0,0.06896551724137931
Qwen2.5-32B-Instruct__noise05__game_33,agent2,Qwen2.5-32B-Instruct,5,selfish,0.0667,WSLS,1.0,0,0.0,0.0,0.9333333333333333,0.06896551724137931
Qwen2.5-32B-Instruct__noise05__game_34,agent1,Qwen2.5-32B-Instruct,5,selfish,0.0,AllD|WSLS,1.0,0,0.0,0.0,1.0,0.034482758620689655
Qwen2.5-32B-Instruct__noise05__game_34,agent2,Qwen2.5-32B-Instruct,5,cooperative,0.9667,AllC,0.9999992847442627,1,0.9655172413793104,0.03571428571428571,0.0,0.034482758620689655
Qwen2.5-32B-Instruct__noise05__game_35,agent1,Qwen2.5-32B-Instruct,5,selfish,0.0,AllD|TFT,1.0,0,0.0,1.0,1.0,0.9655172413793104
Qwen2.5-32B-Instruct__noise05__game_35,agent2,Qwen2.5-32B-Instruct,5,selfish,0.0333,TFT,1.0,0,0.5,1.0,1.0,0.9655172413793104
Qwen2.5-32B-Instruct__noise05__game_36,agent1,Qwen2.5-32B-Instruct,5,cooperative,0.9667,TFT|WSLS,1.0,0,0.0,0.0,0.03333333333333333,0.9655172413793104
Qwen2.5-32B-Instruct__noise05__game_36,agent2,Qwen2.5-32B-Instruct,5,cooperative,1.0,AllC|TFT|WSLS,1.0,1,1.0,0.0,0.0,0.9655172413793104
Qwen2.5-32B-Instruct__noise05__game_37,agent1,Qwen2.5-32B-Instruct,5,cooperative,0.2667,AllD,0.9971984624862671,0,0.875,0.5,0.5,0.7586206896551724
Qwen2.5-32B-Instruct__noise05__game_37,agent2,Qwen2.5-32B-Instruct,5,selfish,0.0333,AllD,0.9996389150619507,0,0.125,1.0,1.0,0.6896551724137931
Qwen2.5-32B-Instruct__noise05__game_38,agent1,Qwen2.5-32B-Instruct,5,selfish,0.0667,AllD,0.9986289739608765,0,0.05555555555555555,0.0,0.9259259259259259,0.1724137931034483
Qwen2.5-32B-Instruct__noise05__game_38,agent2,Qwen2.5-32B-Instruct,5,cooperative,0.9,AllC,0.999963641166687,1,0.96,0.125,0.0,0.1724137931034483
Qwen2.5-32B-Instruct__noise05__game_39,agent1,Qwen2.5-32B-Instruct,5,selfish,0.1,AllD,0.9967799782752991,0,0.5,1.0,1.0,0.7586206896551724
Qwen2.5-32B-Instruct__noise05__game_39,agent2,Qwen2.5-32B-Instruct,5,selfish,0.1333,AllD,0.9967799782752991,0,0.8,0.8,0.75,0.8275862068965517
Qwen2.5-32B-Instruct__noise05__game_40,agent1,Qwen2.5-32B-Instruct,5,coopératif,0.9333,TFT|WSLS,1.0,1,1.0,0.0,0.07142857142857142,0.8620689655172413
Qwen2.5-32B-Instruct__noise05__game_40,agent2,Qwen2.5-32B-Instruct,5,coopératif,0.9333,TFT,1.0,0,1.0,0.0,0.07142857142857142,0.8620689655172413
Qwen2.5-32B-Instruct__noise05__game_41,agent1,Qwen2.5-32B-Instruct,5,coopératif,0.0667,TFT,1.0,0,0.4,1.0,0.75,0.896551724137931
Qwen2.5-32B-Instruct__noise05__game_41,agent2,Qwen2.5-32B-Instruct,5,égoïste,0.1,AllD,0.9996881484985352,0,0.5,0.6666666666666666,1.0,0.8275862068965517
Qwen2.5-32B-Instruct__noise05__game_42,agent1,Qwen2.5-32B-Instruct,5,égoïste,0.0333,WSLS,1.0,0,0.06666666666666667,0.0,0.9655172413793104,0.06896551724137931
Qwen2.5-32B-Instruct__noise05__game_42,agent2,Qwen2.5-32B-Instruct,5,coopératif,0.9667,AllC,0.9999982118606567,1,0.9642857142857143,0.037037037037037035,0.0,0.06896551724137931
Qwen2.5-32B-Instruct__noise05__game_43,agent1,Qwen2.5-32B-Instruct,5,égoïste,0.0,AllD|TFT,1.0,0,0.0,1.0,1.0,1.0
Qwen2.5-32B-Instruct__noise05__game_43,agent2,Qwen2.5-32B-Instruct,5,égoïste,0.0,AllD|TFT,1.0,0,0.0,1.0,1.0,1.0
Qwen2.5-32B-Instruct__noise05__game_44,agent1,Qwen2.5-32B-Instruct,5,coopératif,0.9,TFT,0.6646656394004822,0,1.0,0.0,0.10714285714285714,0.8275862068965517
Qwen2.5-32B-Instruct__noise05__game_44,agent2,Qwen2.5-32B-Instruct,5,coopératif,0.9333,AllC,0.9772670269012451,1,1.0,0.0,0.07407407407407407,0.8275862068965517
Qwen2.5-32B-Instruct__noise05__game_45,agent1,Qwen2.5-32B-Instruct,5,coopératif,0.9,AllC,0.9994133710861206,1,0.96,0.13043478260869565,0.0,0.20689655172413793
Qwen2.5-32B-Instruct__noise05__game_45,agent2,Qwen2.5-32B-Instruct,5,égoïste,0.1,AllD,0.9985587000846863,0,0.045454545454545456,0.0,0.8888888888888888,0.20689655172413793
Qwen2.5-32B-Instruct__noise05__game_47,agent1,Qwen2.5-32B-Instruct,5,égoïste,0.0667,AllD,0.9995997548103333,0,0.3333333333333333,0.6666666666666666,1.0,0.8275862068965517
Qwen2.5-32B-Instruct__noise05__game_47,agent2,Qwen2.5-32B-Instruct,5,égoïste,0.1,AllD,0.9998705387115479,0,0.5,1.0,1.0,0.8275862068965517
Qwen2.5-32B-Instruct__noise05__game_46,agent1,Qwen2.5-32B-Instruct,5,égoïste,0.1333,AllD,0.996202290058136,0,0.0,0.0,0.8666666666666667,0.13793103448275862
Qwen2.5-32B-Instruct__noise05__game_46,agent2,Qwen2.5-32B-Instruct,5,coopératif,0.9667,AllC,0.9999998807907104,1,0.96,0.04,0.0,0.1724137931034483
Qwen2.5-32B-Instruct__noise05__game_48,agent1,Qwen2.5-32B-Instruct,5,coopératif,0.9,TFT,1.0,0,0.0,0.0,0.1,0.896551724137931
Qwen2.5-32B-Instruct__noise05__game_48,agent2,Qwen2.5-32B-Instruct,5,coopératif,1.0,AllC|TFT|WSLS,1.0,1,1.0,0.0,0.0,0.896551724137931
Qwen2.5-32B-Instruct__noise05__game_49,agent1,Qwen2.5-32B-Instruct,5,coopératif,0.9667,AllC,0.9999996423721313,1,0.9642857142857143,0.037037037037037035,0.0,0.06896551724137931
Qwen2.5-32B-Instruct__noise05__game_49,agent2,Qwen2.5-32B-Instruct,5,égoïste,0.0333,WSLS,1.0,0,0.0,0.0,0.9655172413793104,0.034482758620689655
Qwen2.5-32B-Instruct__noise05__game_51,agent1,Qwen2.5-32B-Instruct,5,égoïste,0.0333,TFT,1.0,0,0.3333333333333333,1.0,1.0,0.9310344827586207
Qwen2.5-32B-Instruct__noise05__game_51,agent2,Qwen2.5-32B-Instruct,5,égoïste,0.0333,TFT,1.0,0,0.3333333333333333,1.0,1.0,0.9310344827586207
Qwen2.5-32B-Instruct__noise05__game_50,agent1,Qwen2.5-32B-Instruct,5,égoïste,0.1,WSLS,0.6771008968353271,0,0.0,0.0,0.896551724137931,0.10344827586206896
Qwen2.5-32B-Instruct__noise05__game_50,agent2,Qwen2.5-32B-Instruct,5,coopératif,0.9667,AllC,0.9999996423721313,1,0.9615384615384616,0.038461538461538464,0.0,0.13793103448275862
Qwen2.5-32B-Instruct__noise05__game_52,agent1,Qwen2.5-32B-Instruct,5,coopératif,0.9667,TFT|WSLS,1.0,0,0.0,0.0,0.03333333333333333,0.9655172413793104
Qwen2.5-32B-Instruct__noise05__game_52,agent2,Qwen2.5-32B-Instruct,5,coopératif,1.0,AllC|TFT|WSLS,1.0,1,1.0,0.0,0.0,0.9655172413793104
Qwen2.5-32B-Instruct__noise05__game_53,agent1,Qwen2.5-32B-Instruct,5,coopératif,0.9667,AllC,0.9999996423721313,1,0.9615384615384616,0.041666666666666664,0.0,0.1724137931034483
Qwen2.5-32B-Instruct__noise05__game_53,agent2,Qwen2.5-32B-Instruct,5,égoïste,0.1333,AllD,0.9995231628417969,0,0.0,0.0,0.8620689655172413,0.1724137931034483
Qwen2.5-32B-Instruct__noise05__game_55,agent1,Qwen2.5-32B-Instruct,5,égoïste,0.0,AllD|TFT,1.0,0,0.0,1.0,1.0,0.9310344827586207
Qwen2.5-32B-Instruct__noise05__game_55,agent2,Qwen2.5-32B-Instruct,5,égoïste,0.0667,TFT,1.0,0,0.6666666666666666,1.0,1.0,0.9310344827586207
Qwen2.5-32B-Instruct__noise05__game_54,agent1,Qwen2.5-32B-Instruct,5,égoïste,0.0333,WSLS,1.0,0,0.1,0.0,0.9642857142857143,0.10344827586206896
Qwen2.5-32B-Instruct__noise05__game_54,agent2,Qwen2.5-32B-Instruct,5,coopératif,0.9333,AllC,0.9999825954437256,1,0.9629629629629629,0.07692307692307693,0.0,0.10344827586206896
Qwen2.5-32B-Instruct__noise05__game_56,agent1,Qwen2.5-32B-Instruct,5,coopératif,0.9333,AllC,0.9510080218315125,1,1.0,0.0,0.07407407407407407,0.8275862068965517
Qwen2.5-32B-Instruct__noise05__game_56,agent2,Qwen2.5-32B-Instruct,5,coopératif,0.9,TFT,0.7662540674209595,0,1.0,0.0,0.10714285714285714,0.8275862068965517
Qwen2.5-32B-Instruct__noise05__game_57,agent1,Qwen2.5-32B-Instruct,5,coopératif,1.0,AllC,1.0,1,0.9655172413793104,0.0,0.0,0.034482758620689655
Qwen2.5-32B-Instruct__noise05__game_57,agent2,Qwen2.5-32B-Instruct,5,égoïste,0.0333,WSLS,1.0,0,0.0,0.0,0.9666666666666667,0.034482758620689655
Qwen2.5-32B-Instruct__noise05__game_58,agent1,Qwen2.5-32B-Instruct,5,égoïste,0.0,AllD|TFT,1.0,0,0.0,0.0,1.0,0.9655172413793104
Qwen2.5-32B-Instruct__noise05__game_58,agent2,Qwen2.5-32B-Instruct,5,coopératif,0.0333,TFT,1.0,1,0.0,1.0,0.0,1.0
Qwen2.5-32B-Instruct__noise05__game_59,agent1,Qwen2.5-32B-Instruct,5,égoïste,0.0333,AllD,0.9998852014541626,0,0.2,1.0,1.0,0.8620689655172413
Qwen2.5-32B-Instruct__noise05__game_59,agent2,Qwen2.5-32B-Instruct,5,égoïste,0.1,AllD,0.9996300935745239,0,0.6,0.75,1.0,0.8620689655172413
Qwen2.5-32B-Instruct__noise05__game_60,agent1,Qwen2.5-32B-Instruct,5,coopératif,1.0,AllC|TFT|WSLS,1.0,1,1.0,0.0,0.0,0.9310344827586207
Qwen2.5-32B-Instruct__noise05__game_60,agent2,Qwen2.5-32B-Instruct,5,coopératif,0.9333,TFT|WSLS,1.0,0,0.0,0.0,0.06666666666666667,0.9310344827586207
Qwen2.5-32B-Instruct__noise05__game_61,agent1,Qwen2.5-32B-Instruct,5,coopératif,0.9667,AllC,1.0,1,0.9615384615384616,0.04,0.0,0.13793103448275862
Qwen2.5-32B-Instruct__noise05__game_61,agent2,Qwen2.5-32B-Instruct,5,égoïste,0.1,AllD,0.9723701477050781,0,1.0,0.0,0.896551724137931,0.13793103448275862
Qwen2.5-32B-Instruct__noise05__game_62,agent1,Qwen2.5-32B-Instruct,5,égoïste,0.0333,AllD,0.9996212720870972,0,0.16666666666666666,0.0,1.0,0.7931034482758621
Qwen2.5-32B-Instruct__noise05__game_62,agent2,Qwen2.5-32B-Instruct,5,coopératif,0.2,TFT,1.0,1,0.8333333333333334,0.4,0.0,0.8620689655172413
Qwen2.5-32B-Instruct__noise05__game_63,agent1,Qwen2.5-32B-Instruct,5,égoïste,0.0667,AllD,0.9967799782752991,0,0.4,1.0,1.0,0.8620689655172413
Qwen2.5-32B-Instruct__noise05__game_63,agent2,Qwen2.5-32B-Instruct,5,égoïste,0.0667,TFT,1.0,0,0.5,1.0,0.6666666666666666,0.9310344827586207
Qwen2.5-32B-Instruct__noise05__game_64,agent1,Qwen2.5-32B-Instruct,5,coopératif,0.8333,TFT,0.6076024770736694,0,0.0,0.0,0.16666666666666666,0.8275862068965517
Qwen2.5-32B-Instruct__noise05__game_64,agent2,Qwen2.5-32B-Instruct,5,coopératif,1.0,AllC|TFT|WSLS,1.0,1,0.8,0.0,0.0,0.8620689655172413
Qwen2.5-32B-Instruct__noise05__game_66,agent1,Qwen2.5-32B-Instruct,5,égoïste,0.0333,TFT,1.0,0,0.3333333333333333,1.0,1.0,0.896551724137931
Qwen2.5-32B-Instruct__noise05__game_66,agent2,Qwen2.5-32B-Instruct,5,coopératif,0.0667,TFT,1.0,1,0.3333333333333333,1.0,0.5,0.9310344827586207
Qwen2.5-32B-Instruct__noise05__game_65,agent1,Qwen2.5-32B-Instruct,5,coopératif,0.9667,AllC,0.9999998807907104,1,0.9629629629629629,0.038461538461538464,0.0,0.10344827586206896
Qwen2.5-32B-Instruct__noise05__game_65,agent2,Qwen2.5-32B-Instruct,5,égoïste,0.0667,AllD,0.998124897480011,0,0.0,0.0,0.9310344827586207,0.10344827586206896
Qwen2.5-32B-Instruct__noise05__game_67,agent1,Qwen2.5-32B-Instruct,5,égoïste,0.0,AllD|TFT,1.0,0,0.0,1.0,1.0,0.9655172413793104
Qwen2.5-32B-Instruct__noise05__game_67,agent2,Qwen2.5-32B-Instruct,5,égoïste,0.0333,TFT,1.0,0,0.5,1.0,1.0,0.9655172413793104
Qwen2.5-32B-Instruct__noise05__game_68,agent1,Qwen2.5-32B-Instruct,5,coopératif,0.9,TFT,1.0,0,1.0,0.5,0.07142857142857142,0.896551724137931
Qwen2.5-32B-Instruct__noise05__game_68,agent2,Qwen2.5-32B-Instruct,5,coopératif,0.9333,AllC,0.3657553493976593,1,1.0,0.0,0.07407407407407407,0.8275862068965517
Qwen2.5-32B-Instruct__noise05__game_70,agent1,Qwen2.5-32B-Instruct,5,égoïste,0.0333,TFT,1.0,0,0.3333333333333333,1.0,1.0,0.896551724137931
Qwen2.5-32B-Instruct__noise05__game_70,agent2,Qwen2.5-32B-Instruct,5,coopératif,0.0667,TFT,1.0,1,0.3333333333333333,1.0,0.5,0.9310344827586207
Qwen2.5-32B-Instruct__noise05__game_69,agent1,Qwen2.5-32B-Instruct,5,coopératif,0.9667,AllC,0.9999998807907104,1,0.9629629629629629,0.038461538461538464,0.0,0.10344827586206896
Qwen2.5-32B-Instruct__noise05__game_69,agent2,Qwen2.5-32B-Instruct,5,égoïste,0.0667,AllD,0.9977239966392517,0,0.0,0.0,0.9310344827586207,0.10344827586206896
Qwen2.5-32B-Instruct__noise05__game_71,agent1,Qwen2.5-32B-Instruct,5,égoïste,0.0667,TFT,1.0,0,0.5,1.0,1.0,0.896551724137931
Qwen2.5-32B-Instruct__noise05__game_71,agent2,Qwen2.5-32B-Instruct,5,égoïste,0.0333,TFT,1.0,0,0.25,1.0,1.0,0.896551724137931
Qwen2.5-32B-Instruct__noise05__game_72,agent1,Qwen2.5-32B-Instruct,5,coopératif,0.9333,AllC,0.9087936282157898,0,1.0,0.0,0.07407407407407407,0.8275862068965517
Qwen2.5-32B-Instruct__noise05__game_72,agent2,Qwen2.5-32B-Instruct,5,coopératif,0.9,AllC,0.9920594692230225,1,1.0,0.0,0.10714285714285714,0.8275862068965517
Qwen2.5-32B-Instruct__noise05__game_75,agent1,Qwen2.5-32B-Instruct,5,égoïste,0.1667,AllD,0.9995954632759094,0,0.8333333333333334,1.0,1.0,0.7586206896551724
Qwen2.5-32B-Instruct__noise05__game_75,agent2,Qwen2.5-32B-Instruct,5,égoïste,0.0667,TFT,1.0,1,0.25,1.0,0.6,0.896551724137931
Qwen2.5-32B-Instruct__noise05__game_73,agent1,Qwen2.5-32B-Instruct,5,coopératif,0.9667,AllC,1.0,1,0.9655172413793104,0.03571428571428571,0.0,0.034482758620689655
Qwen2.5-32B-Instruct__noise05__game_73,agent2,Qwen2.5-32B-Instruct,5,égoïste,0.0,AllD|WSLS,1.0,0,0.0,0.0,1.0,0.034482758620689655
Qwen2.5-32B-Instruct__noise05__game_74,agent1,Qwen2.5-32B-Instruct,5,égoïste,0.0333,AllD,0.9996212720870972,0,0.2,0.0,0.875,0.7931034482758621
Qwen2.5-32B-Instruct__noise05__game_74,agent2,Qwen2.5-32B-Instruct,5,coopératif,0.2667,TFT,0.967010498046875,1,0.8571428571428571,0.5,0.0,0.7931034482758621
Qwen2.5-32B-Instruct__noise05__game_76,agent1,Qwen2.5-32B-Instruct,5,coopératif,0.9,TFT|WSLS,1.0,1,1.0,1.0,0.03571428571428571,0.9655172413793104
Qwen2.5-32B-Instruct__noise05__game_76,agent2,Qwen2.5-32B-Instruct,5,coopératif,0.9333,TFT,1.0,0,0.6666666666666666,0.0,0.07142857142857142,0.8620689655172413
Qwen2.5-32B-Instruct__noise05__game_77,agent1,Qwen2.5-32B-Instruct,5,coopératif,0.1667,AllD,0.7431901097297668,1,0.6666666666666666,0.6,0.5,0.8275862068965517
Qwen2.5-32B-Instruct__noise05__game_77,agent2,Qwen2.5-32B-Instruct,5,égoïste,0.0333,AllD,0.9999481439590454,0,0.25,1.0,1.0,0.7931034482758621
Qwen2.5-32B-Instruct__noise05__game_78,agent1,Qwen2.5-32B-Instruct,5,égoïste,0.0667,WSLS,1.0,0,0.0,0.0,0.9333333333333333,0.06896551724137931
Qwen2.5-32B-Instruct__noise05__game_78,agent2,Qwen2.5-32B-Instruct,5,coopératif,1.0,AllC,1.0,1,0.9642857142857143,0.0,0.0,0.06896551724137931
Qwen2.5-32B-Instruct__noise05__game_79,agent1,Qwen2.5-32B-Instruct,5,égoïste,0.0333,TFT,1.0,0,0.5,1.0,1.0,0.9655172413793104
Qwen2.5-32B-Instruct__noise05__game_79,agent2,Qwen2.5-32B-Instruct,5,égoïste,0.0,AllD|TFT,1.0,0,0.0,1.0,1.0,0.9655172413793104
Qwen2.5-32B-Instruct__noise05__game_81,agent1,Qwen2.5-32B-Instruct,5,متعاون,0.8333,AllC,0.999674916267395,0,0.0,1.0,1.0,1.0
Qwen2.5-32B-Instruct__noise05__game_81,agent2,Qwen2.5-32B-Instruct,5,أناني,0.0333,AllD,0.999958872795105,0,0.0,1.0,1.0,1.0
Qwen2.5-32B-Instruct__noise05__game_80,agent1,Qwen2.5-32B-Instruct,5,متعاون,0.9667,TFT|WSLS,1.0,0,0.0,1.0,1.0,1.0
Qwen2.5-32B-Instruct__noise05__game_80,agent2,Qwen2.5-32B-Instruct,5,متعاون,0.9667,TFT|WSLS,1.0,0,0.0,1.0,1.0,1.0
Qwen2.5-32B-Instruct__noise05__game_82,agent1,Qwen2.5-32B-Instruct,5,أناني,0.0667,AllD,0.9998377561569214,0,0.0,1.0,1.0,1.0
Qwen2.5-32B-Instruct__noise05__game_82,agent2,Qwen2.5-32B-Instruct,5,متعاون,0.9667,AllC,0.9999949932098389,0,0.0,1.0,1.0,1.0
Qwen2.5-32B-Instruct__noise05__game_83,agent1,Qwen2.5-32B-Instruct,5,أناني,0.0333,TFT,1.0,0,0.0,1.0,1.0,1.0
Qwen2.5-32B-Instruct__noise05__game_83,agent2,Qwen2.5-32B-Instruct,5,أناني,0.0333,TFT,1.0,0,0.0,1.0,1.0,1.0
Qwen2.5-32B-Instruct__noise05__game_84,agent1,Qwen2.5-32B-Instruct,5,متعاون,1.0,AllC|TFT|WSLS,1.0,0,0.0,1.0,1.0,1.0
Qwen2.5-32B-Instruct__noise05__game_84,agent2,Qwen2.5-32B-Instruct,5,متعاون,1.0,AllC|TFT|WSLS,1.0,0,0.0,1.0,1.0,1.0
Qwen2.5-32B-Instruct__noise05__game_85,agent1,Qwen2.5-32B-Instruct,5,متعاون,0.2,TFT,1.0,0,0.0,1.0,1.0,1.0
Qwen2.5-32B-Instruct__noise05__game_85,agent2,Qwen2.5-32B-Instruct,5,أناني,0.0333,AllD,0.9999853372573853,0,0.0,1.0,1.0,1.0
Qwen2.5-32B-Instruct__noise05__game_86,agent1,Qwen2.5-32B-Instruct,5,أناني,0.0,AllD|WSLS,1.0,0,0.0,1.0,1.0,1.0
Qwen2.5-32B-Instruct__noise05__game_86,agent2,Qwen2.5-32B-Instruct,5,متعاون,0.9,AllC,0.9999995231628418,0,0.0,1.0,1.0,1.0
Qwen2.5-32B-Instruct__noise05__game_87,agent1,Qwen2.5-32B-Instruct,5,أناني,0.0,AllD|TFT,1.0,0,0.0,1.0,1.0,1.0
Qwen2.5-32B-Instruct__noise05__game_87,agent2,Qwen2.5-32B-Instruct,5,أناني,0.0,AllD|TFT,1.0,0,0.0,1.0,1.0,1.0
Qwen2.5-32B-Instruct__noise05__game_88,agent1,Qwen2.5-32B-Instruct,5,متعاون,0.9333,TFT|WSLS,1.0,0,0.0,1.0,1.0,1.0
Qwen2.5-32B-Instruct__noise05__game_88,agent2,Qwen2.5-32B-Instruct,5,متعاون,1.0,AllC|TFT|WSLS,1.0,0,0.0,1.0,1.0,1.0
Qwen2.5-32B-Instruct__noise05__game_90,agent1,Qwen2.5-32B-Instruct,5,أناني,0.0667,AllD,0.9996212720870972,0,0.0,1.0,1.0,1.0
Qwen2.5-32B-Instruct__noise05__game_90,agent2,Qwen2.5-32B-Instruct,5,متعاون,0.2,TFT,0.967010498046875,0,0.0,1.0,1.0,1.0
Qwen2.5-32B-Instruct__noise05__game_91,agent1,Qwen2.5-32B-Instruct,5,أناني,0.0,AllD|TFT,1.0,0,0.0,1.0,1.0,1.0
Qwen2.5-32B-Instruct__noise05__game_91,agent2,Qwen2.5-32B-Instruct,5,أناني,0.0,AllD|TFT,1.0,0,0.0,1.0,1.0,1.0
Qwen2.5-32B-Instruct__noise05__game_89,agent1,Qwen2.5-32B-Instruct,5,متعاون,0.1333,TFT,1.0,0,0.0,1.0,1.0,1.0
Qwen2.5-32B-Instruct__noise05__game_89,agent2,Qwen2.5-32B-Instruct,5,أناني,0.0333,AllD,0.9999853372573853,0,0.0,1.0,1.0,1.0
Qwen2.5-32B-Instruct__noise05__game_92,agent1,Qwen2.5-32B-Instruct,5,متعاون,0.9667,TFT|WSLS,1.0,0,0.0,1.0,1.0,1.0
Qwen2.5-32B-Instruct__noise05__game_92,agent2,Qwen2.5-32B-Instruct,5,متعاون,0.9333,TFT|WSLS,1.0,0,0.0,1.0,1.0,1.0
Qwen2.5-32B-Instruct__noise05__game_93,agent1,Qwen2.5-32B-Instruct,5,متعاون,0.8333,AllC,0.9661683440208435,0,0.0,1.0,1.0,1.0
Qwen2.5-32B-Instruct__noise05__game_93,agent2,Qwen2.5-32B-Instruct,5,أناني,0.0667,AllD,0.9969043135643005,0,0.0,1.0,1.0,1.0
Qwen2.5-32B-Instruct__noise05__game_94,agent1,Qwen2.5-32B-Instruct,5,أناني,0.0667,AllD,0.9978074431419373,0,0.0,1.0,1.0,1.0
Qwen2.5-32B-Instruct__noise05__game_94,agent2,Qwen2.5-32B-Instruct,5,متعاون,0.7,TFT,0.5509764552116394,0,0.0,1.0,1.0,1.0
Qwen2.5-32B-Instruct__noise05__game_95,agent1,Qwen2.5-32B-Instruct,5,أناني,0.0,AllD|TFT,1.0,0,0.0,1.0,1.0,1.0
Qwen2.5-32B-Instruct__noise05__game_95,agent2,Qwen2.5-32B-Instruct,5,أناني,0.0667,TFT,1.0,0,0.0,1.0,1.0,1.0
Qwen2.5-32B-Instruct__noise05__game_96,agent1,Qwen2.5-32B-Instruct,5,متعاون,1.0,AllC|TFT|WSLS,1.0,0,0.0,1.0,1.0,1.0
Qwen2.5-32B-Instruct__noise05__game_96,agent2,Qwen2.5-32B-Instruct,5,متعاون,1.0,AllC|TFT|WSLS,1.0,0,0.0,1.0,1.0,1.0
Qwen2.5-32B-Instruct__noise05__game_97,agent1,Qwen2.5-32B-Instruct,5,متعاون,1.0,AllC,1.0,0,0.0,1.0,1.0,1.0
Qwen2.5-32B-Instruct__noise05__game_97,agent2,Qwen2.5-32B-Instruct,5,أناني,0.0667,WSLS,1.0,0,0.0,1.0,1.0,1.0
Qwen2.5-32B-Instruct__noise05__game_98,agent1,Qwen2.5-32B-Instruct,5,أناني,0.0333,AllD,0.999415397644043,0,0.0,1.0,1.0,1.0
Qwen2.5-32B-Instruct__noise05__game_98,agent2,Qwen2.5-32B-Instruct,5,متعاون,0.3,TFT,0.5010469555854797,0,0.0,1.0,1.0,1.0
Qwen2.5-32B-Instruct__noise05__game_99,agent1,Qwen2.5-32B-Instruct,5,أناني,0.0667,TFT,1.0,0,0.0,1.0,1.0,1.0
Qwen2.5-32B-Instruct__noise05__game_99,agent2,Qwen2.5-32B-Instruct,5,أناني,0.0333,TFT,1.0,0,0.0,1.0,1.0,1.0
Qwen2.5-32B-Instruct__noise05__game_100,agent1,Qwen2.5-32B-Instruct,5,متعاون,0.9333,TFT,1.0,0,0.0,1.0,1.0,1.0
Qwen2.5-32B-Instruct__noise05__game_100,agent2,Qwen2.5-32B-Instruct,5,متعاون,0.9667,TFT|WSLS,1.0,0,0.0,1.0,1.0,1.0
Qwen2.5-32B-Instruct__noise05__game_101,agent1,Qwen2.5-32B-Instruct,5,متعاون,0.3,TFT,0.9005345106124878,0,0.0,1.0,1.0,1.0
Qwen2.5-32B-Instruct__noise05__game_101,agent2,Qwen2.5-32B-Instruct,5,أناني,0.0,AllD,1.0,0,0.0,1.0,1.0,1.0
Qwen2.5-32B-Instruct__noise05__game_102,agent1,Qwen2.5-32B-Instruct,5,أناني,0.0333,WSLS,1.0,0,0.0,1.0,1.0,1.0
Qwen2.5-32B-Instruct__noise05__game_102,agent2,Qwen2.5-32B-Instruct,5,متعاون,1.0,AllC,1.0,0,0.0,1.0,1.0,1.0
Qwen2.5-32B-Instruct__noise05__game_103,agent1,Qwen2.5-32B-Instruct,5,أناني,0.0333,TFT,1.0,0,0.0,1.0,1.0,1.0
Qwen2.5-32B-Instruct__noise05__game_103,agent2,Qwen2.5-32B-Instruct,5,أناني,0.0667,TFT,1.0,0,0.0,1.0,1.0,1.0
Qwen2.5-32B-Instruct__noise05__game_104,agent1,Qwen2.5-32B-Instruct,5,متعاون,0.9667,TFT|WSLS,1.0,0,0.0,1.0,1.0,1.0
Qwen2.5-32B-Instruct__noise05__game_104,agent2,Qwen2.5-32B-Instruct,5,متعاون,1.0,AllC|TFT|WSLS,1.0,0,0.0,1.0,1.0,1.0
Qwen2.5-32B-Instruct__noise05__game_105,agent1,Qwen2.5-32B-Instruct,5,متعاون,0.9667,AllC,0.9999918937683105,0,0.0,1.0,1.0,1.0
Qwen2.5-32B-Instruct__noise05__game_105,agent2,Qwen2.5-32B-Instruct,5,أناني,0.1333,AllD,0.99957674741745,0,0.0,1.0,1.0,1.0
Qwen2.5-32B-Instruct__noise05__game_106,agent1,Qwen2.5-32B-Instruct,5,أناني,0.0,AllD,1.0,0,0.0,1.0,1.0,1.0
Qwen2.5-32B-Instruct__noise05__game_106,agent2,Qwen2.5-32B-Instruct,5,متعاون,0.7,TFT,0.9837467074394226,0,0.0,1.0,1.0,1.0
Qwen2.5-32B-Instruct__noise05__game_107,agent1,Qwen2.5-32B-Instruct,5,أناني,0.0,AllD|TFT,1.0,0,0.0,1.0,1.0,1.0
Qwen2.5-32B-Instruct__noise05__game_107,agent2,Qwen2.5-32B-Instruct,5,أناني,0.0,AllD|TFT,1.0,0,0.0,1.0,1.0,1.0
Qwen2.5-32B-Instruct__noise05__game_108,agent1,Qwen2.5-32B-Instruct,5,متعاون,1.0,AllC|TFT|WSLS,1.0,0,0.0,1.0,1.0,1.0
Qwen2.5-32B-Instruct__noise05__game_108,agent2,Qwen2.5-32B-Instruct,5,متعاون,1.0,AllC|TFT|WSLS,1.0,0,0.0,1.0,1.0,1.0
Qwen2.5-32B-Instruct__noise05__game_109,agent1,Qwen2.5-32B-Instruct,5,متعاون,0.1,TFT,1.0,0,0.0,1.0,1.0,1.0
Qwen2.5-32B-Instruct__noise05__game_109,agent2,Qwen2.5-32B-Instruct,5,أناني,0.0333,AllD,0.9978074431419373,0,0.0,1.0,1.0,1.0
Qwen2.5-32B-Instruct__noise05__game_110,agent1,Qwen2.5-32B-Instruct,5,أناني,0.1333,AllD,0.999985933303833,0,0.0,1.0,1.0,1.0
Qwen2.5-32B-Instruct__noise05__game_110,agent2,Qwen2.5-32B-Instruct,5,متعاون,0.8667,WSLS,0.9944287538528442,0,0.0,1.0,1.0,1.0
Qwen2.5-32B-Instruct__noise05__game_111,agent1,Qwen2.5-32B-Instruct,5,أناني,0.0667,AllD,0.989428699016571,0,0.0,1.0,1.0,1.0
Qwen2.5-32B-Instruct__noise05__game_111,agent2,Qwen2.5-32B-Instruct,5,أناني,0.1,AllD,0.9999129772186279,0,0.0,1.0,1.0,1.0
Qwen2.5-32B-Instruct__noise05__game_112,agent1,Qwen2.5-32B-Instruct,5,متعاون,0.9,TFT,1.0,0,0.0,1.0,1.0,1.0
Qwen2.5-32B-Instruct__noise05__game_112,agent2,Qwen2.5-32B-Instruct,5,متعاون,0.9333,AllC,0.9723218083381653,0,0.0,1.0,1.0,1.0
Qwen2.5-32B-Instruct__noise05__game_113,agent1,Qwen2.5-32B-Instruct,5,متعاون,0.8667,AllC,0.9999949932098389,0,0.0,1.0,1.0,1.0
Qwen2.5-32B-Instruct__noise05__game_113,agent2,Qwen2.5-32B-Instruct,5,أناني,0.1,AllD,0.9998377561569214,0,0.0,1.0,1.0,1.0
Qwen2.5-32B-Instruct__noise05__game_114,agent1,Qwen2.5-32B-Instruct,5,أناني,0.0667,AllD,0.9675882458686829,0,0.0,1.0,1.0,1.0
Qwen2.5-32B-Instruct__noise05__game_114,agent2,Qwen2.5-32B-Instruct,5,متعاون,0.9,AllC,0.9999873638153076,0,0.0,1.0,1.0,1.0
Qwen2.5-32B-Instruct__noise05__game_115,agent1,Qwen2.5-32B-Instruct,5,أناني,0.0333,TFT,1.0,0,0.0,1.0,1.0,1.0
Qwen2.5-32B-Instruct__noise05__game_115,agent2,Qwen2.5-32B-Instruct,5,أناني,0.0667,TFT,1.0,0,0.0,1.0,1.0,1.0
Qwen2.5-32B-Instruct__noise05__game_116,agent1,Qwen2.5-32B-Instruct,5,متعاون,1.0,AllC|TFT|WSLS,1.0,0,0.0,1.0,1.0,1.0
Qwen2.5-32B-Instruct__noise05__game_116,agent2,Qwen2.5-32B-Instruct,5,متعاون,0.9667,TFT|WSLS,1.0,0,0.0,1.0,1.0,1.0
Qwen2.5-32B-Instruct__noise05__game_117,agent1,Qwen2.5-32B-Instruct,5,متعاون,0.1667,TFT,1.0,0,0.0,1.0,1.0,1.0
Qwen2.5-32B-Instruct__noise05__game_117,agent2,Qwen2.5-32B-Instruct,5,أناني,0.0667,AllD,0.9999247789382935,0,0.0,1.0,1.0,1.0
Qwen2.5-32B-Instruct__noise05__game_118,agent1,Qwen2.5-32B-Instruct,5,أناني,0.0667,AllD,0.9996424913406372,0,0.0,1.0,1.0,1.0
Qwen2.5-32B-Instruct__noise05__game_118,agent2,Qwen2.5-32B-Instruct,5,متعاون,0.9,AllC,0.999869704246521,0,0.0,1.0,1.0,1.0
Qwen2.5-32B-Instruct__noise05__game_120,agent1,Qwen2.5-32B-Instruct,5,合作型的,0.9333,TFT|WSLS,1.0,0,0.0,1.0,1.0,1.0
Qwen2.5-32B-Instruct__noise05__game_120,agent2,Qwen2.5-32B-Instruct,5,合作型的,0.9333,TFT|WSLS,1.0,0,0.0,1.0,1.0,1.0
Qwen2.5-32B-Instruct__noise05__game_119,agent1,Qwen2.5-32B-Instruct,5,أناني,0.0333,TFT,1.0,0,0.0,1.0,1.0,1.0
Qwen2.5-32B-Instruct__noise05__game_119,agent2,Qwen2.5-32B-Instruct,5,أناني,0.0667,TFT,1.0,0,0.0,1.0,1.0,1.0
Qwen2.5-32B-Instruct__noise05__game_121,agent1,Qwen2.5-32B-Instruct,5,合作型的,0.8667,WSLS,0.7800197601318359,0,0.0,1.0,1.0,1.0
Qwen2.5-32B-Instruct__noise05__game_121,agent2,Qwen2.5-32B-Instruct,5,自私型的,0.0667,AllD,0.9996662139892578,0,0.0,1.0,1.0,1.0
Qwen2.5-32B-Instruct__noise05__game_122,agent1,Qwen2.5-32B-Instruct,5,自私型的,0.0,AllD,1.0,0,0.0,1.0,1.0,1.0
Qwen2.5-32B-Instruct__noise05__game_122,agent2,Qwen2.5-32B-Instruct,5,合作型的,0.7667,AllC,0.9999650716781616,0,0.0,1.0,1.0,1.0
Qwen2.5-32B-Instruct__noise05__game_123,agent1,Qwen2.5-32B-Instruct,5,自私型的,0.1,TFT,1.0,0,0.0,1.0,1.0,1.0
Qwen2.5-32B-Instruct__noise05__game_123,agent2,Qwen2.5-32B-Instruct,5,自私型的,0.0,AllD|TFT,1.0,0,0.0,1.0,1.0,1.0
Qwen2.5-32B-Instruct__noise05__game_124,agent1,Qwen2.5-32B-Instruct,5,合作型的,0.9667,TFT|WSLS,1.0,0,0.0,1.0,1.0,1.0
Qwen2.5-32B-Instruct__noise05__game_124,agent2,Qwen2.5-32B-Instruct,5,合作型的,0.9667,TFT|WSLS,1.0,0,0.0,1.0,1.0,1.0
Qwen2.5-32B-Instruct__noise05__game_125,agent1,Qwen2.5-32B-Instruct,5,合作型的,0.8667,AllC,1.0,0,0.0,1.0,1.0,1.0
Qwen2.5-32B-Instruct__noise05__game_125,agent2,Qwen2.5-32B-Instruct,5,自私型的,0.0,AllD|WSLS,1.0,0,0.0,1.0,1.0,1.0
Qwen2.5-32B-Instruct__noise05__game_126,agent1,Qwen2.5-32B-Instruct,5,自私型的,0.0667,AllD,0.9990480542182922,0,0.0,1.0,1.0,1.0
Qwen2.5-32B-Instruct__noise05__game_126,agent2,Qwen2.5-32B-Instruct,5,合作型的,0.9,AllC,0.9999998807907104,0,0.0,1.0,1.0,1.0
Qwen2.5-32B-Instruct__noise05__game_128,agent1,Qwen2.5-32B-Instruct,5,合作型的,0.9667,TFT|WSLS,1.0,0,0.0,1.0,1.0,1.0
Qwen2.5-32B-Instruct__noise05__game_128,agent2,Qwen2.5-32B-Instruct,5,合作型的,0.9333,TFT,1.0,0,0.0,1.0,1.0,1.0
Qwen2.5-32B-Instruct__noise05__game_127,agent1,Qwen2.5-32B-Instruct,5,自私型的,0.0333,AllD,0.9999343156814575,0,0.0,1.0,1.0,1.0
Qwen2.5-32B-Instruct__noise05__game_127,agent2,Qwen2.5-32B-Instruct,5,自私型的,0.1,AllD,0.997761607170105,0,0.0,1.0,1.0,1.0
Qwen2.5-32B-Instruct__noise05__game_129,agent1,Qwen2.5-32B-Instruct,5,合作型的,0.9,AllC,1.0,0,0.0,1.0,1.0,1.0
Qwen2.5-32B-Instruct__noise05__game_129,agent2,Qwen2.5-32B-Instruct,5,自私型的,0.0333,AllD,0.9723701477050781,0,0.0,1.0,1.0,1.0
Qwen2.5-32B-Instruct__noise05__game_130,agent1,Qwen2.5-32B-Instruct,5,自私型的,0.0333,WSLS,1.0,0,0.0,1.0,1.0,1.0
Qwen2.5-32B-Instruct__noise05__game_130,agent2,Qwen2.5-32B-Instruct,5,合作型的,0.9333,AllC,1.0,0,0.0,1.0,1.0,1.0
Qwen2.5-32B-Instruct__noise05__game_132,agent1,Qwen2.5-32B-Instruct,5,合作型的,0.9667,TFT|WSLS,1.0,0,0.0,1.0,1.0,1.0
Qwen2.5-32B-Instruct__noise05__game_132,agent2,Qwen2.5-32B-Instruct,5,合作型的,0.9333,TFT,1.0,0,0.0,1.0,1.0,1.0
Qwen2.5-32B-Instruct__noise05__game_131,agent1,Qwen2.5-32B-Instruct,5,自私型的,0.0,AllD|TFT,1.0,0,0.0,1.0,1.0,1.0
Qwen2.5-32B-Instruct__noise05__game_131,agent2,Qwen2.5-32B-Instruct,5,自私型的,0.1,TFT,1.0,0,0.0,1.0,1.0,1.0
Qwen2.5-32B-Instruct__noise05__game_133,agent1,Qwen2.5-32B-Instruct,5,合作型的,0.9333,AllC,0.9999918937683105,0,0.0,1.0,1.0,1.0
Qwen2.5-32B-Instruct__noise05__game_133,agent2,Qwen2.5-32B-Instruct,5,自私型的,0.0667,AllD,0.9997329115867615,0,0.0,1.0,1.0,1.0
Qwen2.5-32B-Instruct__noise05__game_134,agent1,Qwen2.5-32B-Instruct,5,自私型的,0.0333,WSLS,1.0,0,0.0,1.0,1.0,1.0
Qwen2.5-32B-Instruct__noise05__game_134,agent2,Qwen2.5-32B-Instruct,5,合作型的,0.9667,AllC,0.9999998807907104,0,0.0,1.0,1.0,1.0
Qwen2.5-32B-Instruct__noise05__game_135,agent1,Qwen2.5-32B-Instruct,5,自私型的,0.0,AllD|TFT,1.0,0,0.0,1.0,1.0,1.0
Qwen2.5-32B-Instruct__noise05__game_135,agent2,Qwen2.5-32B-Instruct,5,自私型的,0.0,AllD|TFT,1.0,0,0.0,1.0,1.0,1.0
Qwen2.5-32B-Instruct__noise05__game_136,agent1,Qwen2.5-32B-Instruct,5,合作型的,0.9,TFT,1.0,0,0.0,1.0,1.0,1.0
Qwen2.5-32B-Instruct__noise05__game_136,agent2,Qwen2.5-32B-Instruct,5,合作型的,0.9,AllC,0.3657553493976593,0,0.0,1.0,1.0,1.0
Qwen2.5-32B-Instruct__noise05__game_137,agent1,Qwen2.5-32B-Instruct,5,合作型的,0.9333,AllC,1.0,0,0.0,1.0,1.0,1.0
Qwen2.5-32B-Instruct__noise05__game_137,agent2,Qwen2.5-32B-Instruct,5,自私型的,0.0667,AllD,0.9723701477050781,0,0.0,1.0,1.0,1.0
Qwen2.5-32B-Instruct__noise05__game_138,agent1,Qwen2.5-32B-Instruct,5,自私型的,0.0,AllD|WSLS,1.0,0,0.0,1.0,1.0,1.0
Qwen2.5-32B-Instruct__noise05__game_138,agent2,Qwen2.5-32B-Instruct,5,合作型的,0.9,AllC,0.9999992847442627,0,0.0,1.0,1.0,1.0
Qwen2.5-32B-Instruct__noise05__game_139,agent1,Qwen2.5-32B-Instruct,5,自私型的,0.0667,AllD,0.9971984624862671,0,0.0,1.0,1.0,1.0
Qwen2.5-32B-Instruct__noise05__game_139,agent2,Qwen2.5-32B-Instruct,5,自私型的,0.0667,AllD,0.9996389150619507,0,0.0,1.0,1.0,1.0
Qwen2.5-32B-Instruct__noise05__game_140,agent1,Qwen2.5-32B-Instruct,5,合作型的,1.0,AllC|TFT|WSLS,1.0,0,0.0,1.0,1.0,1.0
Qwen2.5-32B-Instruct__noise05__game_140,agent2,Qwen2.5-32B-Instruct,5,合作型的,0.9,TFT,1.0,0,0.0,1.0,1.0,1.0
Qwen2.5-32B-Instruct__noise05__game_141,agent1,Qwen2.5-32B-Instruct,5,合作型的,1.0,AllC,1.0,0,0.0,1.0,1.0,1.0
Qwen2.5-32B-Instruct__noise05__game_141,agent2,Qwen2.5-32B-Instruct,5,自私型的,0.0667,WSLS,1.0,0,0.0,1.0,1.0,1.0
Qwen2.5-32B-Instruct__noise05__game_142,agent1,Qwen2.5-32B-Instruct,5,自私型的,0.0333,WSLS,1.0,0,0.0,1.0,1.0,1.0
Qwen2.5-32B-Instruct__noise05__game_142,agent2,Qwen2.5-32B-Instruct,5,合作型的,1.0,AllC,1.0,0,0.0,1.0,1.0,1.0
Qwen2.5-32B-Instruct__noise05__game_143,agent1,Qwen2.5-32B-Instruct,5,自私型的,0.1,AllD,0.9967799782752991,0,0.0,1.0,1.0,1.0
Qwen2.5-32B-Instruct__noise05__game_143,agent2,Qwen2.5-32B-Instruct,5,自私型的,0.0333,TFT,1.0,0,0.0,1.0,1.0,1.0
Qwen2.5-32B-Instruct__noise05__game_144,agent1,Qwen2.5-32B-Instruct,5,合作型的,0.9333,TFT,1.0,0,0.0,1.0,1.0,1.0
Qwen2.5-32B-Instruct__noise05__game_144,agent2,Qwen2.5-32B-Instruct,5,合作型的,0.9667,TFT|WSLS,1.0,0,0.0,1.0,1.0,1.0
Qwen2.5-32B-Instruct__noise05__game_145,agent1,Qwen2.5-32B-Instruct,5,合作型的,0.9,AllC,0.9999996423721313,0,0.0,1.0,1.0,1.0
Qwen2.5-32B-Instruct__noise05__game_145,agent2,Qwen2.5-32B-Instruct,5,自私型的,0.0333,AllD,0.9723701477050781,0,0.0,1.0,1.0,1.0
Qwen2.5-32B-Instruct__noise05__game_146,agent1,Qwen2.5-32B-Instruct,5,自私型的,0.0333,WSLS,1.0,0,0.0,1.0,1.0,1.0
Qwen2.5-32B-Instruct__noise05__game_146,agent2,Qwen2.5-32B-Instruct,5,合作型的,0.8333,AllC,0.9999994039535522,0,0.0,1.0,1.0,1.0
Qwen2.5-32B-Instruct__noise05__game_148,agent1,Qwen2.5-32B-Instruct,5,合作型的,1.0,AllC|TFT|WSLS,1.0,0,0.0,1.0,1.0,1.0
Qwen2.5-32B-Instruct__noise05__game_148,agent2,Qwen2.5-32B-Instruct,5,合作型的,0.9,TFT|WSLS,1.0,0,0.0,1.0,1.0,1.0
Qwen2.5-32B-Instruct__noise05__game_147,agent1,Qwen2.5-32B-Instruct,5,自私型的,0.0667,TFT,1.0,0,0.0,1.0,1.0,1.0
Qwen2.5-32B-Instruct__noise05__game_147,agent2,Qwen2.5-32B-Instruct,5,自私型的,0.0,AllD|TFT,1.0,0,0.0,1.0,1.0,1.0
Qwen2.5-32B-Instruct__noise05__game_150,agent1,Qwen2.5-32B-Instruct,5,自私型的,0.0333,WSLS,1.0,0,0.0,1.0,1.0,1.0
Qwen2.5-32B-Instruct__noise05__game_150,agent2,Qwen2.5-32B-Instruct,5,合作型的,0.9,AllC,1.0,0,0.0,1.0,1.0,1.0
Qwen2.5-32B-Instruct__noise05__game_149,agent1,Qwen2.5-32B-Instruct,5,合作型的,0.7667,AllC,0.9999768733978271,0,0.0,1.0,1.0,1.0
Qwen2.5-32B-Instruct__noise05__game_149,agent2,Qwen2.5-32B-Instruct,5,自私型的,0.1,AllD,0.8856878280639648,0,0.0,1.0,1.0,1.0
Qwen2.5-32B-Instruct__noise05__game_151,agent1,Qwen2.5-32B-Instruct,5,自私型的,0.0667,AllD,0.9988105297088623,0,0.0,1.0,1.0,1.0
Qwen2.5-32B-Instruct__noise05__game_151,agent2,Qwen2.5-32B-Instruct,5,自私型的,0.1,AllD,0.9997223019599915,0,0.0,1.0,1.0,1.0
Qwen2.5-32B-Instruct__noise05__game_152,agent1,Qwen2.5-32B-Instruct,5,合作型的,1.0,AllC|TFT|WSLS,1.0,0,0.0,1.0,1.0,1.0
Qwen2.5-32B-Instruct__noise05__game_152,agent2,Qwen2.5-32B-Instruct,5,合作型的,1.0,AllC|TFT|WSLS,1.0,0,0.0,1.0,1.0,1.0
Qwen2.5-32B-Instruct__noise05__game_153,agent1,Qwen2.5-32B-Instruct,5,合作型的,0.9,AllC,1.0,0,0.0,1.0,1.0,1.0
Qwen2.5-32B-Instruct__noise05__game_153,agent2,Qwen2.5-32B-Instruct,5,自私型的,0.1,AllD,0.9723701477050781,0,0.0,1.0,1.0,1.0
Qwen2.5-32B-Instruct__noise05__game_154,agent1,Qwen2.5-32B-Instruct,5,自私型的,0.0667,WSLS,1.0,0,0.0,1.0,1.0,1.0
Qwen2.5-32B-Instruct__noise05__game_154,agent2,Qwen2.5-32B-Instruct,5,合作型的,1.0,AllC,1.0,0,0.0,1.0,1.0,1.0
Qwen2.5-32B-Instruct__noise05__game_155,agent1,Qwen2.5-32B-Instruct,5,自私型的,0.1,AllD,0.9965695142745972,0,0.0,1.0,1.0,1.0
Qwen2.5-32B-Instruct__noise05__game_155,agent2,Qwen2.5-32B-Instruct,5,自私型的,0.0333,TFT,1.0,0,0.0,1.0,1.0,1.0
Qwen2.5-32B-Instruct__noise05__game_156,agent1,Qwen2.5-32B-Instruct,5,合作型的,0.9,TFT,0.6646656394004822,0,0.0,1.0,1.0,1.0
Qwen2.5-32B-Instruct__noise05__game_156,agent2,Qwen2.5-32B-Instruct,5,合作型的,0.9333,AllC,0.9772670269012451,0,0.0,1.0,1.0,1.0
Qwen2.5-32B-Instruct__noise05__game_157,agent1,Qwen2.5-32B-Instruct,5,合作型的,0.9333,AllC,0.9999994039535522,0,0.0,1.0,1.0,1.0
Qwen2.5-32B-Instruct__noise05__game_157,agent2,Qwen2.5-32B-Instruct,5,自私型的,0.0667,WSLS,1.0,0,0.0,1.0,1.0,1.0
Qwen2.5-32B-Instruct__noise05__game_158,agent1,Qwen2.5-32B-Instruct,5,自私型的,0.0667,WSLS,1.0,0,0.0,1.0,1.0,1.0
Qwen2.5-32B-Instruct__noise05__game_158,agent2,Qwen2.5-32B-Instruct,5,合作型的,1.0,AllC,1.0,0,0.0,1.0,1.0,1.0
Qwen2.5-32B-Instruct__noise05__game_159,agent1,Qwen2.5-32B-Instruct,5,自私型的,0.0333,TFT,1.0,0,0.0,1.0,1.0,1.0
Qwen2.5-32B-Instruct__noise05__game_159,agent2,Qwen2.5-32B-Instruct,5,自私型的,0.0333,TFT,1.0,0,0.0,1.0,1.0,1.0
Qwen2.5-32B-Instruct__noise05__game_160,agent1,Qwen2.5-32B-Instruct,5,một người hợp tác,0.9333,TFT,1.0,0,0.0,1.0,1.0,1.0
Qwen2.5-32B-Instruct__noise05__game_160,agent2,Qwen2.5-32B-Instruct,5,một người hợp tác,0.9667,TFT|WSLS,1.0,0,0.0,1.0,1.0,1.0
Qwen2.5-32B-Instruct__noise05__game_162,agent1,Qwen2.5-32B-Instruct,5,một người ích kỷ,0.0333,AllD,0.9995309114456177,0,0.0,1.0,1.0,1.0
Qwen2.5-32B-Instruct__noise05__game_162,agent2,Qwen2.5-32B-Instruct,5,một người hợp tác,0.9,AllC,0.9999964237213135,0,0.0,1.0,1.0,1.0
Qwen2.5-32B-Instruct__noise05__game_161,agent1,Qwen2.5-32B-Instruct,5,một người hợp tác,0.9,AllC,1.0,0,0.0,1.0,1.0,1.0
Qwen2.5-32B-Instruct__noise05__game_161,agent2,Qwen2.5-32B-Instruct,5,một người ích kỷ,0.0,AllD|WSLS,1.0,0,0.0,1.0,1.0,1.0
Qwen2.5-32B-Instruct__noise05__game_163,agent1,Qwen2.5-32B-Instruct,5,một người ích kỷ,0.0333,TFT,1.0,0,0.0,1.0,1.0,1.0
Qwen2.5-32B-Instruct__noise05__game_163,agent2,Qwen2.5-32B-Instruct,5,một người ích kỷ,0.0,AllD|TFT,1.0,0,0.0,1.0,1.0,1.0
Qwen2.5-32B-Instruct__noise05__game_164,agent1,Qwen2.5-32B-Instruct,5,một người hợp tác,1.0,AllC|TFT|WSLS,1.0,0,0.0,1.0,1.0,1.0
Qwen2.5-32B-Instruct__noise05__game_164,agent2,Qwen2.5-32B-Instruct,5,một người hợp tác,0.9333,TFT|WSLS,1.0,0,0.0,1.0,1.0,1.0
Qwen2.5-32B-Instruct__noise05__game_166,agent1,Qwen2.5-32B-Instruct,5,một người ích kỷ,0.0667,AllD,0.9991680383682251,0,0.0,1.0,1.0,1.0
Qwen2.5-32B-Instruct__noise05__game_166,agent2,Qwen2.5-32B-Instruct,5,một người hợp tác,0.9667,AllC,0.9999992847442627,0,0.0,1.0,1.0,1.0
Qwen2.5-32B-Instruct__noise05__game_165,agent1,Qwen2.5-32B-Instruct,5,một người hợp tác,0.9,AllC,1.0,0,0.0,1.0,1.0,1.0
Qwen2.5-32B-Instruct__noise05__game_165,agent2,Qwen2.5-32B-Instruct,5,một người ích kỷ,0.0667,AllD,0.9723701477050781,0,0.0,1.0,1.0,1.0
Qwen2.5-32B-Instruct__noise05__game_167,agent1,Qwen2.5-32B-Instruct,5,một người ích kỷ,0.0667,AllD,0.9909857511520386,0,0.0,1.0,1.0,1.0
Qwen2.5-32B-Instruct__noise05__game_167,agent2,Qwen2.5-32B-Instruct,5,một người ích kỷ,0.1333,AllD,0.9967799782752991,0,0.0,1.0,1.0,1.0
Qwen2.5-32B-Instruct__noise05__game_168,agent1,Qwen2.5-32B-Instruct,5,một người hợp tác,0.9667,TFT|WSLS,1.0,0,0.0,1.0,1.0,1.0
Qwen2.5-32B-Instruct__noise05__game_168,agent2,Qwen2.5-32B-Instruct,5,một người hợp tác,0.9667,TFT|WSLS,1.0,0,0.0,1.0,1.0,1.0
Qwen2.5-32B-Instruct__noise05__game_169,agent1,Qwen2.5-32B-Instruct,5,một người hợp tác,0.9667,AllC,1.0,0,0.0,1.0,1.0,1.0
Qwen2.5-32B-Instruct__noise05__game_169,agent2,Qwen2.5-32B-Instruct,5,một người ích kỷ,0.0333,WSLS,1.0,0,0.0,1.0,1.0,1.0
Qwen2.5-32B-Instruct__noise05__game_170,agent1,Qwen2.5-32B-Instruct,5,một người ích kỷ,0.0333,WSLS,1.0,0,0.0,1.0,1.0,1.0
Qwen2.5-32B-Instruct__noise05__game_170,agent2,Qwen2.5-32B-Instruct,5,một người hợp tác,0.9667,AllC,0.9999994039535522,0,0.0,1.0,1.0,1.0
Qwen2.5-32B-Instruct__noise05__game_172,agent1,Qwen2.5-32B-Instruct,5,một người hợp tác,0.9,TFT,1.0,0,0.0,1.0,1.0,1.0
Qwen2.5-32B-Instruct__noise05__game_172,agent2,Qwen2.5-32B-Instruct,5,một người hợp tác,1.0,AllC|TFT|WSLS,1.0,0,0.0,1.0,1.0,1.0
Qwen2.5-32B-Instruct__noise05__game_171,agent1,Qwen2.5-32B-Instruct,5,một người ích kỷ,0.1,AllD,0.999497652053833,0,0.0,1.0,1.0,1.0
Qwen2.5-32B-Instruct__noise05__game_171,agent2,Qwen2.5-32B-Instruct,5,một người ích kỷ,0.0333,AllD,0.9936044812202454,0,0.0,1.0,1.0,1.0
Qwen2.5-32B-Instruct__noise05__game_173,agent1,Qwen2.5-32B-Instruct,5,một người hợp tác,1.0,AllC,1.0,0,0.0,1.0,1.0,1.0
Qwen2.5-32B-Instruct__noise05__game_173,agent2,Qwen2.5-32B-Instruct,5,một người ích kỷ,0.0667,WSLS,1.0,0,0.0,1.0,1.0,1.0
Qwen2.5-32B-Instruct__noise05__game_174,agent1,Qwen2.5-32B-Instruct,5,một người ích kỷ,0.0333,AllD,0.9992017149925232,0,0.0,1.0,1.0,1.0
Qwen2.5-32B-Instruct__noise05__game_174,agent2,Qwen2.5-32B-Instruct,5,một người hợp tác,0.9,AllC,0.9999997615814209,0,0.0,1.0,1.0,1.0
Qwen2.5-32B-Instruct__noise05__game_176,agent1,Qwen2.5-32B-Instruct,5,một người hợp tác,1.0,AllC|TFT|WSLS,1.0,0,0.0,1.0,1.0,1.0
Qwen2.5-32B-Instruct__noise05__game_176,agent2,Qwen2.5-32B-Instruct,5,một người hợp tác,0.9667,TFT|WSLS,1.0,0,0.0,1.0,1.0,1.0
Qwen2.5-32B-Instruct__noise05__game_175,agent1,Qwen2.5-32B-Instruct,5,một người ích kỷ,0.0333,TFT,1.0,0,0.0,1.0,1.0,1.0
Qwen2.5-32B-Instruct__noise05__game_175,agent2,Qwen2.5-32B-Instruct,5,một người ích kỷ,0.0333,TFT,1.0,0,0.0,1.0,1.0,1.0
Qwen2.5-32B-Instruct__noise05__game_177,agent1,Qwen2.5-32B-Instruct,5,một người hợp tác,0.9667,AllC,1.0,0,0.0,1.0,1.0,1.0
Qwen2.5-32B-Instruct__noise05__game_177,agent2,Qwen2.5-32B-Instruct,5,một người ích kỷ,0.0333,WSLS,1.0,0,0.0,1.0,1.0,1.0
Qwen2.5-32B-Instruct__noise05__game_178,agent1,Qwen2.5-32B-Instruct,5,một người ích kỷ,0.0,AllD|WSLS,1.0,0,0.0,1.0,1.0,1.0
Qwen2.5-32B-Instruct__noise05__game_178,agent2,Qwen2.5-32B-Instruct,5,một người hợp tác,1.0,AllC,1.0,0,0.0,1.0,1.0,1.0
Qwen2.5-32B-Instruct__noise05__game_180,agent1,Qwen2.5-32B-Instruct,5,một người hợp tác,0.9667,TFT,1.0,0,0.0,1.0,1.0,1.0
Qwen2.5-32B-Instruct__noise05__game_180,agent2,Qwen2.5-32B-Instruct,5,một người hợp tác,0.9,TFT,1.0,0,0.0,1.0,1.0,1.0
Qwen2.5-32B-Instruct__noise05__game_179,agent1,Qwen2.5-32B-Instruct,5,một người ích kỷ,0.0,AllD|TFT,1.0,0,0.0,1.0,1.0,1.0
Qwen2.5-32B-Instruct__noise05__game_179,agent2,Qwen2.5-32B-Instruct,5,một người ích kỷ,0.0333,TFT,1.0,0,0.0,1.0,1.0,1.0
Qwen2.5-32B-Instruct__noise05__game_181,agent1,Qwen2.5-32B-Instruct,5,một người hợp tác,0.9,AllC,0.9996942281723022,0,0.0,1.0,1.0,1.0
Qwen2.5-32B-Instruct__noise05__game_181,agent2,Qwen2.5-32B-Instruct,5,một người ích kỷ,0.0333,WSLS,1.0,0,0.0,1.0,1.0,1.0
Qwen2.5-32B-Instruct__noise05__game_182,agent1,Qwen2.5-32B-Instruct,5,một người ích kỷ,0.0667,AllD,0.973102867603302,0,0.0,1.0,1.0,1.0
Qwen2.5-32B-Instruct__noise05__game_182,agent2,Qwen2.5-32B-Instruct,5,một người hợp tác,0.9667,AllC,1.0,0,0.0,1.0,1.0,1.0
Qwen2.5-32B-Instruct__noise05__game_184,agent1,Qwen2.5-32B-Instruct,5,một người hợp tác,0.8667,TFT,1.0,0,0.0,1.0,1.0,1.0
Qwen2.5-32B-Instruct__noise05__game_184,agent2,Qwen2.5-32B-Instruct,5,một người hợp tác,0.9667,AllC,0.9955365657806396,0,0.0,1.0,1.0,1.0
Qwen2.5-32B-Instruct__noise05__game_183,agent1,Qwen2.5-32B-Instruct,5,một người ích kỷ,0.0333,TFT,1.0,0,0.0,1.0,1.0,1.0
Qwen2.5-32B-Instruct__noise05__game_183,agent2,Qwen2.5-32B-Instruct,5,một người ích kỷ,0.0,AllD|TFT,1.0,0,0.0,1.0,1.0,1.0
Qwen2.5-32B-Instruct__noise05__game_185,agent1,Qwen2.5-32B-Instruct,5,một người hợp tác,1.0,AllC,1.0,0,0.0,1.0,1.0,1.0
Qwen2.5-32B-Instruct__noise05__game_185,agent2,Qwen2.5-32B-Instruct,5,một người ích kỷ,0.0667,WSLS,1.0,0,0.0,1.0,1.0,1.0
Qwen2.5-32B-Instruct__noise05__game_186,agent1,Qwen2.5-32B-Instruct,5,một người ích kỷ,0.1,AllD,0.9930101037025452,0,0.0,1.0,1.0,1.0
Qwen2.5-32B-Instruct__noise05__game_186,agent2,Qwen2.5-32B-Instruct,5,một người hợp tác,0.9667,AllC,0.9999996423721313,0,0.0,1.0,1.0,1.0
Qwen2.5-32B-Instruct__noise05__game_188,agent1,Qwen2.5-32B-Instruct,5,một người hợp tác,0.9333,AllC,0.9977099895477295,0,0.0,1.0,1.0,1.0
Qwen2.5-32B-Instruct__noise05__game_188,agent2,Qwen2.5-32B-Instruct,5,một người hợp tác,0.8667,AllC,0.6413162350654602,0,0.0,1.0,1.0,1.0
Qwen2.5-32B-Instruct__noise05__game_187,agent1,Qwen2.5-32B-Instruct,5,một người ích kỷ,0.0333,TFT,1.0,0,0.0,1.0,1.0,1.0
Qwen2.5-32B-Instruct__noise05__game_187,agent2,Qwen2.5-32B-Instruct,5,một người ích kỷ,0.0667,TFT,1.0,0,0.0,1.0,1.0,1.0
Qwen2.5-32B-Instruct__noise05__game_189,agent1,Qwen2.5-32B-Instruct,5,một người hợp tác,0.9333,AllC,0.9999997615814209,0,0.0,1.0,1.0,1.0
Qwen2.5-32B-Instruct__noise05__game_189,agent2,Qwen2.5-32B-Instruct,5,một người ích kỷ,0.0,AllD|WSLS,1.0,0,0.0,1.0,1.0,1.0
Qwen2.5-32B-Instruct__noise05__game_190,agent1,Qwen2.5-32B-Instruct,5,một người ích kỷ,0.0667,AllD,0.9998899698257446,0,0.0,1.0,1.0,1.0
Qwen2.5-32B-Instruct__noise05__game_190,agent2,Qwen2.5-32B-Instruct,5,một người hợp tác,0.9667,AllC,0.999994158744812,0,0.0,1.0,1.0,1.0
Qwen2.5-32B-Instruct__noise05__game_192,agent1,Qwen2.5-32B-Instruct,5,một người hợp tác,0.9,TFT,1.0,0,0.0,1.0,1.0,1.0
Qwen2.5-32B-Instruct__noise05__game_192,agent2,Qwen2.5-32B-Instruct,5,một người hợp tác,0.9333,TFT,0.7897630929946899,0,0.0,1.0,1.0,1.0
Qwen2.5-32B-Instruct__noise05__game_191,agent1,Qwen2.5-32B-Instruct,5,một người ích kỷ,0.0,AllD|TFT,1.0,0,0.0,1.0,1.0,1.0
Qwen2.5-32B-Instruct__noise05__game_191,agent2,Qwen2.5-32B-Instruct,5,một người ích kỷ,0.0333,TFT,1.0,0,0.0,1.0,1.0,1.0
Qwen2.5-32B-Instruct__noise05__game_193,agent1,Qwen2.5-32B-Instruct,5,một người hợp tác,0.9667,AllC,1.0,0,0.0,1.0,1.0,1.0
Qwen2.5-32B-Instruct__noise05__game_193,agent2,Qwen2.5-32B-Instruct,5,một người ích kỷ,0.0,AllD|WSLS,1.0,0,0.0,1.0,1.0,1.0
Qwen2.5-32B-Instruct__noise05__game_194,agent1,Qwen2.5-32B-Instruct,5,một người ích kỷ,0.0333,WSLS,1.0,0,0.0,1.0,1.0,1.0
Qwen2.5-32B-Instruct__noise05__game_194,agent2,Qwen2.5-32B-Instruct,5,một người hợp tác,0.9333,AllC,0.9999995231628418,0,0.0,1.0,1.0,1.0
Qwen2.5-32B-Instruct__noise05__game_195,agent1,Qwen2.5-32B-Instruct,5,một người ích kỷ,0.1,TFT,1.0,0,0.0,1.0,1.0,1.0
Qwen2.5-32B-Instruct__noise05__game_195,agent2,Qwen2.5-32B-Instruct,5,một người ích kỷ,0.0,AllD|TFT,1.0,0,0.0,1.0,1.0,1.0
Qwen2.5-32B-Instruct__noise05__game_196,agent1,Qwen2.5-32B-Instruct,5,một người hợp tác,0.9667,TFT|WSLS,1.0,0,0.0,1.0,1.0,1.0
Qwen2.5-32B-Instruct__noise05__game_196,agent2,Qwen2.5-32B-Instruct,5,một người hợp tác,0.9667,TFT|WSLS,1.0,0,0.0,1.0,1.0,1.0
Qwen2.5-32B-Instruct__noise05__game_198,agent1,Qwen2.5-32B-Instruct,5,một người ích kỷ,0.0667,WSLS,1.0,0,0.0,1.0,1.0,1.0
Qwen2.5-32B-Instruct__noise05__game_198,agent2,Qwen2.5-32B-Instruct,5,một người hợp tác,0.9667,AllC,0.9999860525131226,0,0.0,1.0,1.0,1.0
Qwen2.5-32B-Instruct__noise05__game_197,agent1,Qwen2.5-32B-Instruct,5,một người hợp tác,0.9333,AllC,1.0,0,0.0,1.0,1.0,1.0
Qwen2.5-32B-Instruct__noise05__game_197,agent2,Qwen2.5-32B-Instruct,5,một người ích kỷ,0.1,WSLS,1.0,0,0.0,1.0,1.0,1.0
Qwen2.5-32B-Instruct__noise05__game_199,agent1,Qwen2.5-32B-Instruct,5,một người ích kỷ,0.0333,TFT,1.0,0,0.0,1.0,1.0,1.0
Qwen2.5-32B-Instruct__noise05__game_199,agent2,Qwen2.5-32B-Instruct,5,một người ích kỷ,0.0,AllD|TFT,1.0,0,0.0,1.0,1.0,1.0
Qwen2.5-32B-Instruct__noise05__game_200,agent1,Qwen2.5-32B-Instruct,5,cooperativo,0.9667,TFT|WSLS,1.0,0,0.0,0.0,0.03333333333333333,0.9655172413793104
Qwen2.5-32B-Instruct__noise05__game_200,agent2,Qwen2.5-32B-Instruct,5,cooperativo,1.0,AllC|TFT|WSLS,1.0,1,1.0,0.0,0.0,0.9655172413793104
Qwen2.5-32B-Instruct__noise05__game_201,agent1,Qwen2.5-32B-Instruct,5,cooperativo,0.9667,AllC,1.0,1,0.9642857142857143,0.037037037037037035,0.0,0.06896551724137931
Qwen2.5-32B-Instruct__noise05__game_201,agent2,Qwen2.5-32B-Instruct,5,egoista,0.0333,WSLS,1.0,0,0.0,0.0,0.9655172413793104,0.06896551724137931
Qwen2.5-32B-Instruct__noise05__game_202,agent1,Qwen2.5-32B-Instruct,5,egoista,0.0667,WSLS,1.0,0,1.0,0.0,0.9655172413793104,0.034482758620689655
Qwen2.5-32B-Instruct__noise05__game_202,agent2,Qwen2.5-32B-Instruct,5,cooperativo,0.9667,AllC,1.0,1,0.9629629629629629,0.037037037037037035,0.0,0.10344827586206896
Qwen2.5-32B-Instruct__noise05__game_203,agent1,Qwen2.5-32B-Instruct,5,egoista,0.1,AllD,0.9998229146003723,0,0.5,0.75,1.0,0.8275862068965517
Qwen2.5-32B-Instruct__noise05__game_203,agent2,Qwen2.5-32B-Instruct,5,egoista,0.0667,AllD,0.9951732754707336,0,0.3333333333333333,1.0,1.0,0.8275862068965517
Qwen2.5-32B-Instruct__noise05__game_204,agent1,Qwen2.5-32B-Instruct,5,cooperativo,0.9333,TFT,0.598870575428009,0,1.0,0.0,0.07407407407407407,0.8275862068965517
Qwen2.5-32B-Instruct__noise05__game_204,agent2,Qwen2.5-32B-Instruct,5,cooperativo,0.9,AllC,0.9436071515083313,1,1.0,0.0,0.10714285714285714,0.8275862068965517
Qwen2.5-32B-Instruct__noise05__game_205,agent1,Qwen2.5-32B-Instruct,5,cooperativo,1.0,AllC,1.0,1,0.9642857142857143,0.0,0.0,0.06896551724137931
Qwen2.5-32B-Instruct__noise05__game_205,agent2,Qwen2.5-32B-Instruct,5,egoista,0.0667,WSLS,1.0,0,0.0,0.0,0.9333333333333333,0.06896551724137931
Qwen2.5-32B-Instruct__noise05__game_206,agent1,Qwen2.5-32B-Instruct,5,egoista,0.0333,WSLS,1.0,0,0.0,0.0,0.9655172413793104,0.06896551724137931
Qwen2.5-32B-Instruct__noise05__game_206,agent2,Qwen2.5-32B-Instruct,5,cooperativo,0.9667,AllC,0.9999982118606567,1,0.9642857142857143,0.037037037037037035,0.0,0.06896551724137931
Qwen2.5-32B-Instruct__noise05__game_207,agent1,Qwen2.5-32B-Instruct,5,egoista,0.0333,TFT,1.0,0,0.3333333333333333,1.0,1.0,0.9310344827586207
Qwen2.5-32B-Instruct__noise05__game_207,agent2,Qwen2.5-32B-Instruct,5,egoista,0.0333,TFT,1.0,0,0.3333333333333333,1.0,1.0,0.9310344827586207
Qwen2.5-32B-Instruct__noise05__game_208,agent1,Qwen2.5-32B-Instruct,5,cooperativo,0.9667,TFT,1.0,0,1.0,0.0,0.037037037037037035,0.8620689655172413
Qwen2.5-32B-Instruct__noise05__game_208,agent2,Qwen2.5-32B-Instruct,5,cooperativo,0.9,TFT,1.0,1,1.0,0.0,0.10344827586206896,0.8620689655172413
Qwen2.5-32B-Instruct__noise05__game_209,agent1,Qwen2.5-32B-Instruct,5,cooperativo,0.8667,AllC,0.9999841451644897,1,0.9583333333333334,0.12,0.0,0.20689655172413793
Qwen2.5-32B-Instruct__noise05__game_209,agent2,Qwen2.5-32B-Instruct,5,egoista,0.1,AllD,0.9996656179428101,0,0.3333333333333333,0.0,0.9259259259259259,0.13793103448275862
Qwen2.5-32B-Instruct__noise05__game_210,agent1,Qwen2.5-32B-Instruct,5,egoista,0.0667,AllD,0.9999656677246094,0,0.05263157894736842,0.0,0.9285714285714286,0.13793103448275862
Qwen2.5-32B-Instruct__noise05__game_210,agent2,Qwen2.5-32B-Instruct,5,cooperativo,0.9333,AllC,0.9999985694885254,1,1.0,0.07692307692307693,0.0,0.10344827586206896
Qwen2.5-32B-Instruct__noise05__game_211,agent1,Qwen2.5-32B-Instruct,5,egoista,0.1,TFT,1.0,0,0.75,0.75,1.0,0.896551724137931
Qwen2.5-32B-Instruct__noise05__game_211,agent2,Qwen2.5-32B-Instruct,5,egoista,0.0,AllD|TFT,1.0,0,0.0,1.0,1.0,0.896551724137931
Qwen2.5-32B-Instruct__noise05__game_212,agent1,Qwen2.5-32B-Instruct,5,cooperativo,0.9333,TFT,1.0,1,1.0,0.0,0.06896551724137931,0.896551724137931
Qwen2.5-32B-Instruct__noise05__game_212,agent2,Qwen2.5-32B-Instruct,5,cooperativo,0.9667,TFT|WSLS,1.0,0,1.0,0.0,0.03571428571428571,0.896551724137931
Qwen2.5-32B-Instruct__noise05__game_213,agent1,Qwen2.5-32B-Instruct,5,cooperativo,0.9333,AllC,0.9999998807907104,1,0.9629629629629629,0.04,0.3333333333333333,0.06896551724137931
Qwen2.5-32B-Instruct__noise05__game_213,agent2,Qwen2.5-32B-Instruct,5,egoista,0.0667,AllD,0.999517560005188,0,0.0,1.0,0.9285714285714286,0.13793103448275862
Qwen2.5-32B-Instruct__noise05__game_214,agent1,Qwen2.5-32B-Instruct,5,egoista,0.0667,WSLS,1.0,0,0.0,0.0,0.9310344827586207,0.10344827586206896
Qwen2.5-32B-Instruct__noise05__game_214,agent2,Qwen2.5-32B-Instruct,5,cooperativo,0.9667,AllC,0.9999997615814209,1,0.9629629629629629,0.038461538461538464,0.0,0.10344827586206896
Qwen2.5-32B-Instruct__noise05__game_215,agent1,Qwen2.5-32B-Instruct,5,egoista,0.0333,TFT,1.0,0,0.5,1.0,1.0,0.9655172413793104
Qwen2.5-32B-Instruct__noise05__game_215,agent2,Qwen2.5-32B-Instruct,5,egoista,0.0,AllD|TFT,1.0,0,0.0,1.0,1.0,0.9655172413793104
Qwen2.5-32B-Instruct__noise05__game_216,agent1,Qwen2.5-32B-Instruct,5,cooperativo,0.9,AllC,0.95821613073349,0,1.0,0.0,0.1111111111111111,0.7931034482758621
Qwen2.5-32B-Instruct__noise05__game_216,agent2,Qwen2.5-32B-Instruct,5,cooperativo,0.9,AllC,0.9360837936401367,1,1.0,0.0,0.1111111111111111,0.7931034482758621
Qwen2.5-32B-Instruct__noise05__game_217,agent1,Qwen2.5-32B-Instruct,5,cooperativo,0.8,AllC,1.0,1,0.9583333333333334,0.12,0.0,0.20689655172413793
Qwen2.5-32B-Instruct__noise05__game_217,agent2,Qwen2.5-32B-Instruct,5,egoista,0.0,AllD,1.0,0,0.0,0.0,1.0,0.1724137931034483
Qwen2.5-32B-Instruct__noise05__game_218,agent1,Qwen2.5-32B-Instruct,5,egoista,0.0667,WSLS,1.0,0,0.0,0.0,0.9333333333333333,0.06896551724137931
Qwen2.5-32B-Instruct__noise05__game_218,agent2,Qwen2.5-32B-Instruct,5,cooperativo,1.0,AllC,1.0,1,0.9642857142857143,0.0,0.0,0.06896551724137931
Qwen2.5-32B-Instruct__noise05__game_219,agent1,Qwen2.5-32B-Instruct,5,egoista,0.0333,TFT,1.0,0,0.5,1.0,1.0,0.9655172413793104
Qwen2.5-32B-Instruct__noise05__game_219,agent2,Qwen2.5-32B-Instruct,5,egoista,0.0,AllD|TFT,1.0,0,0.0,1.0,1.0,0.9655172413793104
Qwen2.5-32B-Instruct__noise05__game_220,agent1,Qwen2.5-32B-Instruct,5,cooperativo,1.0,AllC|TFT|WSLS,1.0,1,1.0,0.0,0.0,0.9310344827586207
Qwen2.5-32B-Instruct__noise05__game_220,agent2,Qwen2.5-32B-Instruct,5,cooperativo,0.9333,TFT|WSLS,1.0,0,0.0,0.0,0.06666666666666667,0.9310344827586207
Qwen2.5-32B-Instruct__noise05__game_221,agent1,Qwen2.5-32B-Instruct,5,cooperativo,0.9667,AllC,0.9999979734420776,0,0.9615384615384616,0.0,0.2,0.10344827586206896
Qwen2.5-32B-Instruct__noise05__game_221,agent2,Qwen2.5-32B-Instruct,5,egoista,0.1333,AllD,0.5444040894508362,0,0.2,1.0,0.8620689655172413,0.13793103448275862
Qwen2.5-32B-Instruct__noise05__game_222,agent1,Qwen2.5-32B-Instruct,5,egoista,0.0333,WSLS,1.0,0,0.0,0.0,0.9666666666666667,0.034482758620689655
Qwen2.5-32B-Instruct__noise05__game_222,agent2,Qwen2.5-32B-Instruct,5,cooperativo,1.0,AllC,1.0,1,0.9655172413793104,0.0,0.0,0.034482758620689655
Qwen2.5-32B-Instruct__noise05__game_223,agent1,Qwen2.5-32B-Instruct,5,egoista,0.0667,AllD,0.9996100068092346,0,0.3333333333333333,1.0,1.0,0.8275862068965517
Qwen2.5-32B-Instruct__noise05__game_223,agent2,Qwen2.5-32B-Instruct,5,egoista,0.1,AllD,0.9994893074035645,0,0.5,0.75,1.0,0.8275862068965517
Qwen2.5-32B-Instruct__noise05__game_224,agent1,Qwen2.5-32B-Instruct,5,cooperativo,0.9667,TFT|WSLS,1.0,1,1.0,0.0,0.034482758620689655,0.9310344827586207
Qwen2.5-32B-Instruct__noise05__game_224,agent2,Qwen2.5-32B-Instruct,5,cooperativo,0.9667,TFT|WSLS,1.0,0,1.0,0.0,0.034482758620689655,0.9310344827586207
Qwen2.5-32B-Instruct__noise05__game_225,agent1,Qwen2.5-32B-Instruct,5,cooperativo,1.0,AllC,1.0,1,0.9615384615384616,0.0,0.0,0.13793103448275862
Qwen2.5-32B-Instruct__noise05__game_225,agent2,Qwen2.5-32B-Instruct,5,egoista,0.1333,AllD,0.998029887676239,0,0.0,0.0,0.8666666666666667,0.13793103448275862
Qwen2.5-32B-Instruct__noise05__game_226,agent1,Qwen2.5-32B-Instruct,5,egoista,0.0667,AllD,0.9986289739608765,0,0.041666666666666664,0.0,0.9310344827586207,0.10344827586206896
Qwen2.5-32B-Instruct__noise05__game_226,agent2,Qwen2.5-32B-Instruct,5,cooperativo,0.9667,AllC,0.9999982118606567,1,0.9629629629629629,0.038461538461538464,0.0,0.10344827586206896
Qwen2.5-32B-Instruct__noise05__game_227,agent1,Qwen2.5-32B-Instruct,5,egoista,0.0,AllD|TFT,1.0,0,0.0,1.0,1.0,0.9655172413793104
Qwen2.5-32B-Instruct__noise05__game_227,agent2,Qwen2.5-32B-Instruct,5,egoista,0.0667,TFT,1.0,0,0.6666666666666666,1.0,1.0,0.9310344827586207
Qwen2.5-32B-Instruct__noise05__game_228,agent1,Qwen2.5-32B-Instruct,5,cooperativo,0.9,AllC,0.8878284692764282,0,1.0,0.0,0.1111111111111111,0.7931034482758621
Qwen2.5-32B-Instruct__noise05__game_228,agent2,Qwen2.5-32B-Instruct,5,cooperativo,0.9,AllC,0.9317612051963806,1,1.0,0.0,0.1111111111111111,0.7931034482758621
Qwen2.5-32B-Instruct__noise05__game_229,agent1,Qwen2.5-32B-Instruct,5,cooperativo,0.9333,AllC,0.9999998807907104,1,0.9629629629629629,0.07692307692307693,0.0,0.10344827586206896
Qwen2.5-32B-Instruct__noise05__game_229,agent2,Qwen2.5-32B-Instruct,5,egoista,0.0333,WSLS,1.0,0,0.0,0.0,0.9642857142857143,0.10344827586206896
Qwen2.5-32B-Instruct__noise05__game_230,agent1,Qwen2.5-32B-Instruct,5,egoista,0.0333,WSLS,1.0,0,0.14285714285714285,0.0,0.9655172413793104,0.06896551724137931
Qwen2.5-32B-Instruct__noise05__game_230,agent2,Qwen2.5-32B-Instruct,5,cooperativo,0.9667,AllC,1.0,1,0.9642857142857143,0.037037037037037035,0.0,0.06896551724137931
Qwen2.5-32B-Instruct__noise05__game_231,agent1,Qwen2.5-32B-Instruct,5,egoista,0.0333,TFT,1.0,0,0.3333333333333333,1.0,1.0,0.9310344827586207
Qwen2.5-32B-Instruct__noise05__game_231,agent2,Qwen2.5-32B-Instruct,5,egoista,0.0333,TFT,1.0,0,0.3333333333333333,1.0,1.0,0.9310344827586207
Qwen2.5-32B-Instruct__noise05__game_232,agent1,Qwen2.5-32B-Instruct,5,cooperativo,0.9,TFT,1.0,1,1.0,0.0,0.10344827586206896,0.8620689655172413
Qwen2.5-32B-Instruct__noise05__game_232,agent2,Qwen2.5-32B-Instruct,5,cooperativo,0.9667,TFT,1.0,0,1.0,0.0,0.037037037037037035,0.8620689655172413
Qwen2.5-32B-Instruct__noise05__game_233,agent1,Qwen2.5-32B-Instruct,5,cooperativo,1.0,AllC,1.0,1,0.9615384615384616,0.0,0.0,0.13793103448275862
Qwen2.5-32B-Instruct__noise05__game_233,agent2,Qwen2.5-32B-Instruct,5,egoista,0.1333,AllD,0.9993809461593628,0,0.0,0.0,0.8666666666666667,0.13793103448275862
Qwen2.5-32B-Instruct__noise05__game_234,agent1,Qwen2.5-32B-Instruct,5,egoista,0.0333,AllD,0.9723701477050781,0,0.08333333333333333,0.0,0.9629629629629629,0.13793103448275862
Qwen2.5-32B-Instruct__noise05__game_234,agent2,Qwen2.5-32B-Instruct,5,cooperativo,0.9,AllC,1.0,1,0.9615384615384616,0.12,0.0,0.13793103448275862
Qwen2.5-32B-Instruct__noise05__game_235,agent1,Qwen2.5-32B-Instruct,5,egoista,0.0,AllD|TFT,1.0,0,0.0,1.0,1.0,0.9310344827586207
Qwen2.5-32B-Instruct__noise05__game_235,agent2,Qwen2.5-32B-Instruct,5,egoista,0.0667,TFT,1.0,0,0.6666666666666666,1.0,1.0,0.9310344827586207
Qwen2.5-32B-Instruct__noise05__game_236,agent1,Qwen2.5-32B-Instruct,5,cooperativo,0.9333,TFT|WSLS,1.0,0,1.0,0.5,0.03571428571428571,0.9310344827586207
Qwen2.5-32B-Instruct__noise05__game_236,agent2,Qwen2.5-32B-Instruct,5,cooperativo,0.9333,TFT,1.0,1,1.0,0.0,0.07142857142857142,0.8620689655172413
Qwen2.5-32B-Instruct__noise05__game_237,agent1,Qwen2.5-32B-Instruct,5,cooperativo,0.1667,TFT,0.8819125294685364,1,0.6666666666666666,0.5,0.5,0.8275862068965517
Qwen2.5-32B-Instruct__noise05__game_237,agent2,Qwen2.5-32B-Instruct,5,egoista,0.0333,AllD,0.9999853372573853,0,0.25,1.0,1.0,0.7931034482758621
Qwen2.5-32B-Instruct__noise05__game_238,agent1,Qwen2.5-32B-Instruct,5,egoista,0.0667,WSLS,1.0,0,0.0,1.0,0.9310344827586207,0.10344827586206896
Qwen2.5-32B-Instruct__noise05__game_238,agent2,Qwen2.5-32B-Instruct,5,cooperativo,0.9667,AllC,1.0,1,0.9642857142857143,0.0,0.3333333333333333,0.034482758620689655
Qwen2.5-32B-Instruct__noise05__game_239,agent1,Qwen2.5-32B-Instruct,5,egoista,0.0333,TFT,1.0,0,0.5,1.0,0.5,1.0
Qwen2.5-32B-Instruct__noise05__game_239,agent2,Qwen2.5-32B-Instruct,5,egoista,0.0333,TFT,1.0,0,0.3333333333333333,1.0,1.0,0.9310344827586207
Qwen2.5-32B-Instruct__noise20__game_0,agent1,Qwen2.5-32B-Instruct,20,cooperative,0.8,AllC,0.9944296479225159,0,1.0,0.0,0.2222222222222222,0.6896551724137931
Qwen2.5-32B-Instruct__noise20__game_0,agent2,Qwen2.5-32B-Instruct,20,cooperative,0.9,AllC,0.9606127142906189,1,1.0,0.16666666666666666,0.08333333333333333,0.7586206896551724
Qwen2.5-32B-Instruct__noise20__game_2,agent1,Qwen2.5-32B-Instruct,20,selfish,0.2667,WSLS,0.996100902557373,0,0.2727272727272727,1.0,0.7391304347826086,0.3448275862068966
Qwen2.5-32B-Instruct__noise20__game_2,agent2,Qwen2.5-32B-Instruct,20,cooperative,0.7667,AllC,0.9970250725746155,1,0.8888888888888888,0.25,0.1111111111111111,0.4482758620689655
Qwen2.5-32B-Instruct__noise20__game_1,agent1,Qwen2.5-32B-Instruct,20,cooperative,0.8333,AllC,0.9995212554931641,1,0.9545454545454546,0.2631578947368421,0.0,0.3793103448275862
Qwen2.5-32B-Instruct__noise20__game_1,agent2,Qwen2.5-32B-Instruct,20,selfish,0.2,AllD,0.9997255206108093,0,0.2857142857142857,0.0,0.8,0.3103448275862069
Qwen2.5-32B-Instruct__noise20__game_3,agent1,Qwen2.5-32B-Instruct,20,selfish,0.2333,AllD,0.997748076915741,0,0.6363636363636364,0.8,0.875,0.5862068965517241
Qwen2.5-32B-Instruct__noise20__game_3,agent2,Qwen2.5-32B-Instruct,20,selfish,0.2667,AllD,0.9536462426185608,0,0.8,0.7142857142857143,0.7142857142857143,0.6551724137931034
Qwen2.5-32B-Instruct__noise20__game_4,agent1,Qwen2.5-32B-Instruct,20,cooperative,0.7,AllC,0.9541149139404297,1,0.5,0.5,0.25925925925925924,0.7241379310344828
Qwen2.5-32B-Instruct__noise20__game_4,agent2,Qwen2.5-32B-Instruct,20,cooperative,0.9,TFT,0.6605239510536194,0,1.0,0.14285714285714285,0.09523809523809523,0.6551724137931034
Qwen2.5-32B-Instruct__noise20__game_5,agent1,Qwen2.5-32B-Instruct,20,cooperative,0.8333,AllC,0.9998600482940674,1,1.0,0.2222222222222222,0.1111111111111111,0.3793103448275862
Qwen2.5-32B-Instruct__noise20__game_5,agent2,Qwen2.5-32B-Instruct,20,selfish,0.3,AllD,0.9367417693138123,0,0.3076923076923077,1.0,0.72,0.3448275862068966
Qwen2.5-32B-Instruct__noise20__game_6,agent1,Qwen2.5-32B-Instruct,20,selfish,0.1333,AllD,0.6778438687324524,0,0.13636363636363635,0.0,0.8846153846153846,0.20689655172413793
Qwen2.5-32B-Instruct__noise20__game_6,agent2,Qwen2.5-32B-Instruct,20,cooperative,0.8333,AllC,0.9958612322807312,1,1.0,0.17391304347826086,0.25,0.20689655172413793
Qwen2.5-32B-Instruct__noise20__game_7,agent1,Qwen2.5-32B-Instruct,20,selfish,0.2667,WSLS,0.9142913222312927,0,0.6,0.6666666666666666,0.6666666666666666,0.6896551724137931
Qwen2.5-32B-Instruct__noise20__game_7,agent2,Qwen2.5-32B-Instruct,20,selfish,0.1667,AllD,0.9994580149650574,0,0.5,0.6666666666666666,1.0,0.5517241379310345
Qwen2.5-32B-Instruct__noise20__game_8,agent1,Qwen2.5-32B-Instruct,20,cooperative,0.7667,AllC,0.9882490634918213,0,0.8571428571428571,0.25,0.25,0.6206896551724138
Qwen2.5-32B-Instruct__noise20__game_8,agent2,Qwen2.5-32B-Instruct,20,cooperative,0.7667,AllC,0.6346871256828308,1,0.75,0.3333333333333333,0.21739130434782608,0.6551724137931034
Qwen2.5-32B-Instruct__noise20__game_10,agent1,Qwen2.5-32B-Instruct,20,selfish,0.2333,AllD,0.9998602867126465,0,0.36363636363636365,0.0,0.88,0.13793103448275862
Qwen2.5-32B-Instruct__noise20__game_10,agent2,Qwen2.5-32B-Instruct,20,cooperative,0.8333,AllC,0.9999959468841553,1,0.9090909090909091,0.14285714285714285,0.25,0.27586206896551724
Qwen2.5-32B-Instruct__noise20__game_9,agent1,Qwen2.5-32B-Instruct,20,cooperative,0.8667,AllC,0.9975693821907043,0,0.9583333333333334,0.09523809523809523,0.4,0.13793103448275862
Qwen2.5-32B-Instruct__noise20__game_9,agent2,Qwen2.5-32B-Instruct,20,selfish,0.1333,AllD,0.9991763234138489,0,0.15384615384615385,1.0,0.8461538461538461,0.2413793103448276
Qwen2.5-32B-Instruct__noise20__game_11,agent1,Qwen2.5-32B-Instruct,20,selfish,0.1333,AllD,0.9997846484184265,0,0.5714285714285714,1.0,0.8,0.7931034482758621
Qwen2.5-32B-Instruct__noise20__game_11,agent2,Qwen2.5-32B-Instruct,20,selfish,0.1333,AllD,0.9951010346412659,0,0.5714285714285714,1.0,0.8,0.7931034482758621
Qwen2.5-32B-Instruct__noise20__game_14,agent1,Qwen2.5-32B-Instruct,20,selfish,0.1,AllD,0.9996863603591919,0,0.2222222222222222,1.0,0.8928571428571429,0.1724137931034483
Qwen2.5-32B-Instruct__noise20__game_14,agent2,Qwen2.5-32B-Instruct,20,cooperative,0.9,AllC,0.9999994039535522,1,0.96,0.08333333333333333,0.25,0.13793103448275862
Qwen2.5-32B-Instruct__noise20__game_13,agent1,Qwen2.5-32B-Instruct,20,cooperative,0.7667,AllC,0.9867895245552063,1,1.0,0.125,0.4,0.27586206896551724
Qwen2.5-32B-Instruct__noise20__game_13,agent2,Qwen2.5-32B-Instruct,20,selfish,0.3333,AllD,0.9719773530960083,0,0.5555555555555556,0.75,0.6956521739130435,0.3793103448275862
Qwen2.5-32B-Instruct__noise20__game_12,agent1,Qwen2.5-32B-Instruct,20,cooperative,0.7667,TFT,0.6833124756813049,0,0.8,0.3333333333333333,0.23076923076923078,0.6896551724137931
Qwen2.5-32B-Instruct__noise20__game_12,agent2,Qwen2.5-32B-Instruct,20,cooperative,0.8333,AllC,0.9980140924453735,1,1.0,0.16666666666666666,0.17391304347826086,0.6551724137931034
Qwen2.5-32B-Instruct__noise20__game_15,agent1,Qwen2.5-32B-Instruct,20,selfish,0.1667,AllD,0.9938836693763733,0,0.625,1.0,0.8571428571428571,0.6896551724137931
Qwen2.5-32B-Instruct__noise20__game_15,agent2,Qwen2.5-32B-Instruct,20,selfish,0.2333,AllD,0.5179904699325562,1,0.6,1.0,0.8333333333333334,0.6206896551724138
Qwen2.5-32B-Instruct__noise20__game_17,agent1,Qwen2.5-32B-Instruct,20,cooperative,0.6,AllC,0.9763615131378174,0,0.8888888888888888,0.18181818181818182,0.6363636363636364,0.3103448275862069
Qwen2.5-32B-Instruct__noise20__game_17,agent2,Qwen2.5-32B-Instruct,20,selfish,0.3333,AllD,0.9931348562240601,0,0.6153846153846154,0.8333333333333334,0.5789473684210527,0.5862068965517241
Qwen2.5-32B-Instruct__noise20__game_19,agent1,Qwen2.5-32B-Instruct,20,selfish,0.2,AllD,0.9997918009757996,0,0.5,0.7142857142857143,1.0,0.5862068965517241
Qwen2.5-32B-Instruct__noise20__game_19,agent2,Qwen2.5-32B-Instruct,20,selfish,0.2,AllD,0.9991400241851807,0,0.5,1.0,1.0,0.5862068965517241
Qwen2.5-32B-Instruct__noise20__game_16,agent1,Qwen2.5-32B-Instruct,20,cooperative,0.8667,AllC,0.9510080218315125,1,0.8,0.25,0.11538461538461539,0.7931034482758621
Qwen2.5-32B-Instruct__noise20__game_16,agent2,Qwen2.5-32B-Instruct,20,cooperative,0.8667,TFT,0.7662540674209595,0,1.0,0.0,0.15384615384615385,0.7241379310344828
Qwen2.5-32B-Instruct__noise20__game_18,agent1,Qwen2.5-32B-Instruct,20,selfish,0.2,AllD,0.9982580542564392,0,0.36363636363636365,0.0,0.8636363636363636,0.27586206896551724
Qwen2.5-32B-Instruct__noise20__game_18,agent2,Qwen2.5-32B-Instruct,20,cooperative,0.7,AllC,0.9984447360038757,1,0.9411764705882353,0.4444444444444444,0.14285714285714285,0.4482758620689655
Qwen2.5-32B-Instruct__noise20__game_23,agent1,Qwen2.5-32B-Instruct,20,selfish,0.2333,AllD,0.9956343770027161,0,0.7,0.8333333333333334,0.8,0.6896551724137931
Qwen2.5-32B-Instruct__noise20__game_23,agent2,Qwen2.5-32B-Instruct,20,selfish,0.1333,AllD,0.9999961853027344,0,0.4444444444444444,1.0,0.75,0.7586206896551724
Qwen2.5-32B-Instruct__noise20__game_20,agent1,Qwen2.5-32B-Instruct,20,cooperative,0.8667,TFT,0.6693257093429565,0,0.8333333333333334,0.16666666666666666,0.125,0.7241379310344828
Qwen2.5-32B-Instruct__noise20__game_20,agent2,Qwen2.5-32B-Instruct,20,cooperative,0.7667,AllC,0.9534018039703369,1,1.0,0.0,0.2692307692307692,0.6206896551724138
Qwen2.5-32B-Instruct__noise20__game_21,agent1,Qwen2.5-32B-Instruct,20,cooperative,0.8,AllC,0.9999805688858032,1,0.95,0.11764705882352941,0.25,0.3103448275862069
Qwen2.5-32B-Instruct__noise20__game_21,agent2,Qwen2.5-32B-Instruct,20,selfish,0.2333,AllD,0.9987419247627258,0,0.7142857142857143,1.0,0.75,0.3793103448275862
Qwen2.5-32B-Instruct__noise20__game_22,agent1,Qwen2.5-32B-Instruct,20,selfish,0.3,AllD,0.999617338180542,0,0.5,1.0,0.6923076923076923,0.3793103448275862
Qwen2.5-32B-Instruct__noise20__game_22,agent2,Qwen2.5-32B-Instruct,20,cooperative,0.8667,AllC,0.884425699710846,1,0.95,0.11764705882352941,0.1,0.3793103448275862
Qwen2.5-32B-Instruct__noise20__game_25,agent1,Qwen2.5-32B-Instruct,20,cooperative,0.6667,AllC,0.9090723395347595,0,0.9411764705882353,0.21428571428571427,0.4444444444444444,0.3793103448275862
Qwen2.5-32B-Instruct__noise20__game_25,agent2,Qwen2.5-32B-Instruct,20,selfish,0.2667,AllD,0.9998086094856262,0,0.4,0.75,0.7,0.4827586206896552
Qwen2.5-32B-Instruct__noise20__game_24,agent1,Qwen2.5-32B-Instruct,20,cooperative,0.7333,TFT,0.9876420497894287,0,0.8,0.5,0.23076923076923078,0.7241379310344828
Qwen2.5-32B-Instruct__noise20__game_24,agent2,Qwen2.5-32B-Instruct,20,cooperative,0.8667,AllC,0.9987056255340576,1,1.0,0.0,0.18181818181818182,0.5862068965517241
Qwen2.5-32B-Instruct__noise20__game_26,agent1,Qwen2.5-32B-Instruct,20,selfish,0.1333,AllD,0.9363234639167786,0,0.3,1.0,0.9090909090909091,0.27586206896551724
Qwen2.5-32B-Instruct__noise20__game_26,agent2,Qwen2.5-32B-Instruct,20,cooperative,0.7333,WSLS,0.6238930821418762,1,0.95,0.21052631578947367,0.2,0.3448275862068966
Qwen2.5-32B-Instruct__noise20__game_27,agent1,Qwen2.5-32B-Instruct,20,selfish,0.1333,AllD,0.9997197985649109,0,0.5714285714285714,1.0,1.0,0.7586206896551724
Qwen2.5-32B-Instruct__noise20__game_27,agent2,Qwen2.5-32B-Instruct,20,selfish,0.1,AllD,0.9999549388885498,0,0.5,1.0,0.8,0.8275862068965517
Qwen2.5-32B-Instruct__noise20__game_28,agent1,Qwen2.5-32B-Instruct,20,cooperative,0.8667,TFT,0.6965984106063843,0,0.8571428571428571,0.16666666666666666,0.125,0.7241379310344828
Qwen2.5-32B-Instruct__noise20__game_28,agent2,Qwen2.5-32B-Instruct,20,cooperative,0.7667,AllC,0.9988207221031189,1,1.0,0.0,0.2692307692307692,0.6206896551724138
Qwen2.5-32B-Instruct__noise20__game_29,agent1,Qwen2.5-32B-Instruct,20,cooperative,0.7333,AllC,0.999953031539917,0,0.8947368421052632,0.17647058823529413,0.4,0.3448275862068966
Qwen2.5-32B-Instruct__noise20__game_29,agent2,Qwen2.5-32B-Instruct,20,selfish,0.3,AllD,0.9958502054214478,0,0.6666666666666666,0.75,0.7391304347826086,0.3448275862068966
Qwen2.5-32B-Instruct__noise20__game_30,agent1,Qwen2.5-32B-Instruct,20,selfish,0.1667,AllD,0.9999943971633911,0,0.16666666666666666,1.0,0.8076923076923077,0.3103448275862069
Qwen2.5-32B-Instruct__noise20__game_30,agent2,Qwen2.5-32B-Instruct,20,cooperative,0.8667,AllC,0.9984174966812134,0,0.9545454545454546,0.1,0.16666666666666666,0.27586206896551724
Qwen2.5-32B-Instruct__noise20__game_31,agent1,Qwen2.5-32B-Instruct,20,selfish,0.2333,AllD,0.994236946105957,0,0.6666666666666666,0.7142857142857143,0.75,0.7241379310344828
Qwen2.5-32B-Instruct__noise20__game_31,agent2,Qwen2.5-32B-Instruct,20,selfish,0.1333,AllD,0.9995986819267273,0,0.4444444444444444,1.0,0.875,0.6896551724137931
Qwen2.5-32B-Instruct__noise20__game_32,agent1,Qwen2.5-32B-Instruct,20,cooperative,0.6,AllC,0.7054418325424194,0,1.0,1.0,0.38461538461538464,0.6206896551724138
Qwen2.5-32B-Instruct__noise20__game_32,agent2,Qwen2.5-32B-Instruct,20,cooperative,0.8667,AllC,0.8516979217529297,0,0.9090909090909091,0.2222222222222222,0.10526315789473684,0.6551724137931034
Qwen2.5-32B-Instruct__noise20__game_35,agent1,Qwen2.5-32B-Instruct,20,selfish,0.1333,AllD,0.9990849494934082,0,0.5,0.75,1.0,0.7241379310344828
Qwen2.5-32B-Instruct__noise20__game_35,agent2,Qwen2.5-32B-Instruct,20,selfish,0.1333,AllD,0.9872417449951172,0,0.5714285714285714,0.8,0.8,0.7931034482758621
Qwen2.5-32B-Instruct__noise20__game_34,agent1,Qwen2.5-32B-Instruct,20,selfish,0.0667,AllD,0.999835729598999,0,0.1111111111111111,0.0,0.9166666666666666,0.27586206896551724
Qwen2.5-32B-Instruct__noise20__game_34,agent2,Qwen2.5-32B-Instruct,20,cooperative,0.7667,AllC,0.9406788349151611,1,0.9523809523809523,0.23809523809523808,0.0,0.3103448275862069
Qwen2.5-32B-Instruct__noise20__game_33,agent1,Qwen2.5-32B-Instruct,20,cooperative,0.7,AllC,0.9079574346542358,0,0.9444444444444444,0.3333333333333333,0.3333333333333333,0.3793103448275862
Qwen2.5-32B-Instruct__noise20__game_33,agent2,Qwen2.5-32B-Instruct,20,selfish,0.1667,AllD,0.999665379524231,0,0.3333333333333333,0.5,0.8181818181818182,0.3793103448275862
Qwen2.5-32B-Instruct__noise20__game_36,agent1,Qwen2.5-32B-Instruct,20,cooperative,0.7667,AllC,0.9916266202926636,1,1.0,0.42857142857142855,0.10526315789473684,0.7241379310344828
Qwen2.5-32B-Instruct__noise20__game_36,agent2,Qwen2.5-32B-Instruct,20,cooperative,0.6333,AllC,0.8960201740264893,0,0.6666666666666666,0.0,0.30434782608695654,0.6896551724137931
Qwen2.5-32B-Instruct__noise20__game_39,agent1,Qwen2.5-32B-Instruct,20,selfish,0.2333,AllD,0.8724462985992432,0,0.5833333333333334,0.7142857142857143,0.8571428571428571,0.6206896551724138
Qwen2.5-32B-Instruct__noise20__game_39,agent2,Qwen2.5-32B-Instruct,20,selfish,0.2333,AllD,0.9999790191650391,0,0.5384615384615384,0.6666666666666666,0.875,0.5862068965517241
Qwen2.5-32B-Instruct__noise20__game_38,agent1,Qwen2.5-32B-Instruct,20,selfish,0.1,AllD,0.9989976286888123,0,0.2,1.0,0.8333333333333334,0.5172413793103449
Qwen2.5-32B-Instruct__noise20__game_38,agent2,Qwen2.5-32B-Instruct,20,cooperative,0.6,AllC,0.8467268943786621,1,0.8888888888888888,0.5714285714285714,0.25,0.4482758620689655
Qwen2.5-32B-Instruct__noise20__game_37,agent1,Qwen2.5-32B-Instruct,20,cooperative,0.7667,WSLS,0.8598446249961853,1,0.9047619047619048,0.1875,0.375,0.27586206896551724
Qwen2.5-32B-Instruct__noise20__game_37,agent2,Qwen2.5-32B-Instruct,20,selfish,0.2333,AllD,0.9978072047233582,0,0.4166666666666667,0.6666666666666666,0.7391304347826086,0.41379310344827586
Qwen2.5-32B-Instruct__noise20__game_40,agent1,Qwen2.5-32B-Instruct,20,coopératif,0.8667,TFT,1.0,0,1.0,0.5,0.10714285714285714,0.8620689655172413
Qwen2.5-32B-Instruct__noise20__game_40,agent2,Qwen2.5-32B-Instruct,20,coopératif,0.9333,AllC,0.9395119547843933,0,1.0,0.0,0.07692307692307693,0.7931034482758621
Qwen2.5-32B-Instruct__noise20__game_41,agent1,Qwen2.5-32B-Instruct,20,coopératif,0.3,TFT,0.858339250087738,0,0.5833333333333334,0.8571428571428571,0.5454545454545454,0.6896551724137931
Qwen2.5-32B-Instruct__noise20__game_41,agent2,Qwen2.5-32B-Instruct,20,égoïste,0.3333,AllD,0.9986042380332947,0,0.6666666666666666,0.6,0.7,0.5517241379310345
Qwen2.5-32B-Instruct__noise20__game_43,agent1,Qwen2.5-32B-Instruct,20,égoïste,0.2,AllD,0.9730330109596252,0,0.75,0.8,0.8333333333333334,0.6896551724137931
Qwen2.5-32B-Instruct__noise20__game_43,agent2,Qwen2.5-32B-Instruct,20,égoïste,0.1667,TFT,0.6351611018180847,1,0.4444444444444444,1.0,0.8571428571428571,0.6551724137931034
Qwen2.5-32B-Instruct__noise20__game_42,agent1,Qwen2.5-32B-Instruct,20,égoïste,0.1667,AllD,0.9999902248382568,0,0.23076923076923078,1.0,0.8181818181818182,0.3793103448275862
Qwen2.5-32B-Instruct__noise20__game_42,agent2,Qwen2.5-32B-Instruct,20,coopératif,0.7333,WSLS,0.8253110647201538,0,0.95,0.23529411764705882,0.16666666666666666,0.41379310344827586
Qwen2.5-32B-Instruct__noise20__game_44,agent1,Qwen2.5-32B-Instruct,20,coopératif,0.8,AllC,0.9996095299720764,0,0.875,0.16666666666666666,0.19047619047619047,0.6551724137931034
Qwen2.5-32B-Instruct__noise20__game_44,agent2,Qwen2.5-32B-Instruct,20,coopératif,0.7,TFT,0.9927725195884705,1,0.8,0.5,0.25,0.6896551724137931
Qwen2.5-32B-Instruct__noise20__game_47,agent1,Qwen2.5-32B-Instruct,20,égoïste,0.1667,AllD,0.9938836693763733,0,0.625,0.75,1.0,0.6206896551724138
Qwen2.5-32B-Instruct__noise20__game_47,agent2,Qwen2.5-32B-Instruct,20,égoïste,0.2333,TFT,0.6444075703620911,1,0.5555555555555556,0.8571428571428571,0.6666666666666666,0.6896551724137931
Qwen2.5-32B-Instruct__noise20__game_45,agent1,Qwen2.5-32B-Instruct,20,coopératif,0.8,AllC,0.9999954700469971,1,0.9090909090909091,0.2222222222222222,0.2857142857142857,0.27586206896551724
Qwen2.5-32B-Instruct__noise20__game_45,agent2,Qwen2.5-32B-Instruct,20,égoïste,0.2,AllD,0.998033344745636,0,0.4,0.5,0.7916666666666666,0.3448275862068966
Qwen2.5-32B-Instruct__noise20__game_46,agent1,Qwen2.5-32B-Instruct,20,égoïste,0.1,AllD,0.9695515036582947,0,0.14285714285714285,1.0,0.9473684210526315,0.3448275862068966
Qwen2.5-32B-Instruct__noise20__game_46,agent2,Qwen2.5-32B-Instruct,20,coopératif,0.6333,TFT,0.517163097858429,0,0.95,0.35294117647058826,0.25,0.4482758620689655
Qwen2.5-32B-Instruct__noise20__game_48,agent1,Qwen2.5-32B-Instruct,20,coopératif,0.8333,AllC,0.9887554049491882,0,1.0,0.0,0.18518518518518517,0.7586206896551724
Qwen2.5-32B-Instruct__noise20__game_48,agent2,Qwen2.5-32B-Instruct,20,coopératif,0.9,TFT,1.0,1,1.0,0.4,0.04,0.8620689655172413
Qwen2.5-32B-Instruct__noise20__game_51,agent1,Qwen2.5-32B-Instruct,20,égoïste,0.1,AllD,0.9917535781860352,0,0.3,1.0,0.875,0.7241379310344828
Qwen2.5-32B-Instruct__noise20__game_51,agent2,Qwen2.5-32B-Instruct,20,égoïste,0.2333,AllD,0.9998396635055542,0,0.6363636363636364,0.7142857142857143,1.0,0.6551724137931034
Qwen2.5-32B-Instruct__noise20__game_49,agent1,Qwen2.5-32B-Instruct,20,coopératif,0.8,AllC,0.9999933242797852,1,0.9545454545454546,0.2,0.3333333333333333,0.2413793103448276
Qwen2.5-32B-Instruct__noise20__game_49,agent2,Qwen2.5-32B-Instruct,20,égoïste,0.1667,AllD,0.9802532196044922,0,0.23076923076923078,1.0,0.84,0.27586206896551724
Qwen2.5-32B-Instruct__noise20__game_50,agent1,Qwen2.5-32B-Instruct,20,égoïste,0.1333,AllD,0.9995051622390747,0,0.2222222222222222,1.0,0.9090909090909091,0.27586206896551724
Qwen2.5-32B-Instruct__noise20__game_50,agent2,Qwen2.5-32B-Instruct,20,coopératif,0.7333,WSLS,0.9984626770019531,1,0.95,0.21052631578947367,0.2,0.3448275862068966
Qwen2.5-32B-Instruct__noise20__game_52,agent1,Qwen2.5-32B-Instruct,20,coopératif,0.8,AllC,0.9106976389884949,0,1.0,0.14285714285714285,0.18181818181818182,0.6896551724137931
Qwen2.5-32B-Instruct__noise20__game_52,agent2,Qwen2.5-32B-Instruct,20,coopératif,0.7333,WSLS,0.940652072429657,1,0.8333333333333334,0.25,0.2916666666666667,0.5862068965517241
Qwen2.5-32B-Instruct__noise20__game_55,agent1,Qwen2.5-32B-Instruct,20,égoïste,0.2,AllD,0.9997919201850891,0,0.5454545454545454,0.6,1.0,0.5862068965517241
Qwen2.5-32B-Instruct__noise20__game_55,agent2,Qwen2.5-32B-Instruct,20,égoïste,0.2,AllD,0.9944869875907898,0,0.6,0.8571428571428571,0.8571428571428571,0.6551724137931034
Qwen2.5-32B-Instruct__noise20__game_53,agent1,Qwen2.5-32B-Instruct,20,coopératif,0.7667,AllC,0.9311388731002808,0,0.9411764705882353,0.2,0.36363636363636365,0.3448275862068966
Qwen2.5-32B-Instruct__noise20__game_53,agent2,Qwen2.5-32B-Instruct,20,égoïste,0.3333,WSLS,0.925271213054657,1,0.3076923076923077,0.5,0.6956521739130435,0.3448275862068966
Qwen2.5-32B-Instruct__noise20__game_54,agent1,Qwen2.5-32B-Instruct,20,égoïste,0.2333,AllD,0.9995042085647583,0,0.3125,1.0,0.8260869565217391,0.27586206896551724
Qwen2.5-32B-Instruct__noise20__game_54,agent2,Qwen2.5-32B-Instruct,20,coopératif,0.7333,AllC,0.9661877155303955,1,0.9,0.2222222222222222,0.375,0.3103448275862069
Qwen2.5-32B-Instruct__noise20__game_56,agent1,Qwen2.5-32B-Instruct,20,coopératif,0.6667,TFT,0.5221845507621765,0,0.8,0.5,0.34615384615384615,0.5862068965517241
Qwen2.5-32B-Instruct__noise20__game_56,agent2,Qwen2.5-32B-Instruct,20,coopératif,0.8667,AllC,0.8671084046363831,1,0.9090909090909091,0.2222222222222222,0.1,0.6551724137931034
Qwen2.5-32B-Instruct__noise20__game_59,agent1,Qwen2.5-32B-Instruct,20,égoïste,0.2333,AllD,0.9990087151527405,0,0.7,1.0,1.0,0.6896551724137931
Qwen2.5-32B-Instruct__noise20__game_59,agent2,Qwen2.5-32B-Instruct,20,égoïste,0.0667,AllD,0.981464684009552,0,0.25,1.0,0.8571428571428571,0.7931034482758621
Qwen2.5-32B-Instruct__noise20__game_58,agent1,Qwen2.5-32B-Instruct,20,égoïste,0.1667,AllD,0.9995354413986206,0,0.42857142857142855,0.0,0.9047619047619048,0.27586206896551724
Qwen2.5-32B-Instruct__noise20__game_58,agent2,Qwen2.5-32B-Instruct,20,coopératif,0.7,WSLS,0.9863389730453491,1,0.9375,0.2222222222222222,0.0,0.4827586206896552
Qwen2.5-32B-Instruct__noise20__game_57,agent1,Qwen2.5-32B-Instruct,20,coopératif,0.7,AllC,0.9534769058227539,0,0.9,0.2777777777777778,0.42857142857142855,0.3448275862068966
Qwen2.5-32B-Instruct__noise20__game_57,agent2,Qwen2.5-32B-Instruct,20,égoïste,0.2,WSLS,0.6628021001815796,0,0.3125,0.6666666666666666,0.8571428571428571,0.3103448275862069
Qwen2.5-32B-Instruct__noise20__game_60,agent1,Qwen2.5-32B-Instruct,20,coopératif,0.8667,TFT,1.0,0,1.0,0.0,0.10714285714285714,0.8620689655172413
Qwen2.5-32B-Instruct__noise20__game_60,agent2,Qwen2.5-32B-Instruct,20,coopératif,0.9333,TFT|WSLS,1.0,1,0.75,0.3333333333333333,0.038461538461538464,0.8620689655172413
Qwen2.5-32B-Instruct__noise20__game_63,agent1,Qwen2.5-32B-Instruct,20,égoïste,0.1667,AllD,0.999497652053833,0,0.625,1.0,0.875,0.6551724137931034
Qwen2.5-32B-Instruct__noise20__game_63,agent2,Qwen2.5-32B-Instruct,20,égoïste,0.2667,AllD,0.9936044812202454,0,0.7777777777777778,0.8571428571428571,0.8,0.6551724137931034
Qwen2.5-32B-Instruct__noise20__game_61,agent1,Qwen2.5-32B-Instruct,20,coopératif,0.2,AllD,0.6464569568634033,1,0.4166666666666667,1.0,0.8571428571428571,0.6206896551724138
Qwen2.5-32B-Instruct__noise20__game_61,agent2,Qwen2.5-32B-Instruct,20,égoïste,0.2,AllD,0.9999425411224365,0,0.6,1.0,0.7142857142857143,0.7241379310344828
Qwen2.5-32B-Instruct__noise20__game_62,agent1,Qwen2.5-32B-Instruct,20,égoïste,0.2333,AllD,0.9999716281890869,0,0.2631578947368421,0.6666666666666666,0.85,0.3103448275862069
Qwen2.5-32B-Instruct__noise20__game_62,agent2,Qwen2.5-32B-Instruct,20,coopératif,0.6667,AllC,0.571192741394043,1,0.9473684210526315,0.35294117647058826,0.42857142857142855,0.3448275862068966
Qwen2.5-32B-Instruct__noise20__game_64,agent1,Qwen2.5-32B-Instruct,20,coopératif,0.8,AllC,0.9520428776741028,1,0.875,0.2857142857142857,0.17391304347826086,0.6896551724137931
Qwen2.5-32B-Instruct__noise20__game_64,agent2,Qwen2.5-32B-Instruct,20,coopératif,0.7667,AllC,0.79183030128479,0,0.8333333333333334,0.0,0.28,0.6206896551724138
Qwen2.5-32B-Instruct__noise20__game_65,agent1,Qwen2.5-32B-Instruct,20,coopératif,0.8,AllC,0.9999861717224121,1,0.95,0.2222222222222222,0.25,0.3103448275862069
Qwen2.5-32B-Instruct__noise20__game_65,agent2,Qwen2.5-32B-Instruct,20,égoïste,0.2333,AllD,0.9957610964775085,0,0.4,0.5,0.7916666666666666,0.3103448275862069
Qwen2.5-32B-Instruct__noise20__game_67,agent1,Qwen2.5-32B-Instruct,20,égoïste,0.1667,TFT,0.9994300007820129,1,0.4444444444444444,1.0,0.625,0.7586206896551724
Qwen2.5-32B-Instruct__noise20__game_67,agent2,Qwen2.5-32B-Instruct,20,égoïste,0.2333,AllD,0.999962329864502,0,0.7777777777777778,0.8,0.8,0.6896551724137931
Qwen2.5-32B-Instruct__noise20__game_66,agent1,Qwen2.5-32B-Instruct,20,égoïste,0.1333,AllD,0.9980823993682861,0,0.2727272727272727,0.0,0.8571428571428571,0.3793103448275862
Qwen2.5-32B-Instruct__noise20__game_66,agent2,Qwen2.5-32B-Instruct,20,coopératif,0.6667,TFT,0.9972203969955444,1,0.9444444444444444,0.3333333333333333,0.0,0.4827586206896552
Qwen2.5-32B-Instruct__noise20__game_68,agent1,Qwen2.5-32B-Instruct,20,coopératif,0.8667,TFT,0.694210946559906,0,1.0,0.2,0.12,0.7586206896551724
Qwen2.5-32B-Instruct__noise20__game_68,agent2,Qwen2.5-32B-Instruct,20,coopératif,0.8333,AllC,0.9948884844779968,1,1.0,0.0,0.19230769230769232,0.6896551724137931
Qwen2.5-32B-Instruct__noise20__game_69,agent1,Qwen2.5-32B-Instruct,20,coopératif,0.9,AllC,0.9999802112579346,1,0.9583333333333334,0.09523809523809523,0.16666666666666666,0.20689655172413793
Qwen2.5-32B-Instruct__noise20__game_69,agent2,Qwen2.5-32B-Instruct,20,égoïste,0.1667,AllD,0.9828488230705261,0,0.11764705882352941,1.0,0.8148148148148148,0.27586206896551724
Qwen2.5-32B-Instruct__noise20__game_71,agent1,Qwen2.5-32B-Instruct,20,égoïste,0.2333,WSLS,0.9557851552963257,0,0.6363636363636364,0.8571428571428571,1.0,0.5862068965517241
Qwen2.5-32B-Instruct__noise20__game_71,agent2,Qwen2.5-32B-Instruct,20,égoïste,0.1667,AllD,0.999868631362915,0,0.45454545454545453,1.0,1.0,0.5862068965517241
Qwen2.5-32B-Instruct__noise20__game_70,agent1,Qwen2.5-32B-Instruct,20,égoïste,0.2,AllD,0.8826252222061157,1,0.42857142857142855,1.0,0.8260869565217391,0.27586206896551724
Qwen2.5-32B-Instruct__noise20__game_70,agent2,Qwen2.5-32B-Instruct,20,coopératif,0.7667,AllD,0.9686322212219238,0,0.8636363636363636,0.15789473684210525,0.42857142857142855,0.27586206896551724
Qwen2.5-32B-Instruct__noise20__game_72,agent1,Qwen2.5-32B-Instruct,20,coopératif,0.8667,AllC,0.9981607794761658,1,1.0,0.0,0.14814814814814814,0.7586206896551724
Qwen2.5-32B-Instruct__noise20__game_72,agent2,Qwen2.5-32B-Instruct,20,coopératif,0.9,AllC,0.9949846267700195,0,1.0,0.0,0.11538461538461539,0.7931034482758621
Qwen2.5-32B-Instruct__noise20__game_73,agent1,Qwen2.5-32B-Instruct,20,coopératif,0.7667,AllC,0.9997434020042419,1,0.9444444444444444,0.23529411764705882,0.1111111111111111,0.4482758620689655
Qwen2.5-32B-Instruct__noise20__game_73,agent2,Qwen2.5-32B-Instruct,20,égoïste,0.2667,AllD,0.9994428753852844,0,0.6666666666666666,1.0,0.7391304347826086,0.3793103448275862
Qwen2.5-32B-Instruct__noise20__game_75,agent1,Qwen2.5-32B-Instruct,20,égoïste,0.2333,TFT,0.8648235201835632,1,0.6666666666666666,0.8,0.6,0.7241379310344828
Qwen2.5-32B-Instruct__noise20__game_75,agent2,Qwen2.5-32B-Instruct,20,égoïste,0.1333,AllD,0.9880921840667725,0,0.5,1.0,0.8571428571428571,0.7241379310344828
Qwen2.5-32B-Instruct__noise20__game_74,agent1,Qwen2.5-32B-Instruct,20,égoïste,0.1667,AllD,0.520443320274353,0,0.17647058823529413,1.0,0.8695652173913043,0.27586206896551724
Qwen2.5-32B-Instruct__noise20__game_74,agent2,Qwen2.5-32B-Instruct,20,coopératif,0.7667,AllC,0.9980702996253967,1,0.95,0.2631578947368421,0.16666666666666666,0.3448275862068966
Qwen2.5-32B-Instruct__noise20__game_76,agent1,Qwen2.5-32B-Instruct,20,coopératif,0.9333,AllC,0.9999479055404663,1,1.0,0.0,0.09090909090909091,0.6551724137931034
Qwen2.5-32B-Instruct__noise20__game_76,agent2,Qwen2.5-32B-Instruct,20,coopératif,0.7333,TFT,0.43664345145225525,0,0.5,1.0,0.2413793103448276,0.7586206896551724
Qwen2.5-32B-Instruct__noise20__game_77,agent1,Qwen2.5-32B-Instruct,20,coopératif,0.6667,AllC,0.9620318412780762,0,0.9473684210526315,0.4375,0.4,0.3793103448275862
Qwen2.5-32B-Instruct__noise20__game_77,agent2,Qwen2.5-32B-Instruct,20,égoïste,0.1333,AllD,0.9994275569915771,0,0.26666666666666666,1.0,0.85,0.41379310344827586
Qwen2.5-32B-Instruct__noise20__game_78,agent1,Qwen2.5-32B-Instruct,20,égoïste,0.2,WSLS,0.9823338985443115,1,0.05555555555555555,1.0,0.7692307692307693,0.3103448275862069
Qwen2.5-32B-Instruct__noise20__game_78,agent2,Qwen2.5-32B-Instruct,20,coopératif,0.8667,AllC,0.9999995231628418,0,0.9545454545454546,0.05263157894736842,0.2857142857142857,0.2413793103448276
Qwen2.5-32B-Instruct__noise20__game_79,agent1,Qwen2.5-32B-Instruct,20,égoïste,0.2667,WSLS,0.9999266862869263,0,0.6363636363636364,0.2857142857142857,0.7,0.6206896551724138
Qwen2.5-32B-Instruct__noise20__game_79,agent2,Qwen2.5-32B-Instruct,20,égoïste,0.3,AllD,0.9999986886978149,0,0.5384615384615384,0.6666666666666666,0.7777777777777778,0.5517241379310345
Qwen2.5-32B-Instruct__noise20__game_80,agent1,Qwen2.5-32B-Instruct,20,متعاون,0.8667,AllC,0.9996122717857361,0,0.0,1.0,1.0,1.0
Qwen2.5-32B-Instruct__noise20__game_80,agent2,Qwen2.5-32B-Instruct,20,متعاون,0.7,AllC,0.9599249958992004,0,0.0,1.0,1.0,1.0
Qwen2.5-32B-Instruct__noise20__game_81,agent1,Qwen2.5-32B-Instruct,20,متعاون,0.7667,AllC,0.9996237754821777,0,0.0,1.0,1.0,1.0
Qwen2.5-32B-Instruct__noise20__game_81,agent2,Qwen2.5-32B-Instruct,20,أناني,0.2333,AllD,0.9892428517341614,0,0.0,1.0,1.0,1.0
Qwen2.5-32B-Instruct__noise20__game_82,agent1,Qwen2.5-32B-Instruct,20,أناني,0.1,AllD,0.9997543692588806,0,0.0,1.0,1.0,1.0
Qwen2.5-32B-Instruct__noise20__game_82,agent2,Qwen2.5-32B-Instruct,20,متعاون,0.6667,AllD,0.7758511900901794,0,0.0,1.0,1.0,1.0
Qwen2.5-32B-Instruct__noise20__game_83,agent1,Qwen2.5-32B-Instruct,20,أناني,0.2667,WSLS,0.8966814875602722,0,0.0,1.0,1.0,1.0
Qwen2.5-32B-Instruct__noise20__game_83,agent2,Qwen2.5-32B-Instruct,20,أناني,0.3,AllD,0.6987184882164001,0,0.0,1.0,1.0,1.0
Qwen2.5-32B-Instruct__noise20__game_84,agent1,Qwen2.5-32B-Instruct,20,متعاون,0.8,AllC,0.9408591389656067,0,0.0,1.0,1.0,1.0
Qwen2.5-32B-Instruct__noise20__game_84,agent2,Qwen2.5-32B-Instruct,20,متعاون,0.8667,AllC,0.9997748732566833,0,0.0,1.0,1.0,1.0
Qwen2.5-32B-Instruct__noise20__game_85,agent1,Qwen2.5-32B-Instruct,20,متعاون,0.8333,AllC,0.9999667406082153,0,0.0,1.0,1.0,1.0
Qwen2.5-32B-Instruct__noise20__game_85,agent2,Qwen2.5-32B-Instruct,20,أناني,0.2,AllD,0.9968913197517395,0,0.0,1.0,1.0,1.0
Qwen2.5-32B-Instruct__noise20__game_87,agent1,Qwen2.5-32B-Instruct,20,أناني,0.0667,AllD,0.9996962547302246,0,0.0,1.0,1.0,1.0
Qwen2.5-32B-Instruct__noise20__game_87,agent2,Qwen2.5-32B-Instruct,20,أناني,0.2667,TFT,0.7945302724838257,0,0.0,1.0,1.0,1.0
Qwen2.5-32B-Instruct__noise20__game_86,agent1,Qwen2.5-32B-Instruct,20,أناني,0.1,WSLS,0.670872151851654,0,0.0,1.0,1.0,1.0
Qwen2.5-32B-Instruct__noise20__game_86,agent2,Qwen2.5-32B-Instruct,20,متعاون,0.8,AllC,0.9999340772628784,0,0.0,1.0,1.0,1.0
Qwen2.5-32B-Instruct__noise20__game_88,agent1,Qwen2.5-32B-Instruct,20,متعاون,0.8667,AllC,0.9958614706993103,0,0.0,1.0,1.0,1.0
Qwen2.5-32B-Instruct__noise20__game_88,agent2,Qwen2.5-32B-Instruct,20,متعاون,0.7667,AllC,0.8724464774131775,0,0.0,1.0,1.0,1.0
Qwen2.5-32B-Instruct__noise20__game_89,agent1,Qwen2.5-32B-Instruct,20,متعاون,0.7333,WSLS,0.9077017903327942,0,0.0,1.0,1.0,1.0
Qwen2.5-32B-Instruct__noise20__game_89,agent2,Qwen2.5-32B-Instruct,20,أناني,0.2667,AllD,0.7279554009437561,0,0.0,1.0,1.0,1.0
Qwen2.5-32B-Instruct__noise20__game_90,agent1,Qwen2.5-32B-Instruct,20,أناني,0.3333,WSLS,0.7708277106285095,0,0.0,1.0,1.0,1.0
Qwen2.5-32B-Instruct__noise20__game_90,agent2,Qwen2.5-32B-Instruct,20,متعاون,0.8,TFT,0.6774159669876099,0,0.0,1.0,1.0,1.0
Qwen2.5-32B-Instruct__noise20__game_91,agent1,Qwen2.5-32B-Instruct,20,أناني,0.1667,AllD,0.9993426203727722,0,0.0,1.0,1.0,1.0
Qwen2.5-32B-Instruct__noise20__game_91,agent2,Qwen2.5-32B-Instruct,20,أناني,0.1333,AllD,0.9977492690086365,0,0.0,1.0,1.0,1.0
Qwen2.5-32B-Instruct__noise20__game_92,agent1,Qwen2.5-32B-Instruct,20,متعاون,0.9,AllC,0.9954288005828857,0,0.0,1.0,1.0,1.0
Qwen2.5-32B-Instruct__noise20__game_92,agent2,Qwen2.5-32B-Instruct,20,متعاون,0.8333,TFT,1.0,0,0.0,1.0,1.0,1.0
Qwen2.5-32B-Instruct__noise20__game_93,agent1,Qwen2.5-32B-Instruct,20,متعاون,0.3,TFT,0.8744226694107056,0,0.0,1.0,1.0,1.0
Qwen2.5-32B-Instruct__noise20__game_93,agent2,Qwen2.5-32B-Instruct,20,أناني,0.0333,AllD,0.9999648332595825,0,0.0,1.0,1.0,1.0
Qwen2.5-32B-Instruct__noise20__game_94,agent1,Qwen2.5-32B-Instruct,20,أناني,0.2,AllD,0.9948902130126953,0,0.0,1.0,1.0,1.0
Qwen2.5-32B-Instruct__noise20__game_94,agent2,Qwen2.5-32B-Instruct,20,متعاون,0.8333,AllC,0.6213558912277222,0,0.0,1.0,1.0,1.0
Qwen2.5-32B-Instruct__noise20__game_95,agent1,Qwen2.5-32B-Instruct,20,أناني,0.1667,AllD,0.9944869875907898,0,0.0,1.0,1.0,1.0
Qwen2.5-32B-Instruct__noise20__game_95,agent2,Qwen2.5-32B-Instruct,20,أناني,0.2,AllD,0.9997919201850891,0,0.0,1.0,1.0,1.0
Qwen2.5-32B-Instruct__noise20__game_96,agent1,Qwen2.5-32B-Instruct,20,متعاون,0.8,AllC,0.9902453422546387,0,0.0,1.0,1.0,1.0
Qwen2.5-32B-Instruct__noise20__game_96,agent2,Qwen2.5-32B-Instruct,20,متعاون,0.7667,TFT,0.6605239510536194,0,0.0,1.0,1.0,1.0
Qwen2.5-32B-Instruct__noise20__game_97,agent1,Qwen2.5-32B-Instruct,20,متعاون,0.6667,AllC,0.9999771118164062,0,0.0,1.0,1.0,1.0
Qwen2.5-32B-Instruct__noise20__game_97,agent2,Qwen2.5-32B-Instruct,20,أناني,0.0667,AllD,0.9557433128356934,0,0.0,1.0,1.0,1.0
Qwen2.5-32B-Instruct__noise20__game_98,agent1,Qwen2.5-32B-Instruct,20,أناني,0.3667,TFT,0.9944589138031006,0,0.0,1.0,1.0,1.0
Qwen2.5-32B-Instruct__noise20__game_98,agent2,Qwen2.5-32B-Instruct,20,متعاون,0.6667,WSLS,0.9260773658752441,0,0.0,1.0,1.0,1.0
Qwen2.5-32B-Instruct__noise20__game_99,agent1,Qwen2.5-32B-Instruct,20,أناني,0.1333,AllD,0.999890923500061,0,0.0,1.0,1.0,1.0
Qwen2.5-32B-Instruct__noise20__game_99,agent2,Qwen2.5-32B-Instruct,20,أناني,0.1333,AllD,0.8741564154624939,0,0.0,1.0,1.0,1.0
Qwen2.5-32B-Instruct__noise20__game_100,agent1,Qwen2.5-32B-Instruct,20,متعاون,0.9333,AllC,0.9969224333763123,0,0.0,1.0,1.0,1.0
Qwen2.5-32B-Instruct__noise20__game_100,agent2,Qwen2.5-32B-Instruct,20,متعاون,0.8333,WSLS,0.5825889706611633,0,0.0,1.0,1.0,1.0
Qwen2.5-32B-Instruct__noise20__game_101,agent1,Qwen2.5-32B-Instruct,20,متعاون,0.7,TFT,0.4014047682285309,0,0.0,1.0,1.0,1.0
Qwen2.5-32B-Instruct__noise20__game_101,agent2,Qwen2.5-32B-Instruct,20,أناني,0.2333,AllD,0.9967551827430725,0,0.0,1.0,1.0,1.0
Qwen2.5-32B-Instruct__noise20__game_102,agent1,Qwen2.5-32B-Instruct,20,أناني,0.2333,AllD,0.8969711661338806,0,0.0,1.0,1.0,1.0
Qwen2.5-32B-Instruct__noise20__game_102,agent2,Qwen2.5-32B-Instruct,20,متعاون,0.8,AllC,0.9855088591575623,0,0.0,1.0,1.0,1.0
Qwen2.5-32B-Instruct__noise20__game_103,agent1,Qwen2.5-32B-Instruct,20,أناني,0.1667,AllD,0.9994698166847229,0,0.0,1.0,1.0,1.0
Qwen2.5-32B-Instruct__noise20__game_103,agent2,Qwen2.5-32B-Instruct,20,أناني,0.1667,AllD,0.999445378780365,0,0.0,1.0,1.0,1.0
Qwen2.5-32B-Instruct__noise20__game_104,agent1,Qwen2.5-32B-Instruct,20,متعاون,0.9333,AllC,0.9621186852455139,0,0.0,1.0,1.0,1.0
Qwen2.5-32B-Instruct__noise20__game_104,agent2,Qwen2.5-32B-Instruct,20,متعاون,0.7,AllC,0.9386643767356873,0,0.0,1.0,1.0,1.0
Qwen2.5-32B-Instruct__noise20__game_105,agent1,Qwen2.5-32B-Instruct,20,متعاون,0.8667,AllC,0.9995044469833374,0,0.0,1.0,1.0,1.0
Qwen2.5-32B-Instruct__noise20__game_105,agent2,Qwen2.5-32B-Instruct,20,أناني,0.2667,AllD,0.9985923171043396,0,0.0,1.0,1.0,1.0
Qwen2.5-32B-Instruct__noise20__game_106,agent1,Qwen2.5-32B-Instruct,20,أناني,0.2667,AllD,0.8581941723823547,0,0.0,1.0,1.0,1.0
Qwen2.5-32B-Instruct__noise20__game_106,agent2,Qwen2.5-32B-Instruct,20,متعاون,0.8667,AllC,0.604086697101593,0,0.0,1.0,1.0,1.0
Qwen2.5-32B-Instruct__noise20__game_107,agent1,Qwen2.5-32B-Instruct,20,أناني,0.2667,WSLS,0.4289783835411072,0,0.0,1.0,1.0,1.0
Qwen2.5-32B-Instruct__noise20__game_107,agent2,Qwen2.5-32B-Instruct,20,أناني,0.1667,TFT,0.6748966574668884,0,0.0,1.0,1.0,1.0
Qwen2.5-32B-Instruct__noise20__game_108,agent1,Qwen2.5-32B-Instruct,20,متعاون,0.8,TFT,0.6076024770736694,0,0.0,1.0,1.0,1.0
Qwen2.5-32B-Instruct__noise20__game_108,agent2,Qwen2.5-32B-Instruct,20,متعاون,0.9,AllC,0.9915052056312561,0,0.0,1.0,1.0,1.0
Qwen2.5-32B-Instruct__noise20__game_109,agent1,Qwen2.5-32B-Instruct,20,متعاون,0.5333,AllD,0.9680402278900146,0,0.0,1.0,1.0,1.0
Qwen2.5-32B-Instruct__noise20__game_109,agent2,Qwen2.5-32B-Instruct,20,أناني,0.1333,AllD,0.9999767541885376,0,0.0,1.0,1.0,1.0
Qwen2.5-32B-Instruct__noise20__game_110,agent1,Qwen2.5-32B-Instruct,20,أناني,0.2667,AllD,0.9996438026428223,0,0.0,1.0,1.0,1.0
Qwen2.5-32B-Instruct__noise20__game_110,agent2,Qwen2.5-32B-Instruct,20,متعاون,0.8333,WSLS,0.6378633379936218,0,0.0,1.0,1.0,1.0
Qwen2.5-32B-Instruct__noise20__game_111,agent1,Qwen2.5-32B-Instruct,20,أناني,0.3,AllD,0.4875808358192444,0,0.0,1.0,1.0,1.0
Qwen2.5-32B-Instruct__noise20__game_111,agent2,Qwen2.5-32B-Instruct,20,أناني,0.2,AllD,0.9997285008430481,0,0.0,1.0,1.0,1.0
Qwen2.5-32B-Instruct__noise20__game_112,agent1,Qwen2.5-32B-Instruct,20,متعاون,0.7333,AllC,0.8827574849128723,0,0.0,1.0,1.0,1.0
Qwen2.5-32B-Instruct__noise20__game_112,agent2,Qwen2.5-32B-Instruct,20,متعاون,0.8,AllC,0.9982627034187317,0,0.0,1.0,1.0,1.0
Qwen2.5-32B-Instruct__noise20__game_114,agent1,Qwen2.5-32B-Instruct,20,أناني,0.1,AllD,0.9943066239356995,0,0.0,1.0,1.0,1.0
Qwen2.5-32B-Instruct__noise20__game_114,agent2,Qwen2.5-32B-Instruct,20,متعاون,0.7667,AllC,0.9999052286148071,0,0.0,1.0,1.0,1.0
Qwen2.5-32B-Instruct__noise20__game_115,agent1,Qwen2.5-32B-Instruct,20,أناني,0.1667,AllD,0.9998722076416016,0,0.0,1.0,1.0,1.0
Qwen2.5-32B-Instruct__noise20__game_115,agent2,Qwen2.5-32B-Instruct,20,أناني,0.2,TFT,0.5182430148124695,0,0.0,1.0,1.0,1.0
Qwen2.5-32B-Instruct__noise20__game_113,agent1,Qwen2.5-32B-Instruct,20,متعاون,0.8,AllC,0.9999785423278809,0,0.0,1.0,1.0,1.0
Qwen2.5-32B-Instruct__noise20__game_113,agent2,Qwen2.5-32B-Instruct,20,أناني,0.1,AllD,0.9986138343811035,0,0.0,1.0,1.0,1.0
Qwen2.5-32B-Instruct__noise20__game_116,agent1,Qwen2.5-32B-Instruct,20,متعاون,0.9,AllC,0.9998629093170166,0,0.0,1.0,1.0,1.0
Qwen2.5-32B-Instruct__noise20__game_116,agent2,Qwen2.5-32B-Instruct,20,متعاون,0.7333,WSLS,0.8802143931388855,0,0.0,1.0,1.0,1.0
Qwen2.5-32B-Instruct__noise20__game_117,agent1,Qwen2.5-32B-Instruct,20,متعاون,0.8333,AllC,0.9999262094497681,0,0.0,1.0,1.0,1.0
Qwen2.5-32B-Instruct__noise20__game_117,agent2,Qwen2.5-32B-Instruct,20,أناني,0.1,AllD,0.995701014995575,0,0.0,1.0,1.0,1.0
Qwen2.5-32B-Instruct__noise20__game_118,agent1,Qwen2.5-32B-Instruct,20,أناني,0.3,AllD,0.9812719225883484,0,0.0,1.0,1.0,1.0
Qwen2.5-32B-Instruct__noise20__game_118,agent2,Qwen2.5-32B-Instruct,20,متعاون,0.7667,AllC,0.9720092415809631,0,0.0,1.0,1.0,1.0
Qwen2.5-32B-Instruct__noise20__game_119,agent1,Qwen2.5-32B-Instruct,20,أناني,0.1,AllD,0.9920392036437988,0,0.0,1.0,1.0,1.0
Qwen2.5-32B-Instruct__noise20__game_119,agent2,Qwen2.5-32B-Instruct,20,أناني,0.2667,AllD,0.9989573955535889,0,0.0,1.0,1.0,1.0
Qwen2.5-32B-Instruct__noise20__game_120,agent1,Qwen2.5-32B-Instruct,20,合作型的,0.8667,AllC,0.9980740547180176,0,0.0,1.0,1.0,1.0
Qwen2.5-32B-Instruct__noise20__game_120,agent2,Qwen2.5-32B-Instruct,20,合作型的,0.8333,AllC,0.9623461961746216,0,0.0,1.0,1.0,1.0
Qwen2.5-32B-Instruct__noise20__game_121,agent1,Qwen2.5-32B-Instruct,20,合作型的,0.9,AllC,0.9999998807907104,0,0.0,1.0,1.0,1.0
Qwen2.5-32B-Instruct__noise20__game_121,agent2,Qwen2.5-32B-Instruct,20,自私型的,0.0667,AllD,0.9977239966392517,0,0.0,1.0,1.0,1.0
Qwen2.5-32B-Instruct__noise20__game_122,agent1,Qwen2.5-32B-Instruct,20,自私型的,0.1667,AllD,0.9997896552085876,0,0.0,1.0,1.0,1.0
Qwen2.5-32B-Instruct__noise20__game_122,agent2,Qwen2.5-32B-Instruct,20,合作型的,0.7,AllC,0.9464185237884521,0,0.0,1.0,1.0,1.0
Qwen2.5-32B-Instruct__noise20__game_123,agent1,Qwen2.5-32B-Instruct,20,自私型的,0.2667,AllD,0.9998412132263184,0,0.0,1.0,1.0,1.0
Qwen2.5-32B-Instruct__noise20__game_123,agent2,Qwen2.5-32B-Instruct,20,自私型的,0.2,AllD,0.9999390840530396,0,0.0,1.0,1.0,1.0
Qwen2.5-32B-Instruct__noise20__game_124,agent1,Qwen2.5-32B-Instruct,20,合作型的,0.7667,AllC,0.9195336103439331,0,0.0,1.0,1.0,1.0
Qwen2.5-32B-Instruct__noise20__game_124,agent2,Qwen2.5-32B-Instruct,20,合作型的,0.6333,AllC,0.986171543598175,0,0.0,1.0,1.0,1.0
Qwen2.5-32B-Instruct__noise20__game_125,agent1,Qwen2.5-32B-Instruct,20,合作型的,0.7333,AllC,0.9999994039535522,0,0.0,1.0,1.0,1.0
Qwen2.5-32B-Instruct__noise20__game_125,agent2,Qwen2.5-32B-Instruct,20,自私型的,0.0667,AllD,0.999189555644989,0,0.0,1.0,1.0,1.0
Qwen2.5-32B-Instruct__noise20__game_126,agent1,Qwen2.5-32B-Instruct,20,自私型的,0.1333,AllD,0.9999932050704956,0,0.0,1.0,1.0,1.0
Qwen2.5-32B-Instruct__noise20__game_126,agent2,Qwen2.5-32B-Instruct,20,合作型的,0.7667,AllC,0.99910968542099,0,0.0,1.0,1.0,1.0
Qwen2.5-32B-Instruct__noise20__game_127,agent1,Qwen2.5-32B-Instruct,20,自私型的,0.2333,AllD,0.8750538229942322,0,0.0,1.0,1.0,1.0
Qwen2.5-32B-Instruct__noise20__game_127,agent2,Qwen2.5-32B-Instruct,20,自私型的,0.4,AllD,0.9992431402206421,0,0.0,1.0,1.0,1.0
Qwen2.5-32B-Instruct__noise20__game_128,agent1,Qwen2.5-32B-Instruct,20,合作型的,0.8667,AllC,0.9837437272071838,0,0.0,1.0,1.0,1.0
Qwen2.5-32B-Instruct__noise20__game_128,agent2,Qwen2.5-32B-Instruct,20,合作型的,0.8,TFT,1.0,0,0.0,1.0,1.0,1.0
Qwen2.5-32B-Instruct__noise20__game_129,agent1,Qwen2.5-32B-Instruct,20,合作型的,0.6,AllC,0.9901865720748901,0,0.0,1.0,1.0,1.0
Qwen2.5-32B-Instruct__noise20__game_129,agent2,Qwen2.5-32B-Instruct,20,自私型的,0.2,TFT,0.6478800773620605,0,0.0,1.0,1.0,1.0
Qwen2.5-32B-Instruct__noise20__game_130,agent1,Qwen2.5-32B-Instruct,20,自私型的,0.2667,AllD,0.9996737241744995,0,0.0,1.0,1.0,1.0
Qwen2.5-32B-Instruct__noise20__game_130,agent2,Qwen2.5-32B-Instruct,20,合作型的,0.7,AllC,0.9751983880996704,0,0.0,1.0,1.0,1.0
Qwen2.5-32B-Instruct__noise20__game_131,agent1,Qwen2.5-32B-Instruct,20,自私型的,0.2333,AllD,0.9986428618431091,0,0.0,1.0,1.0,1.0
Qwen2.5-32B-Instruct__noise20__game_131,agent2,Qwen2.5-32B-Instruct,20,自私型的,0.1,AllD,0.9999909400939941,0,0.0,1.0,1.0,1.0
Qwen2.5-32B-Instruct__noise20__game_132,agent1,Qwen2.5-32B-Instruct,20,合作型的,0.8667,AllC,0.9518635869026184,0,0.0,1.0,1.0,1.0
Qwen2.5-32B-Instruct__noise20__game_132,agent2,Qwen2.5-32B-Instruct,20,合作型的,0.8667,AllC,0.9174022674560547,0,0.0,1.0,1.0,1.0
Qwen2.5-32B-Instruct__noise20__game_133,agent1,Qwen2.5-32B-Instruct,20,合作型的,0.7667,AllC,0.9999942779541016,0,0.0,1.0,1.0,1.0
Qwen2.5-32B-Instruct__noise20__game_133,agent2,Qwen2.5-32B-Instruct,20,自私型的,0.2333,AllD,0.999875545501709,0,0.0,1.0,1.0,1.0
Qwen2.5-32B-Instruct__noise20__game_134,agent1,Qwen2.5-32B-Instruct,20,自私型的,0.0667,AllD,0.999530553817749,0,0.0,1.0,1.0,1.0
Qwen2.5-32B-Instruct__noise20__game_134,agent2,Qwen2.5-32B-Instruct,20,合作型的,0.8333,AllC,0.9999825954437256,0,0.0,1.0,1.0,1.0
Qwen2.5-32B-Instruct__noise20__game_135,agent1,Qwen2.5-32B-Instruct,20,自私型的,0.1,AllD,0.999848484992981,0,0.0,1.0,1.0,1.0
Qwen2.5-32B-Instruct__noise20__game_135,agent2,Qwen2.5-32B-Instruct,20,自私型的,0.1667,AllD,0.9928192496299744,0,0.0,1.0,1.0,1.0
Qwen2.5-32B-Instruct__noise20__game_136,agent1,Qwen2.5-32B-Instruct,20,合作型的,0.7,WSLS,0.9574272632598877,0,0.0,1.0,1.0,1.0
Qwen2.5-32B-Instruct__noise20__game_136,agent2,Qwen2.5-32B-Instruct,20,合作型的,0.8667,WSLS,0.9717676043510437,0,0.0,1.0,1.0,1.0
Qwen2.5-32B-Instruct__noise20__game_137,agent1,Qwen2.5-32B-Instruct,20,合作型的,0.7333,AllC,0.9996986389160156,0,0.0,1.0,1.0,1.0
Qwen2.5-32B-Instruct__noise20__game_137,agent2,Qwen2.5-32B-Instruct,20,自私型的,0.2,AllD,0.9999206066131592,0,0.0,1.0,1.0,1.0
Qwen2.5-32B-Instruct__noise20__game_138,agent1,Qwen2.5-32B-Instruct,20,自私型的,0.3,WSLS,0.6508600115776062,0,0.0,1.0,1.0,1.0
Qwen2.5-32B-Instruct__noise20__game_138,agent2,Qwen2.5-32B-Instruct,20,合作型的,0.8333,AllC,0.979814887046814,0,0.0,1.0,1.0,1.0
Qwen2.5-32B-Instruct__noise20__game_140,agent1,Qwen2.5-32B-Instruct,20,合作型的,0.7,TFT,0.9838183522224426,0,0.0,1.0,1.0,1.0
Qwen2.5-32B-Instruct__noise20__game_140,agent2,Qwen2.5-32B-Instruct,20,合作型的,0.7333,AllC,0.9775180220603943,0,0.0,1.0,1.0,1.0
Qwen2.5-32B-Instruct__noise20__game_139,agent1,Qwen2.5-32B-Instruct,20,自私型的,0.2,AllD,0.9999316930770874,0,0.0,1.0,1.0,1.0
Qwen2.5-32B-Instruct__noise20__game_139,agent2,Qwen2.5-32B-Instruct,20,自私型的,0.2,AllD,0.9939762353897095,0,0.0,1.0,1.0,1.0
Qwen2.5-32B-Instruct__noise20__game_141,agent1,Qwen2.5-32B-Instruct,20,合作型的,0.8667,AllC,0.9993752837181091,0,0.0,1.0,1.0,1.0
Qwen2.5-32B-Instruct__noise20__game_141,agent2,Qwen2.5-32B-Instruct,20,自私型的,0.2667,TFT,0.5089119076728821,0,0.0,1.0,1.0,1.0
Qwen2.5-32B-Instruct__noise20__game_142,agent1,Qwen2.5-32B-Instruct,20,自私型的,0.1,AllD,0.9993509650230408,0,0.0,1.0,1.0,1.0
Qwen2.5-32B-Instruct__noise20__game_142,agent2,Qwen2.5-32B-Instruct,20,合作型的,0.8333,AllC,0.9999995231628418,0,0.0,1.0,1.0,1.0
Qwen2.5-32B-Instruct__noise20__game_144,agent1,Qwen2.5-32B-Instruct,20,合作型的,0.8333,AllC,0.6484118103981018,0,0.0,1.0,1.0,1.0
Qwen2.5-32B-Instruct__noise20__game_144,agent2,Qwen2.5-32B-Instruct,20,合作型的,0.8,AllC,0.9948921203613281,0,0.0,1.0,1.0,1.0
Qwen2.5-32B-Instruct__noise20__game_143,agent1,Qwen2.5-32B-Instruct,20,自私型的,0.2667,TFT,0.634807825088501,0,0.0,1.0,1.0,1.0
Qwen2.5-32B-Instruct__noise20__game_143,agent2,Qwen2.5-32B-Instruct,20,自私型的,0.2,AllD,0.9958906173706055,0,0.0,1.0,1.0,1.0
Qwen2.5-32B-Instruct__noise20__game_145,agent1,Qwen2.5-32B-Instruct,20,合作型的,0.7667,AllC,0.9999552965164185,0,0.0,1.0,1.0,1.0
Qwen2.5-32B-Instruct__noise20__game_145,agent2,Qwen2.5-32B-Instruct,20,自私型的,0.2,AllD,0.9998577833175659,0,0.0,1.0,1.0,1.0
Qwen2.5-32B-Instruct__noise20__game_146,agent1,Qwen2.5-32B-Instruct,20,自私型的,0.2,AllD,0.9977239966392517,0,0.0,1.0,1.0,1.0
Qwen2.5-32B-Instruct__noise20__game_146,agent2,Qwen2.5-32B-Instruct,20,合作型的,0.9333,AllC,0.9999998807907104,0,0.0,1.0,1.0,1.0
Qwen2.5-32B-Instruct__noise20__game_148,agent1,Qwen2.5-32B-Instruct,20,合作型的,0.8667,TFT|WSLS,1.0,0,0.0,1.0,1.0,1.0
Qwen2.5-32B-Instruct__noise20__game_148,agent2,Qwen2.5-32B-Instruct,20,合作型的,0.9333,WSLS,1.0,0,0.0,1.0,1.0,1.0
Qwen2.5-32B-Instruct__noise20__game_147,agent1,Qwen2.5-32B-Instruct,20,自私型的,0.1,AllD,0.9999972581863403,0,0.0,1.0,1.0,1.0
Qwen2.5-32B-Instruct__noise20__game_147,agent2,Qwen2.5-32B-Instruct,20,自私型的,0.2,AllD,0.9975271821022034,0,0.0,1.0,1.0,1.0
Qwen2.5-32B-Instruct__noise20__game_149,agent1,Qwen2.5-32B-Instruct,20,合作型的,0.7333,AllC,0.9999978542327881,0,0.0,1.0,1.0,1.0
Qwen2.5-32B-Instruct__noise20__game_149,agent2,Qwen2.5-32B-Instruct,20,自私型的,0.1667,AllD,0.9994445443153381,0,0.0,1.0,1.0,1.0
Qwen2.5-32B-Instruct__noise20__game_150,agent1,Qwen2.5-32B-Instruct,20,自私型的,0.2,AllD,0.9968231916427612,0,0.0,1.0,1.0,1.0
Qwen2.5-32B-Instruct__noise20__game_150,agent2,Qwen2.5-32B-Instruct,20,合作型的,0.7667,AllC,0.9380711317062378,0,0.0,1.0,1.0,1.0
Qwen2.5-32B-Instruct__noise20__game_151,agent1,Qwen2.5-32B-Instruct,20,自私型的,0.3,AllD,0.8876169919967651,0,0.0,1.0,1.0,1.0
Qwen2.5-32B-Instruct__noise20__game_151,agent2,Qwen2.5-32B-Instruct,20,自私型的,0.2667,AllD,0.9982806444168091,0,0.0,1.0,1.0,1.0
Qwen2.5-32B-Instruct__noise20__game_152,agent1,Qwen2.5-32B-Instruct,20,合作型的,0.8333,AllC,0.8787860870361328,0,0.0,1.0,1.0,1.0
Qwen2.5-32B-Instruct__noise20__game_152,agent2,Qwen2.5-32B-Instruct,20,合作型的,0.8,AllC,0.9303776025772095,0,0.0,1.0,1.0,1.0
Qwen2.5-32B-Instruct__noise20__game_153,agent1,Qwen2.5-32B-Instruct,20,合作型的,0.6333,AllD,0.4288693368434906,0,0.0,1.0,1.0,1.0
Qwen2.5-32B-Instruct__noise20__game_153,agent2,Qwen2.5-32B-Instruct,20,自私型的,0.3333,WSLS,0.9790099859237671,0,0.0,1.0,1.0,1.0
Qwen2.5-32B-Instruct__noise20__game_154,agent1,Qwen2.5-32B-Instruct,20,自私型的,0.2333,AllD,0.9300410151481628,0,0.0,1.0,1.0,1.0
Qwen2.5-32B-Instruct__noise20__game_154,agent2,Qwen2.5-32B-Instruct,20,合作型的,0.7333,AllC,0.9865543842315674,0,0.0,1.0,1.0,1.0
Qwen2.5-32B-Instruct__noise20__game_155,agent1,Qwen2.5-32B-Instruct,20,自私型的,0.2667,AllD,0.9992222785949707,0,0.0,1.0,1.0,1.0
Qwen2.5-32B-Instruct__noise20__game_155,agent2,Qwen2.5-32B-Instruct,20,自私型的,0.2667,AllD,0.9942893981933594,0,0.0,1.0,1.0,1.0
Qwen2.5-32B-Instruct__noise20__game_156,agent1,Qwen2.5-32B-Instruct,20,合作型的,0.9333,TFT,0.6696417927742004,0,0.0,1.0,1.0,1.0
Qwen2.5-32B-Instruct__noise20__game_156,agent2,Qwen2.5-32B-Instruct,20,合作型的,0.8333,AllC,0.9891899824142456,0,0.0,1.0,1.0,1.0
Qwen2.5-32B-Instruct__noise20__game_157,agent1,Qwen2.5-32B-Instruct,20,合作型的,0.8,AllC,0.9997745156288147,0,0.0,1.0,1.0,1.0
Qwen2.5-32B-Instruct__noise20__game_157,agent2,Qwen2.5-32B-Instruct,20,自私型的,0.2333,WSLS,0.8968475461006165,0,0.0,1.0,1.0,1.0
Qwen2.5-32B-Instruct__noise20__game_158,agent1,Qwen2.5-32B-Instruct,20,自私型的,0.1667,AllD,0.9904767274856567,0,0.0,1.0,1.0,1.0
Qwen2.5-32B-Instruct__noise20__game_158,agent2,Qwen2.5-32B-Instruct,20,合作型的,0.7667,AllC,0.9999517202377319,0,0.0,1.0,1.0,1.0
Qwen2.5-32B-Instruct__noise20__game_159,agent1,Qwen2.5-32B-Instruct,20,自私型的,0.2333,AllD,0.9995778203010559,0,0.0,1.0,1.0,1.0
Qwen2.5-32B-Instruct__noise20__game_159,agent2,Qwen2.5-32B-Instruct,20,自私型的,0.2333,WSLS,0.8262006044387817,0,0.0,1.0,1.0,1.0
Qwen2.5-32B-Instruct__noise20__game_160,agent1,Qwen2.5-32B-Instruct,20,một người hợp tác,0.7,AllC,0.9926121830940247,0,0.0,1.0,1.0,1.0
Qwen2.5-32B-Instruct__noise20__game_160,agent2,Qwen2.5-32B-Instruct,20,một người hợp tác,0.8667,AllC,0.9937350153923035,0,0.0,1.0,1.0,1.0
Qwen2.5-32B-Instruct__noise20__game_161,agent1,Qwen2.5-32B-Instruct,20,một người hợp tác,0.8333,AllC,0.9999914169311523,0,0.0,1.0,1.0,1.0
Qwen2.5-32B-Instruct__noise20__game_161,agent2,Qwen2.5-32B-Instruct,20,một người ích kỷ,0.2667,AllD,0.9831872582435608,0,0.0,1.0,1.0,1.0
Qwen2.5-32B-Instruct__noise20__game_162,agent1,Qwen2.5-32B-Instruct,20,một người ích kỷ,0.1,AllD,0.9999412298202515,0,0.0,1.0,1.0,1.0
Qwen2.5-32B-Instruct__noise20__game_162,agent2,Qwen2.5-32B-Instruct,20,một người hợp tác,0.7667,WSLS,0.5960357189178467,0,0.0,1.0,1.0,1.0
Qwen2.5-32B-Instruct__noise20__game_163,agent1,Qwen2.5-32B-Instruct,20,một người ích kỷ,0.2,AllD,0.9998935461044312,0,0.0,1.0,1.0,1.0
Qwen2.5-32B-Instruct__noise20__game_163,agent2,Qwen2.5-32B-Instruct,20,một người ích kỷ,0.2667,AllD,0.9961865544319153,0,0.0,1.0,1.0,1.0
Qwen2.5-32B-Instruct__noise20__game_164,agent1,Qwen2.5-32B-Instruct,20,một người hợp tác,0.8,AllC,0.9970801472663879,0,0.0,1.0,1.0,1.0
Qwen2.5-32B-Instruct__noise20__game_164,agent2,Qwen2.5-32B-Instruct,20,một người hợp tác,0.7,TFT,0.9698610901832581,0,0.0,1.0,1.0,1.0
Qwen2.5-32B-Instruct__noise20__game_166,agent1,Qwen2.5-32B-Instruct,20,một người ích kỷ,0.1,AllD,0.9935737252235413,0,0.0,1.0,1.0,1.0
Qwen2.5-32B-Instruct__noise20__game_166,agent2,Qwen2.5-32B-Instruct,20,một người hợp tác,0.7667,WSLS,0.8487598299980164,0,0.0,1.0,1.0,1.0
Qwen2.5-32B-Instruct__noise20__game_165,agent1,Qwen2.5-32B-Instruct,20,một người hợp tác,0.8667,AllC,0.5242888331413269,0,0.0,1.0,1.0,1.0
Qwen2.5-32B-Instruct__noise20__game_165,agent2,Qwen2.5-32B-Instruct,20,một người ích kỷ,0.3,AllD,0.99837327003479,0,0.0,1.0,1.0,1.0
Qwen2.5-32B-Instruct__noise20__game_167,agent1,Qwen2.5-32B-Instruct,20,một người ích kỷ,0.2667,AllD,0.998816728591919,0,0.0,1.0,1.0,1.0
Qwen2.5-32B-Instruct__noise20__game_167,agent2,Qwen2.5-32B-Instruct,20,một người ích kỷ,0.2,AllD,0.9995033740997314,0,0.0,1.0,1.0,1.0
Qwen2.5-32B-Instruct__noise20__game_168,agent1,Qwen2.5-32B-Instruct,20,một người hợp tác,0.9,AllC,0.9386013746261597,0,0.0,1.0,1.0,1.0
Qwen2.5-32B-Instruct__noise20__game_168,agent2,Qwen2.5-32B-Instruct,20,một người hợp tác,0.8333,AllC,0.9148295521736145,0,0.0,1.0,1.0,1.0
Qwen2.5-32B-Instruct__noise20__game_170,agent1,Qwen2.5-32B-Instruct,20,một người ích kỷ,0.3667,AllD,0.8459382653236389,0,0.0,1.0,1.0,1.0
Qwen2.5-32B-Instruct__noise20__game_170,agent2,Qwen2.5-32B-Instruct,20,một người hợp tác,0.7,WSLS,0.706037163734436,0,0.0,1.0,1.0,1.0
Qwen2.5-32B-Instruct__noise20__game_169,agent1,Qwen2.5-32B-Instruct,20,một người hợp tác,0.8333,AllC,0.9998235106468201,0,0.0,1.0,1.0,1.0
Qwen2.5-32B-Instruct__noise20__game_169,agent2,Qwen2.5-32B-Instruct,20,một người ích kỷ,0.2,AllD,0.9999370574951172,0,0.0,1.0,1.0,1.0
Qwen2.5-32B-Instruct__noise20__game_171,agent1,Qwen2.5-32B-Instruct,20,một người ích kỷ,0.3,AllD,0.9949880838394165,0,0.0,1.0,1.0,1.0
Qwen2.5-32B-Instruct__noise20__game_171,agent2,Qwen2.5-32B-Instruct,20,một người ích kỷ,0.2,AllD,0.9676528573036194,0,0.0,1.0,1.0,1.0
Qwen2.5-32B-Instruct__noise20__game_172,agent1,Qwen2.5-32B-Instruct,20,một người hợp tác,0.8,AllC,0.9934292435646057,0,0.0,1.0,1.0,1.0
Qwen2.5-32B-Instruct__noise20__game_172,agent2,Qwen2.5-32B-Instruct,20,một người hợp tác,0.8,AllC,0.7203509211540222,0,0.0,1.0,1.0,1.0
Qwen2.5-32B-Instruct__noise20__game_173,agent1,Qwen2.5-32B-Instruct,20,một người hợp tác,0.7667,WSLS,0.9954522252082825,0,0.0,1.0,1.0,1.0
Qwen2.5-32B-Instruct__noise20__game_173,agent2,Qwen2.5-32B-Instruct,20,một người ích kỷ,0.1667,AllD,0.9999790191650391,0,0.0,1.0,1.0,1.0
Qwen2.5-32B-Instruct__noise20__game_175,agent1,Qwen2.5-32B-Instruct,20,một người ích kỷ,0.1333,AllD,0.9997496008872986,0,0.0,1.0,1.0,1.0
Qwen2.5-32B-Instruct__noise20__game_175,agent2,Qwen2.5-32B-Instruct,20,một người ích kỷ,0.2333,AllD,0.9992063641548157,0,0.0,1.0,1.0,1.0
Qwen2.5-32B-Instruct__noise20__game_174,agent1,Qwen2.5-32B-Instruct,20,một người ích kỷ,0.0667,AllD,0.9999574422836304,0,0.0,1.0,1.0,1.0
Qwen2.5-32B-Instruct__noise20__game_174,agent2,Qwen2.5-32B-Instruct,20,một người hợp tác,0.7667,AllC,0.6973272562026978,0,0.0,1.0,1.0,1.0
Qwen2.5-32B-Instruct__noise20__game_176,agent1,Qwen2.5-32B-Instruct,20,một người hợp tác,0.7667,WSLS,0.5846471786499023,0,0.0,1.0,1.0,1.0
Qwen2.5-32B-Instruct__noise20__game_176,agent2,Qwen2.5-32B-Instruct,20,một người hợp tác,0.7667,WSLS,0.917060375213623,0,0.0,1.0,1.0,1.0
Qwen2.5-32B-Instruct__noise20__game_177,agent1,Qwen2.5-32B-Instruct,20,một người hợp tác,0.8,AllC,0.9996246099472046,0,0.0,1.0,1.0,1.0
Qwen2.5-32B-Instruct__noise20__game_177,agent2,Qwen2.5-32B-Instruct,20,một người ích kỷ,0.1,AllD,0.999835729598999,0,0.0,1.0,1.0,1.0
Qwen2.5-32B-Instruct__noise20__game_178,agent1,Qwen2.5-32B-Instruct,20,một người ích kỷ,0.1667,AllD,0.9965952038764954,0,0.0,1.0,1.0,1.0
Qwen2.5-32B-Instruct__noise20__game_178,agent2,Qwen2.5-32B-Instruct,20,một người hợp tác,0.8333,AllC,0.999886155128479,0,0.0,1.0,1.0,1.0
Qwen2.5-32B-Instruct__noise20__game_179,agent1,Qwen2.5-32B-Instruct,20,một người ích kỷ,0.3,WSLS,0.4972569942474365,0,0.0,1.0,1.0,1.0
Qwen2.5-32B-Instruct__noise20__game_179,agent2,Qwen2.5-32B-Instruct,20,một người ích kỷ,0.0667,AllD,0.9999966621398926,0,0.0,1.0,1.0,1.0
Qwen2.5-32B-Instruct__noise20__game_180,agent1,Qwen2.5-32B-Instruct,20,một người hợp tác,0.8333,AllC,0.9608020782470703,0,0.0,1.0,1.0,1.0
Qwen2.5-32B-Instruct__noise20__game_180,agent2,Qwen2.5-32B-Instruct,20,một người hợp tác,0.8667,AllC,0.9961250424385071,0,0.0,1.0,1.0,1.0
Qwen2.5-32B-Instruct__noise20__game_182,agent1,Qwen2.5-32B-Instruct,20,một người ích kỷ,0.2333,AllD,0.9448473453521729,0,0.0,1.0,1.0,1.0
Qwen2.5-32B-Instruct__noise20__game_182,agent2,Qwen2.5-32B-Instruct,20,một người hợp tác,0.7,WSLS,0.8295127749443054,0,0.0,1.0,1.0,1.0
Qwen2.5-32B-Instruct__noise20__game_181,agent1,Qwen2.5-32B-Instruct,20,một người hợp tác,0.9,AllC,0.9999985694885254,0,0.0,1.0,1.0,1.0
Qwen2.5-32B-Instruct__noise20__game_181,agent2,Qwen2.5-32B-Instruct,20,một người ích kỷ,0.1333,AllD,0.9999656677246094,0,0.0,1.0,1.0,1.0
Qwen2.5-32B-Instruct__noise20__game_183,agent1,Qwen2.5-32B-Instruct,20,một người ích kỷ,0.1,AllD,0.9998229146003723,0,0.0,1.0,1.0,1.0
Qwen2.5-32B-Instruct__noise20__game_183,agent2,Qwen2.5-32B-Instruct,20,một người ích kỷ,0.3,AllD,0.9882553815841675,0,0.0,1.0,1.0,1.0
Qwen2.5-32B-Instruct__noise20__game_184,agent1,Qwen2.5-32B-Instruct,20,một người hợp tác,0.7,AllD,0.6955763697624207,0,0.0,1.0,1.0,1.0
Qwen2.5-32B-Instruct__noise20__game_184,agent2,Qwen2.5-32B-Instruct,20,một người hợp tác,0.9333,AllC,0.9999760389328003,0,0.0,1.0,1.0,1.0
Qwen2.5-32B-Instruct__noise20__game_186,agent1,Qwen2.5-32B-Instruct,20,một người ích kỷ,0.2667,AllD,0.9996013045310974,0,0.0,1.0,1.0,1.0
Qwen2.5-32B-Instruct__noise20__game_186,agent2,Qwen2.5-32B-Instruct,20,một người hợp tác,0.7667,AllC,0.9994012117385864,0,0.0,1.0,1.0,1.0
Qwen2.5-32B-Instruct__noise20__game_187,agent1,Qwen2.5-32B-Instruct,20,một người ích kỷ,0.2667,AllD,0.9575282335281372,0,0.0,1.0,1.0,1.0
Qwen2.5-32B-Instruct__noise20__game_187,agent2,Qwen2.5-32B-Instruct,20,một người ích kỷ,0.0333,AllD,0.9999974966049194,0,0.0,1.0,1.0,1.0
Qwen2.5-32B-Instruct__noise20__game_185,agent1,Qwen2.5-32B-Instruct,20,một người hợp tác,0.8,AllC,0.9999966621398926,0,0.0,1.0,1.0,1.0
Qwen2.5-32B-Instruct__noise20__game_185,agent2,Qwen2.5-32B-Instruct,20,một người ích kỷ,0.1,AllD,0.9998044371604919,0,0.0,1.0,1.0,1.0
Qwen2.5-32B-Instruct__noise20__game_188,agent1,Qwen2.5-32B-Instruct,20,một người hợp tác,0.8667,AllC,0.9996569156646729,0,0.0,1.0,1.0,1.0
Qwen2.5-32B-Instruct__noise20__game_188,agent2,Qwen2.5-32B-Instruct,20,một người hợp tác,0.7667,AllC,0.5740334987640381,0,0.0,1.0,1.0,1.0
Qwen2.5-32B-Instruct__noise20__game_191,agent1,Qwen2.5-32B-Instruct,20,một người ích kỷ,0.2667,AllD,0.9997199177742004,0,0.0,1.0,1.0,1.0
Qwen2.5-32B-Instruct__noise20__game_191,agent2,Qwen2.5-32B-Instruct,20,một người ích kỷ,0.2333,AllD,0.9294898509979248,0,0.0,1.0,1.0,1.0
Qwen2.5-32B-Instruct__noise20__game_189,agent1,Qwen2.5-32B-Instruct,20,một người hợp tác,0.8,AllC,0.9995375871658325,0,0.0,1.0,1.0,1.0
Qwen2.5-32B-Instruct__noise20__game_189,agent2,Qwen2.5-32B-Instruct,20,một người ích kỷ,0.1667,AllD,0.9997537732124329,0,0.0,1.0,1.0,1.0
Qwen2.5-32B-Instruct__noise20__game_190,agent1,Qwen2.5-32B-Instruct,20,một người ích kỷ,0.1,AllD,0.9901087284088135,0,0.0,1.0,1.0,1.0
Qwen2.5-32B-Instruct__noise20__game_190,agent2,Qwen2.5-32B-Instruct,20,một người hợp tác,0.7667,AllC,0.9592546224594116,0,0.0,1.0,1.0,1.0
Qwen2.5-32B-Instruct__noise20__game_192,agent1,Qwen2.5-32B-Instruct,20,một người hợp tác,0.7667,TFT,0.9844070672988892,0,0.0,1.0,1.0,1.0
Qwen2.5-32B-Instruct__noise20__game_192,agent2,Qwen2.5-32B-Instruct,20,một người hợp tác,0.8667,AllC,0.9410198926925659,0,0.0,1.0,1.0,1.0
Qwen2.5-32B-Instruct__noise20__game_194,agent1,Qwen2.5-32B-Instruct,20,một người ích kỷ,0.1333,AllD,0.9973945617675781,0,0.0,1.0,1.0,1.0
Qwen2.5-32B-Instruct__noise20__game_194,agent2,Qwen2.5-32B-Instruct,20,một người hợp tác,0.8333,AllC,0.9999992847442627,0,0.0,1.0,1.0,1.0
Qwen2.5-32B-Instruct__noise20__game_193,agent1,Qwen2.5-32B-Instruct,20,một người hợp tác,0.7,AllC,0.9989835619926453,0,0.0,1.0,1.0,1.0
Qwen2.5-32B-Instruct__noise20__game_193,agent2,Qwen2.5-32B-Instruct,20,một người ích kỷ,0.1333,AllD,0.9999397993087769,0,0.0,1.0,1.0,1.0
Qwen2.5-32B-Instruct__noise20__game_195,agent1,Qwen2.5-32B-Instruct,20,một người ích kỷ,0.2,TFT,0.8936188817024231,0,0.0,1.0,1.0,1.0
Qwen2.5-32B-Instruct__noise20__game_195,agent2,Qwen2.5-32B-Instruct,20,một người ích kỷ,0.2667,AllD,0.9377634525299072,0,0.0,1.0,1.0,1.0
Qwen2.5-32B-Instruct__noise20__game_196,agent1,Qwen2.5-32B-Instruct,20,một người hợp tác,0.7667,AllC,0.6319656372070312,0,0.0,1.0,1.0,1.0
Qwen2.5-32B-Instruct__noise20__game_196,agent2,Qwen2.5-32B-Instruct,20,một người hợp tác,0.7667,TFT,0.9473350048065186,0,0.0,1.0,1.0,1.0
Qwen2.5-32B-Instruct__noise20__game_197,agent1,Qwen2.5-32B-Instruct,20,một người hợp tác,0.9333,AllC,0.9999988079071045,0,0.0,1.0,1.0,1.0
Qwen2.5-32B-Instruct__noise20__game_197,agent2,Qwen2.5-32B-Instruct,20,một người ích kỷ,0.3333,AllD,0.8858734965324402,0,0.0,1.0,1.0,1.0
Qwen2.5-32B-Instruct__noise20__game_198,agent1,Qwen2.5-32B-Instruct,20,một người ích kỷ,0.2,AllD,0.9723701477050781,0,0.0,1.0,1.0,1.0
Qwen2.5-32B-Instruct__noise20__game_198,agent2,Qwen2.5-32B-Instruct,20,một người hợp tác,0.9,AllC,1.0,0,0.0,1.0,1.0,1.0
Qwen2.5-32B-Instruct__noise20__game_200,agent1,Qwen2.5-32B-Instruct,20,cooperativo,0.7333,TFT,0.6849864721298218,0,0.8571428571428571,0.6666666666666666,0.21739130434782608,0.7241379310344828
Qwen2.5-32B-Instruct__noise20__game_200,agent2,Qwen2.5-32B-Instruct,20,cooperativo,0.7667,WSLS,0.8973890542984009,1,0.7777777777777778,0.4,0.13636363636363635,0.7586206896551724
Qwen2.5-32B-Instruct__noise20__game_199,agent1,Qwen2.5-32B-Instruct,20,một người ích kỷ,0.1667,AllD,0.999497652053833,0,0.0,1.0,1.0,1.0
Qwen2.5-32B-Instruct__noise20__game_199,agent2,Qwen2.5-32B-Instruct,20,một người ích kỷ,0.1,AllD,0.9936044812202454,0,0.0,1.0,1.0,1.0
Qwen2.5-32B-Instruct__noise20__game_202,agent1,Qwen2.5-32B-Instruct,20,egoista,0.1667,AllD,0.9988195300102234,0,0.42857142857142855,1.0,0.8181818181818182,0.3793103448275862
Qwen2.5-32B-Instruct__noise20__game_202,agent2,Qwen2.5-32B-Instruct,20,cooperativo,0.7333,AllC,0.9999960660934448,1,0.9473684210526315,0.29411764705882354,0.16666666666666666,0.3793103448275862
Qwen2.5-32B-Instruct__noise20__game_201,agent1,Qwen2.5-32B-Instruct,20,cooperativo,0.9,AllC,0.9999995231628418,1,0.95,0.15,0.0,0.3448275862068966
Qwen2.5-32B-Instruct__noise20__game_201,agent2,Qwen2.5-32B-Instruct,20,egoista,0.2333,AllD,0.9994962215423584,0,0.42857142857142855,0.0,0.7777777777777778,0.27586206896551724
Qwen2.5-32B-Instruct__noise20__game_203,agent1,Qwen2.5-32B-Instruct,20,egoista,0.2333,AllD,0.9999876022338867,0,0.5384615384615384,0.5,1.0,0.5517241379310345
Qwen2.5-32B-Instruct__noise20__game_203,agent2,Qwen2.5-32B-Instruct,20,egoista,0.2,WSLS,0.9818088412284851,1,0.4166666666666667,0.7142857142857143,0.8571428571428571,0.6206896551724138
Qwen2.5-32B-Instruct__noise20__game_204,agent1,Qwen2.5-32B-Instruct,20,cooperativo,0.8333,AllC,0.9583519697189331,1,1.0,0.0,0.22727272727272727,0.5517241379310345
Qwen2.5-32B-Instruct__noise20__game_204,agent2,Qwen2.5-32B-Instruct,20,cooperativo,0.7333,AllC,0.7052112221717834,0,1.0,0.6,0.2,0.7586206896551724
Qwen2.5-32B-Instruct__noise20__game_206,agent1,Qwen2.5-32B-Instruct,20,egoista,0.1667,AllD,0.9913937449455261,0,0.25,1.0,0.8333333333333334,0.3103448275862069
Qwen2.5-32B-Instruct__noise20__game_206,agent2,Qwen2.5-32B-Instruct,20,cooperativo,0.8,AllC,0.9918597340583801,0,0.9545454545454546,0.21052631578947367,0.3333333333333333,0.27586206896551724
Qwen2.5-32B-Instruct__noise20__game_205,agent1,Qwen2.5-32B-Instruct,20,cooperativo,0.6667,AllC,0.9999992847442627,1,0.8947368421052632,0.25,0.16666666666666666,0.4482758620689655
Qwen2.5-32B-Instruct__noise20__game_205,agent2,Qwen2.5-32B-Instruct,20,egoista,0.2,AllD,0.9991680383682251,0,0.45454545454545453,1.0,0.7619047619047619,0.4482758620689655
Qwen2.5-32B-Instruct__noise20__game_207,agent1,Qwen2.5-32B-Instruct,20,egoista,0.1,AllD,0.9967799782752991,0,0.42857142857142855,1.0,1.0,0.7241379310344828
Qwen2.5-32B-Instruct__noise20__game_207,agent2,Qwen2.5-32B-Instruct,20,egoista,0.2,AllD,0.9967799782752991,0,1.0,0.5,0.6666666666666666,0.7931034482758621
Qwen2.5-32B-Instruct__noise20__game_208,agent1,Qwen2.5-32B-Instruct,20,cooperativo,0.8333,TFT,0.990328848361969,0,1.0,0.4,0.125,0.7586206896551724
Qwen2.5-32B-Instruct__noise20__game_208,agent2,Qwen2.5-32B-Instruct,20,cooperativo,0.8,AllC,0.9996381998062134,1,0.8333333333333334,0.3333333333333333,0.2,0.6896551724137931
Qwen2.5-32B-Instruct__noise20__game_209,agent1,Qwen2.5-32B-Instruct,20,cooperativo,0.7333,AllC,0.8875018358230591,0,0.9523809523809523,0.25,0.4,0.3103448275862069
Qwen2.5-32B-Instruct__noise20__game_209,agent2,Qwen2.5-32B-Instruct,20,egoista,0.1333,AllD,0.999977707862854,0,0.3,1.0,0.8695652173913043,0.3103448275862069
Qwen2.5-32B-Instruct__noise20__game_210,agent1,Qwen2.5-32B-Instruct,20,egoista,0.2,AllD,0.9249036908149719,1,0.2,1.0,0.8,0.27586206896551724
Qwen2.5-32B-Instruct__noise20__game_210,agent2,Qwen2.5-32B-Instruct,20,cooperativo,0.8333,AllC,0.9999932050704956,0,1.0,0.1,0.3333333333333333,0.2413793103448276
Qwen2.5-32B-Instruct__noise20__game_211,agent1,Qwen2.5-32B-Instruct,20,egoista,0.2333,AllD,0.9779055714607239,0,0.75,0.75,0.6666666666666666,0.7586206896551724
Qwen2.5-32B-Instruct__noise20__game_211,agent2,Qwen2.5-32B-Instruct,20,egoista,0.0667,AllD,0.9992116689682007,0,0.2857142857142857,0.5,1.0,0.6896551724137931
Qwen2.5-32B-Instruct__noise20__game_212,agent1,Qwen2.5-32B-Instruct,20,cooperativo,0.7,WSLS,0.9248753190040588,0,0.8571428571428571,0.25,0.34782608695652173,0.5517241379310345
Qwen2.5-32B-Instruct__noise20__game_212,agent2,Qwen2.5-32B-Instruct,20,cooperativo,0.7667,TFT,0.37646740674972534,0,0.8888888888888888,0.25,0.19047619047619047,0.6896551724137931
Qwen2.5-32B-Instruct__noise20__game_214,agent1,Qwen2.5-32B-Instruct,20,egoista,0.1,AllD,0.9977735877037048,0,0.11764705882352941,0.5,0.9230769230769231,0.1724137931034483
Qwen2.5-32B-Instruct__noise20__game_214,agent2,Qwen2.5-32B-Instruct,20,cooperativo,0.8667,AllC,0.9999994039535522,1,0.96,0.08695652173913043,0.5,0.10344827586206896
Qwen2.5-32B-Instruct__noise20__game_213,agent1,Qwen2.5-32B-Instruct,20,cooperativo,0.7333,AllC,0.9999996423721313,1,0.9444444444444444,0.2222222222222222,0.0,0.41379310344827586
Qwen2.5-32B-Instruct__noise20__game_213,agent2,Qwen2.5-32B-Instruct,20,egoista,0.1667,WSLS,0.629853367805481,0,0.4,0.0,0.782608695652174,0.3793103448275862
Qwen2.5-32B-Instruct__noise20__game_215,agent1,Qwen2.5-32B-Instruct,20,egoista,0.2,AllD,0.9993554949760437,0,0.5454545454545454,1.0,0.8,0.6206896551724138
Qwen2.5-32B-Instruct__noise20__game_215,agent2,Qwen2.5-32B-Instruct,20,egoista,0.3,WSLS,0.8167997002601624,0,0.6666666666666666,0.7142857142857143,0.7142857142857143,0.6206896551724138
Qwen2.5-32B-Instruct__noise20__game_216,agent1,Qwen2.5-32B-Instruct,20,cooperativo,0.8333,AllC,0.5058899521827698,0,0.8,0.4,0.12,0.7931034482758621
Qwen2.5-32B-Instruct__noise20__game_216,agent2,Qwen2.5-32B-Instruct,20,cooperativo,0.8,AllC,0.9609717726707458,1,0.8,0.0,0.2,0.6896551724137931
Qwen2.5-32B-Instruct__noise20__game_218,agent1,Qwen2.5-32B-Instruct,20,egoista,0.2333,WSLS,0.8108968734741211,0,0.17647058823529413,1.0,0.7083333333333334,0.41379310344827586
Qwen2.5-32B-Instruct__noise20__game_218,agent2,Qwen2.5-32B-Instruct,20,cooperativo,0.8,AllC,0.9999995231628418,0,0.9523809523809523,0.1875,0.125,0.3793103448275862
Qwen2.5-32B-Instruct__noise20__game_219,agent1,Qwen2.5-32B-Instruct,20,egoista,0.2333,AllD,0.9989124536514282,0,0.6363636363636364,0.6,0.8571428571428571,0.6206896551724138
Qwen2.5-32B-Instruct__noise20__game_219,agent2,Qwen2.5-32B-Instruct,20,egoista,0.2333,AllD,0.7212029099464417,1,0.5454545454545454,1.0,0.625,0.6896551724137931
Qwen2.5-32B-Instruct__noise20__game_217,agent1,Qwen2.5-32B-Instruct,20,cooperativo,0.7667,AllC,0.7184432744979858,1,0.9523809523809523,0.2857142857142857,0.0,0.3103448275862069
Qwen2.5-32B-Instruct__noise20__game_217,agent2,Qwen2.5-32B-Instruct,20,egoista,0.0667,AllD,0.9999622106552124,0,0.05263157894736842,0.0,0.9130434782608695,0.3103448275862069
Qwen2.5-32B-Instruct__noise20__game_220,agent1,Qwen2.5-32B-Instruct,20,cooperativo,0.6,AllD,0.7180312275886536,1,0.8,0.0,0.46153846153846156,0.4482758620689655
Qwen2.5-32B-Instruct__noise20__game_220,agent2,Qwen2.5-32B-Instruct,20,cooperativo,0.8333,AllC,0.9999957084655762,0,1.0,0.08333333333333333,0.2222222222222222,0.5172413793103449
Qwen2.5-32B-Instruct__noise20__game_223,agent1,Qwen2.5-32B-Instruct,20,egoista,0.2333,AllD,0.827602207660675,0,0.4166666666666667,1.0,0.7857142857142857,0.5172413793103449
Qwen2.5-32B-Instruct__noise20__game_223,agent2,Qwen2.5-32B-Instruct,20,egoista,0.4333,AllD,0.9924261569976807,1,0.8333333333333334,0.7,0.5,0.5517241379310345
Qwen2.5-32B-Instruct__noise20__game_222,agent1,Qwen2.5-32B-Instruct,20,egoista,0.1667,AllD,0.999189555644989,0,0.2857142857142857,0.0,0.8518518518518519,0.20689655172413793
Qwen2.5-32B-Instruct__noise20__game_222,agent2,Qwen2.5-32B-Instruct,20,cooperativo,0.9,AllC,0.9999994039535522,1,0.9565217391304348,0.09090909090909091,0.16666666666666666,0.20689655172413793
Qwen2.5-32B-Instruct__noise20__game_221,agent1,Qwen2.5-32B-Instruct,20,cooperativo,0.9,AllC,0.9999996423721313,1,1.0,0.08695652173913043,0.14285714285714285,0.2413793103448276
Qwen2.5-32B-Instruct__noise20__game_221,agent2,Qwen2.5-32B-Instruct,20,egoista,0.2333,AllD,0.9723701477050781,0,1.0,0.0,0.8518518518518519,0.13793103448275862
Qwen2.5-32B-Instruct__noise20__game_224,agent1,Qwen2.5-32B-Instruct,20,cooperativo,0.7333,AllC,0.9761618971824646,1,0.875,0.16666666666666666,0.30434782608695654,0.5517241379310345
Qwen2.5-32B-Instruct__noise20__game_224,agent2,Qwen2.5-32B-Instruct,20,cooperativo,0.7333,AllC,0.6285886764526367,0,0.875,0.2857142857142857,0.2727272727272727,0.5862068965517241
Qwen2.5-32B-Instruct__noise20__game_225,agent1,Qwen2.5-32B-Instruct,20,cooperativo,0.7667,AllC,0.9999561309814453,1,0.875,0.21052631578947367,0.4,0.2413793103448276
Qwen2.5-32B-Instruct__noise20__game_225,agent2,Qwen2.5-32B-Instruct,20,egoista,0.1333,AllD,0.9612779021263123,0,0.21428571428571427,1.0,0.8333333333333334,0.3448275862068966
Qwen2.5-32B-Instruct__noise20__game_226,agent1,Qwen2.5-32B-Instruct,20,egoista,0.2333,AllD,0.999870777130127,0,0.42857142857142855,0.0,0.7692307692307693,0.3103448275862069
Qwen2.5-32B-Instruct__noise20__game_226,agent2,Qwen2.5-32B-Instruct,20,cooperativo,0.8333,AllC,0.5313024520874023,1,0.9473684210526315,0.2631578947368421,0.0,0.41379310344827586
Qwen2.5-32B-Instruct__noise20__game_227,agent1,Qwen2.5-32B-Instruct,20,egoista,0.1667,AllD,0.9920015335083008,0,0.3333333333333333,1.0,0.7,0.6896551724137931
Qwen2.5-32B-Instruct__noise20__game_227,agent2,Qwen2.5-32B-Instruct,20,egoista,0.3,TFT,0.4744768440723419,0,0.8,0.8571428571428571,0.8333333333333334,0.5517241379310345
Qwen2.5-32B-Instruct__noise20__game_228,agent1,Qwen2.5-32B-Instruct,20,cooperativo,0.7667,AllC,0.915717601776123,1,1.0,0.14285714285714285,0.23809523809523808,0.5862068965517241
Qwen2.5-32B-Instruct__noise20__game_228,agent2,Qwen2.5-32B-Instruct,20,cooperativo,0.7,TFT,0.7521941065788269,0,1.0,0.4,0.30434782608695654,0.6206896551724138
Qwen2.5-32B-Instruct__noise20__game_229,agent1,Qwen2.5-32B-Instruct,20,cooperativo,0.8,AllC,0.9688894748687744,1,0.95,0.17647058823529413,0.2857142857142857,0.27586206896551724
Qwen2.5-32B-Instruct__noise20__game_229,agent2,Qwen2.5-32B-Instruct,20,egoista,0.2,AllD,0.9999310970306396,0,0.21428571428571427,1.0,0.75,0.41379310344827586
Qwen2.5-32B-Instruct__noise20__game_231,agent1,Qwen2.5-32B-Instruct,20,egoista,0.1667,AllD,0.9990076422691345,0,0.5555555555555556,1.0,1.0,0.6896551724137931
Qwen2.5-32B-Instruct__noise20__game_231,agent2,Qwen2.5-32B-Instruct,20,egoista,0.1333,AllD,0.6267830729484558,1,0.42857142857142855,1.0,0.6,0.8275862068965517
Qwen2.5-32B-Instruct__noise20__game_230,agent1,Qwen2.5-32B-Instruct,20,egoista,0.1,AllD,0.9998375177383423,0,0.3333333333333333,0.0,0.875,0.3103448275862069
Qwen2.5-32B-Instruct__noise20__game_230,agent2,Qwen2.5-32B-Instruct,20,cooperativo,0.7667,AllC,0.999995231628418,1,0.9523809523809523,0.23809523809523808,0.0,0.3448275862068966
Qwen2.5-32B-Instruct__noise20__game_232,agent1,Qwen2.5-32B-Instruct,20,cooperativo,0.7,AllC,0.917454719543457,1,0.7142857142857143,0.3333333333333333,0.28,0.6551724137931034
Qwen2.5-32B-Instruct__noise20__game_232,agent2,Qwen2.5-32B-Instruct,20,cooperativo,0.8333,AllC,0.6696221232414246,0,1.0,0.2857142857142857,0.14285714285714285,0.6896551724137931
Qwen2.5-32B-Instruct__noise20__game_233,agent1,Qwen2.5-32B-Instruct,20,cooperativo,0.8667,AllC,0.9989055395126343,1,0.9545454545454546,0.2,0.0,0.3103448275862069
Qwen2.5-32B-Instruct__noise20__game_233,agent2,Qwen2.5-32B-Instruct,20,egoista,0.1667,AllD,0.9999700784683228,0,0.4444444444444444,0.0,0.8076923076923077,0.3103448275862069
Qwen2.5-32B-Instruct__noise20__game_234,agent1,Qwen2.5-32B-Instruct,20,egoista,0.2,AllD,0.999829888343811,0,0.14285714285714285,1.0,0.76,0.3793103448275862
Qwen2.5-32B-Instruct__noise20__game_234,agent2,Qwen2.5-32B-Instruct,20,cooperativo,0.8,AllC,0.9999997615814209,1,0.9473684210526315,0.2631578947368421,0.14285714285714285,0.3448275862068966
Qwen2.5-32B-Instruct__noise20__game_235,agent1,Qwen2.5-32B-Instruct,20,egoista,0.2333,AllD,0.992023229598999,0,0.7,0.6666666666666666,0.8,0.6896551724137931
Qwen2.5-32B-Instruct__noise20__game_235,agent2,Qwen2.5-32B-Instruct,20,egoista,0.1333,AllD,0.9999839067459106,0,0.4444444444444444,1.0,0.75,0.7586206896551724
Qwen2.5-32B-Instruct__noise20__game_236,agent1,Qwen2.5-32B-Instruct,20,cooperativo,0.8667,AllC,0.9999910593032837,1,1.0,0.14285714285714285,0.13636363636363635,0.6551724137931034
Qwen2.5-32B-Instruct__noise20__game_236,agent2,Qwen2.5-32B-Instruct,20,cooperativo,0.7333,AllD,0.6239359974861145,0,0.75,0.5,0.25925925925925924,0.7241379310344828
Qwen2.5-32B-Instruct__noise20__game_237,agent1,Qwen2.5-32B-Instruct,20,cooperativo,0.7333,AllC,0.9999860525131226,1,0.9473684210526315,0.2631578947368421,0.0,0.41379310344827586
Qwen2.5-32B-Instruct__noise20__game_237,agent2,Qwen2.5-32B-Instruct,20,egoista,0.1333,AllD,0.9989699125289917,0,0.25,0.0,0.8636363636363636,0.3448275862068966
Qwen2.5-32B-Instruct__noise20__game_238,agent1,Qwen2.5-32B-Instruct,20,egoista,0.2333,AllD,0.9998894929885864,0,0.38461538461538464,1.0,0.7272727272727273,0.4482758620689655
Qwen2.5-32B-Instruct__noise20__game_238,agent2,Qwen2.5-32B-Instruct,20,cooperativo,0.7333,WSLS,0.9698231816291809,1,0.9444444444444444,0.2,0.25,0.3793103448275862
Qwen2.5-32B-Instruct__noise20__game_239,agent1,Qwen2.5-32B-Instruct,20,egoista,0.2667,TFT,0.9973021745681763,1,0.625,0.875,0.3333333333333333,0.7931034482758621
Qwen2.5-32B-Instruct__noise20__game_239,agent2,Qwen2.5-32B-Instruct,20,egoista,0.1667,AllD,0.9995954632759094,0,0.625,1.0,0.8888888888888888,0.6206896551724138
gpt-oss-20b__noise00__game_3,agent1,gpt-oss-20b,0,selfish,0.0,AllD|TFT,1.0,0,0.0,1.0,1.0,1.0
gpt-oss-20b__noise00__game_3,agent2,gpt-oss-20b,0,selfish,0.0,AllD|TFT,1.0,0,0.0,1.0,1.0,1.0
gpt-oss-20b__noise00__game_2,agent1,gpt-oss-20b,0,selfish,0.0,AllD|TFT,1.0,0,0.0,1.0,1.0,1.0
gpt-oss-20b__noise00__game_2,agent2,gpt-oss-20b,0,cooperative,0.0,AllD|TFT,1.0,0,0.0,1.0,1.0,1.0
gpt-oss-20b__noise00__game_0,agent1,gpt-oss-20b,0,cooperative,0.0333,TFT,1.0,1,0.0,1.0,0.0,1.0
gpt-oss-20b__noise00__game_0,agent2,gpt-oss-20b,0,cooperative,0.0,AllD|TFT,1.0,0,0.0,0.0,1.0,0.9655172413793104
gpt-oss-20b__noise00__game_1,agent1,gpt-oss-20b,0,cooperative,0.0333,TFT,1.0,1,0.0,1.0,0.0,1.0
gpt-oss-20b__noise00__game_1,agent2,gpt-oss-20b,0,selfish,0.0,AllD|TFT,1.0,0,0.0,0.0,1.0,0.9655172413793104
gpt-oss-20b__noise00__game_7,agent1,gpt-oss-20b,0,selfish,0.0,AllD|TFT,1.0,0,0.0,1.0,1.0,1.0
gpt-oss-20b__noise00__game_7,agent2,gpt-oss-20b,0,selfish,0.0,AllD|TFT,1.0,0,0.0,1.0,1.0,1.0
gpt-oss-20b__noise00__game_5,agent1,gpt-oss-20b,0,cooperative,0.0333,TFT,1.0,1,0.0,1.0,0.0,1.0
gpt-oss-20b__noise00__game_5,agent2,gpt-oss-20b,0,selfish,0.0,AllD|TFT,1.0,0,0.0,0.0,1.0,0.9655172413793104
gpt-oss-20b__noise00__game_6,agent1,gpt-oss-20b,0,selfish,0.0,AllD|TFT,1.0,0,0.0,0.0,1.0,0.9655172413793104
gpt-oss-20b__noise00__game_6,agent2,gpt-oss-20b,0,cooperative,0.0333,TFT,1.0,1,0.0,1.0,0.0,1.0
gpt-oss-20b__noise00__game_4,agent1,gpt-oss-20b,0,cooperative,0.0,AllD|TFT,1.0,0,0.0,1.0,1.0,0.9655172413793104
gpt-oss-20b__noise00__game_4,agent2,gpt-oss-20b,0,cooperative,0.0333,TFT,1.0,0,0.5,1.0,1.0,0.9655172413793104
gpt-oss-20b__noise00__game_10,agent1,gpt-oss-20b,0,selfish,0.0,AllD|TFT,1.0,0,0.0,1.0,1.0,1.0
gpt-oss-20b__noise00__game_10,agent2,gpt-oss-20b,0,cooperative,0.0,AllD|TFT,1.0,0,0.0,1.0,1.0,1.0
gpt-oss-20b__noise00__game_11,agent1,gpt-oss-20b,0,selfish,0.0,AllD|TFT,1.0,0,0.0,1.0,1.0,1.0
gpt-oss-20b__noise00__game_11,agent2,gpt-oss-20b,0,selfish,0.0,AllD|TFT,1.0,0,0.0,1.0,1.0,1.0
gpt-oss-20b__noise00__game_8,agent1,gpt-oss-20b,0,cooperative,0.0333,TFT,1.0,1,0.0,1.0,0.0,1.0
gpt-oss-20b__noise00__game_8,agent2,gpt-oss-20b,0,cooperative,0.0,AllD|TFT,1.0,0,0.0,0.0,1.0,0.9655172413793104
gpt-oss-20b__noise00__game_9,agent1,gpt-oss-20b,0,cooperative,0.0333,TFT,1.0,1,0.0,1.0,0.0,1.0
gpt-oss-20b__noise00__game_9,agent2,gpt-oss-20b,0,selfish,0.0,AllD|TFT,1.0,0,0.0,0.0,1.0,0.9655172413793104
gpt-oss-20b__noise00__game_15,agent1,gpt-oss-20b,0,selfish,0.0,AllD|TFT,1.0,0,0.0,1.0,1.0,1.0
gpt-oss-20b__noise00__game_15,agent2,gpt-oss-20b,0,selfish,0.0,AllD|TFT,1.0,0,0.0,1.0,1.0,1.0
gpt-oss-20b__noise00__game_13,agent1,gpt-oss-20b,0,cooperative,0.0333,TFT,1.0,1,0.0,1.0,0.0,1.0
gpt-oss-20b__noise00__game_13,agent2,gpt-oss-20b,0,selfish,0.0,AllD|TFT,1.0,0,0.0,0.0,1.0,0.9655172413793104
gpt-oss-20b__noise00__game_14,agent1,gpt-oss-20b,0,selfish,0.0,AllD|TFT,1.0,0,0.0,1.0,1.0,1.0
gpt-oss-20b__noise00__game_14,agent2,gpt-oss-20b,0,cooperative,0.0,AllD|TFT,1.0,0,0.0,1.0,1.0,1.0
gpt-oss-20b__noise00__game_12,agent1,gpt-oss-20b,0,cooperative,0.0333,TFT,1.0,1,0.0,1.0,0.0,1.0
gpt-oss-20b__noise00__game_12,agent2,gpt-oss-20b,0,cooperative,0.0,AllD|TFT,1.0,0,0.0,0.0,1.0,0.9655172413793104
gpt-oss-20b__noise00__game_17,agent1,gpt-oss-20b,0,cooperative,0.0,AllD|TFT,1.0,0,0.0,1.0,1.0,1.0
gpt-oss-20b__noise00__game_17,agent2,gpt-oss-20b,0,selfish,0.0,AllD|TFT,1.0,0,0.0,1.0,1.0,1.0
gpt-oss-20b__noise00__game_19,agent1,gpt-oss-20b,0,selfish,0.0,AllD|TFT,1.0,0,0.0,1.0,1.0,1.0
gpt-oss-20b__noise00__game_19,agent2,gpt-oss-20b,0,selfish,0.0,AllD|TFT,1.0,0,0.0,1.0,1.0,1.0
gpt-oss-20b__noise00__game_18,agent1,gpt-oss-20b,0,selfish,0.0,AllD|TFT,1.0,0,0.0,0.0,1.0,0.9655172413793104
gpt-oss-20b__noise00__game_18,agent2,gpt-oss-20b,0,cooperative,0.0333,TFT,1.0,1,0.0,1.0,0.0,1.0
gpt-oss-20b__noise00__game_16,agent1,gpt-oss-20b,0,cooperative,0.0333,TFT,1.0,1,0.0,1.0,0.0,1.0
gpt-oss-20b__noise00__game_16,agent2,gpt-oss-20b,0,cooperative,0.0,AllD|TFT,1.0,0,0.0,0.0,1.0,0.9655172413793104
gpt-oss-20b__noise00__game_23,agent1,gpt-oss-20b,0,selfish,0.0,AllD|TFT,1.0,0,0.0,1.0,1.0,1.0
gpt-oss-20b__noise00__game_23,agent2,gpt-oss-20b,0,selfish,0.0,AllD|TFT,1.0,0,0.0,1.0,1.0,1.0
gpt-oss-20b__noise00__game_21,agent1,gpt-oss-20b,0,cooperative,0.0333,TFT,1.0,1,0.0,1.0,0.0,1.0
gpt-oss-20b__noise00__game_21,agent2,gpt-oss-20b,0,selfish,0.0,AllD|TFT,1.0,0,0.0,0.0,1.0,0.9655172413793104
gpt-oss-20b__noise00__game_20,agent1,gpt-oss-20b,0,cooperative,0.0333,TFT,1.0,1,0.0,1.0,0.0,1.0
gpt-oss-20b__noise00__game_20,agent2,gpt-oss-20b,0,cooperative,0.0,AllD|TFT,1.0,0,0.0,0.0,1.0,0.9655172413793104
gpt-oss-20b__noise00__game_22,agent1,gpt-oss-20b,0,selfish,0.0,AllD|TFT,1.0,0,0.0,1.0,1.0,0.9655172413793104
gpt-oss-20b__noise00__game_22,agent2,gpt-oss-20b,0,cooperative,0.0333,TFT,1.0,0,0.5,1.0,1.0,0.9655172413793104
gpt-oss-20b__noise00__game_24,agent1,gpt-oss-20b,0,cooperative,0.0,AllD|TFT,1.0,0,0.0,1.0,1.0,1.0
gpt-oss-20b__noise00__game_24,agent2,gpt-oss-20b,0,cooperative,0.0,AllD|TFT,1.0,0,0.0,1.0,1.0,1.0
gpt-oss-20b__noise00__game_26,agent1,gpt-oss-20b,0,selfish,0.0,AllD|TFT,1.0,0,0.0,1.0,1.0,1.0
gpt-oss-20b__noise00__game_26,agent2,gpt-oss-20b,0,cooperative,0.0,AllD|TFT,1.0,0,0.0,1.0,1.0,1.0
gpt-oss-20b__noise00__game_27,agent1,gpt-oss-20b,0,selfish,0.0,AllD|TFT,1.0,0,0.0,1.0,1.0,1.0
gpt-oss-20b__noise00__game_27,agent2,gpt-oss-20b,0,selfish,0.0,AllD|TFT,1.0,0,0.0,1.0,1.0,1.0
gpt-oss-20b__noise00__game_25,agent1,gpt-oss-20b,0,cooperative,0.0333,TFT,1.0,1,0.0,1.0,0.0,1.0
gpt-oss-20b__noise00__game_25,agent2,gpt-oss-20b,0,selfish,0.0,AllD|TFT,1.0,0,0.0,0.0,1.0,0.9655172413793104
gpt-oss-20b__noise00__game_29,agent1,gpt-oss-20b,0,cooperative,0.0,AllD|TFT,1.0,0,0.0,1.0,1.0,1.0
gpt-oss-20b__noise00__game_29,agent2,gpt-oss-20b,0,selfish,0.0,AllD|TFT,1.0,0,0.0,1.0,1.0,1.0
gpt-oss-20b__noise00__game_31,agent1,gpt-oss-20b,0,selfish,0.0,AllD|TFT,1.0,0,0.0,1.0,1.0,1.0
gpt-oss-20b__noise00__game_31,agent2,gpt-oss-20b,0,selfish,0.0,AllD|TFT,1.0,0,0.0,1.0,1.0,1.0
gpt-oss-20b__noise00__game_30,agent1,gpt-oss-20b,0,selfish,0.0,AllD|TFT,1.0,0,0.0,1.0,1.0,1.0
gpt-oss-20b__noise00__game_30,agent2,gpt-oss-20b,0,cooperative,0.0,AllD|TFT,1.0,0,0.0,1.0,1.0,1.0
gpt-oss-20b__noise00__game_28,agent1,gpt-oss-20b,0,cooperative,0.1333,TFT,1.0,1,0.0,1.0,0.0,1.0
gpt-oss-20b__noise00__game_28,agent2,gpt-oss-20b,0,cooperative,0.1,TFT,1.0,0,0.0,0.0,0.4,0.9310344827586207
gpt-oss-20b__noise00__game_33,agent1,gpt-oss-20b,0,cooperative,0.0333,TFT,1.0,1,0.0,1.0,0.0,1.0
gpt-oss-20b__noise00__game_33,agent2,gpt-oss-20b,0,selfish,0.0,AllD|TFT,1.0,0,0.0,0.0,1.0,0.9655172413793104
gpt-oss-20b__noise00__game_34,agent1,gpt-oss-20b,0,selfish,0.0,AllD|TFT,1.0,0,0.0,1.0,1.0,1.0
gpt-oss-20b__noise00__game_34,agent2,gpt-oss-20b,0,cooperative,0.0,AllD|TFT,1.0,0,0.0,1.0,1.0,1.0
gpt-oss-20b__noise00__game_35,agent1,gpt-oss-20b,0,selfish,0.0,AllD|TFT,1.0,0,0.0,1.0,1.0,1.0
gpt-oss-20b__noise00__game_35,agent2,gpt-oss-20b,0,selfish,0.0,AllD|TFT,1.0,0,0.0,1.0,1.0,1.0
gpt-oss-20b__noise00__game_32,agent1,gpt-oss-20b,0,cooperative,0.0333,TFT,1.0,1,0.0,1.0,0.5,0.9655172413793104
gpt-oss-20b__noise00__game_32,agent2,gpt-oss-20b,0,cooperative,0.0333,TFT,1.0,0,0.5,1.0,1.0,0.9310344827586207
gpt-oss-20b__noise00__game_37,agent1,gpt-oss-20b,0,cooperative,0.0333,TFT,1.0,1,0.0,1.0,0.0,1.0
gpt-oss-20b__noise00__game_37,agent2,gpt-oss-20b,0,selfish,0.0,AllD|TFT,1.0,0,0.0,0.0,1.0,0.9655172413793104
gpt-oss-20b__noise00__game_38,agent1,gpt-oss-20b,0,selfish,0.0,AllD|TFT,1.0,0,0.0,1.0,1.0,1.0
gpt-oss-20b__noise00__game_38,agent2,gpt-oss-20b,0,cooperative,0.0,AllD|TFT,1.0,0,0.0,1.0,1.0,1.0
gpt-oss-20b__noise00__game_39,agent1,gpt-oss-20b,0,selfish,0.0,AllD|TFT,1.0,0,0.0,1.0,1.0,1.0
gpt-oss-20b__noise00__game_39,agent2,gpt-oss-20b,0,selfish,0.0,AllD|TFT,1.0,0,0.0,1.0,1.0,1.0
gpt-oss-20b__noise00__game_36,agent1,gpt-oss-20b,0,cooperative,0.0,AllD|TFT,1.0,0,0.0,1.0,1.0,0.9655172413793104
gpt-oss-20b__noise00__game_36,agent2,gpt-oss-20b,0,cooperative,0.0333,TFT,1.0,0,0.5,0.5,1.0,0.9655172413793104
gpt-oss-20b__noise00__game_41,agent1,gpt-oss-20b,0,coopératif,0.0333,TFT,1.0,1,0.0,1.0,0.0,1.0
gpt-oss-20b__noise00__game_41,agent2,gpt-oss-20b,0,égoïste,0.0,AllD|TFT,1.0,0,0.0,0.0,1.0,0.9655172413793104
gpt-oss-20b__noise00__game_43,agent1,gpt-oss-20b,0,égoïste,0.0,AllD|TFT,1.0,0,0.0,1.0,1.0,1.0
gpt-oss-20b__noise00__game_43,agent2,gpt-oss-20b,0,égoïste,0.0,AllD|TFT,1.0,0,0.0,1.0,1.0,1.0
gpt-oss-20b__noise00__game_42,agent1,gpt-oss-20b,0,égoïste,0.0,AllD|TFT,1.0,0,0.0,0.0,1.0,0.896551724137931
gpt-oss-20b__noise00__game_42,agent2,gpt-oss-20b,0,coopératif,0.1,TFT,1.0,1,0.6666666666666666,0.75,0.0,0.9310344827586207
gpt-oss-20b__noise00__game_40,agent1,gpt-oss-20b,0,coopératif,0.4,TFT,1.0,0,0.0,0.0,0.2,0.896551724137931
gpt-oss-20b__noise00__game_40,agent2,gpt-oss-20b,0,coopératif,0.4667,TFT,1.0,1,0.6666666666666666,1.0,0.0,0.9655172413793104
gpt-oss-20b__noise00__game_45,agent1,gpt-oss-20b,0,coopératif,0.0333,TFT,1.0,0,0.5,1.0,1.0,0.9655172413793104
gpt-oss-20b__noise00__game_45,agent2,gpt-oss-20b,0,égoïste,0.0,AllD|TFT,1.0,0,0.0,1.0,1.0,0.9655172413793104
gpt-oss-20b__noise00__game_44,agent1,gpt-oss-20b,0,coopératif,0.3,TFT,1.0,0,0.0,0.0,0.18181818181818182,0.9310344827586207
gpt-oss-20b__noise00__game_44,agent2,gpt-oss-20b,0,coopératif,0.3333,TFT,1.0,1,0.0,1.0,0.0,1.0
gpt-oss-20b__noise00__game_46,agent1,gpt-oss-20b,0,égoïste,0.0,AllD|TFT,1.0,0,0.0,0.0,1.0,0.9310344827586207
gpt-oss-20b__noise00__game_46,agent2,gpt-oss-20b,0,coopératif,0.0667,TFT,1.0,1,0.5,1.0,0.0,0.9655172413793104
gpt-oss-20b__noise00__game_47,agent1,gpt-oss-20b,0,égoïste,0.0,AllD|TFT,1.0,0,0.0,1.0,1.0,1.0
gpt-oss-20b__noise00__game_47,agent2,gpt-oss-20b,0,égoïste,0.0,AllD|TFT,1.0,0,0.0,1.0,1.0,1.0
gpt-oss-20b__noise00__game_48,agent1,gpt-oss-20b,0,coopératif,0.9667,TFT|WSLS,1.0,0,0.0,0.0,0.03333333333333333,0.9655172413793104
gpt-oss-20b__noise00__game_48,agent2,gpt-oss-20b,0,coopératif,1.0,AllC|TFT|WSLS,1.0,1,1.0,0.0,0.0,0.9655172413793104
gpt-oss-20b__noise00__game_49,agent1,gpt-oss-20b,0,coopératif,0.0333,TFT,1.0,1,0.0,1.0,0.0,1.0
gpt-oss-20b__noise00__game_49,agent2,gpt-oss-20b,0,égoïste,0.0,AllD|TFT,1.0,0,0.0,0.0,1.0,0.9655172413793104
gpt-oss-20b__noise00__game_51,agent1,gpt-oss-20b,0,égoïste,0.0,AllD|TFT,1.0,0,0.0,1.0,1.0,1.0
gpt-oss-20b__noise00__game_51,agent2,gpt-oss-20b,0,égoïste,0.0,AllD|TFT,1.0,0,0.0,1.0,1.0,1.0
gpt-oss-20b__noise00__game_50,agent1,gpt-oss-20b,0,égoïste,0.0,AllD|TFT,1.0,0,0.0,1.0,1.0,0.9310344827586207
gpt-oss-20b__noise00__game_50,agent2,gpt-oss-20b,0,coopératif,0.0667,TFT,1.0,0,0.6666666666666666,1.0,1.0,0.9310344827586207
gpt-oss-20b__noise00__game_52,agent1,gpt-oss-20b,0,coopératif,1.0,AllC|TFT|WSLS,1.0,1,0.0,0.0,0.0,1.0
gpt-oss-20b__noise00__game_52,agent2,gpt-oss-20b,0,coopératif,0.9667,TFT|WSLS,1.0,0,0.0,0.0,0.03333333333333333,0.9655172413793104
gpt-oss-20b__noise00__game_53,agent1,gpt-oss-20b,0,coopératif,0.0333,TFT,1.0,1,0.0,1.0,0.0,1.0
gpt-oss-20b__noise00__game_53,agent2,gpt-oss-20b,0,égoïste,0.0,AllD|TFT,1.0,0,0.0,0.0,1.0,0.9655172413793104
gpt-oss-20b__noise00__game_55,agent1,gpt-oss-20b,0,égoïste,0.0,AllD|TFT,1.0,0,0.0,1.0,1.0,1.0
gpt-oss-20b__noise00__game_55,agent2,gpt-oss-20b,0,égoïste,0.0,AllD|TFT,1.0,0,0.0,1.0,1.0,1.0
gpt-oss-20b__noise00__game_54,agent1,gpt-oss-20b,0,égoïste,0.0,AllD|TFT,1.0,0,0.0,0.0,1.0,0.9310344827586207
gpt-oss-20b__noise00__game_54,agent2,gpt-oss-20b,0,coopératif,0.0667,TFT,1.0,1,0.5,1.0,0.0,0.9655172413793104
gpt-oss-20b__noise00__game_56,agent1,gpt-oss-20b,0,coopératif,0.8,TFT,1.0,1,0.0,1.0,0.0,1.0
gpt-oss-20b__noise00__game_56,agent2,gpt-oss-20b,0,coopératif,0.7667,TFT,1.0,0,0.0,0.0,0.08,0.9310344827586207
gpt-oss-20b__noise00__game_57,agent1,gpt-oss-20b,0,coopératif,0.0667,TFT,1.0,1,0.5,0.6666666666666666,0.0,0.9655172413793104
gpt-oss-20b__noise00__game_57,agent2,gpt-oss-20b,0,égoïste,0.0,AllD|TFT,1.0,0,0.0,0.0,1.0,0.9310344827586207
gpt-oss-20b__noise00__game_59,agent1,gpt-oss-20b,0,égoïste,0.0,AllD|TFT,1.0,0,0.0,1.0,1.0,1.0
gpt-oss-20b__noise00__game_59,agent2,gpt-oss-20b,0,égoïste,0.0,AllD|TFT,1.0,0,0.0,1.0,1.0,1.0
gpt-oss-20b__noise00__game_58,agent1,gpt-oss-20b,0,égoïste,0.0,AllD|TFT,1.0,0,0.0,0.0,1.0,0.9655172413793104
gpt-oss-20b__noise00__game_58,agent2,gpt-oss-20b,0,coopératif,0.0333,TFT,1.0,1,0.0,1.0,0.0,1.0
gpt-oss-20b__noise00__game_60,agent1,gpt-oss-20b,0,coopératif,0.9667,TFT|WSLS,1.0,1,0.0,1.0,0.0,1.0
gpt-oss-20b__noise00__game_60,agent2,gpt-oss-20b,0,coopératif,0.9333,TFT|WSLS,1.0,0,0.0,0.0,0.06666666666666667,0.9310344827586207
gpt-oss-20b__noise00__game_63,agent1,gpt-oss-20b,0,égoïste,0.0,AllD|TFT,1.0,0,0.0,1.0,1.0,1.0
gpt-oss-20b__noise00__game_63,agent2,gpt-oss-20b,0,égoïste,0.0,AllD|TFT,1.0,0,0.0,1.0,1.0,1.0
gpt-oss-20b__noise00__game_61,agent1,gpt-oss-20b,0,coopératif,0.0333,TFT,1.0,1,0.0,1.0,0.0,1.0
gpt-oss-20b__noise00__game_61,agent2,gpt-oss-20b,0,égoïste,0.0,AllD|TFT,1.0,0,0.0,0.0,1.0,0.9655172413793104
gpt-oss-20b__noise00__game_62,agent1,gpt-oss-20b,0,égoïste,0.0,AllD|TFT,1.0,0,0.0,0.0,1.0,0.9655172413793104
gpt-oss-20b__noise00__game_62,agent2,gpt-oss-20b,0,coopératif,0.0333,TFT,1.0,1,0.0,1.0,0.0,1.0
gpt-oss-20b__noise00__game_65,agent1,gpt-oss-20b,0,coopératif,0.0333,TFT,1.0,1,0.0,1.0,0.0,1.0
gpt-oss-20b__noise00__game_65,agent2,gpt-oss-20b,0,égoïste,0.0,AllD|TFT,1.0,0,0.0,0.0,1.0,0.9655172413793104
gpt-oss-20b__noise00__game_66,agent1,gpt-oss-20b,0,égoïste,0.0,AllD|TFT,1.0,0,0.0,0.0,1.0,0.9655172413793104
gpt-oss-20b__noise00__game_66,agent2,gpt-oss-20b,0,coopératif,0.0333,TFT,1.0,1,0.0,1.0,0.0,1.0
gpt-oss-20b__noise00__game_67,agent1,gpt-oss-20b,0,égoïste,0.0,AllD|TFT,1.0,0,0.0,1.0,1.0,1.0
gpt-oss-20b__noise00__game_67,agent2,gpt-oss-20b,0,égoïste,0.0,AllD|TFT,1.0,0,0.0,1.0,1.0,1.0
gpt-oss-20b__noise00__game_64,agent1,gpt-oss-20b,0,coopératif,0.5,TFT,0.6605239510536194,0,0.3333333333333333,1.0,0.25,0.8275862068965517
gpt-oss-20b__noise00__game_64,agent2,gpt-oss-20b,0,coopératif,0.6333,AllC,0.9541149139404297,1,0.7142857142857143,0.4,0.0625,0.8275862068965517
gpt-oss-20b__noise00__game_69,agent1,gpt-oss-20b,0,coopératif,0.0333,TFT,1.0,1,0.0,1.0,0.0,1.0
gpt-oss-20b__noise00__game_69,agent2,gpt-oss-20b,0,égoïste,0.0,AllD|TFT,1.0,0,0.0,0.0,1.0,0.9655172413793104
gpt-oss-20b__noise00__game_68,agent1,gpt-oss-20b,0,coopératif,1.0,AllC|TFT|WSLS,1.0,1,0.0,0.0,0.0,1.0
gpt-oss-20b__noise00__game_68,agent2,gpt-oss-20b,0,coopératif,0.9667,TFT|WSLS,1.0,0,0.0,0.0,0.03333333333333333,0.9655172413793104
gpt-oss-20b__noise00__game_70,agent1,gpt-oss-20b,0,égoïste,0.0,AllD|TFT,1.0,0,0.0,0.0,1.0,0.896551724137931
gpt-oss-20b__noise00__game_70,agent2,gpt-oss-20b,0,coopératif,0.1,TFT,1.0,1,0.6666666666666666,1.0,0.0,0.9310344827586207
gpt-oss-20b__noise00__game_71,agent1,gpt-oss-20b,0,égoïste,0.0,AllD|TFT,1.0,0,0.0,1.0,1.0,1.0
gpt-oss-20b__noise00__game_71,agent2,gpt-oss-20b,0,égoïste,0.0,AllD|TFT,1.0,0,0.0,1.0,1.0,1.0
gpt-oss-20b__noise00__game_72,agent1,gpt-oss-20b,0,coopératif,1.0,AllC|TFT|WSLS,1.0,1,0.0,0.0,0.0,1.0
gpt-oss-20b__noise00__game_72,agent2,gpt-oss-20b,0,coopératif,1.0,AllC|TFT|WSLS,1.0,1,0.0,0.0,0.0,1.0
gpt-oss-20b__noise00__game_73,agent1,gpt-oss-20b,0,coopératif,0.0333,TFT,1.0,1,0.0,1.0,0.0,1.0
gpt-oss-20b__noise00__game_73,agent2,gpt-oss-20b,0,égoïste,0.0,AllD|TFT,1.0,0,0.0,0.0,1.0,0.9655172413793104
gpt-oss-20b__noise00__game_74,agent1,gpt-oss-20b,0,égoïste,0.0,AllD|TFT,1.0,0,0.0,0.0,1.0,0.9655172413793104
gpt-oss-20b__noise00__game_74,agent2,gpt-oss-20b,0,coopératif,0.0333,TFT,1.0,1,0.0,1.0,0.0,1.0
gpt-oss-20b__noise00__game_75,agent1,gpt-oss-20b,0,égoïste,0.0,AllD|TFT,1.0,0,0.0,1.0,1.0,1.0
gpt-oss-20b__noise00__game_75,agent2,gpt-oss-20b,0,égoïste,0.0,AllD|TFT,1.0,0,0.0,1.0,1.0,1.0
gpt-oss-20b__noise00__game_77,agent1,gpt-oss-20b,0,coopératif,0.0333,TFT,1.0,1,0.0,1.0,0.0,1.0
gpt-oss-20b__noise00__game_77,agent2,gpt-oss-20b,0,égoïste,0.0,AllD|TFT,1.0,0,0.0,0.0,1.0,0.9655172413793104
gpt-oss-20b__noise00__game_76,agent1,gpt-oss-20b,0,coopératif,0.1667,TFT,1.0,0,0.0,0.0,0.2857142857142857,0.9310344827586207
gpt-oss-20b__noise00__game_76,agent2,gpt-oss-20b,0,coopératif,0.2,TFT,1.0,1,0.0,1.0,0.0,1.0
gpt-oss-20b__noise00__game_78,agent1,gpt-oss-20b,0,égoïste,0.0,AllD|TFT,1.0,0,0.0,0.0,1.0,0.9310344827586207
gpt-oss-20b__noise00__game_78,agent2,gpt-oss-20b,0,coopératif,0.0667,TFT,1.0,1,0.5,1.0,0.0,0.9655172413793104
gpt-oss-20b__noise00__game_79,agent1,gpt-oss-20b,0,égoïste,0.0,AllD|TFT,1.0,0,0.0,1.0,1.0,1.0
gpt-oss-20b__noise00__game_79,agent2,gpt-oss-20b,0,égoïste,0.0,AllD|TFT,1.0,0,0.0,1.0,1.0,1.0
gpt-oss-20b__noise00__game_80,agent1,gpt-oss-20b,0,متعاون,0.1333,TFT,1.0,0,0.0,1.0,1.0,1.0
gpt-oss-20b__noise00__game_80,agent2,gpt-oss-20b,0,متعاون,0.0667,TFT,1.0,0,0.0,1.0,1.0,1.0
gpt-oss-20b__noise00__game_81,agent1,gpt-oss-20b,0,متعاون,0.1,TFT,1.0,0,0.0,1.0,1.0,1.0
gpt-oss-20b__noise00__game_81,agent2,gpt-oss-20b,0,أناني,0.0,AllD|TFT,1.0,0,0.0,1.0,1.0,1.0
gpt-oss-20b__noise00__game_82,agent1,gpt-oss-20b,0,أناني,0.0,AllD|TFT,1.0,0,0.0,1.0,1.0,1.0
gpt-oss-20b__noise00__game_82,agent2,gpt-oss-20b,0,متعاون,0.0667,TFT,1.0,0,0.0,1.0,1.0,1.0
gpt-oss-20b__noise00__game_83,agent1,gpt-oss-20b,0,أناني,0.0,AllD|TFT,1.0,0,0.0,1.0,1.0,1.0
gpt-oss-20b__noise00__game_83,agent2,gpt-oss-20b,0,أناني,0.0,AllD|TFT,1.0,0,0.0,1.0,1.0,1.0
gpt-oss-20b__noise00__game_85,agent1,gpt-oss-20b,0,متعاون,0.0333,TFT,1.0,0,0.0,1.0,1.0,1.0
gpt-oss-20b__noise00__game_85,agent2,gpt-oss-20b,0,أناني,0.0,AllD|TFT,1.0,0,0.0,1.0,1.0,1.0
gpt-oss-20b__noise00__game_84,agent1,gpt-oss-20b,0,متعاون,0.1,TFT,1.0,0,0.0,1.0,1.0,1.0
gpt-oss-20b__noise00__game_84,agent2,gpt-oss-20b,0,متعاون,0.0333,TFT,1.0,0,0.0,1.0,1.0,1.0
gpt-oss-20b__noise00__game_87,agent1,gpt-oss-20b,0,أناني,0.0,AllD|TFT,1.0,0,0.0,1.0,1.0,1.0
gpt-oss-20b__noise00__game_87,agent2,gpt-oss-20b,0,أناني,0.0,AllD|TFT,1.0,0,0.0,1.0,1.0,1.0
gpt-oss-20b__noise00__game_86,agent1,gpt-oss-20b,0,أناني,0.0,AllD|TFT,1.0,0,0.0,1.0,1.0,1.0
gpt-oss-20b__noise00__game_86,agent2,gpt-oss-20b,0,متعاون,0.0667,TFT,1.0,0,0.0,1.0,1.0,1.0
gpt-oss-20b__noise00__game_89,agent1,gpt-oss-20b,0,متعاون,0.0667,TFT,1.0,0,0.0,1.0,1.0,1.0
gpt-oss-20b__noise00__game_89,agent2,gpt-oss-20b,0,أناني,0.0,AllD|TFT,1.0,0,0.0,1.0,1.0,1.0
gpt-oss-20b__noise00__game_90,agent1,gpt-oss-20b,0,أناني,0.0,AllD|TFT,1.0,0,0.0,1.0,1.0,1.0
gpt-oss-20b__noise00__game_90,agent2,gpt-oss-20b,0,متعاون,0.0333,TFT,1.0,0,0.0,1.0,1.0,1.0
gpt-oss-20b__noise00__game_91,agent1,gpt-oss-20b,0,أناني,0.0,AllD|TFT,1.0,0,0.0,1.0,1.0,1.0
gpt-oss-20b__noise00__game_91,agent2,gpt-oss-20b,0,أناني,0.0,AllD|TFT,1.0,0,0.0,1.0,1.0,1.0
gpt-oss-20b__noise00__game_88,agent1,gpt-oss-20b,0,متعاون,0.0667,TFT,1.0,0,0.0,1.0,1.0,1.0
gpt-oss-20b__noise00__game_88,agent2,gpt-oss-20b,0,متعاون,0.0667,TFT,1.0,0,0.0,1.0,1.0,1.0
gpt-oss-20b__noise00__game_93,agent1,gpt-oss-20b,0,متعاون,0.0333,TFT,1.0,0,0.0,1.0,1.0,1.0
gpt-oss-20b__noise00__game_93,agent2,gpt-oss-20b,0,أناني,0.0,AllD|TFT,1.0,0,0.0,1.0,1.0,1.0
gpt-oss-20b__noise00__game_95,agent1,gpt-oss-20b,0,أناني,0.0,AllD|TFT,1.0,0,0.0,1.0,1.0,1.0
gpt-oss-20b__noise00__game_95,agent2,gpt-oss-20b,0,أناني,0.0,AllD|TFT,1.0,0,0.0,1.0,1.0,1.0
gpt-oss-20b__noise00__game_92,agent1,gpt-oss-20b,0,متعاون,0.1,TFT,1.0,0,0.0,1.0,1.0,1.0
gpt-oss-20b__noise00__game_92,agent2,gpt-oss-20b,0,متعاون,0.1,TFT,1.0,0,0.0,1.0,1.0,1.0
gpt-oss-20b__noise00__game_94,agent1,gpt-oss-20b,0,أناني,0.0,AllD|TFT,1.0,0,0.0,1.0,1.0,1.0
gpt-oss-20b__noise00__game_94,agent2,gpt-oss-20b,0,متعاون,0.0333,TFT,1.0,0,0.0,1.0,1.0,1.0
gpt-oss-20b__noise00__game_99,agent1,gpt-oss-20b,0,أناني,0.0,AllD|TFT,1.0,0,0.0,1.0,1.0,1.0
gpt-oss-20b__noise00__game_99,agent2,gpt-oss-20b,0,أناني,0.0,AllD|TFT,1.0,0,0.0,1.0,1.0,1.0
gpt-oss-20b__noise00__game_96,agent1,gpt-oss-20b,0,متعاون,0.0333,TFT,1.0,0,0.0,1.0,1.0,1.0
gpt-oss-20b__noise00__game_96,agent2,gpt-oss-20b,0,متعاون,0.0333,TFT,1.0,0,0.0,1.0,1.0,1.0
gpt-oss-20b__noise00__game_98,agent1,gpt-oss-20b,0,أناني,0.0,AllD|TFT,1.0,0,0.0,1.0,1.0,1.0
gpt-oss-20b__noise00__game_98,agent2,gpt-oss-20b,0,متعاون,0.0667,TFT,1.0,0,0.0,1.0,1.0,1.0
gpt-oss-20b__noise00__game_97,agent1,gpt-oss-20b,0,متعاون,0.0667,TFT,1.0,0,0.0,1.0,1.0,1.0
gpt-oss-20b__noise00__game_97,agent2,gpt-oss-20b,0,أناني,0.0,AllD|TFT,1.0,0,0.0,1.0,1.0,1.0
gpt-oss-20b__noise00__game_102,agent1,gpt-oss-20b,0,أناني,0.0,AllD|TFT,1.0,0,0.0,1.0,1.0,1.0
gpt-oss-20b__noise00__game_102,agent2,gpt-oss-20b,0,متعاون,0.0333,TFT,1.0,0,0.0,1.0,1.0,1.0
gpt-oss-20b__noise00__game_103,agent1,gpt-oss-20b,0,أناني,0.0,AllD|TFT,1.0,0,0.0,1.0,1.0,1.0
gpt-oss-20b__noise00__game_103,agent2,gpt-oss-20b,0,أناني,0.0,AllD|TFT,1.0,0,0.0,1.0,1.0,1.0
gpt-oss-20b__noise00__game_101,agent1,gpt-oss-20b,0,متعاون,0.0667,TFT,1.0,0,0.0,1.0,1.0,1.0
gpt-oss-20b__noise00__game_101,agent2,gpt-oss-20b,0,أناني,0.0,AllD|TFT,1.0,0,0.0,1.0,1.0,1.0
gpt-oss-20b__noise00__game_100,agent1,gpt-oss-20b,0,متعاون,0.4,TFT,1.0,0,0.0,1.0,1.0,1.0
gpt-oss-20b__noise00__game_100,agent2,gpt-oss-20b,0,متعاون,0.4333,TFT,1.0,0,0.0,1.0,1.0,1.0
gpt-oss-20b__noise00__game_106,agent1,gpt-oss-20b,0,أناني,0.0,AllD|TFT,1.0,0,0.0,1.0,1.0,1.0
gpt-oss-20b__noise00__game_106,agent2,gpt-oss-20b,0,متعاون,0.0667,TFT,1.0,0,0.0,1.0,1.0,1.0
gpt-oss-20b__noise00__game_104,agent1,gpt-oss-20b,0,متعاون,0.1,TFT,1.0,0,0.0,1.0,1.0,1.0
gpt-oss-20b__noise00__game_104,agent2,gpt-oss-20b,0,متعاون,0.0667,TFT,1.0,0,0.0,1.0,1.0,1.0
gpt-oss-20b__noise00__game_105,agent1,gpt-oss-20b,0,متعاون,0.1333,TFT,1.0,0,0.0,1.0,1.0,1.0
gpt-oss-20b__noise00__game_105,agent2,gpt-oss-20b,0,أناني,0.0,AllD|TFT,1.0,0,0.0,1.0,1.0,1.0
gpt-oss-20b__noise00__game_107,agent1,gpt-oss-20b,0,أناني,0.0,AllD|TFT,1.0,0,0.0,1.0,1.0,1.0
gpt-oss-20b__noise00__game_107,agent2,gpt-oss-20b,0,أناني,0.0,AllD|TFT,1.0,0,0.0,1.0,1.0,1.0
gpt-oss-20b__noise00__game_109,agent1,gpt-oss-20b,0,متعاون,0.0333,TFT,1.0,0,0.0,1.0,1.0,1.0
gpt-oss-20b__noise00__game_109,agent2,gpt-oss-20b,0,أناني,0.0,AllD|TFT,1.0,0,0.0,1.0,1.0,1.0
gpt-oss-20b__noise00__game_108,agent1,gpt-oss-20b,0,متعاون,0.0333,TFT,1.0,0,0.0,1.0,1.0,1.0
gpt-oss-20b__noise00__game_108,agent2,gpt-oss-20b,0,متعاون,0.0333,TFT,1.0,0,0.0,1.0,1.0,1.0
gpt-oss-20b__noise00__game_110,agent1,gpt-oss-20b,0,أناني,0.0,AllD|TFT,1.0,0,0.0,1.0,1.0,1.0
gpt-oss-20b__noise00__game_110,agent2,gpt-oss-20b,0,متعاون,0.0333,TFT,1.0,0,0.0,1.0,1.0,1.0
gpt-oss-20b__noise00__game_111,agent1,gpt-oss-20b,0,أناني,0.0,AllD|TFT,1.0,0,0.0,1.0,1.0,1.0
gpt-oss-20b__noise00__game_111,agent2,gpt-oss-20b,0,أناني,0.0,AllD|TFT,1.0,0,0.0,1.0,1.0,1.0
gpt-oss-20b__noise00__game_115,agent1,gpt-oss-20b,0,أناني,0.0,AllD|TFT,1.0,0,0.0,1.0,1.0,1.0
gpt-oss-20b__noise00__game_115,agent2,gpt-oss-20b,0,أناني,0.0,AllD|TFT,1.0,0,0.0,1.0,1.0,1.0
gpt-oss-20b__noise00__game_114,agent1,gpt-oss-20b,0,أناني,0.0,AllD|TFT,1.0,0,0.0,1.0,1.0,1.0
gpt-oss-20b__noise00__game_114,agent2,gpt-oss-20b,0,متعاون,0.0,AllD|TFT,1.0,0,0.0,1.0,1.0,1.0
gpt-oss-20b__noise00__game_113,agent1,gpt-oss-20b,0,متعاون,0.0667,TFT,1.0,0,0.0,1.0,1.0,1.0
gpt-oss-20b__noise00__game_113,agent2,gpt-oss-20b,0,أناني,0.0,AllD|TFT,1.0,0,0.0,1.0,1.0,1.0
gpt-oss-20b__noise00__game_112,agent1,gpt-oss-20b,0,متعاون,0.0333,TFT,1.0,0,0.0,1.0,1.0,1.0
gpt-oss-20b__noise00__game_112,agent2,gpt-oss-20b,0,متعاون,0.0,AllD|TFT,1.0,0,0.0,1.0,1.0,1.0
gpt-oss-20b__noise00__game_119,agent1,gpt-oss-20b,0,أناني,0.0,AllD|TFT,1.0,0,0.0,1.0,1.0,1.0
gpt-oss-20b__noise00__game_119,agent2,gpt-oss-20b,0,أناني,0.0,AllD|TFT,1.0,0,0.0,1.0,1.0,1.0
gpt-oss-20b__noise00__game_116,agent1,gpt-oss-20b,0,متعاون,0.1333,TFT,1.0,0,0.0,1.0,1.0,1.0
gpt-oss-20b__noise00__game_116,agent2,gpt-oss-20b,0,متعاون,0.1,TFT,1.0,0,0.0,1.0,1.0,1.0
gpt-oss-20b__noise00__game_117,agent1,gpt-oss-20b,0,متعاون,0.0,AllD|TFT,1.0,0,0.0,1.0,1.0,1.0
gpt-oss-20b__noise00__game_117,agent2,gpt-oss-20b,0,أناني,0.0,AllD|TFT,1.0,0,0.0,1.0,1.0,1.0
gpt-oss-20b__noise00__game_118,agent1,gpt-oss-20b,0,أناني,0.0333,TFT,1.0,0,0.0,1.0,1.0,1.0
gpt-oss-20b__noise00__game_118,agent2,gpt-oss-20b,0,متعاون,0.0333,TFT,1.0,0,0.0,1.0,1.0,1.0
gpt-oss-20b__noise00__game_121,agent1,gpt-oss-20b,0,合作型的,0.0333,TFT,1.0,0,0.0,1.0,1.0,1.0
gpt-oss-20b__noise00__game_121,agent2,gpt-oss-20b,0,自私型的,0.0,AllD|TFT,1.0,0,0.0,1.0,1.0,1.0
gpt-oss-20b__noise00__game_123,agent1,gpt-oss-20b,0,自私型的,0.0,AllD|TFT,1.0,0,0.0,1.0,1.0,1.0
gpt-oss-20b__noise00__game_123,agent2,gpt-oss-20b,0,自私型的,0.0,AllD|TFT,1.0,0,0.0,1.0,1.0,1.0
gpt-oss-20b__noise00__game_120,agent1,gpt-oss-20b,0,合作型的,0.0333,TFT,1.0,0,0.0,1.0,1.0,1.0
gpt-oss-20b__noise00__game_120,agent2,gpt-oss-20b,0,合作型的,0.0333,TFT,1.0,0,0.0,1.0,1.0,1.0
gpt-oss-20b__noise00__game_122,agent1,gpt-oss-20b,0,自私型的,0.0,AllD|TFT,1.0,0,0.0,1.0,1.0,1.0
gpt-oss-20b__noise00__game_122,agent2,gpt-oss-20b,0,合作型的,0.0667,TFT,1.0,0,0.0,1.0,1.0,1.0
gpt-oss-20b__noise00__game_127,agent1,gpt-oss-20b,0,自私型的,0.0,AllD|TFT,1.0,0,0.0,1.0,1.0,1.0
gpt-oss-20b__noise00__game_127,agent2,gpt-oss-20b,0,自私型的,0.0,AllD|TFT,1.0,0,0.0,1.0,1.0,1.0
gpt-oss-20b__noise00__game_125,agent1,gpt-oss-20b,0,合作型的,0.0667,TFT,1.0,0,0.0,1.0,1.0,1.0
gpt-oss-20b__noise00__game_125,agent2,gpt-oss-20b,0,自私型的,0.0,AllD|TFT,1.0,0,0.0,1.0,1.0,1.0
gpt-oss-20b__noise00__game_126,agent1,gpt-oss-20b,0,自私型的,0.0,AllD|TFT,1.0,0,0.0,1.0,1.0,1.0
gpt-oss-20b__noise00__game_126,agent2,gpt-oss-20b,0,合作型的,0.0333,TFT,1.0,0,0.0,1.0,1.0,1.0
gpt-oss-20b__noise00__game_124,agent1,gpt-oss-20b,0,合作型的,0.0333,TFT,1.0,0,0.0,1.0,1.0,1.0
gpt-oss-20b__noise00__game_124,agent2,gpt-oss-20b,0,合作型的,0.0,AllD|TFT,1.0,0,0.0,1.0,1.0,1.0
gpt-oss-20b__noise00__game_131,agent1,gpt-oss-20b,0,自私型的,0.0,AllD|TFT,1.0,0,0.0,1.0,1.0,1.0
gpt-oss-20b__noise00__game_131,agent2,gpt-oss-20b,0,自私型的,0.0,AllD|TFT,1.0,0,0.0,1.0,1.0,1.0
gpt-oss-20b__noise00__game_129,agent1,gpt-oss-20b,0,合作型的,0.0333,TFT,1.0,0,0.0,1.0,1.0,1.0
gpt-oss-20b__noise00__game_129,agent2,gpt-oss-20b,0,自私型的,0.0,AllD|TFT,1.0,0,0.0,1.0,1.0,1.0
gpt-oss-20b__noise00__game_130,agent1,gpt-oss-20b,0,自私型的,0.0,AllD|TFT,1.0,0,0.0,1.0,1.0,1.0
gpt-oss-20b__noise00__game_130,agent2,gpt-oss-20b,0,合作型的,0.0333,TFT,1.0,0,0.0,1.0,1.0,1.0
gpt-oss-20b__noise00__game_128,agent1,gpt-oss-20b,0,合作型的,0.3,TFT,1.0,0,0.0,1.0,1.0,1.0
gpt-oss-20b__noise00__game_128,agent2,gpt-oss-20b,0,合作型的,0.3667,TFT,1.0,0,0.0,1.0,1.0,1.0
gpt-oss-20b__noise00__game_132,agent1,gpt-oss-20b,0,合作型的,0.0333,TFT,1.0,0,0.0,1.0,1.0,1.0
gpt-oss-20b__noise00__game_132,agent2,gpt-oss-20b,0,合作型的,0.0667,TFT,1.0,0,0.0,1.0,1.0,1.0
gpt-oss-20b__noise00__game_133,agent1,gpt-oss-20b,0,合作型的,0.0333,TFT,1.0,0,0.0,1.0,1.0,1.0
gpt-oss-20b__noise00__game_133,agent2,gpt-oss-20b,0,自私型的,0.0,AllD|TFT,1.0,0,0.0,1.0,1.0,1.0
gpt-oss-20b__noise00__game_134,agent1,gpt-oss-20b,0,自私型的,0.0,AllD|TFT,1.0,0,0.0,1.0,1.0,1.0
gpt-oss-20b__noise00__game_134,agent2,gpt-oss-20b,0,合作型的,0.0333,TFT,1.0,0,0.0,1.0,1.0,1.0
gpt-oss-20b__noise00__game_135,agent1,gpt-oss-20b,0,自私型的,0.0,AllD|TFT,1.0,0,0.0,1.0,1.0,1.0
gpt-oss-20b__noise00__game_135,agent2,gpt-oss-20b,0,自私型的,0.0,AllD|TFT,1.0,0,0.0,1.0,1.0,1.0
gpt-oss-20b__noise00__game_137,agent1,gpt-oss-20b,0,合作型的,0.0333,TFT,1.0,0,0.0,1.0,1.0,1.0
gpt-oss-20b__noise00__game_137,agent2,gpt-oss-20b,0,自私型的,0.0,AllD|TFT,1.0,0,0.0,1.0,1.0,1.0
gpt-oss-20b__noise00__game_136,agent1,gpt-oss-20b,0,合作型的,0.0667,TFT,1.0,0,0.0,1.0,1.0,1.0
gpt-oss-20b__noise00__game_136,agent2,gpt-oss-20b,0,合作型的,0.0667,TFT,1.0,0,0.0,1.0,1.0,1.0
gpt-oss-20b__noise00__game_138,agent1,gpt-oss-20b,0,自私型的,0.0,AllD|TFT,1.0,0,0.0,1.0,1.0,1.0
gpt-oss-20b__noise00__game_138,agent2,gpt-oss-20b,0,合作型的,0.0333,TFT,1.0,0,0.0,1.0,1.0,1.0
gpt-oss-20b__noise00__game_139,agent1,gpt-oss-20b,0,自私型的,0.0,AllD|TFT,1.0,0,0.0,1.0,1.0,1.0
gpt-oss-20b__noise00__game_139,agent2,gpt-oss-20b,0,自私型的,0.0,AllD|TFT,1.0,0,0.0,1.0,1.0,1.0
gpt-oss-20b__noise00__game_141,agent1,gpt-oss-20b,0,合作型的,0.0,AllD|TFT,1.0,0,0.0,1.0,1.0,1.0
gpt-oss-20b__noise00__game_141,agent2,gpt-oss-20b,0,自私型的,0.0,AllD|TFT,1.0,0,0.0,1.0,1.0,1.0
gpt-oss-20b__noise00__game_142,agent1,gpt-oss-20b,0,自私型的,0.0,AllD|TFT,1.0,0,0.0,1.0,1.0,1.0
gpt-oss-20b__noise00__game_142,agent2,gpt-oss-20b,0,合作型的,0.0,AllD|TFT,1.0,0,0.0,1.0,1.0,1.0
gpt-oss-20b__noise00__game_140,agent1,gpt-oss-20b,0,合作型的,0.1,TFT,1.0,0,0.0,1.0,1.0,1.0
gpt-oss-20b__noise00__game_140,agent2,gpt-oss-20b,0,合作型的,0.1333,TFT,1.0,0,0.0,1.0,1.0,1.0
gpt-oss-20b__noise00__game_143,agent1,gpt-oss-20b,0,自私型的,0.0,AllD|TFT,1.0,0,0.0,1.0,1.0,1.0
gpt-oss-20b__noise00__game_143,agent2,gpt-oss-20b,0,自私型的,0.0,AllD|TFT,1.0,0,0.0,1.0,1.0,1.0
gpt-oss-20b__noise00__game_147,agent1,gpt-oss-20b,0,自私型的,0.0,AllD|TFT,1.0,0,0.0,1.0,1.0,1.0
gpt-oss-20b__noise00__game_147,agent2,gpt-oss-20b,0,自私型的,0.0,AllD|TFT,1.0,0,0.0,1.0,1.0,1.0
gpt-oss-20b__noise00__game_146,agent1,gpt-oss-20b,0,自私型的,0.0,AllD|TFT,1.0,0,0.0,1.0,1.0,1.0
gpt-oss-20b__noise00__game_146,agent2,gpt-oss-20b,0,合作型的,0.0333,TFT,1.0,0,0.0,1.0,1.0,1.0
gpt-oss-20b__noise00__game_145,agent1,gpt-oss-20b,0,合作型的,0.0333,TFT,1.0,0,0.0,1.0,1.0,1.0
gpt-oss-20b__noise00__game_145,agent2,gpt-oss-20b,0,自私型的,0.0333,TFT,1.0,0,0.0,1.0,1.0,1.0
gpt-oss-20b__noise00__game_144,agent1,gpt-oss-20b,0,合作型的,0.0667,TFT,1.0,0,0.0,1.0,1.0,1.0
gpt-oss-20b__noise00__game_144,agent2,gpt-oss-20b,0,合作型的,0.0667,TFT,1.0,0,0.0,1.0,1.0,1.0
gpt-oss-20b__noise00__game_149,agent1,gpt-oss-20b,0,合作型的,0.0,AllD|TFT,1.0,0,0.0,1.0,1.0,1.0
gpt-oss-20b__noise00__game_149,agent2,gpt-oss-20b,0,自私型的,0.0,AllD|TFT,1.0,0,0.0,1.0,1.0,1.0
gpt-oss-20b__noise00__game_148,agent1,gpt-oss-20b,0,合作型的,0.0,AllD|TFT,1.0,0,0.0,1.0,1.0,1.0
gpt-oss-20b__noise00__game_148,agent2,gpt-oss-20b,0,合作型的,0.0333,TFT,1.0,0,0.0,1.0,1.0,1.0
gpt-oss-20b__noise00__game_150,agent1,gpt-oss-20b,0,自私型的,0.0,AllD|TFT,1.0,0,0.0,1.0,1.0,1.0
gpt-oss-20b__noise00__game_150,agent2,gpt-oss-20b,0,合作型的,0.0333,TFT,1.0,0,0.0,1.0,1.0,1.0
gpt-oss-20b__noise00__game_151,agent1,gpt-oss-20b,0,自私型的,0.0,AllD|TFT,1.0,0,0.0,1.0,1.0,1.0
gpt-oss-20b__noise00__game_151,agent2,gpt-oss-20b,0,自私型的,0.0333,TFT,1.0,0,0.0,1.0,1.0,1.0
gpt-oss-20b__noise00__game_153,agent1,gpt-oss-20b,0,合作型的,0.0333,TFT,1.0,0,0.0,1.0,1.0,1.0
gpt-oss-20b__noise00__game_153,agent2,gpt-oss-20b,0,自私型的,0.0,AllD|TFT,1.0,0,0.0,1.0,1.0,1.0
gpt-oss-20b__noise00__game_154,agent1,gpt-oss-20b,0,自私型的,0.0,AllD|TFT,1.0,0,0.0,1.0,1.0,1.0
gpt-oss-20b__noise00__game_154,agent2,gpt-oss-20b,0,合作型的,0.0333,TFT,1.0,0,0.0,1.0,1.0,1.0
gpt-oss-20b__noise00__game_155,agent1,gpt-oss-20b,0,自私型的,0.0,AllD|TFT,1.0,0,0.0,1.0,1.0,1.0
gpt-oss-20b__noise00__game_155,agent2,gpt-oss-20b,0,自私型的,0.0,AllD|TFT,1.0,0,0.0,1.0,1.0,1.0
gpt-oss-20b__noise00__game_152,agent1,gpt-oss-20b,0,合作型的,0.0667,TFT,1.0,0,0.0,1.0,1.0,1.0
gpt-oss-20b__noise00__game_152,agent2,gpt-oss-20b,0,合作型的,0.1333,TFT,1.0,0,0.0,1.0,1.0,1.0
gpt-oss-20b__noise00__game_156,agent1,gpt-oss-20b,0,合作型的,0.0333,TFT,1.0,0,0.0,1.0,1.0,1.0
gpt-oss-20b__noise00__game_156,agent2,gpt-oss-20b,0,合作型的,0.0333,TFT,1.0,0,0.0,1.0,1.0,1.0
gpt-oss-20b__noise00__game_157,agent1,gpt-oss-20b,0,合作型的,0.0333,TFT,1.0,0,0.0,1.0,1.0,1.0
gpt-oss-20b__noise00__game_157,agent2,gpt-oss-20b,0,自私型的,0.0,AllD|TFT,1.0,0,0.0,1.0,1.0,1.0
gpt-oss-20b__noise00__game_158,agent1,gpt-oss-20b,0,自私型的,0.0,AllD|TFT,1.0,0,0.0,1.0,1.0,1.0
gpt-oss-20b__noise00__game_158,agent2,gpt-oss-20b,0,合作型的,0.0333,TFT,1.0,0,0.0,1.0,1.0,1.0
gpt-oss-20b__noise00__game_159,agent1,gpt-oss-20b,0,自私型的,0.0,AllD|TFT,1.0,0,0.0,1.0,1.0,1.0
gpt-oss-20b__noise00__game_159,agent2,gpt-oss-20b,0,自私型的,0.0,AllD|TFT,1.0,0,0.0,1.0,1.0,1.0
gpt-oss-20b__noise00__game_160,agent1,gpt-oss-20b,0,một người hợp tác,0.0,AllD|TFT,1.0,0,0.0,1.0,1.0,1.0
gpt-oss-20b__noise00__game_160,agent2,gpt-oss-20b,0,một người hợp tác,0.0,AllD|TFT,1.0,0,0.0,1.0,1.0,1.0
gpt-oss-20b__noise00__game_161,agent1,gpt-oss-20b,0,một người hợp tác,0.0,AllD|TFT,1.0,0,0.0,1.0,1.0,1.0
gpt-oss-20b__noise00__game_161,agent2,gpt-oss-20b,0,một người ích kỷ,0.0,AllD|TFT,1.0,0,0.0,1.0,1.0,1.0
gpt-oss-20b__noise00__game_162,agent1,gpt-oss-20b,0,một người ích kỷ,0.0,AllD|TFT,1.0,0,0.0,1.0,1.0,1.0
gpt-oss-20b__noise00__game_162,agent2,gpt-oss-20b,0,một người hợp tác,0.0,AllD|TFT,1.0,0,0.0,1.0,1.0,1.0
gpt-oss-20b__noise00__game_163,agent1,gpt-oss-20b,0,một người ích kỷ,0.0,AllD|TFT,1.0,0,0.0,1.0,1.0,1.0
gpt-oss-20b__noise00__game_163,agent2,gpt-oss-20b,0,một người ích kỷ,0.0,AllD|TFT,1.0,0,0.0,1.0,1.0,1.0
gpt-oss-20b__noise00__game_165,agent1,gpt-oss-20b,0,một người hợp tác,0.0333,TFT,1.0,0,0.0,1.0,1.0,1.0
gpt-oss-20b__noise00__game_165,agent2,gpt-oss-20b,0,một người ích kỷ,0.0,AllD|TFT,1.0,0,0.0,1.0,1.0,1.0
gpt-oss-20b__noise00__game_164,agent1,gpt-oss-20b,0,một người hợp tác,0.0333,TFT,1.0,0,0.0,1.0,1.0,1.0
gpt-oss-20b__noise00__game_164,agent2,gpt-oss-20b,0,một người hợp tác,0.0,AllD|TFT,1.0,0,0.0,1.0,1.0,1.0
gpt-oss-20b__noise00__game_166,agent1,gpt-oss-20b,0,một người ích kỷ,0.0,AllD|TFT,1.0,0,0.0,1.0,1.0,1.0
gpt-oss-20b__noise00__game_166,agent2,gpt-oss-20b,0,một người hợp tác,0.0,AllD|TFT,1.0,0,0.0,1.0,1.0,1.0
gpt-oss-20b__noise00__game_167,agent1,gpt-oss-20b,0,một người ích kỷ,0.0,AllD|TFT,1.0,0,0.0,1.0,1.0,1.0
gpt-oss-20b__noise00__game_167,agent2,gpt-oss-20b,0,một người ích kỷ,0.0,AllD|TFT,1.0,0,0.0,1.0,1.0,1.0
gpt-oss-20b__noise00__game_169,agent1,gpt-oss-20b,0,một người hợp tác,0.0,AllD|TFT,1.0,0,0.0,1.0,1.0,1.0
gpt-oss-20b__noise00__game_169,agent2,gpt-oss-20b,0,một người ích kỷ,0.0,AllD|TFT,1.0,0,0.0,1.0,1.0,1.0
gpt-oss-20b__noise00__game_170,agent1,gpt-oss-20b,0,một người ích kỷ,0.0,AllD|TFT,1.0,0,0.0,1.0,1.0,1.0
gpt-oss-20b__noise00__game_170,agent2,gpt-oss-20b,0,một người hợp tác,0.0,AllD|TFT,1.0,0,0.0,1.0,1.0,1.0
gpt-oss-20b__noise00__game_168,agent1,gpt-oss-20b,0,một người hợp tác,0.0333,TFT,1.0,0,0.0,1.0,1.0,1.0
gpt-oss-20b__noise00__game_168,agent2,gpt-oss-20b,0,một người hợp tác,0.0,AllD|TFT,1.0,0,0.0,1.0,1.0,1.0
gpt-oss-20b__noise00__game_171,agent1,gpt-oss-20b,0,một người ích kỷ,0.0,AllD|TFT,1.0,0,0.0,1.0,1.0,1.0
gpt-oss-20b__noise00__game_171,agent2,gpt-oss-20b,0,một người ích kỷ,0.0,AllD|TFT,1.0,0,0.0,1.0,1.0,1.0
gpt-oss-20b__noise00__game_172,agent1,gpt-oss-20b,0,một người hợp tác,0.0,AllD|TFT,1.0,0,0.0,1.0,1.0,1.0
gpt-oss-20b__noise00__game_172,agent2,gpt-oss-20b,0,một người hợp tác,0.0333,TFT,1.0,0,0.0,1.0,1.0,1.0
gpt-oss-20b__noise00__game_173,agent1,gpt-oss-20b,0,một người hợp tác,0.0333,TFT,1.0,0,0.0,1.0,1.0,1.0
gpt-oss-20b__noise00__game_173,agent2,gpt-oss-20b,0,một người ích kỷ,0.0,AllD|TFT,1.0,0,0.0,1.0,1.0,1.0
gpt-oss-20b__noise00__game_174,agent1,gpt-oss-20b,0,một người ích kỷ,0.0,AllD|TFT,1.0,0,0.0,1.0,1.0,1.0
gpt-oss-20b__noise00__game_174,agent2,gpt-oss-20b,0,một người hợp tác,0.0,AllD|TFT,1.0,0,0.0,1.0,1.0,1.0
gpt-oss-20b__noise00__game_175,agent1,gpt-oss-20b,0,một người ích kỷ,0.0,AllD|TFT,1.0,0,0.0,1.0,1.0,1.0
gpt-oss-20b__noise00__game_175,agent2,gpt-oss-20b,0,một người ích kỷ,0.0,AllD|TFT,1.0,0,0.0,1.0,1.0,1.0
gpt-oss-20b__noise00__game_177,agent1,gpt-oss-20b,0,một người hợp tác,0.0,AllD|TFT,1.0,0,0.0,1.0,1.0,1.0
gpt-oss-20b__noise00__game_177,agent2,gpt-oss-20b,0,một người ích kỷ,0.0,AllD|TFT,1.0,0,0.0,1.0,1.0,1.0
gpt-oss-20b__noise00__game_176,agent1,gpt-oss-20b,0,một người hợp tác,0.0,AllD|TFT,1.0,0,0.0,1.0,1.0,1.0
gpt-oss-20b__noise00__game_176,agent2,gpt-oss-20b,0,một người hợp tác,0.0333,TFT,1.0,0,0.0,1.0,1.0,1.0
gpt-oss-20b__noise00__game_178,agent1,gpt-oss-20b,0,một người ích kỷ,0.0,AllD|TFT,1.0,0,0.0,1.0,1.0,1.0
gpt-oss-20b__noise00__game_178,agent2,gpt-oss-20b,0,một người hợp tác,0.0333,TFT,1.0,0,0.0,1.0,1.0,1.0
gpt-oss-20b__noise00__game_179,agent1,gpt-oss-20b,0,một người ích kỷ,0.0,AllD|TFT,1.0,0,0.0,1.0,1.0,1.0
gpt-oss-20b__noise00__game_179,agent2,gpt-oss-20b,0,một người ích kỷ,0.0,AllD|TFT,1.0,0,0.0,1.0,1.0,1.0
gpt-oss-20b__noise00__game_180,agent1,gpt-oss-20b,0,một người hợp tác,0.0,AllD|TFT,1.0,0,0.0,1.0,1.0,1.0
gpt-oss-20b__noise00__game_180,agent2,gpt-oss-20b,0,một người hợp tác,0.0,AllD|TFT,1.0,0,0.0,1.0,1.0,1.0
gpt-oss-20b__noise00__game_183,agent1,gpt-oss-20b,0,một người ích kỷ,0.0,AllD|TFT,1.0,0,0.0,1.0,1.0,1.0
gpt-oss-20b__noise00__game_183,agent2,gpt-oss-20b,0,một người ích kỷ,0.0,AllD|TFT,1.0,0,0.0,1.0,1.0,1.0
gpt-oss-20b__noise00__game_182,agent1,gpt-oss-20b,0,một người ích kỷ,0.0,AllD|TFT,1.0,0,0.0,1.0,1.0,1.0
gpt-oss-20b__noise00__game_182,agent2,gpt-oss-20b,0,một người hợp tác,0.0,AllD|TFT,1.0,0,0.0,1.0,1.0,1.0
gpt-oss-20b__noise00__game_181,agent1,gpt-oss-20b,0,một người hợp tác,0.0,AllD|TFT,1.0,0,0.0,1.0,1.0,1.0
gpt-oss-20b__noise00__game_181,agent2,gpt-oss-20b,0,một người ích kỷ,0.0,AllD|TFT,1.0,0,0.0,1.0,1.0,1.0
gpt-oss-20b__noise00__game_187,agent1,gpt-oss-20b,0,một người ích kỷ,0.0,AllD|TFT,1.0,0,0.0,1.0,1.0,1.0
gpt-oss-20b__noise00__game_187,agent2,gpt-oss-20b,0,một người ích kỷ,0.0,AllD|TFT,1.0,0,0.0,1.0,1.0,1.0
gpt-oss-20b__noise00__game_185,agent1,gpt-oss-20b,0,một người hợp tác,0.0333,TFT,1.0,0,0.0,1.0,1.0,1.0
gpt-oss-20b__noise00__game_185,agent2,gpt-oss-20b,0,một người ích kỷ,0.0,AllD|TFT,1.0,0,0.0,1.0,1.0,1.0
gpt-oss-20b__noise00__game_186,agent1,gpt-oss-20b,0,một người ích kỷ,0.0,AllD|TFT,1.0,0,0.0,1.0,1.0,1.0
gpt-oss-20b__noise00__game_186,agent2,gpt-oss-20b,0,một người hợp tác,0.0,AllD|TFT,1.0,0,0.0,1.0,1.0,1.0
gpt-oss-20b__noise00__game_184,agent1,gpt-oss-20b,0,một người hợp tác,0.0333,TFT,1.0,0,0.0,1.0,1.0,1.0
gpt-oss-20b__noise00__game_184,agent2,gpt-oss-20b,0,một người hợp tác,0.0333,TFT,1.0,0,0.0,1.0,1.0,1.0
gpt-oss-20b__noise00__game_189,agent1,gpt-oss-20b,0,một người hợp tác,0.0333,TFT,1.0,0,0.0,1.0,1.0,1.0
gpt-oss-20b__noise00__game_189,agent2,gpt-oss-20b,0,một người ích kỷ,0.0,AllD|TFT,1.0,0,0.0,1.0,1.0,1.0
gpt-oss-20b__noise00__game_191,agent1,gpt-oss-20b,0,một người ích kỷ,0.0,AllD|TFT,1.0,0,0.0,1.0,1.0,1.0
gpt-oss-20b__noise00__game_191,agent2,gpt-oss-20b,0,một người ích kỷ,0.0,AllD|TFT,1.0,0,0.0,1.0,1.0,1.0
gpt-oss-20b__noise00__game_190,agent1,gpt-oss-20b,0,một người ích kỷ,0.0,AllD|TFT,1.0,0,0.0,1.0,1.0,1.0
gpt-oss-20b__noise00__game_190,agent2,gpt-oss-20b,0,một người hợp tác,0.0333,TFT,1.0,0,0.0,1.0,1.0,1.0
gpt-oss-20b__noise00__game_188,agent1,gpt-oss-20b,0,một người hợp tác,0.1667,TFT,1.0,0,0.0,1.0,1.0,1.0
gpt-oss-20b__noise00__game_188,agent2,gpt-oss-20b,0,một người hợp tác,0.1333,TFT,1.0,0,0.0,1.0,1.0,1.0
gpt-oss-20b__noise00__game_193,agent1,gpt-oss-20b,0,một người hợp tác,0.0,AllD|TFT,1.0,0,0.0,1.0,1.0,1.0
gpt-oss-20b__noise00__game_193,agent2,gpt-oss-20b,0,một người ích kỷ,0.0,AllD|TFT,1.0,0,0.0,1.0,1.0,1.0
gpt-oss-20b__noise00__game_194,agent1,gpt-oss-20b,0,một người ích kỷ,0.0,AllD|TFT,1.0,0,0.0,1.0,1.0,1.0
gpt-oss-20b__noise00__game_194,agent2,gpt-oss-20b,0,một người hợp tác,0.0,AllD|TFT,1.0,0,0.0,1.0,1.0,1.0
gpt-oss-20b__noise00__game_192,agent1,gpt-oss-20b,0,một người hợp tác,0.0667,TFT,1.0,0,0.0,1.0,1.0,1.0
gpt-oss-20b__noise00__game_192,agent2,gpt-oss-20b,0,một người hợp tác,0.1,TFT,1.0,0,0.0,1.0,1.0,1.0
gpt-oss-20b__noise00__game_195,agent1,gpt-oss-20b,0,một người ích kỷ,0.0,AllD|TFT,1.0,0,0.0,1.0,1.0,1.0
gpt-oss-20b__noise00__game_195,agent2,gpt-oss-20b,0,một người ích kỷ,0.0,AllD|TFT,1.0,0,0.0,1.0,1.0,1.0
gpt-oss-20b__noise00__game_196,agent1,gpt-oss-20b,0,một người hợp tác,0.0,AllD|TFT,1.0,0,0.0,1.0,1.0,1.0
gpt-oss-20b__noise00__game_196,agent2,gpt-oss-20b,0,một người hợp tác,0.0333,TFT,1.0,0,0.0,1.0,1.0,1.0
gpt-oss-20b__noise00__game_197,agent1,gpt-oss-20b,0,một người hợp tác,0.0,AllD|TFT,1.0,0,0.0,1.0,1.0,1.0
gpt-oss-20b__noise00__game_197,agent2,gpt-oss-20b,0,một người ích kỷ,0.0,AllD|TFT,1.0,0,0.0,1.0,1.0,1.0
gpt-oss-20b__noise00__game_198,agent1,gpt-oss-20b,0,một người ích kỷ,0.0,AllD|TFT,1.0,0,0.0,1.0,1.0,1.0
gpt-oss-20b__noise00__game_198,agent2,gpt-oss-20b,0,một người hợp tác,0.0333,TFT,1.0,0,0.0,1.0,1.0,1.0
gpt-oss-20b__noise00__game_199,agent1,gpt-oss-20b,0,một người ích kỷ,0.0,AllD|TFT,1.0,0,0.0,1.0,1.0,1.0
gpt-oss-20b__noise00__game_199,agent2,gpt-oss-20b,0,một người ích kỷ,0.0,AllD|TFT,1.0,0,0.0,1.0,1.0,1.0
gpt-oss-20b__noise00__game_202,agent1,gpt-oss-20b,0,egoista,0.0,AllD|TFT,1.0,0,0.0,0.0,1.0,0.9655172413793104
gpt-oss-20b__noise00__game_202,agent2,gpt-oss-20b,0,cooperativo,0.0333,TFT,1.0,1,0.0,1.0,0.0,1.0
gpt-oss-20b__noise00__game_201,agent1,gpt-oss-20b,0,cooperativo,0.3667,TFT,0.967010498046875,1,0.9090909090909091,0.5454545454545454,0.0,0.6551724137931034
gpt-oss-20b__noise00__game_201,agent2,gpt-oss-20b,0,egoista,0.0,AllD,1.0,0,0.0,0.0,1.0,0.6206896551724138
gpt-oss-20b__noise00__game_203,agent1,gpt-oss-20b,0,egoista,0.0,AllD|TFT,1.0,0,0.0,1.0,1.0,1.0
gpt-oss-20b__noise00__game_203,agent2,gpt-oss-20b,0,egoista,0.0,AllD|TFT,1.0,0,0.0,1.0,1.0,1.0
gpt-oss-20b__noise00__game_205,agent1,gpt-oss-20b,0,cooperativo,0.0333,TFT,1.0,1,0.0,1.0,0.0,1.0
gpt-oss-20b__noise00__game_205,agent2,gpt-oss-20b,0,egoista,0.0,AllD|TFT,1.0,0,0.0,0.0,1.0,0.9655172413793104
gpt-oss-20b__noise00__game_200,agent1,gpt-oss-20b,0,cooperativo,0.3333,AllD,0.821474552154541,0,0.8,0.8333333333333334,0.625,0.6206896551724138
gpt-oss-20b__noise00__game_200,agent2,gpt-oss-20b,0,cooperativo,0.2333,TFT,0.6514735221862793,1,0.4444444444444444,0.8,0.5454545454545454,0.7241379310344828
gpt-oss-20b__noise00__game_206,agent1,gpt-oss-20b,0,egoista,0.0,AllD|TFT,1.0,0,0.0,0.0,1.0,0.9655172413793104
gpt-oss-20b__noise00__game_206,agent2,gpt-oss-20b,0,cooperativo,0.0333,TFT,1.0,1,0.0,1.0,0.0,1.0
gpt-oss-20b__noise00__game_204,agent1,gpt-oss-20b,0,cooperativo,0.6,AllC,0.3657553493976593,0,1.0,0.8,0.125,0.7931034482758621
gpt-oss-20b__noise00__game_204,agent2,gpt-oss-20b,0,cooperativo,0.5333,AllC,0.3657553493976593,1,0.375,1.0,0.2631578947368421,0.7586206896551724
gpt-oss-20b__noise00__game_207,agent1,gpt-oss-20b,0,egoista,0.0,AllD|TFT,1.0,0,0.0,1.0,1.0,1.0
gpt-oss-20b__noise00__game_207,agent2,gpt-oss-20b,0,egoista,0.0,AllD|TFT,1.0,0,0.0,1.0,1.0,1.0
gpt-oss-20b__noise00__game_208,agent1,gpt-oss-20b,0,cooperativo,0.9667,TFT|WSLS,1.0,0,0.0,0.0,0.03333333333333333,0.9655172413793104
gpt-oss-20b__noise00__game_208,agent2,gpt-oss-20b,0,cooperativo,1.0,AllC|TFT|WSLS,1.0,1,0.0,0.0,0.0,1.0
gpt-oss-20b__noise00__game_209,agent1,gpt-oss-20b,0,cooperativo,0.2,TFT,0.9657498002052307,1,0.8333333333333334,1.0,0.0,0.8275862068965517
gpt-oss-20b__noise00__game_209,agent2,gpt-oss-20b,0,egoista,0.0,AllD,1.0,0,0.0,0.0,1.0,0.8275862068965517
gpt-oss-20b__noise00__game_211,agent1,gpt-oss-20b,0,egoista,0.0,AllD|TFT,1.0,0,0.0,1.0,1.0,1.0
gpt-oss-20b__noise00__game_211,agent2,gpt-oss-20b,0,egoista,0.0,AllD|TFT,1.0,0,0.0,1.0,1.0,1.0
gpt-oss-20b__noise00__game_210,agent1,gpt-oss-20b,0,egoista,0.0,AllD|TFT,1.0,0,0.0,0.0,1.0,0.9310344827586207
gpt-oss-20b__noise00__game_210,agent2,gpt-oss-20b,0,cooperativo,0.0667,TFT,1.0,1,0.5,1.0,0.0,0.9655172413793104
gpt-oss-20b__noise00__game_213,agent1,gpt-oss-20b,0,cooperativo,0.0667,TFT,1.0,1,0.5,1.0,0.0,0.9655172413793104
gpt-oss-20b__noise00__game_213,agent2,gpt-oss-20b,0,egoista,0.0,AllD|TFT,1.0,0,0.0,0.0,1.0,0.9310344827586207
gpt-oss-20b__noise00__game_215,agent1,gpt-oss-20b,0,egoista,0.0,AllD|TFT,1.0,0,0.0,1.0,1.0,1.0
gpt-oss-20b__noise00__game_215,agent2,gpt-oss-20b,0,egoista,0.0,AllD|TFT,1.0,0,0.0,1.0,1.0,1.0
gpt-oss-20b__noise00__game_214,agent1,gpt-oss-20b,0,egoista,0.0,AllD|TFT,1.0,0,0.0,0.0,1.0,0.9655172413793104
gpt-oss-20b__noise00__game_214,agent2,gpt-oss-20b,0,cooperativo,0.0333,TFT,1.0,1,0.0,1.0,0.0,1.0
gpt-oss-20b__noise00__game_212,agent1,gpt-oss-20b,0,cooperativo,0.1667,TFT,1.0,1,0.5714285714285714,1.0,0.4,0.8620689655172413
gpt-oss-20b__noise00__game_212,agent2,gpt-oss-20b,0,cooperativo,0.1333,TFT,1.0,0,0.6666666666666666,1.0,0.5,0.896551724137931
gpt-oss-20b__noise00__game_217,agent1,gpt-oss-20b,0,cooperativo,0.0667,TFT,1.0,1,0.5,1.0,0.0,0.9655172413793104
gpt-oss-20b__noise00__game_217,agent2,gpt-oss-20b,0,egoista,0.0,AllD|TFT,1.0,0,0.0,0.0,1.0,0.9310344827586207
gpt-oss-20b__noise00__game_216,agent1,gpt-oss-20b,0,cooperativo,0.0333,TFT,1.0,1,0.0,1.0,0.5,0.9655172413793104
gpt-oss-20b__noise00__game_216,agent2,gpt-oss-20b,0,cooperativo,0.0333,TFT,1.0,0,0.5,1.0,1.0,0.9310344827586207
gpt-oss-20b__noise00__game_219,agent1,gpt-oss-20b,0,egoista,0.0,AllD|TFT,1.0,0,0.0,1.0,1.0,1.0
gpt-oss-20b__noise00__game_219,agent2,gpt-oss-20b,0,egoista,0.0,AllD|TFT,1.0,0,0.0,1.0,1.0,1.0
gpt-oss-20b__noise00__game_218,agent1,gpt-oss-20b,0,egoista,0.0333,AllD,0.9997890591621399,0,0.25,1.0,1.0,0.8620689655172413
gpt-oss-20b__noise00__game_218,agent2,gpt-oss-20b,0,cooperativo,0.1,TFT,1.0,1,0.5,1.0,0.5,0.896551724137931
gpt-oss-20b__noise00__game_221,agent1,gpt-oss-20b,0,cooperativo,0.1,TFT,1.0,1,0.6666666666666666,0.75,0.0,0.9310344827586207
gpt-oss-20b__noise00__game_221,agent2,gpt-oss-20b,0,egoista,0.0,AllD|TFT,1.0,0,0.0,0.0,1.0,0.896551724137931
gpt-oss-20b__noise00__game_222,agent1,gpt-oss-20b,0,egoista,0.0,AllD|TFT,1.0,0,0.0,0.0,1.0,0.9310344827586207
gpt-oss-20b__noise00__game_222,agent2,gpt-oss-20b,0,cooperativo,0.0667,TFT,1.0,1,0.5,1.0,0.0,0.9655172413793104
gpt-oss-20b__noise00__game_223,agent1,gpt-oss-20b,0,egoista,0.0,AllD|TFT,1.0,0,0.0,1.0,1.0,1.0
gpt-oss-20b__noise00__game_223,agent2,gpt-oss-20b,0,egoista,0.0,AllD|TFT,1.0,0,0.0,1.0,1.0,1.0
gpt-oss-20b__noise00__game_220,agent1,gpt-oss-20b,0,cooperativo,0.1333,TFT,1.0,0,0.0,1.0,0.3333333333333333,0.9310344827586207
gpt-oss-20b__noise00__game_220,agent2,gpt-oss-20b,0,cooperativo,0.1667,TFT,1.0,1,0.3333333333333333,1.0,0.2,0.9310344827586207
gpt-oss-20b__noise00__game_224,agent1,gpt-oss-20b,0,cooperativo,0.3333,TFT,1.0,0,0.0,1.0,0.09090909090909091,0.9655172413793104
gpt-oss-20b__noise00__game_224,agent2,gpt-oss-20b,0,cooperativo,0.3333,TFT,1.0,0,0.0,1.0,0.09090909090909091,0.9655172413793104
gpt-oss-20b__noise00__game_225,agent1,gpt-oss-20b,0,cooperativo,0.0333,TFT,1.0,1,0.0,1.0,0.0,1.0
gpt-oss-20b__noise00__game_225,agent2,gpt-oss-20b,0,egoista,0.0,AllD|TFT,1.0,0,0.0,0.0,1.0,0.9655172413793104
gpt-oss-20b__noise00__game_227,agent1,gpt-oss-20b,0,egoista,0.0,AllD|TFT,1.0,0,0.0,1.0,1.0,1.0
gpt-oss-20b__noise00__game_227,agent2,gpt-oss-20b,0,egoista,0.0,AllD|TFT,1.0,0,0.0,1.0,1.0,1.0
gpt-oss-20b__noise00__game_226,agent1,gpt-oss-20b,0,egoista,0.0,AllD|TFT,1.0,0,0.0,1.0,1.0,0.9310344827586207
gpt-oss-20b__noise00__game_226,agent2,gpt-oss-20b,0,cooperativo,0.1,TFT,1.0,0,0.75,1.0,1.0,0.896551724137931
gpt-oss-20b__noise00__game_229,agent1,gpt-oss-20b,0,cooperativo,0.0667,TFT,1.0,1,0.5,1.0,0.0,0.9655172413793104
gpt-oss-20b__noise00__game_229,agent2,gpt-oss-20b,0,egoista,0.0,AllD|TFT,1.0,0,0.0,0.0,1.0,0.9310344827586207
gpt-oss-20b__noise00__game_230,agent1,gpt-oss-20b,0,egoista,0.0,AllD|TFT,1.0,0,0.0,0.0,1.0,0.9655172413793104
gpt-oss-20b__noise00__game_230,agent2,gpt-oss-20b,0,cooperativo,0.0333,TFT,1.0,1,0.0,1.0,0.0,1.0
gpt-oss-20b__noise00__game_228,agent1,gpt-oss-20b,0,cooperativo,0.1667,TFT,1.0,1,0.5,1.0,0.0,0.9655172413793104
gpt-oss-20b__noise00__game_228,agent2,gpt-oss-20b,0,cooperativo,0.1,TFT,1.0,0,0.0,0.0,0.5,0.896551724137931
gpt-oss-20b__noise00__game_231,agent1,gpt-oss-20b,0,egoista,0.0,AllD|TFT,1.0,0,0.0,1.0,1.0,0.9655172413793104
gpt-oss-20b__noise00__game_231,agent2,gpt-oss-20b,0,egoista,0.0333,TFT,1.0,0,0.5,1.0,1.0,0.9655172413793104
gpt-oss-20b__noise00__game_234,agent1,gpt-oss-20b,0,egoista,0.0,AllD|TFT,1.0,0,0.0,0.0,1.0,0.9655172413793104
gpt-oss-20b__noise00__game_234,agent2,gpt-oss-20b,0,cooperativo,0.0333,TFT,1.0,1,0.0,1.0,0.0,1.0
gpt-oss-20b__noise00__game_233,agent1,gpt-oss-20b,0,cooperativo,0.0667,TFT,1.0,1,0.5,0.6666666666666666,0.0,0.9655172413793104
gpt-oss-20b__noise00__game_233,agent2,gpt-oss-20b,0,egoista,0.0,AllD|TFT,1.0,0,0.0,0.0,1.0,0.9310344827586207
gpt-oss-20b__noise00__game_232,agent1,gpt-oss-20b,0,cooperativo,0.1,TFT,1.0,0,0.0,1.0,0.4,0.9310344827586207
gpt-oss-20b__noise00__game_232,agent2,gpt-oss-20b,0,cooperativo,0.1333,TFT,1.0,1,0.3333333333333333,1.0,0.25,0.9310344827586207
gpt-oss-20b__noise00__game_235,agent1,gpt-oss-20b,0,egoista,0.0333,TFT,1.0,0,0.5,1.0,1.0,0.9655172413793104
gpt-oss-20b__noise00__game_235,agent2,gpt-oss-20b,0,egoista,0.0,AllD|TFT,1.0,0,0.0,1.0,1.0,0.9655172413793104
gpt-oss-20b__noise00__game_237,agent1,gpt-oss-20b,0,cooperativo,0.0667,TFT,1.0,1,0.5,1.0,0.0,0.9655172413793104
gpt-oss-20b__noise00__game_237,agent2,gpt-oss-20b,0,egoista,0.0,AllD|TFT,1.0,0,0.0,0.0,1.0,0.9310344827586207
gpt-oss-20b__noise00__game_238,agent1,gpt-oss-20b,0,egoista,0.0,AllD|TFT,1.0,0,0.0,0.0,1.0,0.9310344827586207
gpt-oss-20b__noise00__game_238,agent2,gpt-oss-20b,0,cooperativo,0.0667,TFT,1.0,1,0.5,1.0,0.0,0.9655172413793104
gpt-oss-20b__noise00__game_239,agent1,gpt-oss-20b,0,egoista,0.0,AllD|TFT,1.0,0,0.0,1.0,1.0,1.0
gpt-oss-20b__noise00__game_239,agent2,gpt-oss-20b,0,egoista,0.0,AllD|TFT,1.0,0,0.0,1.0,1.0,1.0
gpt-oss-20b__noise00__game_236,agent1,gpt-oss-20b,0,cooperativo,0.6,TFT,1.0,1,0.25,0.0,0.15,0.8620689655172413
gpt-oss-20b__noise00__game_236,agent2,gpt-oss-20b,0,cooperativo,0.6333,TFT,1.0,0,0.6666666666666666,0.6666666666666666,0.05263157894736842,0.9655172413793104
gpt-oss-20b__noise05__game_3,agent1,gpt-oss-20b,5,selfish,0.0,AllD|TFT,1.0,0,0.0,1.0,1.0,0.9655172413793104
gpt-oss-20b__noise05__game_3,agent2,gpt-oss-20b,5,selfish,0.0333,TFT,1.0,0,0.5,1.0,1.0,0.9655172413793104
gpt-oss-20b__noise05__game_2,agent1,gpt-oss-20b,5,selfish,0.0333,TFT,1.0,0,0.5,1.0,1.0,0.9655172413793104
gpt-oss-20b__noise05__game_2,agent2,gpt-oss-20b,5,cooperative,0.0,AllD|TFT,1.0,0,0.0,1.0,1.0,0.9655172413793104
gpt-oss-20b__noise05__game_1,agent1,gpt-oss-20b,5,cooperative,0.0,AllD|TFT,1.0,0,0.0,1.0,1.0,0.9310344827586207
gpt-oss-20b__noise05__game_1,agent2,gpt-oss-20b,5,selfish,0.0667,TFT,1.0,0,0.6666666666666666,1.0,1.0,0.9310344827586207
gpt-oss-20b__noise05__game_0,agent1,gpt-oss-20b,5,cooperative,0.0,AllD|TFT,1.0,0,0.0,1.0,1.0,0.9655172413793104
gpt-oss-20b__noise05__game_0,agent2,gpt-oss-20b,5,cooperative,0.0333,TFT,1.0,0,0.5,1.0,1.0,0.9655172413793104
gpt-oss-20b__noise05__game_6,agent1,gpt-oss-20b,5,selfish,0.0333,TFT,1.0,0,0.3333333333333333,1.0,1.0,0.9310344827586207
gpt-oss-20b__noise05__game_6,agent2,gpt-oss-20b,5,cooperative,0.0333,TFT,1.0,0,0.3333333333333333,1.0,1.0,0.9310344827586207
gpt-oss-20b__noise05__game_7,agent1,gpt-oss-20b,5,selfish,0.1,AllD,0.9996389150619507,0,0.42857142857142855,1.0,1.0,0.7931034482758621
gpt-oss-20b__noise05__game_7,agent2,gpt-oss-20b,5,selfish,0.1,AllD,0.9971984624862671,0,0.42857142857142855,0.75,1.0,0.7931034482758621
gpt-oss-20b__noise05__game_4,agent1,gpt-oss-20b,5,cooperative,0.1,TFT,1.0,1,0.4,1.0,0.5,0.896551724137931
gpt-oss-20b__noise05__game_4,agent2,gpt-oss-20b,5,cooperative,0.1,AllD,0.9939013719558716,0,0.6,1.0,0.75,0.8620689655172413
gpt-oss-20b__noise05__game_5,agent1,gpt-oss-20b,5,cooperative,0.1,TFT,1.0,1,0.5,1.0,0.5,0.896551724137931
gpt-oss-20b__noise05__game_5,agent2,gpt-oss-20b,5,selfish,0.0333,AllD,0.9996212720870972,0,0.25,1.0,1.0,0.8620689655172413
gpt-oss-20b__noise05__game_8,agent1,gpt-oss-20b,5,cooperative,0.0,AllD|TFT,1.0,0,0.0,1.0,1.0,0.9655172413793104
gpt-oss-20b__noise05__game_8,agent2,gpt-oss-20b,5,cooperative,0.0333,TFT,1.0,0,0.5,1.0,1.0,0.9655172413793104
gpt-oss-20b__noise05__game_10,agent1,gpt-oss-20b,5,selfish,0.0,AllD|TFT,1.0,0,0.0,1.0,1.0,0.9310344827586207
gpt-oss-20b__noise05__game_10,agent2,gpt-oss-20b,5,cooperative,0.0667,TFT,1.0,0,0.6666666666666666,1.0,1.0,0.9310344827586207
gpt-oss-20b__noise05__game_9,agent1,gpt-oss-20b,5,cooperative,0.0,AllD|TFT,1.0,0,0.0,1.0,1.0,0.9655172413793104
gpt-oss-20b__noise05__game_9,agent2,gpt-oss-20b,5,selfish,0.0333,TFT,1.0,0,0.5,1.0,1.0,0.9655172413793104
gpt-oss-20b__noise05__game_11,agent1,gpt-oss-20b,5,selfish,0.0333,TFT,1.0,0,0.25,1.0,1.0,0.896551724137931
gpt-oss-20b__noise05__game_11,agent2,gpt-oss-20b,5,selfish,0.0667,TFT,1.0,0,0.5,1.0,1.0,0.896551724137931
gpt-oss-20b__noise05__game_14,agent1,gpt-oss-20b,5,selfish,0.0333,TFT,1.0,1,0.0,1.0,0.6666666666666666,0.9310344827586207
gpt-oss-20b__noise05__game_14,agent2,gpt-oss-20b,5,cooperative,0.0667,TFT,1.0,0,0.6666666666666666,1.0,1.0,0.896551724137931
gpt-oss-20b__noise05__game_13,agent1,gpt-oss-20b,5,cooperative,0.0,AllD|TFT,1.0,0,0.0,1.0,1.0,0.9310344827586207
gpt-oss-20b__noise05__game_13,agent2,gpt-oss-20b,5,selfish,0.0667,TFT,1.0,0,0.6666666666666666,1.0,1.0,0.9310344827586207
gpt-oss-20b__noise05__game_12,agent1,gpt-oss-20b,5,cooperative,0.0333,TFT,1.0,0,0.0,1.0,0.75,0.896551724137931
gpt-oss-20b__noise05__game_12,agent2,gpt-oss-20b,5,cooperative,0.1,TFT,1.0,0,0.6666666666666666,1.0,0.5,0.896551724137931
gpt-oss-20b__noise05__game_15,agent1,gpt-oss-20b,5,selfish,0.0667,TFT,1.0,0,0.5,1.0,1.0,0.896551724137931
gpt-oss-20b__noise05__game_15,agent2,gpt-oss-20b,5,selfish,0.0333,TFT,1.0,0,0.25,1.0,1.0,0.896551724137931
gpt-oss-20b__noise05__game_16,agent1,gpt-oss-20b,5,cooperative,0.1,AllD,0.9967799782752991,0,0.75,1.0,1.0,0.8620689655172413
gpt-oss-20b__noise05__game_16,agent2,gpt-oss-20b,5,cooperative,0.0333,AllD,0.9967799782752991,0,0.25,1.0,1.0,0.8620689655172413
gpt-oss-20b__noise05__game_17,agent1,gpt-oss-20b,5,cooperative,0.0333,TFT,1.0,0,0.25,1.0,1.0,0.896551724137931
gpt-oss-20b__noise05__game_17,agent2,gpt-oss-20b,5,selfish,0.0667,TFT,1.0,0,0.5,1.0,1.0,0.896551724137931
gpt-oss-20b__noise05__game_18,agent1,gpt-oss-20b,5,selfish,0.0667,AllD,0.9983273148536682,0,0.2857142857142857,1.0,1.0,0.7586206896551724
gpt-oss-20b__noise05__game_18,agent2,gpt-oss-20b,5,cooperative,0.2,AllD,0.9429866075515747,0,0.8571428571428571,1.0,0.6666666666666666,0.7931034482758621
gpt-oss-20b__noise05__game_19,agent1,gpt-oss-20b,5,selfish,0.0,AllD|TFT,1.0,0,0.0,1.0,1.0,0.9310344827586207
gpt-oss-20b__noise05__game_19,agent2,gpt-oss-20b,5,selfish,0.0667,TFT,1.0,0,0.6666666666666666,0.6666666666666666,1.0,0.9310344827586207
gpt-oss-20b__noise05__game_21,agent1,gpt-oss-20b,5,cooperative,0.0333,TFT,1.0,0,0.5,1.0,1.0,0.9655172413793104
gpt-oss-20b__noise05__game_21,agent2,gpt-oss-20b,5,selfish,0.0,AllD|TFT,1.0,0,0.0,1.0,1.0,0.9655172413793104
gpt-oss-20b__noise05__game_20,agent1,gpt-oss-20b,5,cooperative,0.1,TFT,1.0,0,0.75,0.75,1.0,0.896551724137931
gpt-oss-20b__noise05__game_20,agent2,gpt-oss-20b,5,cooperative,0.0333,AllD,0.9999755620956421,0,0.2,1.0,1.0,0.8620689655172413
gpt-oss-20b__noise05__game_22,agent1,gpt-oss-20b,5,selfish,0.0667,AllD,0.999983549118042,0,0.2857142857142857,1.0,1.0,0.7586206896551724
gpt-oss-20b__noise05__game_22,agent2,gpt-oss-20b,5,cooperative,0.1667,AllD,0.9968788623809814,0,0.7142857142857143,1.0,1.0,0.7586206896551724
gpt-oss-20b__noise05__game_23,agent1,gpt-oss-20b,5,selfish,0.0333,TFT,1.0,0,0.25,1.0,1.0,0.896551724137931
gpt-oss-20b__noise05__game_23,agent2,gpt-oss-20b,5,selfish,0.0667,TFT,1.0,0,0.5,1.0,1.0,0.896551724137931
gpt-oss-20b__noise05__game_26,agent1,gpt-oss-20b,5,selfish,0.0,AllD|TFT,1.0,0,0.0,1.0,1.0,0.9655172413793104
gpt-oss-20b__noise05__game_26,agent2,gpt-oss-20b,5,cooperative,0.0333,TFT,1.0,0,0.5,1.0,1.0,0.9655172413793104
gpt-oss-20b__noise05__game_24,agent1,gpt-oss-20b,5,cooperative,0.0333,TFT,1.0,0,0.25,1.0,1.0,0.896551724137931
gpt-oss-20b__noise05__game_24,agent2,gpt-oss-20b,5,cooperative,0.0667,TFT,1.0,0,0.5,1.0,1.0,0.896551724137931
gpt-oss-20b__noise05__game_25,agent1,gpt-oss-20b,5,cooperative,0.1,TFT,1.0,0,0.75,1.0,1.0,0.896551724137931
gpt-oss-20b__noise05__game_25,agent2,gpt-oss-20b,5,selfish,0.0,AllD|TFT,1.0,0,0.0,1.0,1.0,0.896551724137931
gpt-oss-20b__noise05__game_27,agent1,gpt-oss-20b,5,selfish,0.1,TFT,0.5509023666381836,1,0.4,1.0,0.75,0.8275862068965517
gpt-oss-20b__noise05__game_27,agent2,gpt-oss-20b,5,selfish,0.1,AllD,0.9999037981033325,0,0.6,1.0,1.0,0.7931034482758621
gpt-oss-20b__noise05__game_28,agent1,gpt-oss-20b,5,cooperative,0.0,AllD|TFT,1.0,0,0.0,1.0,1.0,0.9310344827586207
gpt-oss-20b__noise05__game_28,agent2,gpt-oss-20b,5,cooperative,0.0667,TFT,1.0,0,0.6666666666666666,1.0,1.0,0.9310344827586207
gpt-oss-20b__noise05__game_30,agent1,gpt-oss-20b,5,selfish,0.0333,TFT,1.0,0,0.5,1.0,1.0,0.9655172413793104
gpt-oss-20b__noise05__game_30,agent2,gpt-oss-20b,5,cooperative,0.0,AllD|TFT,1.0,0,0.0,1.0,1.0,0.9655172413793104
gpt-oss-20b__noise05__game_29,agent1,gpt-oss-20b,5,cooperative,0.0333,TFT,1.0,0,0.3333333333333333,1.0,1.0,0.9310344827586207
gpt-oss-20b__noise05__game_29,agent2,gpt-oss-20b,5,selfish,0.0333,TFT,1.0,0,0.3333333333333333,1.0,1.0,0.9310344827586207
gpt-oss-20b__noise05__game_31,agent1,gpt-oss-20b,5,selfish,0.1,TFT,1.0,0,0.6,1.0,0.6666666666666666,0.896551724137931
gpt-oss-20b__noise05__game_31,agent2,gpt-oss-20b,5,selfish,0.0667,TFT,1.0,0,0.4,1.0,0.75,0.896551724137931
gpt-oss-20b__noise05__game_32,agent1,gpt-oss-20b,5,cooperative,0.0,AllD|TFT,1.0,0,0.0,1.0,1.0,1.0
gpt-oss-20b__noise05__game_32,agent2,gpt-oss-20b,5,cooperative,0.0,AllD|TFT,1.0,0,0.0,1.0,1.0,1.0
gpt-oss-20b__noise05__game_33,agent1,gpt-oss-20b,5,cooperative,0.0333,TFT,1.0,0,0.3333333333333333,1.0,1.0,0.9310344827586207
gpt-oss-20b__noise05__game_33,agent2,gpt-oss-20b,5,selfish,0.0333,TFT,1.0,0,0.3333333333333333,1.0,1.0,0.9310344827586207
gpt-oss-20b__noise05__game_34,agent1,gpt-oss-20b,5,selfish,0.1333,AllD,0.9991625547409058,0,0.6666666666666666,0.6,1.0,0.8275862068965517
gpt-oss-20b__noise05__game_34,agent2,gpt-oss-20b,5,cooperative,0.0333,AllD,0.9998641014099121,0,0.16666666666666666,1.0,1.0,0.8275862068965517
gpt-oss-20b__noise05__game_35,agent1,gpt-oss-20b,5,selfish,0.0333,AllD,0.9999761581420898,0,0.2,1.0,1.0,0.8620689655172413
gpt-oss-20b__noise05__game_35,agent2,gpt-oss-20b,5,selfish,0.1333,AllD,0.994953453540802,0,0.6666666666666666,0.75,1.0,0.8275862068965517
gpt-oss-20b__noise05__game_36,agent1,gpt-oss-20b,5,cooperative,0.0667,TFT,1.0,1,0.3333333333333333,1.0,0.5,0.9310344827586207
gpt-oss-20b__noise05__game_36,agent2,gpt-oss-20b,5,cooperative,0.0333,TFT,1.0,0,0.3333333333333333,1.0,1.0,0.896551724137931
gpt-oss-20b__noise05__game_37,agent1,gpt-oss-20b,5,cooperative,0.0667,AllD,0.994236946105957,0,0.4,1.0,1.0,0.8620689655172413
gpt-oss-20b__noise05__game_37,agent2,gpt-oss-20b,5,selfish,0.0667,AllD,0.9999092817306519,0,0.4,1.0,1.0,0.8620689655172413
gpt-oss-20b__noise05__game_38,agent1,gpt-oss-20b,5,selfish,0.0333,TFT,1.0,0,0.5,1.0,1.0,0.9655172413793104
gpt-oss-20b__noise05__game_38,agent2,gpt-oss-20b,5,cooperative,0.0,AllD|TFT,1.0,0,0.0,1.0,1.0,0.9655172413793104
gpt-oss-20b__noise05__game_39,agent1,gpt-oss-20b,5,selfish,0.0667,AllD,0.999497652053833,0,0.4,1.0,1.0,0.8620689655172413
gpt-oss-20b__noise05__game_39,agent2,gpt-oss-20b,5,selfish,0.0667,AllD,0.9936044812202454,0,0.4,1.0,1.0,0.8620689655172413
gpt-oss-20b__noise05__game_40,agent1,gpt-oss-20b,5,coopératif,0.1333,TFT,1.0,1,0.6,1.0,0.3333333333333333,0.896551724137931
gpt-oss-20b__noise05__game_40,agent2,gpt-oss-20b,5,coopératif,0.0667,AllD,0.9992839694023132,0,0.2,1.0,0.8,0.8620689655172413
gpt-oss-20b__noise05__game_41,agent1,gpt-oss-20b,5,coopératif,0.0667,TFT,1.0,1,0.25,1.0,0.6666666666666666,0.896551724137931
gpt-oss-20b__noise05__game_41,agent2,gpt-oss-20b,5,égoïste,0.0667,AllD,0.9996212720870972,0,0.5,1.0,1.0,0.8620689655172413
gpt-oss-20b__noise05__game_42,agent1,gpt-oss-20b,5,égoïste,0.0333,TFT,1.0,0,0.0,1.0,0.6666666666666666,0.9655172413793104
gpt-oss-20b__noise05__game_42,agent2,gpt-oss-20b,5,coopératif,0.0667,TFT,1.0,1,0.5,0.5,0.5,0.9310344827586207
gpt-oss-20b__noise05__game_43,agent1,gpt-oss-20b,5,égoïste,0.0,AllD|TFT,1.0,0,0.0,1.0,1.0,0.896551724137931
gpt-oss-20b__noise05__game_43,agent2,gpt-oss-20b,5,égoïste,0.1,TFT,1.0,0,0.75,0.75,1.0,0.896551724137931
gpt-oss-20b__noise05__game_45,agent1,gpt-oss-20b,5,coopératif,0.1,TFT,1.0,1,0.6666666666666666,1.0,0.0,0.9310344827586207
gpt-oss-20b__noise05__game_45,agent2,gpt-oss-20b,5,égoïste,0.0,AllD|TFT,1.0,0,0.0,0.0,1.0,0.896551724137931
gpt-oss-20b__noise05__game_47,agent1,gpt-oss-20b,5,égoïste,0.0,AllD|TFT,1.0,0,0.0,1.0,1.0,0.9655172413793104
gpt-oss-20b__noise05__game_47,agent2,gpt-oss-20b,5,égoïste,0.0333,TFT,1.0,0,0.5,1.0,1.0,0.9655172413793104
gpt-oss-20b__noise05__game_46,agent1,gpt-oss-20b,5,égoïste,0.0,AllD,1.0,0,0.0,0.0,1.0,0.8275862068965517
gpt-oss-20b__noise05__game_46,agent2,gpt-oss-20b,5,coopératif,0.1667,TFT,1.0,1,0.8,1.0,0.0,0.8620689655172413
gpt-oss-20b__noise05__game_44,agent1,gpt-oss-20b,5,coopératif,0.0333,TFT,1.0,0,0.3333333333333333,1.0,0.75,0.9310344827586207
gpt-oss-20b__noise05__game_44,agent2,gpt-oss-20b,5,coopératif,0.1,TFT,1.0,1,0.5,1.0,0.5,0.896551724137931
gpt-oss-20b__noise05__game_49,agent1,gpt-oss-20b,5,coopératif,0.0667,TFT,1.0,1,0.25,1.0,0.6666666666666666,0.896551724137931
gpt-oss-20b__noise05__game_49,agent2,gpt-oss-20b,5,égoïste,0.0667,AllD,0.9989019632339478,0,0.5,1.0,1.0,0.8620689655172413
gpt-oss-20b__noise05__game_48,agent1,gpt-oss-20b,5,coopératif,0.1333,TFT,1.0,1,0.4,1.0,0.5,0.8620689655172413
gpt-oss-20b__noise05__game_48,agent2,gpt-oss-20b,5,coopératif,0.1,AllD,0.9230853319168091,0,0.4,1.0,0.8,0.7931034482758621
gpt-oss-20b__noise05__game_51,agent1,gpt-oss-20b,5,égoïste,0.0333,TFT,1.0,0,0.3333333333333333,1.0,1.0,0.9310344827586207
gpt-oss-20b__noise05__game_51,agent2,gpt-oss-20b,5,égoïste,0.0333,TFT,1.0,0,0.3333333333333333,1.0,1.0,0.9310344827586207
gpt-oss-20b__noise05__game_50,agent1,gpt-oss-20b,5,égoïste,0.1333,AllD,0.9990960359573364,0,0.4444444444444444,1.0,1.0,0.5862068965517241
gpt-oss-20b__noise05__game_50,agent2,gpt-oss-20b,5,coopératif,0.3,AllD,0.9839262366294861,1,0.7,0.8888888888888888,0.6,0.6551724137931034
gpt-oss-20b__noise05__game_53,agent1,gpt-oss-20b,5,coopératif,0.0667,TFT,1.0,0,0.5,1.0,1.0,0.896551724137931
gpt-oss-20b__noise05__game_53,agent2,gpt-oss-20b,5,égoïste,0.0667,AllD,0.9999129772186279,0,0.4,1.0,1.0,0.8620689655172413
gpt-oss-20b__noise05__game_52,agent1,gpt-oss-20b,5,coopératif,0.0667,TFT,1.0,1,0.25,1.0,0.6666666666666666,0.896551724137931
gpt-oss-20b__noise05__game_52,agent2,gpt-oss-20b,5,coopératif,0.0667,AllD,0.9996212720870972,0,0.5,1.0,1.0,0.8620689655172413
gpt-oss-20b__noise05__game_55,agent1,gpt-oss-20b,5,égoïste,0.0333,TFT,1.0,0,0.25,1.0,1.0,0.896551724137931
gpt-oss-20b__noise05__game_55,agent2,gpt-oss-20b,5,égoïste,0.0667,TFT,1.0,0,0.5,1.0,1.0,0.896551724137931
gpt-oss-20b__noise05__game_54,agent1,gpt-oss-20b,5,égoïste,0.0333,AllD,0.9999972581863403,0,0.125,1.0,1.0,0.7241379310344828
gpt-oss-20b__noise05__game_54,agent2,gpt-oss-20b,5,coopératif,0.2333,TFT,0.9379734396934509,1,0.75,0.625,0.5,0.7586206896551724
gpt-oss-20b__noise05__game_57,agent1,gpt-oss-20b,5,coopératif,0.0667,AllD,0.9998161196708679,0,0.4,1.0,1.0,0.8620689655172413
gpt-oss-20b__noise05__game_57,agent2,gpt-oss-20b,5,égoïste,0.1,AllD,0.9953597187995911,0,0.5,1.0,1.0,0.8275862068965517
gpt-oss-20b__noise05__game_56,agent1,gpt-oss-20b,5,coopératif,0.1333,AllD,0.7212029099464417,1,0.42857142857142855,1.0,0.75,0.7931034482758621
gpt-oss-20b__noise05__game_56,agent2,gpt-oss-20b,5,coopératif,0.1,AllD,0.9989124536514282,0,0.5,1.0,0.8,0.8275862068965517
gpt-oss-20b__noise05__game_58,agent1,gpt-oss-20b,5,égoïste,0.0667,AllD,0.9996212720870972,0,0.4,1.0,1.0,0.8275862068965517
gpt-oss-20b__noise05__game_58,agent2,gpt-oss-20b,5,coopératif,0.1,TFT,1.0,1,0.5,1.0,0.3333333333333333,0.9310344827586207
gpt-oss-20b__noise05__game_59,agent1,gpt-oss-20b,5,égoïste,0.0667,TFT,1.0,1,0.5,1.0,0.0,0.9655172413793104
gpt-oss-20b__noise05__game_59,agent2,gpt-oss-20b,5,égoïste,0.0,AllD|TFT,1.0,0,0.0,0.0,1.0,0.9310344827586207
gpt-oss-20b__noise05__game_63,agent1,gpt-oss-20b,5,égoïste,0.0333,TFT,1.0,0,0.5,1.0,1.0,0.9655172413793104
gpt-oss-20b__noise05__game_63,agent2,gpt-oss-20b,5,égoïste,0.0,AllD|TFT,1.0,0,0.0,1.0,1.0,0.9655172413793104
gpt-oss-20b__noise05__game_62,agent1,gpt-oss-20b,5,égoïste,0.0333,AllD,0.9999899864196777,0,0.25,1.0,1.0,0.8620689655172413
gpt-oss-20b__noise05__game_62,agent2,gpt-oss-20b,5,coopératif,0.1,TFT,1.0,1,0.5,1.0,0.5,0.896551724137931
gpt-oss-20b__noise05__game_60,agent1,gpt-oss-20b,5,coopératif,0.1667,TFT,1.0,1,0.6666666666666666,1.0,0.3333333333333333,0.8620689655172413
gpt-oss-20b__noise05__game_60,agent2,gpt-oss-20b,5,coopératif,0.0667,AllD,0.8591879606246948,0,0.16666666666666666,1.0,0.8333333333333334,0.8275862068965517
gpt-oss-20b__noise05__game_61,agent1,gpt-oss-20b,5,coopératif,0.1333,TFT,1.0,1,0.75,1.0,0.0,0.896551724137931
gpt-oss-20b__noise05__game_61,agent2,gpt-oss-20b,5,égoïste,0.0,AllD,1.0,0,0.0,0.0,1.0,0.8620689655172413
gpt-oss-20b__noise05__game_65,agent1,gpt-oss-20b,5,coopératif,0.1333,AllD,0.6267830729484558,1,0.5,1.0,0.75,0.7931034482758621
gpt-oss-20b__noise05__game_65,agent2,gpt-oss-20b,5,égoïste,0.1,AllD,0.9990076422691345,0,0.5,1.0,1.0,0.7586206896551724
gpt-oss-20b__noise05__game_66,agent1,gpt-oss-20b,5,égoïste,0.0667,AllD,0.9983745813369751,0,0.5,1.0,1.0,0.8620689655172413
gpt-oss-20b__noise05__game_66,agent2,gpt-oss-20b,5,coopératif,0.0667,TFT,1.0,1,0.25,1.0,0.6666666666666666,0.896551724137931
gpt-oss-20b__noise05__game_67,agent1,gpt-oss-20b,5,égoïste,0.0667,TFT,1.0,0,0.5,1.0,1.0,0.896551724137931
gpt-oss-20b__noise05__game_67,agent2,gpt-oss-20b,5,égoïste,0.0333,TFT,1.0,0,0.25,1.0,1.0,0.896551724137931
gpt-oss-20b__noise05__game_64,agent1,gpt-oss-20b,5,coopératif,0.0333,AllD,0.9959509372711182,1,0.0,1.0,0.8571428571428571,0.7931034482758621
gpt-oss-20b__noise05__game_64,agent2,gpt-oss-20b,5,coopératif,0.2,AllD,0.9689439535140991,0,0.8333333333333334,0.8333333333333334,0.5,0.8275862068965517
gpt-oss-20b__noise05__game_68,agent1,gpt-oss-20b,5,coopératif,0.0,AllD|TFT,1.0,0,0.0,1.0,1.0,1.0
gpt-oss-20b__noise05__game_68,agent2,gpt-oss-20b,5,coopératif,0.0,AllD|TFT,1.0,0,0.0,1.0,1.0,1.0
gpt-oss-20b__noise05__game_69,agent1,gpt-oss-20b,5,coopératif,0.0667,TFT,1.0,1,0.25,0.6666666666666666,0.6666666666666666,0.896551724137931
gpt-oss-20b__noise05__game_69,agent2,gpt-oss-20b,5,égoïste,0.0667,AllD,0.9999247789382935,0,0.6666666666666666,1.0,1.0,0.8620689655172413
gpt-oss-20b__noise05__game_70,agent1,gpt-oss-20b,5,égoïste,0.1,AllD,0.9999899864196777,0,0.5,1.0,1.0,0.7931034482758621
gpt-oss-20b__noise05__game_70,agent2,gpt-oss-20b,5,coopératif,0.1,TFT,0.9788591861724854,1,0.3333333333333333,1.0,0.75,0.8275862068965517
gpt-oss-20b__noise05__game_71,agent1,gpt-oss-20b,5,égoïste,0.0333,TFT,1.0,0,0.3333333333333333,1.0,1.0,0.9310344827586207
gpt-oss-20b__noise05__game_71,agent2,gpt-oss-20b,5,égoïste,0.0333,TFT,1.0,0,0.3333333333333333,1.0,1.0,0.9310344827586207
gpt-oss-20b__noise05__game_73,agent1,gpt-oss-20b,5,coopératif,0.0333,TFT,1.0,0,0.5,1.0,1.0,0.9655172413793104
gpt-oss-20b__noise05__game_73,agent2,gpt-oss-20b,5,égoïste,0.0,AllD|TFT,1.0,0,0.0,1.0,1.0,0.9655172413793104
gpt-oss-20b__noise05__game_75,agent1,gpt-oss-20b,5,égoïste,0.0,AllD|TFT,1.0,0,0.0,1.0,1.0,0.9655172413793104
gpt-oss-20b__noise05__game_75,agent2,gpt-oss-20b,5,égoïste,0.0333,TFT,1.0,0,0.5,1.0,1.0,0.9655172413793104
gpt-oss-20b__noise05__game_74,agent1,gpt-oss-20b,5,égoïste,0.0667,AllD,0.9997890591621399,0,0.3333333333333333,1.0,0.8333333333333334,0.8275862068965517
gpt-oss-20b__noise05__game_74,agent2,gpt-oss-20b,5,coopératif,0.1667,TFT,0.9730389714241028,1,0.5714285714285714,1.0,0.6666666666666666,0.7931034482758621
gpt-oss-20b__noise05__game_72,agent1,gpt-oss-20b,5,coopératif,0.0333,AllD,0.5124381184577942,1,0.0,1.0,0.8333333333333334,0.8275862068965517
gpt-oss-20b__noise05__game_72,agent2,gpt-oss-20b,5,coopératif,0.1667,AllD,0.8591879606246948,0,0.8,0.8,0.5,0.8620689655172413
gpt-oss-20b__noise05__game_77,agent1,gpt-oss-20b,5,coopératif,0.0667,TFT,1.0,1,0.5,1.0,0.0,0.9655172413793104
gpt-oss-20b__noise05__game_77,agent2,gpt-oss-20b,5,égoïste,0.0,AllD|TFT,1.0,0,0.0,0.0,1.0,0.9310344827586207
gpt-oss-20b__noise05__game_76,agent1,gpt-oss-20b,5,coopératif,0.1667,TFT,1.0,1,0.25,1.0,0.4444444444444444,0.8620689655172413
gpt-oss-20b__noise05__game_76,agent2,gpt-oss-20b,5,coopératif,0.3,TFT,0.9924207329750061,0,0.8,1.0,0.16666666666666666,0.8275862068965517
gpt-oss-20b__noise05__game_78,agent1,gpt-oss-20b,5,égoïste,0.0667,AllD,0.9999661445617676,0,0.4,1.0,1.0,0.8620689655172413
gpt-oss-20b__noise05__game_78,agent2,gpt-oss-20b,5,coopératif,0.0667,AllD,0.9784859418869019,0,0.4,1.0,1.0,0.8620689655172413
gpt-oss-20b__noise05__game_79,agent1,gpt-oss-20b,5,égoïste,0.0667,AllD,0.9951732754707336,0,0.4,1.0,1.0,0.8620689655172413
gpt-oss-20b__noise05__game_79,agent2,gpt-oss-20b,5,égoïste,0.0667,AllD,0.9998229146003723,0,0.4,1.0,1.0,0.8620689655172413
gpt-oss-20b__noise05__game_80,agent1,gpt-oss-20b,5,متعاون,0.0667,TFT,1.0,0,0.0,1.0,1.0,1.0
gpt-oss-20b__noise05__game_80,agent2,gpt-oss-20b,5,متعاون,0.0333,TFT,1.0,0,0.0,1.0,1.0,1.0
gpt-oss-20b__noise05__game_81,agent1,gpt-oss-20b,5,متعاون,0.0333,TFT,1.0,0,0.0,1.0,1.0,1.0
gpt-oss-20b__noise05__game_81,agent2,gpt-oss-20b,5,أناني,0.0333,TFT,1.0,0,0.0,1.0,1.0,1.0
gpt-oss-20b__noise05__game_83,agent1,gpt-oss-20b,5,أناني,0.0333,TFT,1.0,0,0.0,1.0,1.0,1.0
gpt-oss-20b__noise05__game_83,agent2,gpt-oss-20b,5,أناني,0.0,AllD|TFT,1.0,0,0.0,1.0,1.0,1.0
gpt-oss-20b__noise05__game_82,agent1,gpt-oss-20b,5,أناني,0.0,AllD|TFT,1.0,0,0.0,1.0,1.0,1.0
gpt-oss-20b__noise05__game_82,agent2,gpt-oss-20b,5,متعاون,0.1,TFT,1.0,0,0.0,1.0,1.0,1.0
gpt-oss-20b__noise05__game_85,agent1,gpt-oss-20b,5,متعاون,0.0667,TFT,1.0,0,0.0,1.0,1.0,1.0
gpt-oss-20b__noise05__game_85,agent2,gpt-oss-20b,5,أناني,0.0333,TFT,1.0,0,0.0,1.0,1.0,1.0
gpt-oss-20b__noise05__game_86,agent1,gpt-oss-20b,5,أناني,0.1,AllD,0.9999899864196777,0,0.0,1.0,1.0,1.0
gpt-oss-20b__noise05__game_86,agent2,gpt-oss-20b,5,متعاون,0.1,TFT,0.9730389714241028,0,0.0,1.0,1.0,1.0
gpt-oss-20b__noise05__game_84,agent1,gpt-oss-20b,5,متعاون,0.1,TFT,1.0,0,0.0,1.0,1.0,1.0
gpt-oss-20b__noise05__game_84,agent2,gpt-oss-20b,5,متعاون,0.0667,TFT,1.0,0,0.0,1.0,1.0,1.0
gpt-oss-20b__noise05__game_88,agent1,gpt-oss-20b,5,متعاون,0.0667,TFT,1.0,0,0.0,1.0,1.0,1.0
gpt-oss-20b__noise05__game_88,agent2,gpt-oss-20b,5,متعاون,0.1,TFT,1.0,0,0.0,1.0,1.0,1.0
gpt-oss-20b__noise05__game_87,agent1,gpt-oss-20b,5,أناني,0.1333,AllD,0.9970735311508179,0,0.0,1.0,1.0,1.0
gpt-oss-20b__noise05__game_87,agent2,gpt-oss-20b,5,أناني,0.1,TFT,1.0,0,0.0,1.0,1.0,1.0
gpt-oss-20b__noise05__game_90,agent1,gpt-oss-20b,5,أناني,0.0,AllD|TFT,1.0,0,0.0,1.0,1.0,1.0
gpt-oss-20b__noise05__game_90,agent2,gpt-oss-20b,5,متعاون,0.0,AllD|TFT,1.0,0,0.0,1.0,1.0,1.0
gpt-oss-20b__noise05__game_89,agent1,gpt-oss-20b,5,متعاون,0.1667,TFT,0.9454969763755798,0,0.0,1.0,1.0,1.0
gpt-oss-20b__noise05__game_89,agent2,gpt-oss-20b,5,أناني,0.0333,AllD,0.999968409538269,0,0.0,1.0,1.0,1.0
gpt-oss-20b__noise05__game_91,agent1,gpt-oss-20b,5,أناني,0.0333,TFT,1.0,0,0.0,1.0,1.0,1.0
gpt-oss-20b__noise05__game_91,agent2,gpt-oss-20b,5,أناني,0.0333,TFT,1.0,0,0.0,1.0,1.0,1.0
gpt-oss-20b__noise05__game_93,agent1,gpt-oss-20b,5,متعاون,0.0667,TFT,1.0,0,0.0,1.0,1.0,1.0
gpt-oss-20b__noise05__game_93,agent2,gpt-oss-20b,5,أناني,0.0667,AllD,0.9999825954437256,0,0.0,1.0,1.0,1.0
gpt-oss-20b__noise05__game_94,agent1,gpt-oss-20b,5,أناني,0.0333,TFT,1.0,0,0.0,1.0,1.0,1.0
gpt-oss-20b__noise05__game_94,agent2,gpt-oss-20b,5,متعاون,0.0333,TFT,1.0,0,0.0,1.0,1.0,1.0
gpt-oss-20b__noise05__game_92,agent1,gpt-oss-20b,5,متعاون,0.1,TFT,1.0,0,0.0,1.0,1.0,1.0
gpt-oss-20b__noise05__game_92,agent2,gpt-oss-20b,5,متعاون,0.0,AllD|TFT,1.0,0,0.0,1.0,1.0,1.0
gpt-oss-20b__noise05__game_95,agent1,gpt-oss-20b,5,أناني,0.0333,AllD,0.9967799782752991,0,0.0,1.0,1.0,1.0
gpt-oss-20b__noise05__game_95,agent2,gpt-oss-20b,5,أناني,0.1,TFT,1.0,0,0.0,1.0,1.0,1.0
gpt-oss-20b__noise05__game_97,agent1,gpt-oss-20b,5,متعاون,0.0,AllD|TFT,1.0,0,0.0,1.0,1.0,1.0
gpt-oss-20b__noise05__game_97,agent2,gpt-oss-20b,5,أناني,0.0,AllD|TFT,1.0,0,0.0,1.0,1.0,1.0
gpt-oss-20b__noise05__game_96,agent1,gpt-oss-20b,5,متعاون,0.0333,TFT,1.0,0,0.0,1.0,1.0,1.0
gpt-oss-20b__noise05__game_96,agent2,gpt-oss-20b,5,متعاون,0.1,TFT,1.0,0,0.0,1.0,1.0,1.0
gpt-oss-20b__noise05__game_98,agent1,gpt-oss-20b,5,أناني,0.1,AllD,0.9971984624862671,0,0.0,1.0,1.0,1.0
gpt-oss-20b__noise05__game_98,agent2,gpt-oss-20b,5,متعاون,0.0333,AllD,0.9990705847740173,0,0.0,1.0,1.0,1.0
gpt-oss-20b__noise05__game_99,agent1,gpt-oss-20b,5,أناني,0.0667,TFT,1.0,0,0.0,1.0,1.0,1.0
gpt-oss-20b__noise05__game_99,agent2,gpt-oss-20b,5,أناني,0.0333,TFT,1.0,0,0.0,1.0,1.0,1.0
gpt-oss-20b__noise05__game_100,agent1,gpt-oss-20b,5,متعاون,0.0667,AllD,0.9967799782752991,0,0.0,1.0,1.0,1.0
gpt-oss-20b__noise05__game_100,agent2,gpt-oss-20b,5,متعاون,0.0667,AllD,0.9967799782752991,0,0.0,1.0,1.0,1.0
gpt-oss-20b__noise05__game_101,agent1,gpt-oss-20b,5,متعاون,0.2,TFT,0.9717540144920349,0,0.0,1.0,1.0,1.0
gpt-oss-20b__noise05__game_101,agent2,gpt-oss-20b,5,أناني,0.1,AllD,0.9999780654907227,0,0.0,1.0,1.0,1.0
gpt-oss-20b__noise05__game_103,agent1,gpt-oss-20b,5,أناني,0.0333,TFT,1.0,0,0.0,1.0,1.0,1.0
gpt-oss-20b__noise05__game_103,agent2,gpt-oss-20b,5,أناني,0.0667,TFT,1.0,0,0.0,1.0,1.0,1.0
gpt-oss-20b__noise05__game_102,agent1,gpt-oss-20b,5,أناني,0.1,TFT,1.0,0,0.0,1.0,1.0,1.0
gpt-oss-20b__noise05__game_102,agent2,gpt-oss-20b,5,متعاون,0.0,AllD|TFT,1.0,0,0.0,1.0,1.0,1.0
gpt-oss-20b__noise05__game_105,agent1,gpt-oss-20b,5,متعاون,0.1,TFT,1.0,0,0.0,1.0,1.0,1.0
gpt-oss-20b__noise05__game_105,agent2,gpt-oss-20b,5,أناني,0.0333,AllD,0.9999656677246094,0,0.0,1.0,1.0,1.0
gpt-oss-20b__noise05__game_104,agent1,gpt-oss-20b,5,متعاون,0.0667,TFT,1.0,0,0.0,1.0,1.0,1.0
gpt-oss-20b__noise05__game_104,agent2,gpt-oss-20b,5,متعاون,0.0333,TFT,1.0,0,0.0,1.0,1.0,1.0
gpt-oss-20b__noise05__game_107,agent1,gpt-oss-20b,5,أناني,0.0333,TFT,1.0,0,0.0,1.0,1.0,1.0
gpt-oss-20b__noise05__game_107,agent2,gpt-oss-20b,5,أناني,0.0333,TFT,1.0,0,0.0,1.0,1.0,1.0
gpt-oss-20b__noise05__game_106,agent1,gpt-oss-20b,5,أناني,0.0667,TFT,1.0,0,0.0,1.0,1.0,1.0
gpt-oss-20b__noise05__game_106,agent2,gpt-oss-20b,5,متعاون,0.0333,TFT,1.0,0,0.0,1.0,1.0,1.0
gpt-oss-20b__noise05__game_111,agent1,gpt-oss-20b,5,أناني,0.0333,TFT,1.0,0,0.0,1.0,1.0,1.0
gpt-oss-20b__noise05__game_111,agent2,gpt-oss-20b,5,أناني,0.0333,TFT,1.0,0,0.0,1.0,1.0,1.0
gpt-oss-20b__noise05__game_109,agent1,gpt-oss-20b,5,متعاون,0.0667,TFT,1.0,0,0.0,1.0,1.0,1.0
gpt-oss-20b__noise05__game_109,agent2,gpt-oss-20b,5,أناني,0.0667,AllD,0.9998824596405029,0,0.0,1.0,1.0,1.0
gpt-oss-20b__noise05__game_110,agent1,gpt-oss-20b,5,أناني,0.1,AllD,0.999995231628418,0,0.0,1.0,1.0,1.0
gpt-oss-20b__noise05__game_110,agent2,gpt-oss-20b,5,متعاون,0.1333,AllD,0.9964576363563538,0,0.0,1.0,1.0,1.0
gpt-oss-20b__noise05__game_108,agent1,gpt-oss-20b,5,متعاون,0.0667,TFT,1.0,0,0.0,1.0,1.0,1.0
gpt-oss-20b__noise05__game_108,agent2,gpt-oss-20b,5,متعاون,0.1333,AllD,0.9965173006057739,0,0.0,1.0,1.0,1.0
gpt-oss-20b__noise05__game_113,agent1,gpt-oss-20b,5,متعاون,0.0,AllD|TFT,1.0,0,0.0,1.0,1.0,1.0
gpt-oss-20b__noise05__game_113,agent2,gpt-oss-20b,5,أناني,0.0667,TFT,1.0,0,0.0,1.0,1.0,1.0
gpt-oss-20b__noise05__game_114,agent1,gpt-oss-20b,5,أناني,0.0,AllD|TFT,1.0,0,0.0,1.0,1.0,1.0
gpt-oss-20b__noise05__game_114,agent2,gpt-oss-20b,5,متعاون,0.1,TFT,1.0,0,0.0,1.0,1.0,1.0
gpt-oss-20b__noise05__game_112,agent1,gpt-oss-20b,5,متعاون,0.2,TFT,1.0,0,0.0,1.0,1.0,1.0
gpt-oss-20b__noise05__game_112,agent2,gpt-oss-20b,5,متعاون,0.1333,AllD,0.9043753743171692,0,0.0,1.0,1.0,1.0
gpt-oss-20b__noise05__game_115,agent1,gpt-oss-20b,5,أناني,0.0333,AllD,0.9999129772186279,0,0.0,1.0,1.0,1.0
gpt-oss-20b__noise05__game_115,agent2,gpt-oss-20b,5,أناني,0.1,AllD,0.989428699016571,0,0.0,1.0,1.0,1.0
gpt-oss-20b__noise05__game_117,agent1,gpt-oss-20b,5,متعاون,0.1,TFT,1.0,0,0.0,1.0,1.0,1.0
gpt-oss-20b__noise05__game_117,agent2,gpt-oss-20b,5,أناني,0.0667,AllD,0.9967799782752991,0,0.0,1.0,1.0,1.0
gpt-oss-20b__noise05__game_118,agent1,gpt-oss-20b,5,أناني,0.0667,TFT,1.0,0,0.0,1.0,1.0,1.0
gpt-oss-20b__noise05__game_118,agent2,gpt-oss-20b,5,متعاون,0.0,AllD|TFT,1.0,0,0.0,1.0,1.0,1.0
gpt-oss-20b__noise05__game_116,agent1,gpt-oss-20b,5,متعاون,0.0,AllD,1.0,0,0.0,1.0,1.0,1.0
gpt-oss-20b__noise05__game_116,agent2,gpt-oss-20b,5,متعاون,0.1333,TFT,1.0,0,0.0,1.0,1.0,1.0
gpt-oss-20b__noise05__game_119,agent1,gpt-oss-20b,5,أناني,0.1,AllD,0.9967799782752991,0,0.0,1.0,1.0,1.0
gpt-oss-20b__noise05__game_119,agent2,gpt-oss-20b,5,أناني,0.0333,AllD,0.9967799782752991,0,0.0,1.0,1.0,1.0
gpt-oss-20b__noise05__game_121,agent1,gpt-oss-20b,5,合作型的,0.0333,TFT,1.0,0,0.0,1.0,1.0,1.0
gpt-oss-20b__noise05__game_121,agent2,gpt-oss-20b,5,自私型的,0.0,AllD|TFT,1.0,0,0.0,1.0,1.0,1.0
gpt-oss-20b__noise05__game_120,agent1,gpt-oss-20b,5,合作型的,0.0667,TFT,1.0,0,0.0,1.0,1.0,1.0
gpt-oss-20b__noise05__game_120,agent2,gpt-oss-20b,5,合作型的,0.0667,TFT,1.0,0,0.0,1.0,1.0,1.0
gpt-oss-20b__noise05__game_122,agent1,gpt-oss-20b,5,自私型的,0.0333,TFT,1.0,0,0.0,1.0,1.0,1.0
gpt-oss-20b__noise05__game_122,agent2,gpt-oss-20b,5,合作型的,0.0,AllD|TFT,1.0,0,0.0,1.0,1.0,1.0
gpt-oss-20b__noise05__game_123,agent1,gpt-oss-20b,5,自私型的,0.0333,TFT,1.0,0,0.0,1.0,1.0,1.0
gpt-oss-20b__noise05__game_123,agent2,gpt-oss-20b,5,自私型的,0.0667,TFT,1.0,0,0.0,1.0,1.0,1.0
gpt-oss-20b__noise05__game_125,agent1,gpt-oss-20b,5,合作型的,0.0333,TFT,1.0,0,0.0,1.0,1.0,1.0
gpt-oss-20b__noise05__game_125,agent2,gpt-oss-20b,5,自私型的,0.0,AllD|TFT,1.0,0,0.0,1.0,1.0,1.0
gpt-oss-20b__noise05__game_124,agent1,gpt-oss-20b,5,合作型的,0.1333,TFT,1.0,0,0.0,1.0,1.0,1.0
gpt-oss-20b__noise05__game_124,agent2,gpt-oss-20b,5,合作型的,0.1667,TFT,1.0,0,0.0,1.0,1.0,1.0
gpt-oss-20b__noise05__game_127,agent1,gpt-oss-20b,5,自私型的,0.0,AllD|TFT,1.0,0,0.0,1.0,1.0,1.0
gpt-oss-20b__noise05__game_127,agent2,gpt-oss-20b,5,自私型的,0.0333,TFT,1.0,0,0.0,1.0,1.0,1.0
gpt-oss-20b__noise05__game_126,agent1,gpt-oss-20b,5,自私型的,0.1,AllD,0.9998644590377808,0,0.0,1.0,1.0,1.0
gpt-oss-20b__noise05__game_126,agent2,gpt-oss-20b,5,合作型的,0.1,AllD,0.9997197985649109,0,0.0,1.0,1.0,1.0
gpt-oss-20b__noise05__game_128,agent1,gpt-oss-20b,5,合作型的,0.1,TFT,1.0,0,0.0,1.0,1.0,1.0
gpt-oss-20b__noise05__game_128,agent2,gpt-oss-20b,5,合作型的,0.0333,AllD,0.9995954632759094,0,0.0,1.0,1.0,1.0
gpt-oss-20b__noise05__game_129,agent1,gpt-oss-20b,5,合作型的,0.1,AllD,0.9997128844261169,0,0.0,1.0,1.0,1.0
gpt-oss-20b__noise05__game_129,agent2,gpt-oss-20b,5,自私型的,0.0667,AllD,0.9997128844261169,0,0.0,1.0,1.0,1.0
gpt-oss-20b__noise05__game_131,agent1,gpt-oss-20b,5,自私型的,0.0333,TFT,1.0,0,0.0,1.0,1.0,1.0
gpt-oss-20b__noise05__game_131,agent2,gpt-oss-20b,5,自私型的,0.0667,TFT,1.0,0,0.0,1.0,1.0,1.0
gpt-oss-20b__noise05__game_130,agent1,gpt-oss-20b,5,自私型的,0.0333,TFT,1.0,0,0.0,1.0,1.0,1.0
gpt-oss-20b__noise05__game_130,agent2,gpt-oss-20b,5,合作型的,0.0667,TFT,1.0,0,0.0,1.0,1.0,1.0
gpt-oss-20b__noise05__game_135,agent1,gpt-oss-20b,5,自私型的,0.0333,TFT,1.0,0,0.0,1.0,1.0,1.0
gpt-oss-20b__noise05__game_135,agent2,gpt-oss-20b,5,自私型的,0.0333,TFT,1.0,0,0.0,1.0,1.0,1.0
gpt-oss-20b__noise05__game_134,agent1,gpt-oss-20b,5,自私型的,0.0,AllD|TFT,1.0,0,0.0,1.0,1.0,1.0
gpt-oss-20b__noise05__game_134,agent2,gpt-oss-20b,5,合作型的,0.0667,TFT,1.0,0,0.0,1.0,1.0,1.0
gpt-oss-20b__noise05__game_133,agent1,gpt-oss-20b,5,合作型的,0.1333,AllD,0.9995113611221313,0,0.0,1.0,1.0,1.0
gpt-oss-20b__noise05__game_133,agent2,gpt-oss-20b,5,自私型的,0.0667,AllD,0.999685525894165,0,0.0,1.0,1.0,1.0
gpt-oss-20b__noise05__game_132,agent1,gpt-oss-20b,5,合作型的,0.0333,TFT,1.0,0,0.0,1.0,1.0,1.0
gpt-oss-20b__noise05__game_132,agent2,gpt-oss-20b,5,合作型的,0.0667,TFT,1.0,0,0.0,1.0,1.0,1.0
gpt-oss-20b__noise05__game_138,agent1,gpt-oss-20b,5,自私型的,0.0,AllD|TFT,1.0,0,0.0,1.0,1.0,1.0
gpt-oss-20b__noise05__game_138,agent2,gpt-oss-20b,5,合作型的,0.0333,TFT,1.0,0,0.0,1.0,1.0,1.0
gpt-oss-20b__noise05__game_139,agent1,gpt-oss-20b,5,自私型的,0.0333,TFT,1.0,0,0.0,1.0,1.0,1.0
gpt-oss-20b__noise05__game_139,agent2,gpt-oss-20b,5,自私型的,0.0667,TFT,1.0,0,0.0,1.0,1.0,1.0
gpt-oss-20b__noise05__game_137,agent1,gpt-oss-20b,5,合作型的,0.0667,AllD,0.9953597187995911,0,0.0,1.0,1.0,1.0
gpt-oss-20b__noise05__game_137,agent2,gpt-oss-20b,5,自私型的,0.1,AllD,0.9998161196708679,0,0.0,1.0,1.0,1.0
gpt-oss-20b__noise05__game_136,agent1,gpt-oss-20b,5,合作型的,0.1,AllD,0.9953953623771667,0,0.0,1.0,1.0,1.0
gpt-oss-20b__noise05__game_136,agent2,gpt-oss-20b,5,合作型的,0.1,AllD,0.9379187226295471,0,0.0,1.0,1.0,1.0
gpt-oss-20b__noise05__game_140,agent1,gpt-oss-20b,5,合作型的,0.0333,TFT,1.0,0,0.0,1.0,1.0,1.0
gpt-oss-20b__noise05__game_140,agent2,gpt-oss-20b,5,合作型的,0.0,AllD|TFT,1.0,0,0.0,1.0,1.0,1.0
gpt-oss-20b__noise05__game_142,agent1,gpt-oss-20b,5,自私型的,0.0667,AllD,0.9971984624862671,0,0.0,1.0,1.0,1.0
gpt-oss-20b__noise05__game_142,agent2,gpt-oss-20b,5,合作型的,0.0667,AllD,0.9996389150619507,0,0.0,1.0,1.0,1.0
gpt-oss-20b__noise05__game_141,agent1,gpt-oss-20b,5,合作型的,0.0333,TFT,1.0,0,0.0,1.0,1.0,1.0
gpt-oss-20b__noise05__game_141,agent2,gpt-oss-20b,5,自私型的,0.1333,AllD,0.9996023774147034,0,0.0,1.0,1.0,1.0
gpt-oss-20b__noise05__game_143,agent1,gpt-oss-20b,5,自私型的,0.1,AllD,0.994236946105957,0,0.0,1.0,1.0,1.0
gpt-oss-20b__noise05__game_143,agent2,gpt-oss-20b,5,自私型的,0.0667,AllD,0.9999092817306519,0,0.0,1.0,1.0,1.0
gpt-oss-20b__noise05__game_145,agent1,gpt-oss-20b,5,合作型的,0.1333,TFT,1.0,0,0.0,1.0,1.0,1.0
gpt-oss-20b__noise05__game_145,agent2,gpt-oss-20b,5,自私型的,0.0,AllD,1.0,0,0.0,1.0,1.0,1.0
gpt-oss-20b__noise05__game_144,agent1,gpt-oss-20b,5,合作型的,0.1333,AllD,0.9707794189453125,0,0.0,1.0,1.0,1.0
gpt-oss-20b__noise05__game_144,agent2,gpt-oss-20b,5,合作型的,0.0667,AllD,0.9950219392776489,0,0.0,1.0,1.0,1.0
gpt-oss-20b__noise05__game_146,agent1,gpt-oss-20b,5,自私型的,0.0,AllD|TFT,1.0,0,0.0,1.0,1.0,1.0
gpt-oss-20b__noise05__game_146,agent2,gpt-oss-20b,5,合作型的,0.0667,TFT,1.0,0,0.0,1.0,1.0,1.0
gpt-oss-20b__noise05__game_147,agent1,gpt-oss-20b,5,自私型的,0.0,AllD|TFT,1.0,0,0.0,1.0,1.0,1.0
gpt-oss-20b__noise05__game_147,agent2,gpt-oss-20b,5,自私型的,0.1,TFT,1.0,0,0.0,1.0,1.0,1.0
gpt-oss-20b__noise05__game_149,agent1,gpt-oss-20b,5,合作型的,0.0667,TFT,1.0,0,0.0,1.0,1.0,1.0
gpt-oss-20b__noise05__game_149,agent2,gpt-oss-20b,5,自私型的,0.0,AllD|TFT,1.0,0,0.0,1.0,1.0,1.0
gpt-oss-20b__noise05__game_150,agent1,gpt-oss-20b,5,自私型的,0.0667,AllD,0.9978074431419373,0,0.0,1.0,1.0,1.0
gpt-oss-20b__noise05__game_150,agent2,gpt-oss-20b,5,合作型的,0.0667,TFT,1.0,0,0.0,1.0,1.0,1.0
gpt-oss-20b__noise05__game_151,agent1,gpt-oss-20b,5,自私型的,0.1667,AllD,0.8815346360206604,0,0.0,1.0,1.0,1.0
gpt-oss-20b__noise05__game_151,agent2,gpt-oss-20b,5,自私型的,0.0667,TFT,1.0,0,0.0,1.0,1.0,1.0
gpt-oss-20b__noise05__game_153,agent1,gpt-oss-20b,5,合作型的,0.0667,TFT,1.0,0,0.0,1.0,1.0,1.0
gpt-oss-20b__noise05__game_153,agent2,gpt-oss-20b,5,自私型的,0.0,AllD|TFT,1.0,0,0.0,1.0,1.0,1.0
gpt-oss-20b__noise05__game_148,agent1,gpt-oss-20b,5,合作型的,0.2667,WSLS,0.9998409748077393,0,0.0,1.0,1.0,1.0
gpt-oss-20b__noise05__game_148,agent2,gpt-oss-20b,5,合作型的,0.3,TFT,0.6611992120742798,0,0.0,1.0,1.0,1.0
gpt-oss-20b__noise05__game_154,agent1,gpt-oss-20b,5,自私型的,0.0333,TFT,1.0,0,0.0,1.0,1.0,1.0
gpt-oss-20b__noise05__game_154,agent2,gpt-oss-20b,5,合作型的,0.0667,TFT,1.0,0,0.0,1.0,1.0,1.0
gpt-oss-20b__noise05__game_152,agent1,gpt-oss-20b,5,合作型的,0.1333,TFT,0.9866114854812622,0,0.0,1.0,1.0,1.0
gpt-oss-20b__noise05__game_152,agent2,gpt-oss-20b,5,合作型的,0.1333,AllD,0.9998072981834412,0,0.0,1.0,1.0,1.0
gpt-oss-20b__noise05__game_155,agent1,gpt-oss-20b,5,自私型的,0.1,AllD,0.9867101311683655,0,0.0,1.0,1.0,1.0
gpt-oss-20b__noise05__game_155,agent2,gpt-oss-20b,5,自私型的,0.0333,AllD,0.999497652053833,0,0.0,1.0,1.0,1.0
gpt-oss-20b__noise05__game_158,agent1,gpt-oss-20b,5,自私型的,0.0,AllD|TFT,1.0,0,0.0,1.0,1.0,1.0
gpt-oss-20b__noise05__game_158,agent2,gpt-oss-20b,5,合作型的,0.0667,TFT,1.0,0,0.0,1.0,1.0,1.0
gpt-oss-20b__noise05__game_157,agent1,gpt-oss-20b,5,合作型的,0.0333,TFT,1.0,0,0.0,1.0,1.0,1.0
gpt-oss-20b__noise05__game_157,agent2,gpt-oss-20b,5,自私型的,0.0667,TFT,1.0,0,0.0,1.0,1.0,1.0
gpt-oss-20b__noise05__game_159,agent1,gpt-oss-20b,5,自私型的,0.0667,TFT,1.0,0,0.0,1.0,1.0,1.0
gpt-oss-20b__noise05__game_159,agent2,gpt-oss-20b,5,自私型的,0.0333,TFT,1.0,0,0.0,1.0,1.0,1.0
gpt-oss-20b__noise05__game_156,agent1,gpt-oss-20b,5,合作型的,0.0667,AllD,0.9999465942382812,0,0.0,1.0,1.0,1.0
gpt-oss-20b__noise05__game_156,agent2,gpt-oss-20b,5,合作型的,0.0667,TFT,1.0,0,0.0,1.0,1.0,1.0
gpt-oss-20b__noise05__game_161,agent1,gpt-oss-20b,5,một người hợp tác,0.0333,TFT,1.0,0,0.0,1.0,1.0,1.0
gpt-oss-20b__noise05__game_161,agent2,gpt-oss-20b,5,một người ích kỷ,0.0333,TFT,1.0,0,0.0,1.0,1.0,1.0
gpt-oss-20b__noise05__game_163,agent1,gpt-oss-20b,5,một người ích kỷ,0.0,AllD|TFT,1.0,0,0.0,1.0,1.0,1.0
gpt-oss-20b__noise05__game_163,agent2,gpt-oss-20b,5,một người ích kỷ,0.0667,TFT,1.0,0,0.0,1.0,1.0,1.0
gpt-oss-20b__noise05__game_162,agent1,gpt-oss-20b,5,một người ích kỷ,0.0,AllD|TFT,1.0,0,0.0,1.0,1.0,1.0
gpt-oss-20b__noise05__game_162,agent2,gpt-oss-20b,5,một người hợp tác,0.0667,TFT,1.0,0,0.0,1.0,1.0,1.0
gpt-oss-20b__noise05__game_160,agent1,gpt-oss-20b,5,một người hợp tác,0.0,AllD|TFT,1.0,0,0.0,1.0,1.0,1.0
gpt-oss-20b__noise05__game_160,agent2,gpt-oss-20b,5,một người hợp tác,0.1,TFT,1.0,0,0.0,1.0,1.0,1.0
gpt-oss-20b__noise05__game_166,agent1,gpt-oss-20b,5,một người ích kỷ,0.0667,TFT,1.0,0,0.0,1.0,1.0,1.0
gpt-oss-20b__noise05__game_166,agent2,gpt-oss-20b,5,một người hợp tác,0.0,AllD|TFT,1.0,0,0.0,1.0,1.0,1.0
gpt-oss-20b__noise05__game_165,agent1,gpt-oss-20b,5,một người hợp tác,0.0667,TFT,1.0,0,0.0,1.0,1.0,1.0
gpt-oss-20b__noise05__game_165,agent2,gpt-oss-20b,5,một người ích kỷ,0.0,AllD|TFT,1.0,0,0.0,1.0,1.0,1.0
gpt-oss-20b__noise05__game_167,agent1,gpt-oss-20b,5,một người ích kỷ,0.1,TFT,1.0,0,0.0,1.0,1.0,1.0
gpt-oss-20b__noise05__game_167,agent2,gpt-oss-20b,5,một người ích kỷ,0.0,AllD|TFT,1.0,0,0.0,1.0,1.0,1.0
gpt-oss-20b__noise05__game_164,agent1,gpt-oss-20b,5,một người hợp tác,0.1,AllD,0.9993671774864197,0,0.0,1.0,1.0,1.0
gpt-oss-20b__noise05__game_164,agent2,gpt-oss-20b,5,một người hợp tác,0.0333,AllD,0.9998737573623657,0,0.0,1.0,1.0,1.0
gpt-oss-20b__noise05__game_168,agent1,gpt-oss-20b,5,một người hợp tác,0.0333,TFT,1.0,0,0.0,1.0,1.0,1.0
gpt-oss-20b__noise05__game_168,agent2,gpt-oss-20b,5,một người hợp tác,0.0333,TFT,1.0,0,0.0,1.0,1.0,1.0
gpt-oss-20b__noise05__game_170,agent1,gpt-oss-20b,5,một người ích kỷ,0.0333,AllD,0.9997186064720154,0,0.0,1.0,1.0,1.0
gpt-oss-20b__noise05__game_170,agent2,gpt-oss-20b,5,một người hợp tác,0.1,TFT,1.0,0,0.0,1.0,1.0,1.0
gpt-oss-20b__noise05__game_171,agent1,gpt-oss-20b,5,một người ích kỷ,0.0,AllD|TFT,1.0,0,0.0,1.0,1.0,1.0
gpt-oss-20b__noise05__game_171,agent2,gpt-oss-20b,5,một người ích kỷ,0.0333,TFT,1.0,0,0.0,1.0,1.0,1.0
gpt-oss-20b__noise05__game_169,agent1,gpt-oss-20b,5,một người hợp tác,0.1,TFT,1.0,0,0.0,1.0,1.0,1.0
gpt-oss-20b__noise05__game_169,agent2,gpt-oss-20b,5,một người ích kỷ,0.0667,AllD,0.9999834299087524,0,0.0,1.0,1.0,1.0
gpt-oss-20b__noise05__game_172,agent1,gpt-oss-20b,5,một người hợp tác,0.0,AllD|TFT,1.0,0,0.0,1.0,1.0,1.0
gpt-oss-20b__noise05__game_172,agent2,gpt-oss-20b,5,một người hợp tác,0.0333,TFT,1.0,0,0.0,1.0,1.0,1.0
gpt-oss-20b__noise05__game_175,agent1,gpt-oss-20b,5,một người ích kỷ,0.0333,TFT,1.0,0,0.0,1.0,1.0,1.0
gpt-oss-20b__noise05__game_175,agent2,gpt-oss-20b,5,một người ích kỷ,0.0,AllD|TFT,1.0,0,0.0,1.0,1.0,1.0
gpt-oss-20b__noise05__game_174,agent1,gpt-oss-20b,5,một người ích kỷ,0.0333,TFT,1.0,0,0.0,1.0,1.0,1.0
gpt-oss-20b__noise05__game_174,agent2,gpt-oss-20b,5,một người hợp tác,0.0667,TFT,1.0,0,0.0,1.0,1.0,1.0
gpt-oss-20b__noise05__game_173,agent1,gpt-oss-20b,5,một người hợp tác,0.0667,TFT,1.0,0,0.0,1.0,1.0,1.0
gpt-oss-20b__noise05__game_173,agent2,gpt-oss-20b,5,một người ích kỷ,0.1,AllD,0.9971984624862671,0,0.0,1.0,1.0,1.0
gpt-oss-20b__noise05__game_176,agent1,gpt-oss-20b,5,một người hợp tác,0.0667,TFT,1.0,0,0.0,1.0,1.0,1.0
gpt-oss-20b__noise05__game_176,agent2,gpt-oss-20b,5,một người hợp tác,0.0333,TFT,1.0,0,0.0,1.0,1.0,1.0
gpt-oss-20b__noise05__game_178,agent1,gpt-oss-20b,5,một người ích kỷ,0.0,AllD|TFT,1.0,0,0.0,1.0,1.0,1.0
gpt-oss-20b__noise05__game_178,agent2,gpt-oss-20b,5,một người hợp tác,0.0667,TFT,1.0,0,0.0,1.0,1.0,1.0
gpt-oss-20b__noise05__game_177,agent1,gpt-oss-20b,5,một người hợp tác,0.0333,TFT,1.0,0,0.0,1.0,1.0,1.0
gpt-oss-20b__noise05__game_177,agent2,gpt-oss-20b,5,một người ích kỷ,0.0333,TFT,1.0,0,0.0,1.0,1.0,1.0
gpt-oss-20b__noise05__game_179,agent1,gpt-oss-20b,5,một người ích kỷ,0.0667,AllD,0.9953597187995911,0,0.0,1.0,1.0,1.0
gpt-oss-20b__noise05__game_179,agent2,gpt-oss-20b,5,một người ích kỷ,0.0667,AllD,0.9998161196708679,0,0.0,1.0,1.0,1.0
gpt-oss-20b__noise05__game_180,agent1,gpt-oss-20b,5,một người hợp tác,0.0333,TFT,1.0,0,0.0,1.0,1.0,1.0
gpt-oss-20b__noise05__game_180,agent2,gpt-oss-20b,5,một người hợp tác,0.0333,TFT,1.0,0,0.0,1.0,1.0,1.0
gpt-oss-20b__noise05__game_182,agent1,gpt-oss-20b,5,một người ích kỷ,0.0333,TFT,1.0,0,0.0,1.0,1.0,1.0
gpt-oss-20b__noise05__game_182,agent2,gpt-oss-20b,5,một người hợp tác,0.0,AllD|TFT,1.0,0,0.0,1.0,1.0,1.0
gpt-oss-20b__noise05__game_183,agent1,gpt-oss-20b,5,một người ích kỷ,0.0,AllD|TFT,1.0,0,0.0,1.0,1.0,1.0
gpt-oss-20b__noise05__game_183,agent2,gpt-oss-20b,5,một người ích kỷ,0.0,AllD|TFT,1.0,0,0.0,1.0,1.0,1.0
gpt-oss-20b__noise05__game_181,agent1,gpt-oss-20b,5,một người hợp tác,0.1,AllD,0.9989124536514282,0,0.0,1.0,1.0,1.0
gpt-oss-20b__noise05__game_181,agent2,gpt-oss-20b,5,một người ích kỷ,0.1,AllD,0.7212029099464417,0,0.0,1.0,1.0,1.0
gpt-oss-20b__noise05__game_184,agent1,gpt-oss-20b,5,một người hợp tác,0.0,AllD,1.0,0,0.0,1.0,1.0,1.0
gpt-oss-20b__noise05__game_184,agent2,gpt-oss-20b,5,một người hợp tác,0.1667,TFT,1.0,0,0.0,1.0,1.0,1.0
gpt-oss-20b__noise05__game_186,agent1,gpt-oss-20b,5,một người ích kỷ,0.0,AllD|TFT,1.0,0,0.0,1.0,1.0,1.0
gpt-oss-20b__noise05__game_186,agent2,gpt-oss-20b,5,một người hợp tác,0.0333,TFT,1.0,0,0.0,1.0,1.0,1.0
gpt-oss-20b__noise05__game_185,agent1,gpt-oss-20b,5,một người hợp tác,0.1333,AllD,0.9988448619842529,0,0.0,1.0,1.0,1.0
gpt-oss-20b__noise05__game_185,agent2,gpt-oss-20b,5,một người ích kỷ,0.0333,AllD,0.9998987913131714,0,0.0,1.0,1.0,1.0
gpt-oss-20b__noise05__game_187,agent1,gpt-oss-20b,5,một người ích kỷ,0.0667,TFT,1.0,0,0.0,1.0,1.0,1.0
gpt-oss-20b__noise05__game_187,agent2,gpt-oss-20b,5,một người ích kỷ,0.0667,AllD,0.9998229146003723,0,0.0,1.0,1.0,1.0
gpt-oss-20b__noise05__game_188,agent1,gpt-oss-20b,5,một người hợp tác,0.1,AllD,0.9997186064720154,0,0.0,1.0,1.0,1.0
gpt-oss-20b__noise05__game_188,agent2,gpt-oss-20b,5,một người hợp tác,0.1333,AllD,0.802676260471344,0,0.0,1.0,1.0,1.0
gpt-oss-20b__noise05__game_189,agent1,gpt-oss-20b,5,một người hợp tác,0.0,AllD|TFT,1.0,0,0.0,1.0,1.0,1.0
gpt-oss-20b__noise05__game_189,agent2,gpt-oss-20b,5,một người ích kỷ,0.0333,TFT,1.0,0,0.0,1.0,1.0,1.0
gpt-oss-20b__noise05__game_191,agent1,gpt-oss-20b,5,một người ích kỷ,0.0,AllD|TFT,1.0,0,0.0,1.0,1.0,1.0
gpt-oss-20b__noise05__game_191,agent2,gpt-oss-20b,5,một người ích kỷ,0.1,TFT,1.0,0,0.0,1.0,1.0,1.0
gpt-oss-20b__noise05__game_190,agent1,gpt-oss-20b,5,một người ích kỷ,0.0667,AllD,0.9996212720870972,0,0.0,1.0,1.0,1.0
gpt-oss-20b__noise05__game_190,agent2,gpt-oss-20b,5,một người hợp tác,0.0667,TFT,1.0,0,0.0,1.0,1.0,1.0
gpt-oss-20b__noise05__game_193,agent1,gpt-oss-20b,5,một người hợp tác,0.1,TFT,1.0,0,0.0,1.0,1.0,1.0
gpt-oss-20b__noise05__game_193,agent2,gpt-oss-20b,5,một người ích kỷ,0.1,AllD,0.9999911785125732,0,0.0,1.0,1.0,1.0
gpt-oss-20b__noise05__game_194,agent1,gpt-oss-20b,5,một người ích kỷ,0.1,TFT,1.0,0,0.0,1.0,1.0,1.0
gpt-oss-20b__noise05__game_194,agent2,gpt-oss-20b,5,một người hợp tác,0.0,AllD|TFT,1.0,0,0.0,1.0,1.0,1.0
gpt-oss-20b__noise05__game_192,agent1,gpt-oss-20b,5,một người hợp tác,0.0333,TFT,1.0,0,0.0,1.0,1.0,1.0
gpt-oss-20b__noise05__game_192,agent2,gpt-oss-20b,5,một người hợp tác,0.0333,TFT,1.0,0,0.0,1.0,1.0,1.0
gpt-oss-20b__noise05__game_195,agent1,gpt-oss-20b,5,một người ích kỷ,0.1333,TFT,1.0,0,0.0,1.0,1.0,1.0
gpt-oss-20b__noise05__game_195,agent2,gpt-oss-20b,5,một người ích kỷ,0.0667,AllD,0.9996212720870972,0,0.0,1.0,1.0,1.0
gpt-oss-20b__noise05__game_196,agent1,gpt-oss-20b,5,một người hợp tác,0.0667,TFT,1.0,0,0.0,1.0,1.0,1.0
gpt-oss-20b__noise05__game_196,agent2,gpt-oss-20b,5,một người hợp tác,0.0,AllD|TFT,1.0,0,0.0,1.0,1.0,1.0
gpt-oss-20b__noise05__game_197,agent1,gpt-oss-20b,5,một người hợp tác,0.0,AllD|TFT,1.0,0,0.0,1.0,1.0,1.0
gpt-oss-20b__noise05__game_197,agent2,gpt-oss-20b,5,một người ích kỷ,0.0333,TFT,1.0,0,0.0,1.0,1.0,1.0
gpt-oss-20b__noise05__game_198,agent1,gpt-oss-20b,5,một người ích kỷ,0.0,AllD|TFT,1.0,0,0.0,1.0,1.0,1.0
gpt-oss-20b__noise05__game_198,agent2,gpt-oss-20b,5,một người hợp tác,0.1,TFT,1.0,0,0.0,1.0,1.0,1.0
gpt-oss-20b__noise05__game_199,agent1,gpt-oss-20b,5,một người ích kỷ,0.0333,TFT,1.0,0,0.0,1.0,1.0,1.0
gpt-oss-20b__noise05__game_199,agent2,gpt-oss-20b,5,một người ích kỷ,0.1,TFT,1.0,0,0.0,1.0,1.0,1.0
gpt-oss-20b__noise05__game_201,agent1,gpt-oss-20b,5,cooperativo,0.2333,TFT,0.9545659422874451,1,0.8571428571428571,0.8571428571428571,0.0,0.8275862068965517
gpt-oss-20b__noise05__game_201,agent2,gpt-oss-20b,5,egoista,0.0333,AllD,0.999968409538269,0,0.14285714285714285,0.0,0.875,0.7931034482758621
gpt-oss-20b__noise05__game_202,agent1,gpt-oss-20b,5,egoista,0.0667,AllD,0.9997988343238831,0,0.2857142857142857,1.0,1.0,0.6551724137931034
gpt-oss-20b__noise05__game_202,agent2,gpt-oss-20b,5,cooperativo,0.2667,WSLS,0.4690451920032501,1,0.8571428571428571,0.8888888888888888,0.3333333333333333,0.7586206896551724
gpt-oss-20b__noise05__game_203,agent1,gpt-oss-20b,5,egoista,0.0333,TFT,1.0,0,0.3333333333333333,1.0,1.0,0.9310344827586207
gpt-oss-20b__noise05__game_203,agent2,gpt-oss-20b,5,egoista,0.0333,TFT,1.0,0,0.3333333333333333,0.5,1.0,0.9310344827586207
gpt-oss-20b__noise05__game_200,agent1,gpt-oss-20b,5,cooperativo,0.5333,WSLS,0.8313730955123901,1,0.6428571428571429,0.4444444444444444,0.4117647058823529,0.5517241379310345
gpt-oss-20b__noise05__game_200,agent2,gpt-oss-20b,5,cooperativo,0.5333,AllC,0.9992176294326782,0,0.8181818181818182,0.3333333333333333,0.5294117647058824,0.4482758620689655
gpt-oss-20b__noise05__game_204,agent1,gpt-oss-20b,5,cooperativo,0.2,TFT,0.9986061453819275,0,0.5,0.75,0.5,0.7931034482758621
gpt-oss-20b__noise05__game_204,agent2,gpt-oss-20b,5,cooperativo,0.1667,AllD,0.8920654654502869,1,0.5,0.6666666666666666,0.5714285714285714,0.7931034482758621
gpt-oss-20b__noise05__game_205,agent1,gpt-oss-20b,5,cooperativo,0.2667,WSLS,0.9774702787399292,1,0.875,0.75,0.0,0.8275862068965517
gpt-oss-20b__noise05__game_205,agent2,gpt-oss-20b,5,egoista,0.0667,AllD,0.9998179078102112,0,0.2222222222222222,0.0,0.8888888888888888,0.7241379310344828
gpt-oss-20b__noise05__game_206,agent1,gpt-oss-20b,5,egoista,0.2,AllD,0.9999595880508423,0,0.45454545454545453,0.5,0.8181818181818182,0.5862068965517241
gpt-oss-20b__noise05__game_206,agent2,gpt-oss-20b,5,cooperativo,0.3667,TFT,0.9972350001335144,1,1.0,0.8888888888888888,0.3333333333333333,0.6896551724137931
gpt-oss-20b__noise05__game_207,agent1,gpt-oss-20b,5,egoista,0.1,AllD,0.9992467164993286,0,0.42857142857142855,1.0,1.0,0.7931034482758621
gpt-oss-20b__noise05__game_207,agent2,gpt-oss-20b,5,egoista,0.1,AllD,0.9992475509643555,0,0.5,1.0,1.0,0.8275862068965517
gpt-oss-20b__noise05__game_211,agent1,gpt-oss-20b,5,egoista,0.0333,TFT,1.0,0,0.3333333333333333,1.0,1.0,0.9310344827586207
gpt-oss-20b__noise05__game_211,agent2,gpt-oss-20b,5,egoista,0.0333,TFT,1.0,0,0.3333333333333333,1.0,1.0,0.9310344827586207
gpt-oss-20b__noise05__game_210,agent1,gpt-oss-20b,5,egoista,0.1333,AllD,0.9947931170463562,0,0.8,1.0,0.6666666666666666,0.8620689655172413
gpt-oss-20b__noise05__game_210,agent2,gpt-oss-20b,5,cooperativo,0.0667,TFT,0.9762526154518127,1,0.16666666666666666,1.0,0.8,0.8275862068965517
gpt-oss-20b__noise05__game_209,agent1,gpt-oss-20b,5,cooperativo,0.3333,WSLS,0.7818418741226196,1,0.8181818181818182,0.6,0.5,0.6551724137931034
gpt-oss-20b__noise05__game_209,agent2,gpt-oss-20b,5,egoista,0.0333,AllD,0.9999216794967651,0,0.1111111111111111,1.0,1.0,0.6551724137931034
gpt-oss-20b__noise05__game_208,agent1,gpt-oss-20b,5,cooperativo,0.3,WSLS,0.9974791407585144,1,0.375,0.75,0.45454545454545453,0.7241379310344828
gpt-oss-20b__noise05__game_208,agent2,gpt-oss-20b,5,cooperativo,0.3667,WSLS,0.44174924492836,0,0.625,0.4,0.4,0.6896551724137931
gpt-oss-20b__noise05__game_213,agent1,gpt-oss-20b,5,cooperativo,0.1667,TFT,0.6153783798217773,1,0.5714285714285714,1.0,0.5,0.8275862068965517
gpt-oss-20b__noise05__game_213,agent2,gpt-oss-20b,5,egoista,0.1,AllD,0.9989060163497925,0,0.2857142857142857,1.0,0.8333333333333334,0.7931034482758621
gpt-oss-20b__noise05__game_212,agent1,gpt-oss-20b,5,cooperativo,0.6,TFT,1.0,0,0.5,0.0,0.10526315789473684,0.896551724137931
gpt-oss-20b__noise05__game_212,agent2,gpt-oss-20b,5,cooperativo,0.6,TFT,1.0,1,0.0,1.0,0.0,1.0
gpt-oss-20b__noise05__game_215,agent1,gpt-oss-20b,5,egoista,0.0333,TFT,1.0,0,0.5,1.0,1.0,0.9655172413793104
gpt-oss-20b__noise05__game_215,agent2,gpt-oss-20b,5,egoista,0.0,AllD|TFT,1.0,0,0.0,1.0,1.0,0.9655172413793104
gpt-oss-20b__noise05__game_214,agent1,gpt-oss-20b,5,egoista,0.0,AllD,1.0,0,0.0,0.0,1.0,0.6896551724137931
gpt-oss-20b__noise05__game_214,agent2,gpt-oss-20b,5,cooperativo,0.3,TFT,0.9124499559402466,1,0.8888888888888888,0.5,0.0,0.7241379310344828
gpt-oss-20b__noise05__game_218,agent1,gpt-oss-20b,5,egoista,0.0333,AllD,0.9999247789382935,0,0.3333333333333333,0.0,1.0,0.8620689655172413
gpt-oss-20b__noise05__game_218,agent2,gpt-oss-20b,5,cooperativo,0.1,TFT,1.0,1,0.6666666666666666,0.75,0.0,0.9310344827586207
gpt-oss-20b__noise05__game_216,agent1,gpt-oss-20b,5,cooperativo,0.4,AllC,0.3657553493976593,1,0.4,1.0,0.23076923076923078,0.8275862068965517
gpt-oss-20b__noise05__game_216,agent2,gpt-oss-20b,5,cooperativo,0.4,AllC,0.7540540099143982,0,0.75,1.0,0.23076923076923078,0.8275862068965517
gpt-oss-20b__noise05__game_217,agent1,gpt-oss-20b,5,cooperativo,0.2333,TFT,0.9803324937820435,1,0.8571428571428571,1.0,0.0,0.7931034482758621
gpt-oss-20b__noise05__game_217,agent2,gpt-oss-20b,5,egoista,0.0,AllD,1.0,0,0.0,0.0,1.0,0.7586206896551724
gpt-oss-20b__noise05__game_219,agent1,gpt-oss-20b,5,egoista,0.1,AllD,0.9999092817306519,0,0.5,1.0,1.0,0.8275862068965517
gpt-oss-20b__noise05__game_219,agent2,gpt-oss-20b,5,egoista,0.0667,AllD,0.994236946105957,0,0.3333333333333333,1.0,1.0,0.8275862068965517
gpt-oss-20b__noise05__game_222,agent1,gpt-oss-20b,5,egoista,0.0333,AllD,0.9999656677246094,0,0.2,1.0,1.0,0.7931034482758621
gpt-oss-20b__noise05__game_222,agent2,gpt-oss-20b,5,cooperativo,0.1667,TFT,0.9803324937820435,1,0.8,1.0,0.5,0.8275862068965517
gpt-oss-20b__noise05__game_221,agent1,gpt-oss-20b,5,cooperativo,0.1667,TFT,0.9803324937820435,1,0.6666666666666666,1.0,0.5,0.8275862068965517
gpt-oss-20b__noise05__game_221,agent2,gpt-oss-20b,5,egoista,0.0333,AllD,0.9999656677246094,0,0.16666666666666666,1.0,1.0,0.7931034482758621
gpt-oss-20b__noise05__game_223,agent1,gpt-oss-20b,5,egoista,0.0667,TFT,1.0,0,0.5,1.0,1.0,0.896551724137931
gpt-oss-20b__noise05__game_223,agent2,gpt-oss-20b,5,egoista,0.0333,TFT,1.0,0,0.25,1.0,1.0,0.896551724137931
gpt-oss-20b__noise05__game_220,agent1,gpt-oss-20b,5,cooperativo,0.3667,TFT,0.9675561189651489,0,0.6666666666666666,0.5,0.5,0.6206896551724138
gpt-oss-20b__noise05__game_220,agent2,gpt-oss-20b,5,cooperativo,0.3667,TFT,0.7142787575721741,1,0.7272727272727273,1.0,0.36363636363636365,0.7241379310344828
gpt-oss-20b__noise05__game_226,agent1,gpt-oss-20b,5,egoista,0.0333,TFT,1.0,0,0.0,1.0,0.8,0.896551724137931
gpt-oss-20b__noise05__game_226,agent2,gpt-oss-20b,5,cooperativo,0.1667,TFT,0.5623884201049805,1,0.6666666666666666,1.0,0.5,0.8275862068965517
gpt-oss-20b__noise05__game_225,agent1,gpt-oss-20b,5,cooperativo,0.1667,AllD,0.9380624294281006,1,0.8,0.8333333333333334,0.5,0.8275862068965517
gpt-oss-20b__noise05__game_225,agent2,gpt-oss-20b,5,egoista,0.0333,AllD,0.9999746084213257,0,0.2,1.0,1.0,0.7931034482758621
gpt-oss-20b__noise05__game_227,agent1,gpt-oss-20b,5,egoista,0.0333,TFT,1.0,0,0.5,1.0,1.0,0.9655172413793104
gpt-oss-20b__noise05__game_227,agent2,gpt-oss-20b,5,egoista,0.0,AllD|TFT,1.0,0,0.0,1.0,1.0,0.9655172413793104
gpt-oss-20b__noise05__game_224,agent1,gpt-oss-20b,5,cooperativo,0.6667,TFT,0.8971669673919678,0,0.75,0.6,0.3,0.5862068965517241
gpt-oss-20b__noise05__game_224,agent2,gpt-oss-20b,5,cooperativo,0.6333,AllC,0.8821702599525452,1,0.8,0.5,0.3,0.6206896551724138
gpt-oss-20b__noise05__game_229,agent1,gpt-oss-20b,5,cooperativo,0.1667,TFT,1.0,1,0.75,0.8333333333333334,0.0,0.896551724137931
gpt-oss-20b__noise05__game_229,agent2,gpt-oss-20b,5,egoista,0.0333,AllD,0.9996212720870972,0,0.25,0.0,1.0,0.7931034482758621
gpt-oss-20b__noise05__game_228,agent1,gpt-oss-20b,5,cooperativo,0.1333,TFT,0.9992895126342773,1,0.16666666666666666,1.0,0.5714285714285714,0.8275862068965517
gpt-oss-20b__noise05__game_228,agent2,gpt-oss-20b,5,cooperativo,0.2,TFT,0.7084991335868835,0,0.6666666666666666,1.0,0.6,0.7586206896551724
gpt-oss-20b__noise05__game_230,agent1,gpt-oss-20b,5,egoista,0.1333,AllD,0.9999895095825195,0,0.3333333333333333,0.6666666666666666,0.9,0.6206896551724138
gpt-oss-20b__noise05__game_230,agent2,gpt-oss-20b,5,cooperativo,0.3,TFT,0.9497196674346924,1,0.6666666666666666,0.5555555555555556,0.75,0.6206896551724138
gpt-oss-20b__noise05__game_231,agent1,gpt-oss-20b,5,egoista,0.0667,TFT,1.0,0,0.6666666666666666,1.0,1.0,0.9310344827586207
gpt-oss-20b__noise05__game_231,agent2,gpt-oss-20b,5,egoista,0.0333,TFT,1.0,0,0.25,1.0,1.0,0.896551724137931
gpt-oss-20b__noise05__game_233,agent1,gpt-oss-20b,5,cooperativo,0.0667,TFT,1.0,0,0.5,1.0,1.0,0.896551724137931
gpt-oss-20b__noise05__game_233,agent2,gpt-oss-20b,5,egoista,0.0333,TFT,1.0,0,0.25,1.0,1.0,0.896551724137931
gpt-oss-20b__noise05__game_235,agent1,gpt-oss-20b,5,egoista,0.1,AllD,0.9992467164993286,0,0.6,1.0,1.0,0.8620689655172413
gpt-oss-20b__noise05__game_235,agent2,gpt-oss-20b,5,egoista,0.0333,TFT,1.0,0,0.25,1.0,1.0,0.896551724137931
gpt-oss-20b__noise05__game_232,agent1,gpt-oss-20b,5,cooperativo,0.5667,TFT,0.6076024770736694,0,0.4444444444444444,1.0,0.23809523809523808,0.7931034482758621
gpt-oss-20b__noise05__game_232,agent2,gpt-oss-20b,5,cooperativo,0.7,AllC,0.9915052056312561,1,0.8181818181818182,0.0,0.2777777777777778,0.5517241379310345
gpt-oss-20b__noise05__game_234,agent1,gpt-oss-20b,5,egoista,0.1667,AllD,0.991367757320404,0,0.5714285714285714,0.75,0.6666666666666666,0.7931034482758621
gpt-oss-20b__noise05__game_234,agent2,gpt-oss-20b,5,cooperativo,0.1667,TFT,0.5434978008270264,1,0.5,0.75,0.6666666666666666,0.7586206896551724
gpt-oss-20b__noise05__game_236,agent1,gpt-oss-20b,5,cooperativo,0.7,AllC,0.955138087272644,1,0.8333333333333334,0.4,0.2,0.6896551724137931
gpt-oss-20b__noise05__game_236,agent2,gpt-oss-20b,5,cooperativo,0.6667,AllC,0.9937844276428223,0,0.8,0.5,0.22727272727272727,0.7586206896551724
gpt-oss-20b__noise05__game_239,agent1,gpt-oss-20b,5,egoista,0.0,AllD|TFT,1.0,0,0.0,1.0,1.0,1.0
gpt-oss-20b__noise05__game_239,agent2,gpt-oss-20b,5,egoista,0.0,AllD|TFT,1.0,0,0.0,1.0,1.0,1.0
gpt-oss-20b__noise05__game_238,agent1,gpt-oss-20b,5,egoista,0.0,AllD|TFT,1.0,0,0.0,0.0,1.0,0.9310344827586207
gpt-oss-20b__noise05__game_238,agent2,gpt-oss-20b,5,cooperativo,0.0667,TFT,1.0,1,0.5,1.0,0.0,0.9655172413793104
gpt-oss-20b__noise05__game_237,agent1,gpt-oss-20b,5,cooperativo,0.1667,TFT,1.0,1,0.8,0.8333333333333334,0.0,0.8620689655172413
gpt-oss-20b__noise05__game_237,agent2,gpt-oss-20b,5,egoista,0.0,AllD,1.0,0,0.0,0.0,1.0,0.8275862068965517
