game_id,run_id,timestamp,language,n_rounds_known,max_rounds,played_rounds,agent1_name,agent1_llm,agent1_personality,agent1_noise_rate,agent1_total_score,agent1_cooperation_rate,agent1_defection_rate,agent1_flipped_count,agent1_flipped_rounds,agent1_strategies,agent1_intended_strategies,agent2_name,agent2_llm,agent2_personality,agent2_noise_rate,agent2_total_score,agent2_cooperation_rate,agent2_defection_rate,agent2_flipped_count,agent2_flipped_rounds,agent2_strategies,agent2_intended_strategies,time_checker_accuracy,rule_checker_accuracy,aggregation_checker_accuracy,llm_name,noise_level,original_game_id
Mistral-7B-Instruct-v0.3__noise00__game_3,4,2026-02-12T08:24:04.587171,en,True,30,30,agent1,VLLMMistral7B,selfish,0.0,240,0.0,1.0,0,,"D,D,D,D,D,D,D,D,D,D,D,D,D,D,D,D,D,D,D,D,D,D,D,D,D,D,D,D,D,D","D,D,D,D,D,D,D,D,D,D,D,D,D,D,D,D,D,D,D,D,D,D,D,D,D,D,D,D,D,D",agent2,VLLMMistral7B,selfish,0.0,240,0.0,1.0,0,,"D,D,D,D,D,D,D,D,D,D,D,D,D,D,D,D,D,D,D,D,D,D,D,D,D,D,D,D,D,D","D,D,D,D,D,D,D,D,D,D,D,D,D,D,D,D,D,D,D,D,D,D,D,D,D,D,D,D,D,D",0.9737,0.6905,0.4722,Mistral-7B-Instruct-v0.3,0,game_3
Mistral-7B-Instruct-v0.3__noise00__game_0,1,2026-02-12T08:24:06.732407,en,True,30,30,agent1,VLLMMistral7B,cooperative,0.0,60,1.0,0.0,0,,"C,C,C,C,C,C,C,C,C,C,C,C,C,C,C,C,C,C,C,C,C,C,C,C,C,C,C,C,C,C","C,C,C,C,C,C,C,C,C,C,C,C,C,C,C,C,C,C,C,C,C,C,C,C,C,C,C,C,C,C",agent2,VLLMMistral7B,cooperative,0.0,60,1.0,0.0,0,,"C,C,C,C,C,C,C,C,C,C,C,C,C,C,C,C,C,C,C,C,C,C,C,C,C,C,C,C,C,C","C,C,C,C,C,C,C,C,C,C,C,C,C,C,C,C,C,C,C,C,C,C,C,C,C,C,C,C,C,C",1.0,0.8571,0.5,Mistral-7B-Instruct-v0.3,0,game_0
Mistral-7B-Instruct-v0.3__noise00__game_2,3,2026-02-12T08:24:08.203427,en,True,30,30,agent1,VLLMMistral7B,selfish,0.0,104,0.0,1.0,0,,"D,D,D,D,D,D,D,D,D,D,D,D,D,D,D,D,D,D,D,D,D,D,D,D,D,D,D,D,D,D","D,D,D,D,D,D,D,D,D,D,D,D,D,D,D,D,D,D,D,D,D,D,D,D,D,D,D,D,D,D",agent2,VLLMMistral7B,cooperative,0.0,274,0.5667,0.4333,0,,"C,D,D,D,D,D,D,D,D,D,C,C,C,C,C,C,C,C,C,C,C,D,C,C,C,D,C,C,D,D","C,D,D,D,D,D,D,D,D,D,C,C,C,C,C,C,C,C,C,C,C,D,C,C,C,D,C,C,D,D",0.9605,0.619,0.2222,Mistral-7B-Instruct-v0.3,0,game_2
Mistral-7B-Instruct-v0.3__noise00__game_1,2,2026-02-12T08:24:08.468715,en,True,30,30,agent1,VLLMMistral7B,cooperative,0.0,298,0.9667,0.0333,0,,"C,D,C,C,C,C,C,C,C,C,C,C,C,C,C,C,C,C,C,C,C,C,C,C,C,C,C,C,C,C","C,D,C,C,C,C,C,C,C,C,C,C,C,C,C,C,C,C,C,C,C,C,C,C,C,C,C,C,C,C",agent2,VLLMMistral7B,selfish,0.0,8,0.0,1.0,0,,"D,D,D,D,D,D,D,D,D,D,D,D,D,D,D,D,D,D,D,D,D,D,D,D,D,D,D,D,D,D","D,D,D,D,D,D,D,D,D,D,D,D,D,D,D,D,D,D,D,D,D,D,D,D,D,D,D,D,D,D",1.0,1.0,0.0,Mistral-7B-Instruct-v0.3,0,game_1
Mistral-7B-Instruct-v0.3__noise00__game_6,7,2026-02-12T08:25:28.813205,en,True,30,30,agent1,VLLMMistral7B,selfish,0.0,40,0.0,1.0,0,,"D,D,D,D,D,D,D,D,D,D,D,D,D,D,D,D,D,D,D,D,D,D,D,D,D,D,D,D,D,D","D,D,D,D,D,D,D,D,D,D,D,D,D,D,D,D,D,D,D,D,D,D,D,D,D,D,D,D,D,D",agent2,VLLMMistral7B,cooperative,0.0,290,0.8333,0.1667,0,,"C,D,C,C,C,C,C,C,D,D,D,D,C,C,C,C,C,C,C,C,C,C,C,C,C,C,C,C,C,C","C,D,C,C,C,C,C,C,D,D,D,D,C,C,C,C,C,C,C,C,C,C,C,C,C,C,C,C,C,C",0.9474,0.5476,0.1944,Mistral-7B-Instruct-v0.3,0,game_6
Mistral-7B-Instruct-v0.3__noise00__game_4,5,2026-02-12T08:25:29.138088,en,True,30,30,agent1,VLLMMistral7B,cooperative,0.0,68,1.0,0.0,0,,"C,C,C,C,C,C,C,C,C,C,C,C,C,C,C,C,C,C,C,C,C,C,C,C,C,C,C,C,C,C","C,C,C,C,C,C,C,C,C,C,C,C,C,C,C,C,C,C,C,C,C,C,C,C,C,C,C,C,C,C",agent2,VLLMMistral7B,cooperative,0.0,58,0.9667,0.0333,0,,"C,C,C,C,C,C,C,C,D,C,C,C,C,C,C,C,C,C,C,C,C,C,C,C,C,C,C,C,C,C","C,C,C,C,C,C,C,C,D,C,C,C,C,C,C,C,C,C,C,C,C,C,C,C,C,C,C,C,C,C",0.9605,0.881,0.1944,Mistral-7B-Instruct-v0.3,0,game_4
Mistral-7B-Instruct-v0.3__noise00__game_7,8,2026-02-12T08:25:36.531636,en,True,30,30,agent1,VLLMMistral7B,selfish,0.0,240,0.0,1.0,0,,"D,D,D,D,D,D,D,D,D,D,D,D,D,D,D,D,D,D,D,D,D,D,D,D,D,D,D,D,D,D","D,D,D,D,D,D,D,D,D,D,D,D,D,D,D,D,D,D,D,D,D,D,D,D,D,D,D,D,D,D",agent2,VLLMMistral7B,selfish,0.0,240,0.0,1.0,0,,"D,D,D,D,D,D,D,D,D,D,D,D,D,D,D,D,D,D,D,D,D,D,D,D,D,D,D,D,D,D","D,D,D,D,D,D,D,D,D,D,D,D,D,D,D,D,D,D,D,D,D,D,D,D,D,D,D,D,D,D",0.9737,0.6905,0.5,Mistral-7B-Instruct-v0.3,0,game_7
Mistral-7B-Instruct-v0.3__noise00__game_5,6,2026-02-12T08:25:37.482494,en,True,30,30,agent1,VLLMMistral7B,cooperative,0.0,298,0.9667,0.0333,0,,"C,D,C,C,C,C,C,C,C,C,C,C,C,C,C,C,C,C,C,C,C,C,C,C,C,C,C,C,C,C","C,D,C,C,C,C,C,C,C,C,C,C,C,C,C,C,C,C,C,C,C,C,C,C,C,C,C,C,C,C",agent2,VLLMMistral7B,selfish,0.0,8,0.0,1.0,0,,"D,D,D,D,D,D,D,D,D,D,D,D,D,D,D,D,D,D,D,D,D,D,D,D,D,D,D,D,D,D","D,D,D,D,D,D,D,D,D,D,D,D,D,D,D,D,D,D,D,D,D,D,D,D,D,D,D,D,D,D",1.0,1.0,0.0,Mistral-7B-Instruct-v0.3,0,game_5
Mistral-7B-Instruct-v0.3__noise00__game_8,9,2026-02-12T08:26:53.957470,en,True,30,30,agent1,VLLMMistral7B,cooperative,0.0,60,1.0,0.0,0,,"C,C,C,C,C,C,C,C,C,C,C,C,C,C,C,C,C,C,C,C,C,C,C,C,C,C,C,C,C,C","C,C,C,C,C,C,C,C,C,C,C,C,C,C,C,C,C,C,C,C,C,C,C,C,C,C,C,C,C,C",agent2,VLLMMistral7B,cooperative,0.0,60,1.0,0.0,0,,"C,C,C,C,C,C,C,C,C,C,C,C,C,C,C,C,C,C,C,C,C,C,C,C,C,C,C,C,C,C","C,C,C,C,C,C,C,C,C,C,C,C,C,C,C,C,C,C,C,C,C,C,C,C,C,C,C,C,C,C",1.0,0.8571,0.4444,Mistral-7B-Instruct-v0.3,0,game_8
Mistral-7B-Instruct-v0.3__noise00__game_10,11,2026-02-12T08:26:54.336729,en,True,30,30,agent1,VLLMMistral7B,selfish,0.0,216,0.0,1.0,0,,"D,D,D,D,D,D,D,D,D,D,D,D,D,D,D,D,D,D,D,D,D,D,D,D,D,D,D,D,D,D","D,D,D,D,D,D,D,D,D,D,D,D,D,D,D,D,D,D,D,D,D,D,D,D,D,D,D,D,D,D",agent2,VLLMMistral7B,cooperative,0.0,246,0.1,0.9,0,,"C,D,D,C,C,D,D,D,D,D,D,D,D,D,D,D,D,D,D,D,D,D,D,D,D,D,D,D,D,D","C,D,D,C,C,D,D,D,D,D,D,D,D,D,D,D,D,D,D,D,D,D,D,D,D,D,D,D,D,D",0.9737,0.6905,0.2222,Mistral-7B-Instruct-v0.3,0,game_10
Mistral-7B-Instruct-v0.3__noise00__game_9,10,2026-02-12T08:26:57.058278,en,True,30,30,agent1,VLLMMistral7B,cooperative,0.0,300,1.0,0.0,0,,"C,C,C,C,C,C,C,C,C,C,C,C,C,C,C,C,C,C,C,C,C,C,C,C,C,C,C,C,C,C","C,C,C,C,C,C,C,C,C,C,C,C,C,C,C,C,C,C,C,C,C,C,C,C,C,C,C,C,C,C",agent2,VLLMMistral7B,selfish,0.0,0,0.0,1.0,0,,"D,D,D,D,D,D,D,D,D,D,D,D,D,D,D,D,D,D,D,D,D,D,D,D,D,D,D,D,D,D","D,D,D,D,D,D,D,D,D,D,D,D,D,D,D,D,D,D,D,D,D,D,D,D,D,D,D,D,D,D",1.0,1.0,0.25,Mistral-7B-Instruct-v0.3,0,game_9
Mistral-7B-Instruct-v0.3__noise00__game_11,12,2026-02-12T08:26:59.925697,en,True,30,30,agent1,VLLMMistral7B,selfish,0.0,240,0.0,1.0,0,,"D,D,D,D,D,D,D,D,D,D,D,D,D,D,D,D,D,D,D,D,D,D,D,D,D,D,D,D,D,D","D,D,D,D,D,D,D,D,D,D,D,D,D,D,D,D,D,D,D,D,D,D,D,D,D,D,D,D,D,D",agent2,VLLMMistral7B,selfish,0.0,240,0.0,1.0,0,,"D,D,D,D,D,D,D,D,D,D,D,D,D,D,D,D,D,D,D,D,D,D,D,D,D,D,D,D,D,D","D,D,D,D,D,D,D,D,D,D,D,D,D,D,D,D,D,D,D,D,D,D,D,D,D,D,D,D,D,D",0.9868,0.7143,0.4722,Mistral-7B-Instruct-v0.3,0,game_11
Mistral-7B-Instruct-v0.3__noise00__game_12,13,2026-02-12T08:28:11.783703,en,True,30,30,agent1,VLLMMistral7B,cooperative,0.0,60,1.0,0.0,0,,"C,C,C,C,C,C,C,C,C,C,C,C,C,C,C,C,C,C,C,C,C,C,C,C,C,C,C,C,C,C","C,C,C,C,C,C,C,C,C,C,C,C,C,C,C,C,C,C,C,C,C,C,C,C,C,C,C,C,C,C",agent2,VLLMMistral7B,cooperative,0.0,60,1.0,0.0,0,,"C,C,C,C,C,C,C,C,C,C,C,C,C,C,C,C,C,C,C,C,C,C,C,C,C,C,C,C,C,C","C,C,C,C,C,C,C,C,C,C,C,C,C,C,C,C,C,C,C,C,C,C,C,C,C,C,C,C,C,C",1.0,0.8571,0.4167,Mistral-7B-Instruct-v0.3,0,game_12
Mistral-7B-Instruct-v0.3__noise00__game_13,14,2026-02-12T08:28:21.226127,en,True,30,30,agent1,VLLMMistral7B,cooperative,0.0,300,1.0,0.0,0,,"C,C,C,C,C,C,C,C,C,C,C,C,C,C,C,C,C,C,C,C,C,C,C,C,C,C,C,C,C,C","C,C,C,C,C,C,C,C,C,C,C,C,C,C,C,C,C,C,C,C,C,C,C,C,C,C,C,C,C,C",agent2,VLLMMistral7B,selfish,0.0,0,0.0,1.0,0,,"D,D,D,D,D,D,D,D,D,D,D,D,D,D,D,D,D,D,D,D,D,D,D,D,D,D,D,D,D,D","D,D,D,D,D,D,D,D,D,D,D,D,D,D,D,D,D,D,D,D,D,D,D,D,D,D,D,D,D,D",1.0,1.0,0.2222,Mistral-7B-Instruct-v0.3,0,game_13
Mistral-7B-Instruct-v0.3__noise00__game_15,16,2026-02-12T08:28:22.122454,en,True,30,30,agent1,VLLMMistral7B,selfish,0.0,240,0.0,1.0,0,,"D,D,D,D,D,D,D,D,D,D,D,D,D,D,D,D,D,D,D,D,D,D,D,D,D,D,D,D,D,D","D,D,D,D,D,D,D,D,D,D,D,D,D,D,D,D,D,D,D,D,D,D,D,D,D,D,D,D,D,D",agent2,VLLMMistral7B,selfish,0.0,240,0.0,1.0,0,,"D,D,D,D,D,D,D,D,D,D,D,D,D,D,D,D,D,D,D,D,D,D,D,D,D,D,D,D,D,D","D,D,D,D,D,D,D,D,D,D,D,D,D,D,D,D,D,D,D,D,D,D,D,D,D,D,D,D,D,D",0.9868,0.7143,0.4444,Mistral-7B-Instruct-v0.3,0,game_15
Mistral-7B-Instruct-v0.3__noise00__game_14,15,2026-02-12T08:28:23.070360,en,True,30,30,agent1,VLLMMistral7B,selfish,0.0,80,0.0,1.0,0,,"D,D,D,D,D,D,D,D,D,D,D,D,D,D,D,D,D,D,D,D,D,D,D,D,D,D,D,D,D,D","D,D,D,D,D,D,D,D,D,D,D,D,D,D,D,D,D,D,D,D,D,D,D,D,D,D,D,D,D,D",agent2,VLLMMistral7B,cooperative,0.0,280,0.6667,0.3333,0,,"C,D,D,C,D,D,C,C,C,D,C,C,C,D,C,C,C,C,D,D,C,C,C,D,C,C,C,D,C,C","C,D,D,C,D,D,C,C,C,D,C,C,C,D,C,C,C,C,D,D,C,C,C,D,C,C,C,D,C,C",0.9211,0.5714,0.2222,Mistral-7B-Instruct-v0.3,0,game_14
Mistral-7B-Instruct-v0.3__noise00__game_16,17,2026-02-12T08:29:35.185173,en,True,30,30,agent1,VLLMMistral7B,cooperative,0.0,60,1.0,0.0,0,,"C,C,C,C,C,C,C,C,C,C,C,C,C,C,C,C,C,C,C,C,C,C,C,C,C,C,C,C,C,C","C,C,C,C,C,C,C,C,C,C,C,C,C,C,C,C,C,C,C,C,C,C,C,C,C,C,C,C,C,C",agent2,VLLMMistral7B,cooperative,0.0,60,1.0,0.0,0,,"C,C,C,C,C,C,C,C,C,C,C,C,C,C,C,C,C,C,C,C,C,C,C,C,C,C,C,C,C,C","C,C,C,C,C,C,C,C,C,C,C,C,C,C,C,C,C,C,C,C,C,C,C,C,C,C,C,C,C,C",1.0,0.8571,0.4167,Mistral-7B-Instruct-v0.3,0,game_16
Mistral-7B-Instruct-v0.3__noise00__game_18,19,2026-02-12T08:29:44.033197,en,True,30,30,agent1,VLLMMistral7B,selfish,0.0,88,0.0,1.0,0,,"D,D,D,D,D,D,D,D,D,D,D,D,D,D,D,D,D,D,D,D,D,D,D,D,D,D,D,D,D,D","D,D,D,D,D,D,D,D,D,D,D,D,D,D,D,D,D,D,D,D,D,D,D,D,D,D,D,D,D,D",agent2,VLLMMistral7B,cooperative,0.0,278,0.6333,0.3667,0,,"C,D,D,D,C,D,D,D,D,D,C,C,D,D,C,C,C,C,C,C,C,C,C,C,C,C,C,C,D,C","C,D,D,D,C,D,D,D,D,D,C,C,D,D,C,C,C,C,C,C,C,C,C,C,C,C,C,C,D,C",0.9868,0.619,0.2222,Mistral-7B-Instruct-v0.3,0,game_18
Mistral-7B-Instruct-v0.3__noise00__game_19,20,2026-02-12T08:29:44.046633,en,True,30,30,agent1,VLLMMistral7B,selfish,0.0,240,0.0,1.0,0,,"D,D,D,D,D,D,D,D,D,D,D,D,D,D,D,D,D,D,D,D,D,D,D,D,D,D,D,D,D,D","D,D,D,D,D,D,D,D,D,D,D,D,D,D,D,D,D,D,D,D,D,D,D,D,D,D,D,D,D,D",agent2,VLLMMistral7B,selfish,0.0,240,0.0,1.0,0,,"D,D,D,D,D,D,D,D,D,D,D,D,D,D,D,D,D,D,D,D,D,D,D,D,D,D,D,D,D,D","D,D,D,D,D,D,D,D,D,D,D,D,D,D,D,D,D,D,D,D,D,D,D,D,D,D,D,D,D,D",0.9737,0.7143,0.5278,Mistral-7B-Instruct-v0.3,0,game_19
Mistral-7B-Instruct-v0.3__noise00__game_17,18,2026-02-12T08:29:47.676276,en,True,30,30,agent1,VLLMMistral7B,cooperative,0.0,300,1.0,0.0,0,,"C,C,C,C,C,C,C,C,C,C,C,C,C,C,C,C,C,C,C,C,C,C,C,C,C,C,C,C,C,C","C,C,C,C,C,C,C,C,C,C,C,C,C,C,C,C,C,C,C,C,C,C,C,C,C,C,C,C,C,C",agent2,VLLMMistral7B,selfish,0.0,0,0.0,1.0,0,,"D,D,D,D,D,D,D,D,D,D,D,D,D,D,D,D,D,D,D,D,D,D,D,D,D,D,D,D,D,D","D,D,D,D,D,D,D,D,D,D,D,D,D,D,D,D,D,D,D,D,D,D,D,D,D,D,D,D,D,D",1.0,1.0,0.2222,Mistral-7B-Instruct-v0.3,0,game_17
Mistral-7B-Instruct-v0.3__noise00__game_20,21,2026-02-12T08:30:55.683411,en,True,30,30,agent1,VLLMMistral7B,cooperative,0.0,60,1.0,0.0,0,,"C,C,C,C,C,C,C,C,C,C,C,C,C,C,C,C,C,C,C,C,C,C,C,C,C,C,C,C,C,C","C,C,C,C,C,C,C,C,C,C,C,C,C,C,C,C,C,C,C,C,C,C,C,C,C,C,C,C,C,C",agent2,VLLMMistral7B,cooperative,0.0,60,1.0,0.0,0,,"C,C,C,C,C,C,C,C,C,C,C,C,C,C,C,C,C,C,C,C,C,C,C,C,C,C,C,C,C,C","C,C,C,C,C,C,C,C,C,C,C,C,C,C,C,C,C,C,C,C,C,C,C,C,C,C,C,C,C,C",1.0,0.8571,0.4167,Mistral-7B-Instruct-v0.3,0,game_20
Mistral-7B-Instruct-v0.3__noise00__game_21,22,2026-02-12T08:31:06.557260,en,True,30,30,agent1,VLLMMistral7B,cooperative,0.0,288,0.9333,0.0667,0,,"C,D,D,C,C,C,C,C,C,C,C,C,C,C,C,C,C,C,C,C,C,C,C,C,C,C,C,C,C,C","C,D,D,C,C,C,C,C,C,C,C,C,C,C,C,C,C,C,C,C,C,C,C,C,C,C,C,C,C,C",agent2,VLLMMistral7B,selfish,0.0,18,0.0333,0.9667,0,,"D,D,D,D,D,D,D,D,D,D,D,D,D,D,D,D,D,D,D,C,D,D,D,D,D,D,D,D,D,D","D,D,D,D,D,D,D,D,D,D,D,D,D,D,D,D,D,D,D,C,D,D,D,D,D,D,D,D,D,D",0.9737,1.0,0.0,Mistral-7B-Instruct-v0.3,0,game_21
Mistral-7B-Instruct-v0.3__noise00__game_23,24,2026-02-12T08:31:07.105237,en,True,30,30,agent1,VLLMMistral7B,selfish,0.0,240,0.0,1.0,0,,"D,D,D,D,D,D,D,D,D,D,D,D,D,D,D,D,D,D,D,D,D,D,D,D,D,D,D,D,D,D","D,D,D,D,D,D,D,D,D,D,D,D,D,D,D,D,D,D,D,D,D,D,D,D,D,D,D,D,D,D",agent2,VLLMMistral7B,selfish,0.0,240,0.0,1.0,0,,"D,D,D,D,D,D,D,D,D,D,D,D,D,D,D,D,D,D,D,D,D,D,D,D,D,D,D,D,D,D","D,D,D,D,D,D,D,D,D,D,D,D,D,D,D,D,D,D,D,D,D,D,D,D,D,D,D,D,D,D",0.9868,0.6905,0.5556,Mistral-7B-Instruct-v0.3,0,game_23
Mistral-7B-Instruct-v0.3__noise00__game_22,23,2026-02-12T08:31:09.822212,en,True,30,30,agent1,VLLMMistral7B,selfish,0.0,8,0.0,1.0,0,,"D,D,D,D,D,D,D,D,D,D,D,D,D,D,D,D,D,D,D,D,D,D,D,D,D,D,D,D,D,D","D,D,D,D,D,D,D,D,D,D,D,D,D,D,D,D,D,D,D,D,D,D,D,D,D,D,D,D,D,D",agent2,VLLMMistral7B,cooperative,0.0,298,0.9667,0.0333,0,,"C,D,C,C,C,C,C,C,C,C,C,C,C,C,C,C,C,C,C,C,C,C,C,C,C,C,C,C,C,C","C,D,C,C,C,C,C,C,C,C,C,C,C,C,C,C,C,C,C,C,C,C,C,C,C,C,C,C,C,C",1.0,0.5476,0.1667,Mistral-7B-Instruct-v0.3,0,game_22
Mistral-7B-Instruct-v0.3__noise00__game_24,25,2026-02-12T08:32:17.393403,en,True,30,30,agent1,VLLMMistral7B,cooperative,0.0,60,1.0,0.0,0,,"C,C,C,C,C,C,C,C,C,C,C,C,C,C,C,C,C,C,C,C,C,C,C,C,C,C,C,C,C,C","C,C,C,C,C,C,C,C,C,C,C,C,C,C,C,C,C,C,C,C,C,C,C,C,C,C,C,C,C,C",agent2,VLLMMistral7B,cooperative,0.0,60,1.0,0.0,0,,"C,C,C,C,C,C,C,C,C,C,C,C,C,C,C,C,C,C,C,C,C,C,C,C,C,C,C,C,C,C","C,C,C,C,C,C,C,C,C,C,C,C,C,C,C,C,C,C,C,C,C,C,C,C,C,C,C,C,C,C",1.0,0.8571,0.4444,Mistral-7B-Instruct-v0.3,0,game_24
Mistral-7B-Instruct-v0.3__noise00__game_25,26,2026-02-12T08:32:25.986542,en,True,30,30,agent1,VLLMMistral7B,cooperative,0.0,290,0.8333,0.1667,0,,"C,D,D,D,C,D,C,C,D,C,C,C,C,C,C,C,C,C,C,C,C,C,C,C,C,C,C,C,C,C","C,D,D,D,C,D,C,C,D,C,C,C,C,C,C,C,C,C,C,C,C,C,C,C,C,C,C,C,C,C",agent2,VLLMMistral7B,selfish,0.0,40,0.0,1.0,0,,"D,D,D,D,D,D,D,D,D,D,D,D,D,D,D,D,D,D,D,D,D,D,D,D,D,D,D,D,D,D","D,D,D,D,D,D,D,D,D,D,D,D,D,D,D,D,D,D,D,D,D,D,D,D,D,D,D,D,D,D",1.0,1.0,0.0278,Mistral-7B-Instruct-v0.3,0,game_25
Mistral-7B-Instruct-v0.3__noise00__game_26,27,2026-02-12T08:32:29.920736,en,True,30,30,agent1,VLLMMistral7B,selfish,0.0,24,0.0,1.0,0,,"D,D,D,D,D,D,D,D,D,D,D,D,D,D,D,D,D,D,D,D,D,D,D,D,D,D,D,D,D,D","D,D,D,D,D,D,D,D,D,D,D,D,D,D,D,D,D,D,D,D,D,D,D,D,D,D,D,D,D,D",agent2,VLLMMistral7B,cooperative,0.0,294,0.9,0.1,0,,"C,D,D,C,C,C,C,C,C,C,C,C,C,C,C,C,C,C,C,C,C,C,C,D,C,C,C,C,C,C","C,D,D,C,C,C,C,C,C,C,C,C,C,C,C,C,C,C,C,C,C,C,C,D,C,C,C,C,C,C",1.0,0.5714,0.1667,Mistral-7B-Instruct-v0.3,0,game_26
Mistral-7B-Instruct-v0.3__noise00__game_27,28,2026-02-12T08:32:30.797822,en,True,30,30,agent1,VLLMMistral7B,selfish,0.0,240,0.0,1.0,0,,"D,D,D,D,D,D,D,D,D,D,D,D,D,D,D,D,D,D,D,D,D,D,D,D,D,D,D,D,D,D","D,D,D,D,D,D,D,D,D,D,D,D,D,D,D,D,D,D,D,D,D,D,D,D,D,D,D,D,D,D",agent2,VLLMMistral7B,selfish,0.0,240,0.0,1.0,0,,"D,D,D,D,D,D,D,D,D,D,D,D,D,D,D,D,D,D,D,D,D,D,D,D,D,D,D,D,D,D","D,D,D,D,D,D,D,D,D,D,D,D,D,D,D,D,D,D,D,D,D,D,D,D,D,D,D,D,D,D",0.9868,0.6905,0.5556,Mistral-7B-Instruct-v0.3,0,game_27
Mistral-7B-Instruct-v0.3__noise00__game_28,29,2026-02-12T08:33:50.734923,en,True,30,30,agent1,VLLMMistral7B,cooperative,0.0,60,1.0,0.0,0,,"C,C,C,C,C,C,C,C,C,C,C,C,C,C,C,C,C,C,C,C,C,C,C,C,C,C,C,C,C,C","C,C,C,C,C,C,C,C,C,C,C,C,C,C,C,C,C,C,C,C,C,C,C,C,C,C,C,C,C,C",agent2,VLLMMistral7B,cooperative,0.0,60,1.0,0.0,0,,"C,C,C,C,C,C,C,C,C,C,C,C,C,C,C,C,C,C,C,C,C,C,C,C,C,C,C,C,C,C","C,C,C,C,C,C,C,C,C,C,C,C,C,C,C,C,C,C,C,C,C,C,C,C,C,C,C,C,C,C",1.0,0.8571,0.4444,Mistral-7B-Instruct-v0.3,0,game_28
Mistral-7B-Instruct-v0.3__noise00__game_31,32,2026-02-12T08:33:52.347014,en,True,30,30,agent1,VLLMMistral7B,selfish,0.0,240,0.0,1.0,0,,"D,D,D,D,D,D,D,D,D,D,D,D,D,D,D,D,D,D,D,D,D,D,D,D,D,D,D,D,D,D","D,D,D,D,D,D,D,D,D,D,D,D,D,D,D,D,D,D,D,D,D,D,D,D,D,D,D,D,D,D",agent2,VLLMMistral7B,selfish,0.0,240,0.0,1.0,0,,"D,D,D,D,D,D,D,D,D,D,D,D,D,D,D,D,D,D,D,D,D,D,D,D,D,D,D,D,D,D","D,D,D,D,D,D,D,D,D,D,D,D,D,D,D,D,D,D,D,D,D,D,D,D,D,D,D,D,D,D",0.9868,0.6905,0.5833,Mistral-7B-Instruct-v0.3,0,game_31
Mistral-7B-Instruct-v0.3__noise00__game_29,30,2026-02-12T08:33:53.295997,en,True,30,30,agent1,VLLMMistral7B,cooperative,0.0,248,0.1333,0.8667,0,,"C,D,D,C,C,D,D,D,D,D,D,D,D,D,D,D,D,D,D,D,D,C,D,D,D,D,D,D,D,D","C,D,D,C,C,D,D,D,D,D,D,D,D,D,D,D,D,D,D,D,D,C,D,D,D,D,D,D,D,D",agent2,VLLMMistral7B,selfish,0.0,208,0.0,1.0,0,,"D,D,D,D,D,D,D,D,D,D,D,D,D,D,D,D,D,D,D,D,D,D,D,D,D,D,D,D,D,D","D,D,D,D,D,D,D,D,D,D,D,D,D,D,D,D,D,D,D,D,D,D,D,D,D,D,D,D,D,D",0.9737,0.7143,0.1944,Mistral-7B-Instruct-v0.3,0,game_29
Mistral-7B-Instruct-v0.3__noise00__game_30,31,2026-02-12T08:33:59.323346,en,True,30,30,agent1,VLLMMistral7B,selfish,0.0,16,0.0,1.0,0,,"D,D,D,D,D,D,D,D,D,D,D,D,D,D,D,D,D,D,D,D,D,D,D,D,D,D,D,D,D,D","D,D,D,D,D,D,D,D,D,D,D,D,D,D,D,D,D,D,D,D,D,D,D,D,D,D,D,D,D,D",agent2,VLLMMistral7B,cooperative,0.0,296,0.9333,0.0667,0,,"C,C,C,C,C,C,C,C,C,C,C,C,C,C,C,C,C,C,C,C,C,C,C,C,C,D,C,C,D,C","C,C,C,C,C,C,C,C,C,C,C,C,C,C,C,C,C,C,C,C,C,C,C,C,C,D,C,C,D,C",0.9868,0.5714,0.2778,Mistral-7B-Instruct-v0.3,0,game_30
Mistral-7B-Instruct-v0.3__noise00__game_32,33,2026-02-12T08:35:13.227895,en,True,30,30,agent1,VLLMMistral7B,cooperative,0.0,66,0.9667,0.0333,0,,"C,C,C,C,C,C,C,C,C,C,D,C,C,C,C,C,C,C,C,C,C,C,C,C,C,C,C,C,C,C","C,C,C,C,C,C,C,C,C,C,D,C,C,C,C,C,C,C,C,C,C,C,C,C,C,C,C,C,C,C",agent2,VLLMMistral7B,cooperative,0.0,66,0.9667,0.0333,0,,"C,C,C,C,D,C,C,C,C,C,C,C,C,C,C,C,C,C,C,C,C,C,C,C,C,C,C,C,C,C","C,C,C,C,D,C,C,C,C,C,C,C,C,C,C,C,C,C,C,C,C,C,C,C,C,C,C,C,C,C",1.0,0.8571,0.0833,Mistral-7B-Instruct-v0.3,0,game_32
Mistral-7B-Instruct-v0.3__noise00__game_33,34,2026-02-12T08:35:17.143131,en,True,30,30,agent1,VLLMMistral7B,cooperative,0.0,298,0.9667,0.0333,0,,"C,D,C,C,C,C,C,C,C,C,C,C,C,C,C,C,C,C,C,C,C,C,C,C,C,C,C,C,C,C","C,D,C,C,C,C,C,C,C,C,C,C,C,C,C,C,C,C,C,C,C,C,C,C,C,C,C,C,C,C",agent2,VLLMMistral7B,selfish,0.0,8,0.0,1.0,0,,"D,D,D,D,D,D,D,D,D,D,D,D,D,D,D,D,D,D,D,D,D,D,D,D,D,D,D,D,D,D","D,D,D,D,D,D,D,D,D,D,D,D,D,D,D,D,D,D,D,D,D,D,D,D,D,D,D,D,D,D",1.0,1.0,0.0,Mistral-7B-Instruct-v0.3,0,game_33
Mistral-7B-Instruct-v0.3__noise00__game_34,35,2026-02-12T08:35:25.226442,en,True,30,30,agent1,VLLMMistral7B,selfish,0.0,8,0.0,1.0,0,,"D,D,D,D,D,D,D,D,D,D,D,D,D,D,D,D,D,D,D,D,D,D,D,D,D,D,D,D,D,D","D,D,D,D,D,D,D,D,D,D,D,D,D,D,D,D,D,D,D,D,D,D,D,D,D,D,D,D,D,D",agent2,VLLMMistral7B,cooperative,0.0,298,0.9667,0.0333,0,,"C,C,C,C,C,C,C,C,C,D,C,C,C,C,C,C,C,C,C,C,C,C,C,C,C,C,C,C,C,C","C,C,C,C,C,C,C,C,C,D,C,C,C,C,C,C,C,C,C,C,C,C,C,C,C,C,C,C,C,C",0.9737,0.5714,0.1944,Mistral-7B-Instruct-v0.3,0,game_34
Mistral-7B-Instruct-v0.3__noise00__game_35,36,2026-02-12T08:35:26.248613,en,True,30,30,agent1,VLLMMistral7B,selfish,0.0,242,0.0333,0.9667,0,,"D,C,D,D,D,D,D,D,D,D,D,D,D,D,D,D,D,D,D,D,D,D,D,D,D,D,D,D,D,D","D,C,D,D,D,D,D,D,D,D,D,D,D,D,D,D,D,D,D,D,D,D,D,D,D,D,D,D,D,D",agent2,VLLMMistral7B,selfish,0.0,232,0.0,1.0,0,,"D,D,D,D,D,D,D,D,D,D,D,D,D,D,D,D,D,D,D,D,D,D,D,D,D,D,D,D,D,D","D,D,D,D,D,D,D,D,D,D,D,D,D,D,D,D,D,D,D,D,D,D,D,D,D,D,D,D,D,D",0.9737,0.6905,0.1944,Mistral-7B-Instruct-v0.3,0,game_35
Mistral-7B-Instruct-v0.3__noise00__game_36,37,2026-02-12T08:36:38.694796,en,True,30,30,agent1,VLLMMistral7B,cooperative,0.0,82,0.9667,0.0333,0,,"C,C,D,C,C,C,C,C,C,C,C,C,C,C,C,C,C,C,C,C,C,C,C,C,C,C,C,C,C,C","C,C,D,C,C,C,C,C,C,C,C,C,C,C,C,C,C,C,C,C,C,C,C,C,C,C,C,C,C,C",agent2,VLLMMistral7B,cooperative,0.0,62,0.9,0.1,0,,"C,C,C,D,D,D,C,C,C,C,C,C,C,C,C,C,C,C,C,C,C,C,C,C,C,C,C,C,C,C","C,C,C,D,D,D,C,C,C,C,C,C,C,C,C,C,C,C,C,C,C,C,C,C,C,C,C,C,C,C",0.9737,0.8571,0.0556,Mistral-7B-Instruct-v0.3,0,game_36
Mistral-7B-Instruct-v0.3__noise00__game_37,38,2026-02-12T08:36:41.983773,en,True,30,30,agent1,VLLMMistral7B,cooperative,0.0,244,0.0667,0.9333,0,,"C,C,D,D,D,D,D,D,D,D,D,D,D,D,D,D,D,D,D,D,D,D,D,D,D,D,D,D,D,D","C,C,D,D,D,D,D,D,D,D,D,D,D,D,D,D,D,D,D,D,D,D,D,D,D,D,D,D,D,D",agent2,VLLMMistral7B,selfish,0.0,224,0.0,1.0,0,,"D,D,D,D,D,D,D,D,D,D,D,D,D,D,D,D,D,D,D,D,D,D,D,D,D,D,D,D,D,D","D,D,D,D,D,D,D,D,D,D,D,D,D,D,D,D,D,D,D,D,D,D,D,D,D,D,D,D,D,D",0.9868,0.6905,0.1667,Mistral-7B-Instruct-v0.3,0,game_37
Mistral-7B-Instruct-v0.3__noise00__game_39,40,2026-02-12T08:36:48.128858,en,True,30,30,agent1,VLLMMistral7B,selfish,0.0,240,0.0,1.0,0,,"D,D,D,D,D,D,D,D,D,D,D,D,D,D,D,D,D,D,D,D,D,D,D,D,D,D,D,D,D,D","D,D,D,D,D,D,D,D,D,D,D,D,D,D,D,D,D,D,D,D,D,D,D,D,D,D,D,D,D,D",agent2,VLLMMistral7B,selfish,0.0,240,0.0,1.0,0,,"D,D,D,D,D,D,D,D,D,D,D,D,D,D,D,D,D,D,D,D,D,D,D,D,D,D,D,D,D,D","D,D,D,D,D,D,D,D,D,D,D,D,D,D,D,D,D,D,D,D,D,D,D,D,D,D,D,D,D,D",0.9737,0.7381,0.4444,Mistral-7B-Instruct-v0.3,0,game_39
Mistral-7B-Instruct-v0.3__noise00__game_38,39,2026-02-12T08:36:52.527905,en,True,30,30,agent1,VLLMMistral7B,selfish,0.0,64,0.0,1.0,0,,"D,D,D,D,D,D,D,D,D,D,D,D,D,D,D,D,D,D,D,D,D,D,D,D,D,D,D,D,D,D","D,D,D,D,D,D,D,D,D,D,D,D,D,D,D,D,D,D,D,D,D,D,D,D,D,D,D,D,D,D",agent2,VLLMMistral7B,cooperative,0.0,284,0.7333,0.2667,0,,"C,D,D,D,D,D,C,C,D,C,C,C,C,C,C,C,C,C,C,C,C,C,C,C,D,C,C,C,C,D","C,D,D,D,D,D,C,C,D,C,C,C,C,C,C,C,C,C,C,C,C,C,C,C,D,C,C,C,C,D",0.9737,0.5714,0.3333,Mistral-7B-Instruct-v0.3,0,game_38
Mistral-7B-Instruct-v0.3__noise00__game_41,42,2026-02-12T08:38:07.842426,fr,True,30,30,agent1,VLLMMistral7B,coopératif,0.0,300,1.0,0.0,0,,"C,C,C,C,C,C,C,C,C,C,C,C,C,C,C,C,C,C,C,C,C,C,C,C,C,C,C,C,C,C","C,C,C,C,C,C,C,C,C,C,C,C,C,C,C,C,C,C,C,C,C,C,C,C,C,C,C,C,C,C",agent2,VLLMMistral7B,égoïste,0.0,0,0.0,1.0,0,,"T,T,T,T,T,T,T,T,T,T,T,T,T,T,T,T,T,T,T,T,T,T,T,T,T,T,T,T,T,T","T,T,T,T,T,T,T,T,T,T,T,T,T,T,T,T,T,T,T,T,T,T,T,T,T,T,T,T,T,T",1.0,1.0,0.4167,Mistral-7B-Instruct-v0.3,0,game_41
Mistral-7B-Instruct-v0.3__noise00__game_40,41,2026-02-12T08:38:11.097198,fr,True,30,30,agent1,VLLMMistral7B,coopératif,0.0,60,1.0,0.0,0,,"C,C,C,C,C,C,C,C,C,C,C,C,C,C,C,C,C,C,C,C,C,C,C,C,C,C,C,C,C,C","C,C,C,C,C,C,C,C,C,C,C,C,C,C,C,C,C,C,C,C,C,C,C,C,C,C,C,C,C,C",agent2,VLLMMistral7B,coopératif,0.0,60,1.0,0.0,0,,"C,C,C,C,C,C,C,C,C,C,C,C,C,C,C,C,C,C,C,C,C,C,C,C,C,C,C,C,C,C","C,C,C,C,C,C,C,C,C,C,C,C,C,C,C,C,C,C,C,C,C,C,C,C,C,C,C,C,C,C",1.0,0.8333,0.3889,Mistral-7B-Instruct-v0.3,0,game_40
Mistral-7B-Instruct-v0.3__noise00__game_42,43,2026-02-12T08:38:18.832081,fr,True,30,30,agent1,VLLMMistral7B,égoïste,0.0,0,0.0,1.0,0,,"T,T,T,T,T,T,T,T,T,T,T,T,T,T,T,T,T,T,T,T,T,T,T,T,T,T,T,T,T,T","T,T,T,T,T,T,T,T,T,T,T,T,T,T,T,T,T,T,T,T,T,T,T,T,T,T,T,T,T,T",agent2,VLLMMistral7B,coopératif,0.0,300,1.0,0.0,0,,"C,C,C,C,C,C,C,C,C,C,C,C,C,C,C,C,C,C,C,C,C,C,C,C,C,C,C,C,C,C","C,C,C,C,C,C,C,C,C,C,C,C,C,C,C,C,C,C,C,C,C,C,C,C,C,C,C,C,C,C",0.9868,0.7143,0.3333,Mistral-7B-Instruct-v0.3,0,game_42
Mistral-7B-Instruct-v0.3__noise00__game_43,44,2026-02-12T08:38:20.782472,fr,True,30,30,agent1,VLLMMistral7B,égoïste,0.0,240,0.0,1.0,0,,"T,T,T,T,T,T,T,T,T,T,T,T,T,T,T,T,T,T,T,T,T,T,T,T,T,T,T,T,T,T","T,T,T,T,T,T,T,T,T,T,T,T,T,T,T,T,T,T,T,T,T,T,T,T,T,T,T,T,T,T",agent2,VLLMMistral7B,égoïste,0.0,240,0.0,1.0,0,,"T,T,T,T,T,T,T,T,T,T,T,T,T,T,T,T,T,T,T,T,T,T,T,T,T,T,T,T,T,T","T,T,T,T,T,T,T,T,T,T,T,T,T,T,T,T,T,T,T,T,T,T,T,T,T,T,T,T,T,T",0.9737,0.7143,0.6389,Mistral-7B-Instruct-v0.3,0,game_43
Mistral-7B-Instruct-v0.3__noise00__game_44,45,2026-02-12T08:39:42.282581,fr,True,30,30,agent1,VLLMMistral7B,coopératif,0.0,60,1.0,0.0,0,,"C,C,C,C,C,C,C,C,C,C,C,C,C,C,C,C,C,C,C,C,C,C,C,C,C,C,C,C,C,C","C,C,C,C,C,C,C,C,C,C,C,C,C,C,C,C,C,C,C,C,C,C,C,C,C,C,C,C,C,C",agent2,VLLMMistral7B,coopératif,0.0,60,1.0,0.0,0,,"C,C,C,C,C,C,C,C,C,C,C,C,C,C,C,C,C,C,C,C,C,C,C,C,C,C,C,C,C,C","C,C,C,C,C,C,C,C,C,C,C,C,C,C,C,C,C,C,C,C,C,C,C,C,C,C,C,C,C,C",1.0,0.8571,0.4444,Mistral-7B-Instruct-v0.3,0,game_44
Mistral-7B-Instruct-v0.3__noise00__game_45,46,2026-02-12T08:39:43.445518,fr,True,30,30,agent1,VLLMMistral7B,coopératif,0.0,300,1.0,0.0,0,,"C,C,C,C,C,C,C,C,C,C,C,C,C,C,C,C,C,C,C,C,C,C,C,C,C,C,C,C,C,C","C,C,C,C,C,C,C,C,C,C,C,C,C,C,C,C,C,C,C,C,C,C,C,C,C,C,C,C,C,C",agent2,VLLMMistral7B,égoïste,0.0,0,0.0,1.0,0,,"T,T,T,T,T,T,T,T,T,T,T,T,T,T,T,T,T,T,T,T,T,T,T,T,T,T,T,T,T,T","T,T,T,T,T,T,T,T,T,T,T,T,T,T,T,T,T,T,T,T,T,T,T,T,T,T,T,T,T,T",1.0,1.0,0.2778,Mistral-7B-Instruct-v0.3,0,game_45
Mistral-7B-Instruct-v0.3__noise00__game_46,47,2026-02-12T08:39:45.658359,fr,True,30,30,agent1,VLLMMistral7B,égoïste,0.0,8,0.0,1.0,0,,"T,T,T,T,T,T,T,T,T,T,T,T,T,T,T,T,T,T,T,T,T,T,T,T,T,T,T,T,T,T","T,T,T,T,T,T,T,T,T,T,T,T,T,T,T,T,T,T,T,T,T,T,T,T,T,T,T,T,T,T",agent2,VLLMMistral7B,coopératif,0.0,298,0.9667,0.0333,0,,"C,T,C,C,C,C,C,C,C,C,C,C,C,C,C,C,C,C,C,C,C,C,C,C,C,C,C,C,C,C","C,T,C,C,C,C,C,C,C,C,C,C,C,C,C,C,C,C,C,C,C,C,C,C,C,C,C,C,C,C",0.9868,0.7143,0.1667,Mistral-7B-Instruct-v0.3,0,game_46
Mistral-7B-Instruct-v0.3__noise00__game_47,48,2026-02-12T08:39:47.816382,fr,True,30,30,agent1,VLLMMistral7B,égoïste,0.0,240,0.0,1.0,0,,"T,T,T,T,T,T,T,T,T,T,T,T,T,T,T,T,T,T,T,T,T,T,T,T,T,T,T,T,T,T","T,T,T,T,T,T,T,T,T,T,T,T,T,T,T,T,T,T,T,T,T,T,T,T,T,T,T,T,T,T",agent2,VLLMMistral7B,égoïste,0.0,240,0.0,1.0,0,,"T,T,T,T,T,T,T,T,T,T,T,T,T,T,T,T,T,T,T,T,T,T,T,T,T,T,T,T,T,T","T,T,T,T,T,T,T,T,T,T,T,T,T,T,T,T,T,T,T,T,T,T,T,T,T,T,T,T,T,T",0.9737,0.7143,0.5833,Mistral-7B-Instruct-v0.3,0,game_47
Mistral-7B-Instruct-v0.3__noise00__game_49,50,2026-02-12T08:41:12.172998,fr,True,30,30,agent1,VLLMMistral7B,coopératif,0.0,300,1.0,0.0,0,,"C,C,C,C,C,C,C,C,C,C,C,C,C,C,C,C,C,C,C,C,C,C,C,C,C,C,C,C,C,C","C,C,C,C,C,C,C,C,C,C,C,C,C,C,C,C,C,C,C,C,C,C,C,C,C,C,C,C,C,C",agent2,VLLMMistral7B,égoïste,0.0,0,0.0,1.0,0,,"T,T,T,T,T,T,T,T,T,T,T,T,T,T,T,T,T,T,T,T,T,T,T,T,T,T,T,T,T,T","T,T,T,T,T,T,T,T,T,T,T,T,T,T,T,T,T,T,T,T,T,T,T,T,T,T,T,T,T,T",1.0,1.0,0.3333,Mistral-7B-Instruct-v0.3,0,game_49
Mistral-7B-Instruct-v0.3__noise00__game_48,49,2026-02-12T08:41:14.292054,fr,True,30,30,agent1,VLLMMistral7B,coopératif,0.0,60,1.0,0.0,0,,"C,C,C,C,C,C,C,C,C,C,C,C,C,C,C,C,C,C,C,C,C,C,C,C,C,C,C,C,C,C","C,C,C,C,C,C,C,C,C,C,C,C,C,C,C,C,C,C,C,C,C,C,C,C,C,C,C,C,C,C",agent2,VLLMMistral7B,coopératif,0.0,60,1.0,0.0,0,,"C,C,C,C,C,C,C,C,C,C,C,C,C,C,C,C,C,C,C,C,C,C,C,C,C,C,C,C,C,C","C,C,C,C,C,C,C,C,C,C,C,C,C,C,C,C,C,C,C,C,C,C,C,C,C,C,C,C,C,C",1.0,0.8333,0.4444,Mistral-7B-Instruct-v0.3,0,game_48
Mistral-7B-Instruct-v0.3__noise00__game_51,52,2026-02-12T08:41:15.453093,fr,True,30,30,agent1,VLLMMistral7B,égoïste,0.0,240,0.0,1.0,0,,"T,T,T,T,T,T,T,T,T,T,T,T,T,T,T,T,T,T,T,T,T,T,T,T,T,T,T,T,T,T","T,T,T,T,T,T,T,T,T,T,T,T,T,T,T,T,T,T,T,T,T,T,T,T,T,T,T,T,T,T",agent2,VLLMMistral7B,égoïste,0.0,240,0.0,1.0,0,,"T,T,T,T,T,T,T,T,T,T,T,T,T,T,T,T,T,T,T,T,T,T,T,T,T,T,T,T,T,T","T,T,T,T,T,T,T,T,T,T,T,T,T,T,T,T,T,T,T,T,T,T,T,T,T,T,T,T,T,T",0.9605,0.7143,0.5556,Mistral-7B-Instruct-v0.3,0,game_51
Mistral-7B-Instruct-v0.3__noise00__game_50,51,2026-02-12T08:41:22.908483,fr,True,30,30,agent1,VLLMMistral7B,égoïste,0.0,0,0.0,1.0,0,,"T,T,T,T,T,T,T,T,T,T,T,T,T,T,T,T,T,T,T,T,T,T,T,T,T,T,T,T,T,T","T,T,T,T,T,T,T,T,T,T,T,T,T,T,T,T,T,T,T,T,T,T,T,T,T,T,T,T,T,T",agent2,VLLMMistral7B,coopératif,0.0,300,1.0,0.0,0,,"C,C,C,C,C,C,C,C,C,C,C,C,C,C,C,C,C,C,C,C,C,C,C,C,C,C,C,C,C,C","C,C,C,C,C,C,C,C,C,C,C,C,C,C,C,C,C,C,C,C,C,C,C,C,C,C,C,C,C,C",1.0,0.7143,0.3056,Mistral-7B-Instruct-v0.3,0,game_50
Mistral-7B-Instruct-v0.3__noise00__game_53,54,2026-02-12T08:42:40.533092,fr,True,30,30,agent1,VLLMMistral7B,coopératif,0.0,300,1.0,0.0,0,,"C,C,C,C,C,C,C,C,C,C,C,C,C,C,C,C,C,C,C,C,C,C,C,C,C,C,C,C,C,C","C,C,C,C,C,C,C,C,C,C,C,C,C,C,C,C,C,C,C,C,C,C,C,C,C,C,C,C,C,C",agent2,VLLMMistral7B,égoïste,0.0,0,0.0,1.0,0,,"T,T,T,T,T,T,T,T,T,T,T,T,T,T,T,T,T,T,T,T,T,T,T,T,T,T,T,T,T,T","T,T,T,T,T,T,T,T,T,T,T,T,T,T,T,T,T,T,T,T,T,T,T,T,T,T,T,T,T,T",1.0,1.0,0.3611,Mistral-7B-Instruct-v0.3,0,game_53
Mistral-7B-Instruct-v0.3__noise00__game_52,53,2026-02-12T08:42:40.679555,fr,True,30,30,agent1,VLLMMistral7B,coopératif,0.0,60,1.0,0.0,0,,"C,C,C,C,C,C,C,C,C,C,C,C,C,C,C,C,C,C,C,C,C,C,C,C,C,C,C,C,C,C","C,C,C,C,C,C,C,C,C,C,C,C,C,C,C,C,C,C,C,C,C,C,C,C,C,C,C,C,C,C",agent2,VLLMMistral7B,coopératif,0.0,60,1.0,0.0,0,,"C,C,C,C,C,C,C,C,C,C,C,C,C,C,C,C,C,C,C,C,C,C,C,C,C,C,C,C,C,C","C,C,C,C,C,C,C,C,C,C,C,C,C,C,C,C,C,C,C,C,C,C,C,C,C,C,C,C,C,C",1.0,0.8095,0.3889,Mistral-7B-Instruct-v0.3,0,game_52
Mistral-7B-Instruct-v0.3__noise00__game_54,55,2026-02-12T08:42:47.442624,fr,True,30,30,agent1,VLLMMistral7B,égoïste,0.0,8,0.0,1.0,0,,"T,T,T,T,T,T,T,T,T,T,T,T,T,T,T,T,T,T,T,T,T,T,T,T,T,T,T,T,T,T","T,T,T,T,T,T,T,T,T,T,T,T,T,T,T,T,T,T,T,T,T,T,T,T,T,T,T,T,T,T",agent2,VLLMMistral7B,coopératif,0.0,298,0.9667,0.0333,0,,"C,T,C,C,C,C,C,C,C,C,C,C,C,C,C,C,C,C,C,C,C,C,C,C,C,C,C,C,C,C","C,T,C,C,C,C,C,C,C,C,C,C,C,C,C,C,C,C,C,C,C,C,C,C,C,C,C,C,C,C",1.0,0.7143,0.1667,Mistral-7B-Instruct-v0.3,0,game_54
Mistral-7B-Instruct-v0.3__noise00__game_55,56,2026-02-12T08:42:58.530869,fr,True,30,30,agent1,VLLMMistral7B,égoïste,0.0,240,0.0,1.0,0,,"T,T,T,T,T,T,T,T,T,T,T,T,T,T,T,T,T,T,T,T,T,T,T,T,T,T,T,T,T,T","T,T,T,T,T,T,T,T,T,T,T,T,T,T,T,T,T,T,T,T,T,T,T,T,T,T,T,T,T,T",agent2,VLLMMistral7B,égoïste,0.0,240,0.0,1.0,0,,"T,T,T,T,T,T,T,T,T,T,T,T,T,T,T,T,T,T,T,T,T,T,T,T,T,T,T,T,T,T","T,T,T,T,T,T,T,T,T,T,T,T,T,T,T,T,T,T,T,T,T,T,T,T,T,T,T,T,T,T",0.9737,0.7143,0.5278,Mistral-7B-Instruct-v0.3,0,game_55
Mistral-7B-Instruct-v0.3__noise00__game_56,57,2026-02-12T08:44:02.780490,fr,True,30,30,agent1,VLLMMistral7B,coopératif,0.0,60,1.0,0.0,0,,"C,C,C,C,C,C,C,C,C,C,C,C,C,C,C,C,C,C,C,C,C,C,C,C,C,C,C,C,C,C","C,C,C,C,C,C,C,C,C,C,C,C,C,C,C,C,C,C,C,C,C,C,C,C,C,C,C,C,C,C",agent2,VLLMMistral7B,coopératif,0.0,60,1.0,0.0,0,,"C,C,C,C,C,C,C,C,C,C,C,C,C,C,C,C,C,C,C,C,C,C,C,C,C,C,C,C,C,C","C,C,C,C,C,C,C,C,C,C,C,C,C,C,C,C,C,C,C,C,C,C,C,C,C,C,C,C,C,C",1.0,0.8333,0.4167,Mistral-7B-Instruct-v0.3,0,game_56
Mistral-7B-Instruct-v0.3__noise00__game_57,58,2026-02-12T08:44:05.944743,fr,True,30,30,agent1,VLLMMistral7B,coopératif,0.0,296,0.9333,0.0667,0,,"C,C,C,C,C,C,C,C,T,C,T,C,C,C,C,C,C,C,C,C,C,C,C,C,C,C,C,C,C,C","C,C,C,C,C,C,C,C,T,C,T,C,C,C,C,C,C,C,C,C,C,C,C,C,C,C,C,C,C,C",agent2,VLLMMistral7B,égoïste,0.0,16,0.0,1.0,0,,"T,T,T,T,T,T,T,T,T,T,T,T,T,T,T,T,T,T,T,T,T,T,T,T,T,T,T,T,T,T","T,T,T,T,T,T,T,T,T,T,T,T,T,T,T,T,T,T,T,T,T,T,T,T,T,T,T,T,T,T",0.9737,0.9762,0.1111,Mistral-7B-Instruct-v0.3,0,game_57
Mistral-7B-Instruct-v0.3__noise00__game_58,59,2026-02-12T08:44:12.651135,fr,True,30,30,agent1,VLLMMistral7B,égoïste,0.0,8,0.0,1.0,0,,"T,T,T,T,T,T,T,T,T,T,T,T,T,T,T,T,T,T,T,T,T,T,T,T,T,T,T,T,T,T","T,T,T,T,T,T,T,T,T,T,T,T,T,T,T,T,T,T,T,T,T,T,T,T,T,T,T,T,T,T",agent2,VLLMMistral7B,coopératif,0.0,298,0.9667,0.0333,0,,"C,C,C,C,C,C,C,C,C,C,C,C,C,C,C,T,C,C,C,C,C,C,C,C,C,C,C,C,C,C","C,C,C,C,C,C,C,C,C,C,C,C,C,C,C,T,C,C,C,C,C,C,C,C,C,C,C,C,C,C",1.0,0.7143,0.2222,Mistral-7B-Instruct-v0.3,0,game_58
Mistral-7B-Instruct-v0.3__noise00__game_59,60,2026-02-12T08:44:20.312223,fr,True,30,30,agent1,VLLMMistral7B,égoïste,0.0,240,0.0,1.0,0,,"T,T,T,T,T,T,T,T,T,T,T,T,T,T,T,T,T,T,T,T,T,T,T,T,T,T,T,T,T,T","T,T,T,T,T,T,T,T,T,T,T,T,T,T,T,T,T,T,T,T,T,T,T,T,T,T,T,T,T,T",agent2,VLLMMistral7B,égoïste,0.0,240,0.0,1.0,0,,"T,T,T,T,T,T,T,T,T,T,T,T,T,T,T,T,T,T,T,T,T,T,T,T,T,T,T,T,T,T","T,T,T,T,T,T,T,T,T,T,T,T,T,T,T,T,T,T,T,T,T,T,T,T,T,T,T,T,T,T",0.9737,0.7143,0.6389,Mistral-7B-Instruct-v0.3,0,game_59
Mistral-7B-Instruct-v0.3__noise00__game_60,61,2026-02-12T08:45:35.887897,fr,True,30,30,agent1,VLLMMistral7B,coopératif,0.0,66,0.9667,0.0333,0,,"T,C,C,C,C,C,C,C,C,C,C,C,C,C,C,C,C,C,C,C,C,C,C,C,C,C,C,C,C,C","T,C,C,C,C,C,C,C,C,C,C,C,C,C,C,C,C,C,C,C,C,C,C,C,C,C,C,C,C,C",agent2,VLLMMistral7B,coopératif,0.0,66,0.9667,0.0333,0,,"C,C,C,C,C,C,C,C,C,C,C,C,C,T,C,C,C,C,C,C,C,C,C,C,C,C,C,C,C,C","C,C,C,C,C,C,C,C,C,C,C,C,C,T,C,C,C,C,C,C,C,C,C,C,C,C,C,C,C,C",1.0,0.8571,0.0556,Mistral-7B-Instruct-v0.3,0,game_60
Mistral-7B-Instruct-v0.3__noise00__game_61,62,2026-02-12T08:45:38.551223,fr,True,30,30,agent1,VLLMMistral7B,coopératif,0.0,300,1.0,0.0,0,,"C,C,C,C,C,C,C,C,C,C,C,C,C,C,C,C,C,C,C,C,C,C,C,C,C,C,C,C,C,C","C,C,C,C,C,C,C,C,C,C,C,C,C,C,C,C,C,C,C,C,C,C,C,C,C,C,C,C,C,C",agent2,VLLMMistral7B,égoïste,0.0,0,0.0,1.0,0,,"T,T,T,T,T,T,T,T,T,T,T,T,T,T,T,T,T,T,T,T,T,T,T,T,T,T,T,T,T,T","T,T,T,T,T,T,T,T,T,T,T,T,T,T,T,T,T,T,T,T,T,T,T,T,T,T,T,T,T,T",1.0,1.0,0.3056,Mistral-7B-Instruct-v0.3,0,game_61
Mistral-7B-Instruct-v0.3__noise00__game_62,63,2026-02-12T08:45:41.543091,fr,True,30,30,agent1,VLLMMistral7B,égoïste,0.0,8,0.0,1.0,0,,"T,T,T,T,T,T,T,T,T,T,T,T,T,T,T,T,T,T,T,T,T,T,T,T,T,T,T,T,T,T","T,T,T,T,T,T,T,T,T,T,T,T,T,T,T,T,T,T,T,T,T,T,T,T,T,T,T,T,T,T",agent2,VLLMMistral7B,coopératif,0.0,298,0.9667,0.0333,0,,"C,C,C,C,C,C,C,C,C,C,C,C,C,C,C,C,T,C,C,C,C,C,C,C,C,C,C,C,C,C","C,C,C,C,C,C,C,C,C,C,C,C,C,C,C,C,T,C,C,C,C,C,C,C,C,C,C,C,C,C",0.9605,0.7143,0.1667,Mistral-7B-Instruct-v0.3,0,game_62
Mistral-7B-Instruct-v0.3__noise00__game_63,64,2026-02-12T08:45:44.658284,fr,True,30,30,agent1,VLLMMistral7B,égoïste,0.0,240,0.0,1.0,0,,"T,T,T,T,T,T,T,T,T,T,T,T,T,T,T,T,T,T,T,T,T,T,T,T,T,T,T,T,T,T","T,T,T,T,T,T,T,T,T,T,T,T,T,T,T,T,T,T,T,T,T,T,T,T,T,T,T,T,T,T",agent2,VLLMMistral7B,égoïste,0.0,240,0.0,1.0,0,,"T,T,T,T,T,T,T,T,T,T,T,T,T,T,T,T,T,T,T,T,T,T,T,T,T,T,T,T,T,T","T,T,T,T,T,T,T,T,T,T,T,T,T,T,T,T,T,T,T,T,T,T,T,T,T,T,T,T,T,T",0.9605,0.7143,0.5833,Mistral-7B-Instruct-v0.3,0,game_63
Mistral-7B-Instruct-v0.3__noise00__game_64,65,2026-02-12T08:46:59.820259,fr,True,30,30,agent1,VLLMMistral7B,coopératif,0.0,60,1.0,0.0,0,,"C,C,C,C,C,C,C,C,C,C,C,C,C,C,C,C,C,C,C,C,C,C,C,C,C,C,C,C,C,C","C,C,C,C,C,C,C,C,C,C,C,C,C,C,C,C,C,C,C,C,C,C,C,C,C,C,C,C,C,C",agent2,VLLMMistral7B,coopératif,0.0,60,1.0,0.0,0,,"C,C,C,C,C,C,C,C,C,C,C,C,C,C,C,C,C,C,C,C,C,C,C,C,C,C,C,C,C,C","C,C,C,C,C,C,C,C,C,C,C,C,C,C,C,C,C,C,C,C,C,C,C,C,C,C,C,C,C,C",1.0,0.8571,0.3889,Mistral-7B-Instruct-v0.3,0,game_64
Mistral-7B-Instruct-v0.3__noise00__game_66,67,2026-02-12T08:47:06.103782,fr,True,30,30,agent1,VLLMMistral7B,égoïste,0.0,8,0.0,1.0,0,,"T,T,T,T,T,T,T,T,T,T,T,T,T,T,T,T,T,T,T,T,T,T,T,T,T,T,T,T,T,T","T,T,T,T,T,T,T,T,T,T,T,T,T,T,T,T,T,T,T,T,T,T,T,T,T,T,T,T,T,T",agent2,VLLMMistral7B,coopératif,0.0,298,0.9667,0.0333,0,,"C,T,C,C,C,C,C,C,C,C,C,C,C,C,C,C,C,C,C,C,C,C,C,C,C,C,C,C,C,C","C,T,C,C,C,C,C,C,C,C,C,C,C,C,C,C,C,C,C,C,C,C,C,C,C,C,C,C,C,C",1.0,0.7143,0.1667,Mistral-7B-Instruct-v0.3,0,game_66
Mistral-7B-Instruct-v0.3__noise00__game_65,66,2026-02-12T08:47:11.451255,fr,True,30,30,agent1,VLLMMistral7B,coopératif,0.0,300,1.0,0.0,0,,"C,C,C,C,C,C,C,C,C,C,C,C,C,C,C,C,C,C,C,C,C,C,C,C,C,C,C,C,C,C","C,C,C,C,C,C,C,C,C,C,C,C,C,C,C,C,C,C,C,C,C,C,C,C,C,C,C,C,C,C",agent2,VLLMMistral7B,égoïste,0.0,0,0.0,1.0,0,,"T,T,T,T,T,T,T,T,T,T,T,T,T,T,T,T,T,T,T,T,T,T,T,T,T,T,T,T,T,T","T,T,T,T,T,T,T,T,T,T,T,T,T,T,T,T,T,T,T,T,T,T,T,T,T,T,T,T,T,T",1.0,1.0,0.3056,Mistral-7B-Instruct-v0.3,0,game_65
Mistral-7B-Instruct-v0.3__noise00__game_67,68,2026-02-12T08:47:15.186678,fr,True,30,30,agent1,VLLMMistral7B,égoïste,0.0,240,0.0,1.0,0,,"T,T,T,T,T,T,T,T,T,T,T,T,T,T,T,T,T,T,T,T,T,T,T,T,T,T,T,T,T,T","T,T,T,T,T,T,T,T,T,T,T,T,T,T,T,T,T,T,T,T,T,T,T,T,T,T,T,T,T,T",agent2,VLLMMistral7B,égoïste,0.0,240,0.0,1.0,0,,"T,T,T,T,T,T,T,T,T,T,T,T,T,T,T,T,T,T,T,T,T,T,T,T,T,T,T,T,T,T","T,T,T,T,T,T,T,T,T,T,T,T,T,T,T,T,T,T,T,T,T,T,T,T,T,T,T,T,T,T",0.9737,0.7143,0.5278,Mistral-7B-Instruct-v0.3,0,game_67
Mistral-7B-Instruct-v0.3__noise00__game_68,69,2026-02-12T08:48:32.347456,fr,True,30,30,agent1,VLLMMistral7B,coopératif,0.0,60,1.0,0.0,0,,"C,C,C,C,C,C,C,C,C,C,C,C,C,C,C,C,C,C,C,C,C,C,C,C,C,C,C,C,C,C","C,C,C,C,C,C,C,C,C,C,C,C,C,C,C,C,C,C,C,C,C,C,C,C,C,C,C,C,C,C",agent2,VLLMMistral7B,coopératif,0.0,60,1.0,0.0,0,,"C,C,C,C,C,C,C,C,C,C,C,C,C,C,C,C,C,C,C,C,C,C,C,C,C,C,C,C,C,C","C,C,C,C,C,C,C,C,C,C,C,C,C,C,C,C,C,C,C,C,C,C,C,C,C,C,C,C,C,C",1.0,0.8333,0.4167,Mistral-7B-Instruct-v0.3,0,game_68
Mistral-7B-Instruct-v0.3__noise00__game_69,70,2026-02-12T08:48:33.695720,fr,True,30,30,agent1,VLLMMistral7B,coopératif,0.0,286,0.7667,0.2333,0,,"C,C,C,T,T,T,T,T,T,C,C,C,T,C,C,C,C,C,C,C,C,C,C,C,C,C,C,C,C,C","C,C,C,T,T,T,T,T,T,C,C,C,T,C,C,C,C,C,C,C,C,C,C,C,C,C,C,C,C,C",agent2,VLLMMistral7B,égoïste,0.0,56,0.0,1.0,0,,"T,T,T,T,T,T,T,T,T,T,T,T,T,T,T,T,T,T,T,T,T,T,T,T,T,T,T,T,T,T","T,T,T,T,T,T,T,T,T,T,T,T,T,T,T,T,T,T,T,T,T,T,T,T,T,T,T,T,T,T",0.9868,0.9286,0.1111,Mistral-7B-Instruct-v0.3,0,game_69
Mistral-7B-Instruct-v0.3__noise00__game_70,71,2026-02-12T08:48:38.819743,fr,True,30,30,agent1,VLLMMistral7B,égoïste,0.0,10,0.0333,0.9667,0,,"T,T,T,T,T,T,T,T,T,C,T,T,T,T,T,T,T,T,T,T,T,T,T,T,T,T,T,T,T,T","T,T,T,T,T,T,T,T,T,C,T,T,T,T,T,T,T,T,T,T,T,T,T,T,T,T,T,T,T,T",agent2,VLLMMistral7B,coopératif,0.0,290,0.9667,0.0333,0,,"C,C,T,C,C,C,C,C,C,C,C,C,C,C,C,C,C,C,C,C,C,C,C,C,C,C,C,C,C,C","C,C,T,C,C,C,C,C,C,C,C,C,C,C,C,C,C,C,C,C,C,C,C,C,C,C,C,C,C,C",0.9737,0.7143,0.0556,Mistral-7B-Instruct-v0.3,0,game_70
Mistral-7B-Instruct-v0.3__noise00__game_71,72,2026-02-12T08:48:39.579143,fr,True,30,30,agent1,VLLMMistral7B,égoïste,0.0,240,0.0,1.0,0,,"T,T,T,T,T,T,T,T,T,T,T,T,T,T,T,T,T,T,T,T,T,T,T,T,T,T,T,T,T,T","T,T,T,T,T,T,T,T,T,T,T,T,T,T,T,T,T,T,T,T,T,T,T,T,T,T,T,T,T,T",agent2,VLLMMistral7B,égoïste,0.0,240,0.0,1.0,0,,"T,T,T,T,T,T,T,T,T,T,T,T,T,T,T,T,T,T,T,T,T,T,T,T,T,T,T,T,T,T","T,T,T,T,T,T,T,T,T,T,T,T,T,T,T,T,T,T,T,T,T,T,T,T,T,T,T,T,T,T",0.9605,0.7143,0.6389,Mistral-7B-Instruct-v0.3,0,game_71
Mistral-7B-Instruct-v0.3__noise00__game_72,73,2026-02-12T08:49:58.089774,fr,True,30,30,agent1,VLLMMistral7B,coopératif,0.0,60,1.0,0.0,0,,"C,C,C,C,C,C,C,C,C,C,C,C,C,C,C,C,C,C,C,C,C,C,C,C,C,C,C,C,C,C","C,C,C,C,C,C,C,C,C,C,C,C,C,C,C,C,C,C,C,C,C,C,C,C,C,C,C,C,C,C",agent2,VLLMMistral7B,coopératif,0.0,60,1.0,0.0,0,,"C,C,C,C,C,C,C,C,C,C,C,C,C,C,C,C,C,C,C,C,C,C,C,C,C,C,C,C,C,C","C,C,C,C,C,C,C,C,C,C,C,C,C,C,C,C,C,C,C,C,C,C,C,C,C,C,C,C,C,C",1.0,0.8333,0.3889,Mistral-7B-Instruct-v0.3,0,game_72
Mistral-7B-Instruct-v0.3__noise00__game_73,74,2026-02-12T08:50:05.874978,fr,True,30,30,agent1,VLLMMistral7B,coopératif,0.0,300,1.0,0.0,0,,"C,C,C,C,C,C,C,C,C,C,C,C,C,C,C,C,C,C,C,C,C,C,C,C,C,C,C,C,C,C","C,C,C,C,C,C,C,C,C,C,C,C,C,C,C,C,C,C,C,C,C,C,C,C,C,C,C,C,C,C",agent2,VLLMMistral7B,égoïste,0.0,0,0.0,1.0,0,,"T,T,T,T,T,T,T,T,T,T,T,T,T,T,T,T,T,T,T,T,T,T,T,T,T,T,T,T,T,T","T,T,T,T,T,T,T,T,T,T,T,T,T,T,T,T,T,T,T,T,T,T,T,T,T,T,T,T,T,T",1.0,1.0,0.3611,Mistral-7B-Instruct-v0.3,0,game_73
Mistral-7B-Instruct-v0.3__noise00__game_74,75,2026-02-12T08:50:10.364570,fr,True,30,30,agent1,VLLMMistral7B,égoïste,0.0,8,0.0,1.0,0,,"T,T,T,T,T,T,T,T,T,T,T,T,T,T,T,T,T,T,T,T,T,T,T,T,T,T,T,T,T,T","T,T,T,T,T,T,T,T,T,T,T,T,T,T,T,T,T,T,T,T,T,T,T,T,T,T,T,T,T,T",agent2,VLLMMistral7B,coopératif,0.0,298,0.9667,0.0333,0,,"C,C,C,C,C,C,C,C,C,C,C,C,C,C,C,C,C,C,T,C,C,C,C,C,C,C,C,C,C,C","C,C,C,C,C,C,C,C,C,C,C,C,C,C,C,C,C,C,T,C,C,C,C,C,C,C,C,C,C,C",1.0,0.7143,0.1944,Mistral-7B-Instruct-v0.3,0,game_74
Mistral-7B-Instruct-v0.3__noise00__game_75,76,2026-02-12T08:50:10.718779,fr,True,30,30,agent1,VLLMMistral7B,égoïste,0.0,240,0.0,1.0,0,,"T,T,T,T,T,T,T,T,T,T,T,T,T,T,T,T,T,T,T,T,T,T,T,T,T,T,T,T,T,T","T,T,T,T,T,T,T,T,T,T,T,T,T,T,T,T,T,T,T,T,T,T,T,T,T,T,T,T,T,T",agent2,VLLMMistral7B,égoïste,0.0,240,0.0,1.0,0,,"T,T,T,T,T,T,T,T,T,T,T,T,T,T,T,T,T,T,T,T,T,T,T,T,T,T,T,T,T,T","T,T,T,T,T,T,T,T,T,T,T,T,T,T,T,T,T,T,T,T,T,T,T,T,T,T,T,T,T,T",0.9737,0.7143,0.5556,Mistral-7B-Instruct-v0.3,0,game_75
Mistral-7B-Instruct-v0.3__noise00__game_77,78,2026-02-12T08:51:32.037854,fr,True,30,30,agent1,VLLMMistral7B,coopératif,0.0,300,1.0,0.0,0,,"C,C,C,C,C,C,C,C,C,C,C,C,C,C,C,C,C,C,C,C,C,C,C,C,C,C,C,C,C,C","C,C,C,C,C,C,C,C,C,C,C,C,C,C,C,C,C,C,C,C,C,C,C,C,C,C,C,C,C,C",agent2,VLLMMistral7B,égoïste,0.0,0,0.0,1.0,0,,"T,T,T,T,T,T,T,T,T,T,T,T,T,T,T,T,T,T,T,T,T,T,T,T,T,T,T,T,T,T","T,T,T,T,T,T,T,T,T,T,T,T,T,T,T,T,T,T,T,T,T,T,T,T,T,T,T,T,T,T",0.9868,1.0,0.3611,Mistral-7B-Instruct-v0.3,0,game_77
Mistral-7B-Instruct-v0.3__noise00__game_76,77,2026-02-12T08:51:33.229745,fr,True,30,30,agent1,VLLMMistral7B,coopératif,0.0,68,1.0,0.0,0,,"C,C,C,C,C,C,C,C,C,C,C,C,C,C,C,C,C,C,C,C,C,C,C,C,C,C,C,C,C,C","C,C,C,C,C,C,C,C,C,C,C,C,C,C,C,C,C,C,C,C,C,C,C,C,C,C,C,C,C,C",agent2,VLLMMistral7B,coopératif,0.0,58,0.9667,0.0333,0,,"C,C,C,C,C,C,T,C,C,C,C,C,C,C,C,C,C,C,C,C,C,C,C,C,C,C,C,C,C,C","C,C,C,C,C,C,T,C,C,C,C,C,C,C,C,C,C,C,C,C,C,C,C,C,C,C,C,C,C,C",0.9474,0.8571,0.1667,Mistral-7B-Instruct-v0.3,0,game_76
Mistral-7B-Instruct-v0.3__noise00__game_78,79,2026-02-12T08:51:35.832531,fr,True,30,30,agent1,VLLMMistral7B,égoïste,0.0,0,0.0,1.0,0,,"T,T,T,T,T,T,T,T,T,T,T,T,T,T,T,T,T,T,T,T,T,T,T,T,T,T,T,T,T,T","T,T,T,T,T,T,T,T,T,T,T,T,T,T,T,T,T,T,T,T,T,T,T,T,T,T,T,T,T,T",agent2,VLLMMistral7B,coopératif,0.0,300,1.0,0.0,0,,"C,C,C,C,C,C,C,C,C,C,C,C,C,C,C,C,C,C,C,C,C,C,C,C,C,C,C,C,C,C","C,C,C,C,C,C,C,C,C,C,C,C,C,C,C,C,C,C,C,C,C,C,C,C,C,C,C,C,C,C",1.0,0.7143,0.3333,Mistral-7B-Instruct-v0.3,0,game_78
Mistral-7B-Instruct-v0.3__noise00__game_79,80,2026-02-12T08:51:39.093296,fr,True,30,30,agent1,VLLMMistral7B,égoïste,0.0,240,0.0,1.0,0,,"T,T,T,T,T,T,T,T,T,T,T,T,T,T,T,T,T,T,T,T,T,T,T,T,T,T,T,T,T,T","T,T,T,T,T,T,T,T,T,T,T,T,T,T,T,T,T,T,T,T,T,T,T,T,T,T,T,T,T,T",agent2,VLLMMistral7B,égoïste,0.0,240,0.0,1.0,0,,"T,T,T,T,T,T,T,T,T,T,T,T,T,T,T,T,T,T,T,T,T,T,T,T,T,T,T,T,T,T","T,T,T,T,T,T,T,T,T,T,T,T,T,T,T,T,T,T,T,T,T,T,T,T,T,T,T,T,T,T",0.9737,0.7381,0.5556,Mistral-7B-Instruct-v0.3,0,game_79
Mistral-7B-Instruct-v0.3__noise00__game_81,82,2026-02-12T08:53:22.990495,ar,True,30,30,agent1,VLLMMistral7B,متعاون,0.0,60,1.0,0.0,0,,"ت,ت,ت,ت,ت,ت,ت,ت,ت,ت,ت,ت,ت,ت,ت,ت,ت,ت,ت,ت,ت,ت,ت,ت,ت,ت,ت,ت,ت,ت","ت,ت,ت,ت,ت,ت,ت,ت,ت,ت,ت,ت,ت,ت,ت,ت,ت,ت,ت,ت,ت,ت,ت,ت,ت,ت,ت,ت,ت,ت",agent2,VLLMMistral7B,أناني,0.0,60,1.0,0.0,0,,"ت,ت,ت,ت,ت,ت,ت,ت,ت,ت,ت,ت,ت,ت,ت,ت,ت,ت,ت,ت,ت,ت,ت,ت,ت,ت,ت,ت,ت,ت","ت,ت,ت,ت,ت,ت,ت,ت,ت,ت,ت,ت,ت,ت,ت,ت,ت,ت,ت,ت,ت,ت,ت,ت,ت,ت,ت,ت,ت,ت",0.7895,0.7143,0.4722,Mistral-7B-Instruct-v0.3,0,game_81
Mistral-7B-Instruct-v0.3__noise00__game_83,84,2026-02-12T08:53:28.162370,ar,True,30,30,agent1,VLLMMistral7B,أناني,0.0,60,1.0,0.0,0,,"ت,ت,ت,ت,ت,ت,ت,ت,ت,ت,ت,ت,ت,ت,ت,ت,ت,ت,ت,ت,ت,ت,ت,ت,ت,ت,ت,ت,ت,ت","ت,ت,ت,ت,ت,ت,ت,ت,ت,ت,ت,ت,ت,ت,ت,ت,ت,ت,ت,ت,ت,ت,ت,ت,ت,ت,ت,ت,ت,ت",agent2,VLLMMistral7B,أناني,0.0,60,1.0,0.0,0,,"ت,ت,ت,ت,ت,ت,ت,ت,ت,ت,ت,ت,ت,ت,ت,ت,ت,ت,ت,ت,ت,ت,ت,ت,ت,ت,ت,ت,ت,ت","ت,ت,ت,ت,ت,ت,ت,ت,ت,ت,ت,ت,ت,ت,ت,ت,ت,ت,ت,ت,ت,ت,ت,ت,ت,ت,ت,ت,ت,ت",0.7895,0.7381,0.4722,Mistral-7B-Instruct-v0.3,0,game_83
Mistral-7B-Instruct-v0.3__noise00__game_80,81,2026-02-12T08:54:07.891293,ar,True,30,30,agent1,VLLMMistral7B,متعاون,0.0,50,0.8333,0.1667,0,,"ت,ت,ت,خ,ت,ت,خ,ت,ت,خ,ت,ت,ت,خ,ت,ت,ت,ت,ت,ت,ت,خ,ت,ت,ت,ت,ت,ت,ت,ت","ت,ت,ت,خ,ت,ت,خ,ت,ت,خ,ت,ت,ت,خ,ت,ت,ت,ت,ت,ت,ت,خ,ت,ت,ت,ت,ت,ت,ت,ت",agent2,VLLMMistral7B,متعاون,0.0,100,1.0,0.0,0,,"ت,ت,ت,ت,ت,ت,ت,ت,ت,ت,ت,ت,ت,ت,ت,ت,ت,ت,ت,ت,ت,ت,ت,ت,ت,ت,ت,ت,ت,ت","ت,ت,ت,ت,ت,ت,ت,ت,ت,ت,ت,ت,ت,ت,ت,ت,ت,ت,ت,ت,ت,ت,ت,ت,ت,ت,ت,ت,ت,ت",0.7368,0.7857,0.2222,Mistral-7B-Instruct-v0.3,0,game_80
Mistral-7B-Instruct-v0.3__noise00__game_82,83,2026-02-12T08:54:23.202070,ar,True,30,30,agent1,VLLMMistral7B,أناني,0.0,56,0.9333,0.0667,0,,"ت,ت,ت,ت,ت,ت,ت,ت,خ,ت,ت,ت,ت,ت,ت,ت,ت,ت,ت,ت,ت,ت,ت,ت,ت,ت,ت,خ,ت,ت","ت,ت,ت,ت,ت,ت,ت,ت,خ,ت,ت,ت,ت,ت,ت,ت,ت,ت,ت,ت,ت,ت,ت,ت,ت,ت,ت,خ,ت,ت",agent2,VLLMMistral7B,متعاون,0.0,76,1.0,0.0,0,,"ت,ت,ت,ت,ت,ت,ت,ت,ت,ت,ت,ت,ت,ت,ت,ت,ت,ت,ت,ت,ت,ت,ت,ت,ت,ت,ت,ت,ت,ت","ت,ت,ت,ت,ت,ت,ت,ت,ت,ت,ت,ت,ت,ت,ت,ت,ت,ت,ت,ت,ت,ت,ت,ت,ت,ت,ت,ت,ت,ت",0.6974,0.7619,0.1111,Mistral-7B-Instruct-v0.3,0,game_82
Mistral-7B-Instruct-v0.3__noise00__game_84,85,2026-02-12T08:55:48.848878,ar,True,30,30,agent1,VLLMMistral7B,متعاون,0.0,60,1.0,0.0,0,,"ت,ت,ت,ت,ت,ت,ت,ت,ت,ت,ت,ت,ت,ت,ت,ت,ت,ت,ت,ت,ت,ت,ت,ت,ت,ت,ت,ت,ت,ت","ت,ت,ت,ت,ت,ت,ت,ت,ت,ت,ت,ت,ت,ت,ت,ت,ت,ت,ت,ت,ت,ت,ت,ت,ت,ت,ت,ت,ت,ت",agent2,VLLMMistral7B,متعاون,0.0,60,1.0,0.0,0,,"ت,ت,ت,ت,ت,ت,ت,ت,ت,ت,ت,ت,ت,ت,ت,ت,ت,ت,ت,ت,ت,ت,ت,ت,ت,ت,ت,ت,ت,ت","ت,ت,ت,ت,ت,ت,ت,ت,ت,ت,ت,ت,ت,ت,ت,ت,ت,ت,ت,ت,ت,ت,ت,ت,ت,ت,ت,ت,ت,ت",0.7895,0.7381,0.4444,Mistral-7B-Instruct-v0.3,0,game_84
Mistral-7B-Instruct-v0.3__noise00__game_86,87,2026-02-12T08:56:26.317929,ar,True,30,30,agent1,VLLMMistral7B,أناني,0.0,62,0.7667,0.2333,0,,"ت,ت,ت,ت,ت,ت,ت,خ,ت,ت,ت,ت,ت,ت,ت,ت,خ,ت,خ,خ,ت,ت,خ,ت,ت,ت,خ,ت,خ,ت","ت,ت,ت,ت,ت,ت,ت,خ,ت,ت,ت,ت,ت,ت,ت,ت,خ,ت,خ,خ,ت,ت,خ,ت,ت,ت,خ,ت,خ,ت",agent2,VLLMMistral7B,متعاون,0.0,112,0.9333,0.0667,0,,"ت,ت,ت,ت,ت,ت,ت,ت,ت,ت,ت,ت,ت,ت,ت,ت,ت,ت,ت,ت,ت,ت,خ,ت,ت,ت,خ,ت,ت,ت","ت,ت,ت,ت,ت,ت,ت,ت,ت,ت,ت,ت,ت,ت,ت,ت,ت,ت,ت,ت,ت,ت,خ,ت,ت,ت,خ,ت,ت,ت",0.75,0.8571,0.1389,Mistral-7B-Instruct-v0.3,0,game_86
Mistral-7B-Instruct-v0.3__noise00__game_85,86,2026-02-12T08:56:28.397890,ar,True,30,30,agent1,VLLMMistral7B,متعاون,0.0,68,1.0,0.0,0,,"ت,ت,ت,ت,ت,ت,ت,ت,ت,ت,ت,ت,ت,ت,ت,ت,ت,ت,ت,ت,ت,ت,ت,ت,ت,ت,ت,ت,ت,ت","ت,ت,ت,ت,ت,ت,ت,ت,ت,ت,ت,ت,ت,ت,ت,ت,ت,ت,ت,ت,ت,ت,ت,ت,ت,ت,ت,ت,ت,ت",agent2,VLLMMistral7B,أناني,0.0,58,0.9667,0.0333,0,,"ت,ت,ت,ت,ت,ت,ت,ت,ت,ت,ت,ت,ت,ت,ت,ت,ت,ت,ت,ت,ت,ت,ت,ت,ت,خ,ت,ت,ت,ت","ت,ت,ت,ت,ت,ت,ت,ت,ت,ت,ت,ت,ت,ت,ت,ت,ت,ت,ت,ت,ت,ت,ت,ت,ت,خ,ت,ت,ت,ت",0.75,0.8095,0.3056,Mistral-7B-Instruct-v0.3,0,game_85
Mistral-7B-Instruct-v0.3__noise00__game_87,88,2026-02-12T08:56:31.428920,ar,True,30,30,agent1,VLLMMistral7B,أناني,0.0,52,0.8667,0.1333,0,,"ت,ت,ت,خ,ت,ت,ت,ت,ت,خ,ت,ت,ت,ت,خ,ت,ت,ت,ت,ت,ت,ت,ت,ت,ت,خ,ت,ت,ت,ت","ت,ت,ت,خ,ت,ت,ت,ت,ت,خ,ت,ت,ت,ت,خ,ت,ت,ت,ت,ت,ت,ت,ت,ت,ت,خ,ت,ت,ت,ت",agent2,VLLMMistral7B,أناني,0.0,92,1.0,0.0,0,,"ت,ت,ت,ت,ت,ت,ت,ت,ت,ت,ت,ت,ت,ت,ت,ت,ت,ت,ت,ت,ت,ت,ت,ت,ت,ت,ت,ت,ت,ت","ت,ت,ت,ت,ت,ت,ت,ت,ت,ت,ت,ت,ت,ت,ت,ت,ت,ت,ت,ت,ت,ت,ت,ت,ت,ت,ت,ت,ت,ت",0.7105,0.8571,0.0556,Mistral-7B-Instruct-v0.3,0,game_87
Mistral-7B-Instruct-v0.3__noise00__game_88,89,2026-02-12T08:57:23.846951,ar,True,30,30,agent1,VLLMMistral7B,متعاون,0.0,60,1.0,0.0,0,,"ت,ت,ت,ت,ت,ت,ت,ت,ت,ت,ت,ت,ت,ت,ت,ت,ت,ت,ت,ت,ت,ت,ت,ت,ت,ت,ت,ت,ت,ت","ت,ت,ت,ت,ت,ت,ت,ت,ت,ت,ت,ت,ت,ت,ت,ت,ت,ت,ت,ت,ت,ت,ت,ت,ت,ت,ت,ت,ت,ت",agent2,VLLMMistral7B,متعاون,0.0,60,1.0,0.0,0,,"ت,ت,ت,ت,ت,ت,ت,ت,ت,ت,ت,ت,ت,ت,ت,ت,ت,ت,ت,ت,ت,ت,ت,ت,ت,ت,ت,ت,ت,ت","ت,ت,ت,ت,ت,ت,ت,ت,ت,ت,ت,ت,ت,ت,ت,ت,ت,ت,ت,ت,ت,ت,ت,ت,ت,ت,ت,ت,ت,ت",0.7632,0.7143,0.4722,Mistral-7B-Instruct-v0.3,0,game_88
Mistral-7B-Instruct-v0.3__noise00__game_90,91,2026-02-12T08:58:19.964724,ar,True,30,30,agent1,VLLMMistral7B,أناني,0.0,60,1.0,0.0,0,,"ت,ت,ت,ت,ت,ت,ت,ت,ت,ت,ت,ت,ت,ت,ت,ت,ت,ت,ت,ت,ت,ت,ت,ت,ت,ت,ت,ت,ت,ت","ت,ت,ت,ت,ت,ت,ت,ت,ت,ت,ت,ت,ت,ت,ت,ت,ت,ت,ت,ت,ت,ت,ت,ت,ت,ت,ت,ت,ت,ت",agent2,VLLMMistral7B,متعاون,0.0,60,1.0,0.0,0,,"ت,ت,ت,ت,ت,ت,ت,ت,ت,ت,ت,ت,ت,ت,ت,ت,ت,ت,ت,ت,ت,ت,ت,ت,ت,ت,ت,ت,ت,ت","ت,ت,ت,ت,ت,ت,ت,ت,ت,ت,ت,ت,ت,ت,ت,ت,ت,ت,ت,ت,ت,ت,ت,ت,ت,ت,ت,ت,ت,ت",0.8158,0.7143,0.4444,Mistral-7B-Instruct-v0.3,0,game_90
Mistral-7B-Instruct-v0.3__noise00__game_89,90,2026-02-12T08:58:54.063311,ar,True,30,30,agent1,VLLMMistral7B,متعاون,0.0,60,1.0,0.0,0,,"ت,ت,ت,ت,ت,ت,ت,ت,ت,ت,ت,ت,ت,ت,ت,ت,ت,ت,ت,ت,ت,ت,ت,ت,ت,ت,ت,ت,ت,ت","ت,ت,ت,ت,ت,ت,ت,ت,ت,ت,ت,ت,ت,ت,ت,ت,ت,ت,ت,ت,ت,ت,ت,ت,ت,ت,ت,ت,ت,ت",agent2,VLLMMistral7B,أناني,0.0,60,1.0,0.0,0,,"ت,ت,ت,ت,ت,ت,ت,ت,ت,ت,ت,ت,ت,ت,ت,ت,ت,ت,ت,ت,ت,ت,ت,ت,ت,ت,ت,ت,ت,ت","ت,ت,ت,ت,ت,ت,ت,ت,ت,ت,ت,ت,ت,ت,ت,ت,ت,ت,ت,ت,ت,ت,ت,ت,ت,ت,ت,ت,ت,ت",0.8026,0.7143,0.5,Mistral-7B-Instruct-v0.3,0,game_89
Mistral-7B-Instruct-v0.3__noise00__game_91,92,2026-02-12T08:59:06.347555,ar,True,30,30,agent1,VLLMMistral7B,أناني,0.0,68,1.0,0.0,0,,"ت,ت,ت,ت,ت,ت,ت,ت,ت,ت,ت,ت,ت,ت,ت,ت,ت,ت,ت,ت,ت,ت,ت,ت,ت,ت,ت,ت,ت,ت","ت,ت,ت,ت,ت,ت,ت,ت,ت,ت,ت,ت,ت,ت,ت,ت,ت,ت,ت,ت,ت,ت,ت,ت,ت,ت,ت,ت,ت,ت",agent2,VLLMMistral7B,أناني,0.0,58,0.9667,0.0333,0,,"ت,ت,ت,ت,ت,ت,ت,ت,ت,ت,ت,ت,ت,ت,ت,ت,ت,ت,خ,ت,ت,ت,ت,ت,ت,ت,ت,ت,ت,ت","ت,ت,ت,ت,ت,ت,ت,ت,ت,ت,ت,ت,ت,ت,ت,ت,ت,ت,خ,ت,ت,ت,ت,ت,ت,ت,ت,ت,ت,ت",0.75,0.7143,0.2778,Mistral-7B-Instruct-v0.3,0,game_91
Mistral-7B-Instruct-v0.3__noise00__game_92,93,2026-02-12T08:59:37.586567,ar,True,30,30,agent1,VLLMMistral7B,متعاون,0.0,60,1.0,0.0,0,,"ت,ت,ت,ت,ت,ت,ت,ت,ت,ت,ت,ت,ت,ت,ت,ت,ت,ت,ت,ت,ت,ت,ت,ت,ت,ت,ت,ت,ت,ت","ت,ت,ت,ت,ت,ت,ت,ت,ت,ت,ت,ت,ت,ت,ت,ت,ت,ت,ت,ت,ت,ت,ت,ت,ت,ت,ت,ت,ت,ت",agent2,VLLMMistral7B,متعاون,0.0,60,1.0,0.0,0,,"ت,ت,ت,ت,ت,ت,ت,ت,ت,ت,ت,ت,ت,ت,ت,ت,ت,ت,ت,ت,ت,ت,ت,ت,ت,ت,ت,ت,ت,ت","ت,ت,ت,ت,ت,ت,ت,ت,ت,ت,ت,ت,ت,ت,ت,ت,ت,ت,ت,ت,ت,ت,ت,ت,ت,ت,ت,ت,ت,ت",0.7895,0.7143,0.4444,Mistral-7B-Instruct-v0.3,0,game_92
Mistral-7B-Instruct-v0.3__noise00__game_93,94,2026-02-12T09:00:22.522510,ar,True,30,30,agent1,VLLMMistral7B,متعاون,0.0,76,1.0,0.0,0,,"ت,ت,ت,ت,ت,ت,ت,ت,ت,ت,ت,ت,ت,ت,ت,ت,ت,ت,ت,ت,ت,ت,ت,ت,ت,ت,ت,ت,ت,ت","ت,ت,ت,ت,ت,ت,ت,ت,ت,ت,ت,ت,ت,ت,ت,ت,ت,ت,ت,ت,ت,ت,ت,ت,ت,ت,ت,ت,ت,ت",agent2,VLLMMistral7B,أناني,0.0,56,0.9333,0.0667,0,,"ت,ت,ت,ت,ت,ت,ت,ت,ت,ت,ت,ت,خ,ت,ت,ت,ت,ت,ت,ت,ت,ت,ت,ت,ت,ت,خ,ت,ت,ت","ت,ت,ت,ت,ت,ت,ت,ت,ت,ت,ت,ت,خ,ت,ت,ت,ت,ت,ت,ت,ت,ت,ت,ت,ت,ت,خ,ت,ت,ت",0.7105,0.8095,0.1944,Mistral-7B-Instruct-v0.3,0,game_93
Mistral-7B-Instruct-v0.3__noise00__game_94,95,2026-02-12T09:00:56.471793,ar,True,30,30,agent1,VLLMMistral7B,أناني,0.0,60,1.0,0.0,0,,"ت,ت,ت,ت,ت,ت,ت,ت,ت,ت,ت,ت,ت,ت,ت,ت,ت,ت,ت,ت,ت,ت,ت,ت,ت,ت,ت,ت,ت,ت","ت,ت,ت,ت,ت,ت,ت,ت,ت,ت,ت,ت,ت,ت,ت,ت,ت,ت,ت,ت,ت,ت,ت,ت,ت,ت,ت,ت,ت,ت",agent2,VLLMMistral7B,متعاون,0.0,60,1.0,0.0,0,,"ت,ت,ت,ت,ت,ت,ت,ت,ت,ت,ت,ت,ت,ت,ت,ت,ت,ت,ت,ت,ت,ت,ت,ت,ت,ت,ت,ت,ت,ت","ت,ت,ت,ت,ت,ت,ت,ت,ت,ت,ت,ت,ت,ت,ت,ت,ت,ت,ت,ت,ت,ت,ت,ت,ت,ت,ت,ت,ت,ت",0.7895,0.7619,0.4444,Mistral-7B-Instruct-v0.3,0,game_94
Mistral-7B-Instruct-v0.3__noise00__game_95,96,2026-02-12T09:00:58.078637,ar,True,30,30,agent1,VLLMMistral7B,أناني,0.0,90,0.9667,0.0333,0,,"ت,ت,ت,ت,ت,ت,ت,ت,ت,ت,ت,ت,ت,ت,ت,ت,خ,ت,ت,ت,ت,ت,ت,ت,ت,ت,ت,ت,ت,ت","ت,ت,ت,ت,ت,ت,ت,ت,ت,ت,ت,ت,ت,ت,ت,ت,خ,ت,ت,ت,ت,ت,ت,ت,ت,ت,ت,ت,ت,ت",agent2,VLLMMistral7B,أناني,0.0,60,0.8667,0.1333,0,,"خ,ت,خ,ت,ت,ت,ت,ت,ت,خ,خ,ت,ت,ت,ت,ت,ت,ت,ت,ت,ت,ت,ت,ت,ت,ت,ت,ت,ت,ت","خ,ت,خ,ت,ت,ت,ت,ت,ت,خ,خ,ت,ت,ت,ت,ت,ت,ت,ت,ت,ت,ت,ت,ت,ت,ت,ت,ت,ت,ت",0.6974,0.7619,0.0556,Mistral-7B-Instruct-v0.3,0,game_95
Mistral-7B-Instruct-v0.3__noise00__game_96,97,2026-02-12T09:02:36.436931,ar,True,30,30,agent1,VLLMMistral7B,متعاون,0.0,68,1.0,0.0,0,,"ت,ت,ت,ت,ت,ت,ت,ت,ت,ت,ت,ت,ت,ت,ت,ت,ت,ت,ت,ت,ت,ت,ت,ت,ت,ت,ت,ت,ت,ت","ت,ت,ت,ت,ت,ت,ت,ت,ت,ت,ت,ت,ت,ت,ت,ت,ت,ت,ت,ت,ت,ت,ت,ت,ت,ت,ت,ت,ت,ت",agent2,VLLMMistral7B,متعاون,0.0,58,0.9667,0.0333,0,,"ت,ت,ت,خ,ت,ت,ت,ت,ت,ت,ت,ت,ت,ت,ت,ت,ت,ت,ت,ت,ت,ت,ت,ت,ت,ت,ت,ت,ت,ت","ت,ت,ت,خ,ت,ت,ت,ت,ت,ت,ت,ت,ت,ت,ت,ت,ت,ت,ت,ت,ت,ت,ت,ت,ت,ت,ت,ت,ت,ت",0.7895,0.7381,0.2222,Mistral-7B-Instruct-v0.3,0,game_96
Mistral-7B-Instruct-v0.3__noise00__game_97,98,2026-02-12T09:02:45.439027,ar,True,30,30,agent1,VLLMMistral7B,متعاون,0.0,60,1.0,0.0,0,,"ت,ت,ت,ت,ت,ت,ت,ت,ت,ت,ت,ت,ت,ت,ت,ت,ت,ت,ت,ت,ت,ت,ت,ت,ت,ت,ت,ت,ت,ت","ت,ت,ت,ت,ت,ت,ت,ت,ت,ت,ت,ت,ت,ت,ت,ت,ت,ت,ت,ت,ت,ت,ت,ت,ت,ت,ت,ت,ت,ت",agent2,VLLMMistral7B,أناني,0.0,60,1.0,0.0,0,,"ت,ت,ت,ت,ت,ت,ت,ت,ت,ت,ت,ت,ت,ت,ت,ت,ت,ت,ت,ت,ت,ت,ت,ت,ت,ت,ت,ت,ت,ت","ت,ت,ت,ت,ت,ت,ت,ت,ت,ت,ت,ت,ت,ت,ت,ت,ت,ت,ت,ت,ت,ت,ت,ت,ت,ت,ت,ت,ت,ت",0.7763,0.7857,0.4722,Mistral-7B-Instruct-v0.3,0,game_97
Mistral-7B-Instruct-v0.3__noise00__game_98,99,2026-02-12T09:02:47.781796,ar,True,30,30,agent1,VLLMMistral7B,أناني,0.0,68,0.8667,0.1333,0,,"خ,ت,ت,ت,خ,ت,ت,ت,خ,ت,ت,ت,ت,ت,ت,ت,ت,ت,ت,ت,ت,خ,ت,ت,ت,ت,ت,ت,ت,ت","خ,ت,ت,ت,خ,ت,ت,ت,خ,ت,ت,ت,ت,ت,ت,ت,ت,ت,ت,ت,ت,خ,ت,ت,ت,ت,ت,ت,ت,ت",agent2,VLLMMistral7B,متعاون,0.0,88,0.9333,0.0667,0,,"ت,ت,ت,ت,ت,ت,ت,ت,ت,ت,ت,ت,ت,ت,ت,ت,ت,ت,ت,خ,خ,ت,ت,ت,ت,ت,ت,ت,ت,ت","ت,ت,ت,ت,ت,ت,ت,ت,ت,ت,ت,ت,ت,ت,ت,ت,ت,ت,ت,خ,خ,ت,ت,ت,ت,ت,ت,ت,ت,ت",0.75,0.7857,0.0556,Mistral-7B-Instruct-v0.3,0,game_98
Mistral-7B-Instruct-v0.3__noise00__game_99,100,2026-02-12T09:03:37.515897,ar,True,30,30,agent1,VLLMMistral7B,أناني,0.0,76,1.0,0.0,0,,"ت,ت,ت,ت,ت,ت,ت,ت,ت,ت,ت,ت,ت,ت,ت,ت,ت,ت,ت,ت,ت,ت,ت,ت,ت,ت,ت,ت,ت,ت","ت,ت,ت,ت,ت,ت,ت,ت,ت,ت,ت,ت,ت,ت,ت,ت,ت,ت,ت,ت,ت,ت,ت,ت,ت,ت,ت,ت,ت,ت",agent2,VLLMMistral7B,أناني,0.0,56,0.9333,0.0667,0,,"ت,ت,ت,ت,ت,ت,ت,ت,ت,ت,ت,ت,ت,ت,ت,ت,ت,ت,ت,ت,ت,ت,خ,ت,ت,خ,ت,ت,ت,ت","ت,ت,ت,ت,ت,ت,ت,ت,ت,ت,ت,ت,ت,ت,ت,ت,ت,ت,ت,ت,ت,ت,خ,ت,ت,خ,ت,ت,ت,ت",0.75,0.7857,0.2778,Mistral-7B-Instruct-v0.3,0,game_99
Mistral-7B-Instruct-v0.3__noise00__game_100,101,2026-02-12T09:04:58.871442,ar,True,30,30,agent1,VLLMMistral7B,متعاون,0.0,68,1.0,0.0,0,,"ت,ت,ت,ت,ت,ت,ت,ت,ت,ت,ت,ت,ت,ت,ت,ت,ت,ت,ت,ت,ت,ت,ت,ت,ت,ت,ت,ت,ت,ت","ت,ت,ت,ت,ت,ت,ت,ت,ت,ت,ت,ت,ت,ت,ت,ت,ت,ت,ت,ت,ت,ت,ت,ت,ت,ت,ت,ت,ت,ت",agent2,VLLMMistral7B,متعاون,0.0,58,0.9667,0.0333,0,,"ت,ت,ت,خ,ت,ت,ت,ت,ت,ت,ت,ت,ت,ت,ت,ت,ت,ت,ت,ت,ت,ت,ت,ت,ت,ت,ت,ت,ت,ت","ت,ت,ت,خ,ت,ت,ت,ت,ت,ت,ت,ت,ت,ت,ت,ت,ت,ت,ت,ت,ت,ت,ت,ت,ت,ت,ت,ت,ت,ت",0.75,0.7857,0.1944,Mistral-7B-Instruct-v0.3,0,game_100
Mistral-7B-Instruct-v0.3__noise00__game_102,103,2026-02-12T09:05:01.575868,ar,True,30,30,agent1,VLLMMistral7B,أناني,0.0,56,0.9333,0.0667,0,,"ت,ت,ت,ت,ت,ت,ت,ت,ت,ت,ت,ت,ت,ت,ت,ت,ت,ت,ت,خ,ت,ت,ت,ت,ت,ت,ت,ت,خ,ت","ت,ت,ت,ت,ت,ت,ت,ت,ت,ت,ت,ت,ت,ت,ت,ت,ت,ت,ت,خ,ت,ت,ت,ت,ت,ت,ت,ت,خ,ت",agent2,VLLMMistral7B,متعاون,0.0,76,1.0,0.0,0,,"ت,ت,ت,ت,ت,ت,ت,ت,ت,ت,ت,ت,ت,ت,ت,ت,ت,ت,ت,ت,ت,ت,ت,ت,ت,ت,ت,ت,ت,ت","ت,ت,ت,ت,ت,ت,ت,ت,ت,ت,ت,ت,ت,ت,ت,ت,ت,ت,ت,ت,ت,ت,ت,ت,ت,ت,ت,ت,ت,ت",0.7368,0.7857,0.2222,Mistral-7B-Instruct-v0.3,0,game_102
Mistral-7B-Instruct-v0.3__noise00__game_101,102,2026-02-12T09:05:46.200955,ar,True,30,30,agent1,VLLMMistral7B,متعاون,0.0,72,0.9333,0.0667,0,,"ت,ت,خ,ت,ت,ت,ت,ت,ت,ت,ت,ت,ت,ت,ت,ت,ت,ت,ت,ت,ت,ت,ت,ت,ت,ت,ت,ت,خ,ت","ت,ت,خ,ت,ت,ت,ت,ت,ت,ت,ت,ت,ت,ت,ت,ت,ت,ت,ت,ت,ت,ت,ت,ت,ت,ت,ت,ت,خ,ت",agent2,VLLMMistral7B,أناني,0.0,72,0.9333,0.0667,0,,"ت,ت,ت,خ,ت,ت,ت,ت,ت,ت,ت,ت,ت,ت,ت,ت,ت,ت,ت,ت,ت,ت,ت,خ,ت,ت,ت,ت,ت,ت","ت,ت,ت,خ,ت,ت,ت,ت,ت,ت,ت,ت,ت,ت,ت,ت,ت,ت,ت,ت,ت,ت,ت,خ,ت,ت,ت,ت,ت,ت",0.7632,0.7381,0.0,Mistral-7B-Instruct-v0.3,0,game_101
Mistral-7B-Instruct-v0.3__noise00__game_103,104,2026-02-12T09:06:08.444845,ar,True,30,30,agent1,VLLMMistral7B,أناني,0.0,60,1.0,0.0,0,,"ت,ت,ت,ت,ت,ت,ت,ت,ت,ت,ت,ت,ت,ت,ت,ت,ت,ت,ت,ت,ت,ت,ت,ت,ت,ت,ت,ت,ت,ت","ت,ت,ت,ت,ت,ت,ت,ت,ت,ت,ت,ت,ت,ت,ت,ت,ت,ت,ت,ت,ت,ت,ت,ت,ت,ت,ت,ت,ت,ت",agent2,VLLMMistral7B,أناني,0.0,60,1.0,0.0,0,,"ت,ت,ت,ت,ت,ت,ت,ت,ت,ت,ت,ت,ت,ت,ت,ت,ت,ت,ت,ت,ت,ت,ت,ت,ت,ت,ت,ت,ت,ت","ت,ت,ت,ت,ت,ت,ت,ت,ت,ت,ت,ت,ت,ت,ت,ت,ت,ت,ت,ت,ت,ت,ت,ت,ت,ت,ت,ت,ت,ت",0.7895,0.7619,0.4722,Mistral-7B-Instruct-v0.3,0,game_103
Mistral-7B-Instruct-v0.3__noise00__game_104,105,2026-02-12T09:06:48.992832,ar,True,30,30,agent1,VLLMMistral7B,متعاون,0.0,68,1.0,0.0,0,,"ت,ت,ت,ت,ت,ت,ت,ت,ت,ت,ت,ت,ت,ت,ت,ت,ت,ت,ت,ت,ت,ت,ت,ت,ت,ت,ت,ت,ت,ت","ت,ت,ت,ت,ت,ت,ت,ت,ت,ت,ت,ت,ت,ت,ت,ت,ت,ت,ت,ت,ت,ت,ت,ت,ت,ت,ت,ت,ت,ت",agent2,VLLMMistral7B,متعاون,0.0,58,0.9667,0.0333,0,,"ت,ت,ت,ت,ت,ت,ت,ت,ت,ت,ت,ت,خ,ت,ت,ت,ت,ت,ت,ت,ت,ت,ت,ت,ت,ت,ت,ت,ت,ت","ت,ت,ت,ت,ت,ت,ت,ت,ت,ت,ت,ت,خ,ت,ت,ت,ت,ت,ت,ت,ت,ت,ت,ت,ت,ت,ت,ت,ت,ت",0.7895,0.7381,0.25,Mistral-7B-Instruct-v0.3,0,game_104
Mistral-7B-Instruct-v0.3__noise00__game_105,106,2026-02-12T09:07:34.851783,ar,True,30,30,agent1,VLLMMistral7B,متعاون,0.0,100,0.8667,0.1333,0,,"ت,ت,خ,ت,ت,خ,ت,ت,ت,ت,ت,ت,ت,ت,ت,ت,ت,ت,ت,ت,ت,خ,ت,خ,ت,ت,ت,ت,ت,ت","ت,ت,خ,ت,ت,خ,ت,ت,ت,ت,ت,ت,ت,ت,ت,ت,ت,ت,ت,ت,ت,خ,ت,خ,ت,ت,ت,ت,ت,ت",agent2,VLLMMistral7B,أناني,0.0,80,0.8,0.2,0,,"خ,ت,خ,ت,ت,ت,ت,ت,ت,ت,خ,ت,ت,ت,ت,ت,ت,ت,ت,خ,ت,ت,ت,ت,ت,خ,خ,ت,ت,ت","خ,ت,خ,ت,ت,ت,ت,ت,ت,ت,خ,ت,ت,ت,ت,ت,ت,ت,ت,خ,ت,ت,ت,ت,ت,خ,خ,ت,ت,ت",0.6053,0.8095,0.0,Mistral-7B-Instruct-v0.3,0,game_105
Mistral-7B-Instruct-v0.3__noise00__game_106,107,2026-02-12T09:08:17.114560,ar,True,30,30,agent1,VLLMMistral7B,أناني,0.0,56,0.9333,0.0667,0,,"ت,ت,ت,خ,ت,ت,ت,ت,ت,ت,ت,ت,ت,ت,ت,خ,ت,ت,ت,ت,ت,ت,ت,ت,ت,ت,ت,ت,ت,ت","ت,ت,ت,خ,ت,ت,ت,ت,ت,ت,ت,ت,ت,ت,ت,خ,ت,ت,ت,ت,ت,ت,ت,ت,ت,ت,ت,ت,ت,ت",agent2,VLLMMistral7B,متعاون,0.0,76,1.0,0.0,0,,"ت,ت,ت,ت,ت,ت,ت,ت,ت,ت,ت,ت,ت,ت,ت,ت,ت,ت,ت,ت,ت,ت,ت,ت,ت,ت,ت,ت,ت,ت","ت,ت,ت,ت,ت,ت,ت,ت,ت,ت,ت,ت,ت,ت,ت,ت,ت,ت,ت,ت,ت,ت,ت,ت,ت,ت,ت,ت,ت,ت",0.75,0.7619,0.1111,Mistral-7B-Instruct-v0.3,0,game_106
Mistral-7B-Instruct-v0.3__noise00__game_107,108,2026-02-12T09:08:19.969723,ar,True,30,30,agent1,VLLMMistral7B,أناني,0.0,86,0.9,0.1,0,,"ت,ت,خ,ت,ت,ت,ت,ت,ت,ت,ت,ت,ت,ت,ت,ت,ت,ت,ت,ت,خ,ت,ت,ت,ت,ت,ت,ت,خ,ت","ت,ت,خ,ت,ت,ت,ت,ت,ت,ت,ت,ت,ت,ت,ت,ت,ت,ت,ت,ت,خ,ت,ت,ت,ت,ت,ت,ت,خ,ت",agent2,VLLMMistral7B,أناني,0.0,76,0.8667,0.1333,0,,"ت,ت,ت,ت,ت,ت,ت,ت,ت,ت,ت,ت,خ,ت,ت,ت,ت,ت,ت,ت,خ,ت,ت,ت,خ,خ,ت,ت,ت,ت","ت,ت,ت,ت,ت,ت,ت,ت,ت,ت,ت,ت,خ,ت,ت,ت,ت,ت,ت,ت,خ,ت,ت,ت,خ,خ,ت,ت,ت,ت",0.75,0.7619,0.0833,Mistral-7B-Instruct-v0.3,0,game_107
Mistral-7B-Instruct-v0.3__noise00__game_109,110,2026-02-12T09:09:41.996089,ar,True,30,30,agent1,VLLMMistral7B,متعاون,0.0,76,1.0,0.0,0,,"ت,ت,ت,ت,ت,ت,ت,ت,ت,ت,ت,ت,ت,ت,ت,ت,ت,ت,ت,ت,ت,ت,ت,ت,ت,ت,ت,ت,ت,ت","ت,ت,ت,ت,ت,ت,ت,ت,ت,ت,ت,ت,ت,ت,ت,ت,ت,ت,ت,ت,ت,ت,ت,ت,ت,ت,ت,ت,ت,ت",agent2,VLLMMistral7B,أناني,0.0,56,0.9333,0.0667,0,,"ت,خ,ت,ت,ت,ت,ت,ت,ت,ت,ت,ت,ت,ت,ت,ت,ت,ت,ت,ت,ت,ت,ت,ت,ت,خ,ت,ت,ت,ت","ت,خ,ت,ت,ت,ت,ت,ت,ت,ت,ت,ت,ت,ت,ت,ت,ت,ت,ت,ت,ت,ت,ت,ت,ت,خ,ت,ت,ت,ت",0.75,0.7857,0.1389,Mistral-7B-Instruct-v0.3,0,game_109
Mistral-7B-Instruct-v0.3__noise00__game_108,109,2026-02-12T09:09:44.065517,ar,True,30,30,agent1,VLLMMistral7B,متعاون,0.0,78,0.9,0.1,0,,"ت,ت,ت,ت,ت,ت,ت,ت,ت,ت,ت,ت,ت,ت,ت,ت,ت,ت,خ,ت,ت,ت,ت,ت,ت,خ,خ,ت,ت,ت","ت,ت,ت,ت,ت,ت,ت,ت,ت,ت,ت,ت,ت,ت,ت,ت,ت,ت,خ,ت,ت,ت,ت,ت,ت,خ,خ,ت,ت,ت",agent2,VLLMMistral7B,متعاون,0.0,78,0.9,0.1,0,,"ت,ت,خ,ت,ت,ت,ت,ت,ت,ت,ت,ت,ت,ت,ت,ت,ت,ت,ت,ت,خ,ت,ت,ت,ت,ت,ت,ت,خ,ت","ت,ت,خ,ت,ت,ت,ت,ت,ت,ت,ت,ت,ت,ت,ت,ت,ت,ت,ت,ت,خ,ت,ت,ت,ت,ت,ت,ت,خ,ت",0.7632,0.7857,0.2778,Mistral-7B-Instruct-v0.3,0,game_108
Mistral-7B-Instruct-v0.3__noise00__game_110,111,2026-02-12T09:10:27.492090,ar,True,30,30,agent1,VLLMMistral7B,أناني,0.0,74,0.9667,0.0333,0,,"خ,ت,ت,ت,ت,ت,ت,ت,ت,ت,ت,ت,ت,ت,ت,ت,ت,ت,ت,ت,ت,ت,ت,ت,ت,ت,ت,ت,ت,ت","خ,ت,ت,ت,ت,ت,ت,ت,ت,ت,ت,ت,ت,ت,ت,ت,ت,ت,ت,ت,ت,ت,ت,ت,ت,ت,ت,ت,ت,ت",agent2,VLLMMistral7B,متعاون,0.0,64,0.9333,0.0667,0,,"ت,ت,ت,ت,ت,ت,ت,خ,ت,ت,ت,ت,ت,ت,ت,ت,ت,ت,ت,ت,ت,ت,خ,ت,ت,ت,ت,ت,ت,ت","ت,ت,ت,ت,ت,ت,ت,خ,ت,ت,ت,ت,ت,ت,ت,ت,ت,ت,ت,ت,ت,ت,خ,ت,ت,ت,ت,ت,ت,ت",0.6711,0.8571,0.1667,Mistral-7B-Instruct-v0.3,0,game_110
Mistral-7B-Instruct-v0.3__noise00__game_111,112,2026-02-12T09:11:01.526423,ar,True,30,30,agent1,VLLMMistral7B,أناني,0.0,82,0.9667,0.0333,0,,"ت,ت,ت,ت,خ,ت,ت,ت,ت,ت,ت,ت,ت,ت,ت,ت,ت,ت,ت,ت,ت,ت,ت,ت,ت,ت,ت,ت,ت,ت","ت,ت,ت,ت,خ,ت,ت,ت,ت,ت,ت,ت,ت,ت,ت,ت,ت,ت,ت,ت,ت,ت,ت,ت,ت,ت,ت,ت,ت,ت",agent2,VLLMMistral7B,أناني,0.0,62,0.9,0.1,0,,"ت,ت,ت,ت,ت,ت,خ,ت,خ,ت,ت,ت,ت,ت,ت,ت,ت,ت,ت,ت,ت,ت,خ,ت,ت,ت,ت,ت,ت,ت","ت,ت,ت,ت,ت,ت,خ,ت,خ,ت,ت,ت,ت,ت,ت,ت,ت,ت,ت,ت,ت,ت,خ,ت,ت,ت,ت,ت,ت,ت",0.7632,0.7857,0.0556,Mistral-7B-Instruct-v0.3,0,game_111
Mistral-7B-Instruct-v0.3__noise00__game_112,113,2026-02-12T09:11:40.102694,ar,True,30,30,agent1,VLLMMistral7B,متعاون,0.0,60,1.0,0.0,0,,"ت,ت,ت,ت,ت,ت,ت,ت,ت,ت,ت,ت,ت,ت,ت,ت,ت,ت,ت,ت,ت,ت,ت,ت,ت,ت,ت,ت,ت,ت","ت,ت,ت,ت,ت,ت,ت,ت,ت,ت,ت,ت,ت,ت,ت,ت,ت,ت,ت,ت,ت,ت,ت,ت,ت,ت,ت,ت,ت,ت",agent2,VLLMMistral7B,متعاون,0.0,60,1.0,0.0,0,,"ت,ت,ت,ت,ت,ت,ت,ت,ت,ت,ت,ت,ت,ت,ت,ت,ت,ت,ت,ت,ت,ت,ت,ت,ت,ت,ت,ت,ت,ت","ت,ت,ت,ت,ت,ت,ت,ت,ت,ت,ت,ت,ت,ت,ت,ت,ت,ت,ت,ت,ت,ت,ت,ت,ت,ت,ت,ت,ت,ت",0.7632,0.7143,0.4444,Mistral-7B-Instruct-v0.3,0,game_112
Mistral-7B-Instruct-v0.3__noise00__game_114,115,2026-02-12T09:12:47.850104,ar,True,30,30,agent1,VLLMMistral7B,أناني,0.0,58,0.9667,0.0333,0,,"ت,ت,ت,ت,ت,ت,ت,ت,ت,ت,ت,ت,ت,ت,ت,ت,خ,ت,ت,ت,ت,ت,ت,ت,ت,ت,ت,ت,ت,ت","ت,ت,ت,ت,ت,ت,ت,ت,ت,ت,ت,ت,ت,ت,ت,ت,خ,ت,ت,ت,ت,ت,ت,ت,ت,ت,ت,ت,ت,ت",agent2,VLLMMistral7B,متعاون,0.0,68,1.0,0.0,0,,"ت,ت,ت,ت,ت,ت,ت,ت,ت,ت,ت,ت,ت,ت,ت,ت,ت,ت,ت,ت,ت,ت,ت,ت,ت,ت,ت,ت,ت,ت","ت,ت,ت,ت,ت,ت,ت,ت,ت,ت,ت,ت,ت,ت,ت,ت,ت,ت,ت,ت,ت,ت,ت,ت,ت,ت,ت,ت,ت,ت",0.7368,0.7619,0.2222,Mistral-7B-Instruct-v0.3,0,game_114
Mistral-7B-Instruct-v0.3__noise00__game_113,114,2026-02-12T09:13:24.329404,ar,True,30,30,agent1,VLLMMistral7B,متعاون,0.0,58,0.9667,0.0333,0,,"ت,ت,ت,ت,ت,ت,ت,ت,ت,ت,ت,ت,ت,ت,ت,ت,ت,ت,ت,ت,ت,ت,خ,ت,ت,ت,ت,ت,ت,ت","ت,ت,ت,ت,ت,ت,ت,ت,ت,ت,ت,ت,ت,ت,ت,ت,ت,ت,ت,ت,ت,ت,خ,ت,ت,ت,ت,ت,ت,ت",agent2,VLLMMistral7B,أناني,0.0,68,1.0,0.0,0,,"ت,ت,ت,ت,ت,ت,ت,ت,ت,ت,ت,ت,ت,ت,ت,ت,ت,ت,ت,ت,ت,ت,ت,ت,ت,ت,ت,ت,ت,ت","ت,ت,ت,ت,ت,ت,ت,ت,ت,ت,ت,ت,ت,ت,ت,ت,ت,ت,ت,ت,ت,ت,ت,ت,ت,ت,ت,ت,ت,ت",0.8158,0.7857,0.3056,Mistral-7B-Instruct-v0.3,0,game_113
Mistral-7B-Instruct-v0.3__noise00__game_115,116,2026-02-12T09:13:32.496365,ar,True,30,30,agent1,VLLMMistral7B,أناني,0.0,74,0.9667,0.0333,0,,"ت,ت,ت,ت,ت,ت,ت,ت,ت,ت,ت,ت,ت,ت,ت,ت,خ,ت,ت,ت,ت,ت,ت,ت,ت,ت,ت,ت,ت,ت","ت,ت,ت,ت,ت,ت,ت,ت,ت,ت,ت,ت,ت,ت,ت,ت,خ,ت,ت,ت,ت,ت,ت,ت,ت,ت,ت,ت,ت,ت",agent2,VLLMMistral7B,أناني,0.0,64,0.9333,0.0667,0,,"ت,ت,ت,ت,ت,ت,ت,ت,ت,ت,ت,ت,ت,ت,ت,خ,ت,ت,ت,ت,ت,ت,خ,ت,ت,ت,ت,ت,ت,ت","ت,ت,ت,ت,ت,ت,ت,ت,ت,ت,ت,ت,ت,ت,ت,خ,ت,ت,ت,ت,ت,ت,خ,ت,ت,ت,ت,ت,ت,ت",0.7368,0.6905,0.1111,Mistral-7B-Instruct-v0.3,0,game_115
Mistral-7B-Instruct-v0.3__noise00__game_116,117,2026-02-12T09:14:04.935580,ar,True,30,30,agent1,VLLMMistral7B,متعاون,0.0,60,1.0,0.0,0,,"ت,ت,ت,ت,ت,ت,ت,ت,ت,ت,ت,ت,ت,ت,ت,ت,ت,ت,ت,ت,ت,ت,ت,ت,ت,ت,ت,ت,ت,ت","ت,ت,ت,ت,ت,ت,ت,ت,ت,ت,ت,ت,ت,ت,ت,ت,ت,ت,ت,ت,ت,ت,ت,ت,ت,ت,ت,ت,ت,ت",agent2,VLLMMistral7B,متعاون,0.0,60,1.0,0.0,0,,"ت,ت,ت,ت,ت,ت,ت,ت,ت,ت,ت,ت,ت,ت,ت,ت,ت,ت,ت,ت,ت,ت,ت,ت,ت,ت,ت,ت,ت,ت","ت,ت,ت,ت,ت,ت,ت,ت,ت,ت,ت,ت,ت,ت,ت,ت,ت,ت,ت,ت,ت,ت,ت,ت,ت,ت,ت,ت,ت,ت",0.7632,0.7381,0.4722,Mistral-7B-Instruct-v0.3,0,game_116
Mistral-7B-Instruct-v0.3__noise00__game_117,118,2026-02-12T09:15:35.701011,ar,True,30,30,agent1,VLLMMistral7B,متعاون,0.0,68,1.0,0.0,0,,"ت,ت,ت,ت,ت,ت,ت,ت,ت,ت,ت,ت,ت,ت,ت,ت,ت,ت,ت,ت,ت,ت,ت,ت,ت,ت,ت,ت,ت,ت","ت,ت,ت,ت,ت,ت,ت,ت,ت,ت,ت,ت,ت,ت,ت,ت,ت,ت,ت,ت,ت,ت,ت,ت,ت,ت,ت,ت,ت,ت",agent2,VLLMMistral7B,أناني,0.0,58,0.9667,0.0333,0,,"ت,ت,خ,ت,ت,ت,ت,ت,ت,ت,ت,ت,ت,ت,ت,ت,ت,ت,ت,ت,ت,ت,ت,ت,ت,ت,ت,ت,ت,ت","ت,ت,خ,ت,ت,ت,ت,ت,ت,ت,ت,ت,ت,ت,ت,ت,ت,ت,ت,ت,ت,ت,ت,ت,ت,ت,ت,ت,ت,ت",0.7368,0.7143,0.1944,Mistral-7B-Instruct-v0.3,0,game_117
Mistral-7B-Instruct-v0.3__noise00__game_120,121,2026-02-12T09:15:37.740074,cn,True,30,30,agent1,VLLMMistral7B,合作型的,0.0,60,1.0,0.0,0,,"合,合,合,合,合,合,合,合,合,合,合,合,合,合,合,合,合,合,合,合,合,合,合,合,合,合,合,合,合,合","合,合,合,合,合,合,合,合,合,合,合,合,合,合,合,合,合,合,合,合,合,合,合,合,合,合,合,合,合,合",agent2,VLLMMistral7B,合作型的,0.0,60,1.0,0.0,0,,"合,合,合,合,合,合,合,合,合,合,合,合,合,合,合,合,合,合,合,合,合,合,合,合,合,合,合,合,合,合","合,合,合,合,合,合,合,合,合,合,合,合,合,合,合,合,合,合,合,合,合,合,合,合,合,合,合,合,合,合",0.8947,0.6429,0.5556,Mistral-7B-Instruct-v0.3,0,game_120
Mistral-7B-Instruct-v0.3__noise00__game_119,120,2026-02-12T09:15:44.524053,ar,True,30,30,agent1,VLLMMistral7B,أناني,0.0,68,1.0,0.0,0,,"ت,ت,ت,ت,ت,ت,ت,ت,ت,ت,ت,ت,ت,ت,ت,ت,ت,ت,ت,ت,ت,ت,ت,ت,ت,ت,ت,ت,ت,ت","ت,ت,ت,ت,ت,ت,ت,ت,ت,ت,ت,ت,ت,ت,ت,ت,ت,ت,ت,ت,ت,ت,ت,ت,ت,ت,ت,ت,ت,ت",agent2,VLLMMistral7B,أناني,0.0,58,0.9667,0.0333,0,,"ت,ت,ت,ت,ت,خ,ت,ت,ت,ت,ت,ت,ت,ت,ت,ت,ت,ت,ت,ت,ت,ت,ت,ت,ت,ت,ت,ت,ت,ت","ت,ت,ت,ت,ت,خ,ت,ت,ت,ت,ت,ت,ت,ت,ت,ت,ت,ت,ت,ت,ت,ت,ت,ت,ت,ت,ت,ت,ت,ت",0.6974,0.7857,0.1944,Mistral-7B-Instruct-v0.3,0,game_119
Mistral-7B-Instruct-v0.3__noise00__game_118,119,2026-02-12T09:15:55.180950,ar,True,30,30,agent1,VLLMMistral7B,أناني,0.0,54,0.9,0.1,0,,"ت,ت,ت,ت,ت,ت,خ,خ,ت,خ,ت,ت,ت,ت,ت,ت,ت,ت,ت,ت,ت,ت,ت,ت,ت,ت,ت,ت,ت,ت","ت,ت,ت,ت,ت,ت,خ,خ,ت,خ,ت,ت,ت,ت,ت,ت,ت,ت,ت,ت,ت,ت,ت,ت,ت,ت,ت,ت,ت,ت",agent2,VLLMMistral7B,متعاون,0.0,84,1.0,0.0,0,,"ت,ت,ت,ت,ت,ت,ت,ت,ت,ت,ت,ت,ت,ت,ت,ت,ت,ت,ت,ت,ت,ت,ت,ت,ت,ت,ت,ت,ت,ت","ت,ت,ت,ت,ت,ت,ت,ت,ت,ت,ت,ت,ت,ت,ت,ت,ت,ت,ت,ت,ت,ت,ت,ت,ت,ت,ت,ت,ت,ت",0.8026,0.7619,0.1389,Mistral-7B-Instruct-v0.3,0,game_118
Mistral-7B-Instruct-v0.3__noise00__game_123,124,2026-02-12T09:17:08.232124,cn,True,30,30,agent1,VLLMMistral7B,自私型的,0.0,234,0.0333,0.9667,0,,"合,背,背,背,背,背,背,背,背,背,背,背,背,背,背,背,背,背,背,背,背,背,背,背,背,背,背,背,背,背","合,背,背,背,背,背,背,背,背,背,背,背,背,背,背,背,背,背,背,背,背,背,背,背,背,背,背,背,背,背",agent2,VLLMMistral7B,自私型的,0.0,234,0.0333,0.9667,0,,"合,背,背,背,背,背,背,背,背,背,背,背,背,背,背,背,背,背,背,背,背,背,背,背,背,背,背,背,背,背","合,背,背,背,背,背,背,背,背,背,背,背,背,背,背,背,背,背,背,背,背,背,背,背,背,背,背,背,背,背",0.9342,0.7143,0.0,Mistral-7B-Instruct-v0.3,0,game_123
Mistral-7B-Instruct-v0.3__noise00__game_121,122,2026-02-12T09:17:18.827892,cn,True,30,30,agent1,VLLMMistral7B,合作型的,0.0,300,1.0,0.0,0,,"合,合,合,合,合,合,合,合,合,合,合,合,合,合,合,合,合,合,合,合,合,合,合,合,合,合,合,合,合,合","合,合,合,合,合,合,合,合,合,合,合,合,合,合,合,合,合,合,合,合,合,合,合,合,合,合,合,合,合,合",agent2,VLLMMistral7B,自私型的,0.0,0,0.0,1.0,0,,"背,背,背,背,背,背,背,背,背,背,背,背,背,背,背,背,背,背,背,背,背,背,背,背,背,背,背,背,背,背","背,背,背,背,背,背,背,背,背,背,背,背,背,背,背,背,背,背,背,背,背,背,背,背,背,背,背,背,背,背",0.9737,0.8571,0.3333,Mistral-7B-Instruct-v0.3,0,game_121
Mistral-7B-Instruct-v0.3__noise00__game_122,123,2026-02-12T09:17:23.485027,cn,True,30,30,agent1,VLLMMistral7B,自私型的,0.0,2,0.0333,0.9667,0,,"合,背,背,背,背,背,背,背,背,背,背,背,背,背,背,背,背,背,背,背,背,背,背,背,背,背,背,背,背,背","合,背,背,背,背,背,背,背,背,背,背,背,背,背,背,背,背,背,背,背,背,背,背,背,背,背,背,背,背,背",agent2,VLLMMistral7B,合作型的,0.0,292,1.0,0.0,0,,"合,合,合,合,合,合,合,合,合,合,合,合,合,合,合,合,合,合,合,合,合,合,合,合,合,合,合,合,合,合","合,合,合,合,合,合,合,合,合,合,合,合,合,合,合,合,合,合,合,合,合,合,合,合,合,合,合,合,合,合",1.0,0.7381,0.1667,Mistral-7B-Instruct-v0.3,0,game_122
Mistral-7B-Instruct-v0.3__noise00__game_124,125,2026-02-12T09:17:32.497995,cn,True,30,30,agent1,VLLMMistral7B,合作型的,0.0,60,1.0,0.0,0,,"合,合,合,合,合,合,合,合,合,合,合,合,合,合,合,合,合,合,合,合,合,合,合,合,合,合,合,合,合,合","合,合,合,合,合,合,合,合,合,合,合,合,合,合,合,合,合,合,合,合,合,合,合,合,合,合,合,合,合,合",agent2,VLLMMistral7B,合作型的,0.0,60,1.0,0.0,0,,"合,合,合,合,合,合,合,合,合,合,合,合,合,合,合,合,合,合,合,合,合,合,合,合,合,合,合,合,合,合","合,合,合,合,合,合,合,合,合,合,合,合,合,合,合,合,合,合,合,合,合,合,合,合,合,合,合,合,合,合",0.8947,0.7143,0.5278,Mistral-7B-Instruct-v0.3,0,game_124
Mistral-7B-Instruct-v0.3__noise00__game_127,128,2026-02-12T09:18:47.039699,cn,True,30,30,agent1,VLLMMistral7B,自私型的,0.0,242,0.0333,0.9667,0,,"合,背,背,背,背,背,背,背,背,背,背,背,背,背,背,背,背,背,背,背,背,背,背,背,背,背,背,背,背,背","合,背,背,背,背,背,背,背,背,背,背,背,背,背,背,背,背,背,背,背,背,背,背,背,背,背,背,背,背,背",agent2,VLLMMistral7B,自私型的,0.0,232,0.0,1.0,0,,"背,背,背,背,背,背,背,背,背,背,背,背,背,背,背,背,背,背,背,背,背,背,背,背,背,背,背,背,背,背","背,背,背,背,背,背,背,背,背,背,背,背,背,背,背,背,背,背,背,背,背,背,背,背,背,背,背,背,背,背",0.9868,0.7143,0.1944,Mistral-7B-Instruct-v0.3,0,game_127
Mistral-7B-Instruct-v0.3__noise00__game_125,126,2026-02-12T09:18:48.419431,cn,True,30,30,agent1,VLLMMistral7B,合作型的,0.0,300,1.0,0.0,0,,"合,合,合,合,合,合,合,合,合,合,合,合,合,合,合,合,合,合,合,合,合,合,合,合,合,合,合,合,合,合","合,合,合,合,合,合,合,合,合,合,合,合,合,合,合,合,合,合,合,合,合,合,合,合,合,合,合,合,合,合",agent2,VLLMMistral7B,自私型的,0.0,0,0.0,1.0,0,,"背,背,背,背,背,背,背,背,背,背,背,背,背,背,背,背,背,背,背,背,背,背,背,背,背,背,背,背,背,背","背,背,背,背,背,背,背,背,背,背,背,背,背,背,背,背,背,背,背,背,背,背,背,背,背,背,背,背,背,背",0.9868,0.8571,0.3611,Mistral-7B-Instruct-v0.3,0,game_125
Mistral-7B-Instruct-v0.3__noise00__game_126,127,2026-02-12T09:18:50.242344,cn,True,30,30,agent1,VLLMMistral7B,自私型的,0.0,0,0.0,1.0,0,,"背,背,背,背,背,背,背,背,背,背,背,背,背,背,背,背,背,背,背,背,背,背,背,背,背,背,背,背,背,背","背,背,背,背,背,背,背,背,背,背,背,背,背,背,背,背,背,背,背,背,背,背,背,背,背,背,背,背,背,背",agent2,VLLMMistral7B,合作型的,0.0,300,1.0,0.0,0,,"合,合,合,合,合,合,合,合,合,合,合,合,合,合,合,合,合,合,合,合,合,合,合,合,合,合,合,合,合,合","合,合,合,合,合,合,合,合,合,合,合,合,合,合,合,合,合,合,合,合,合,合,合,合,合,合,合,合,合,合",1.0,0.7857,0.5,Mistral-7B-Instruct-v0.3,0,game_126
Mistral-7B-Instruct-v0.3__noise00__game_128,129,2026-02-12T09:19:06.902982,cn,True,30,30,agent1,VLLMMistral7B,合作型的,0.0,60,1.0,0.0,0,,"合,合,合,合,合,合,合,合,合,合,合,合,合,合,合,合,合,合,合,合,合,合,合,合,合,合,合,合,合,合","合,合,合,合,合,合,合,合,合,合,合,合,合,合,合,合,合,合,合,合,合,合,合,合,合,合,合,合,合,合",agent2,VLLMMistral7B,合作型的,0.0,60,1.0,0.0,0,,"合,合,合,合,合,合,合,合,合,合,合,合,合,合,合,合,合,合,合,合,合,合,合,合,合,合,合,合,合,合","合,合,合,合,合,合,合,合,合,合,合,合,合,合,合,合,合,合,合,合,合,合,合,合,合,合,合,合,合,合",0.9079,0.7143,0.6389,Mistral-7B-Instruct-v0.3,0,game_128
Mistral-7B-Instruct-v0.3__noise00__game_130,131,2026-02-12T09:20:21.651837,cn,True,30,30,agent1,VLLMMistral7B,自私型的,0.0,2,0.0333,0.9667,0,,"合,背,背,背,背,背,背,背,背,背,背,背,背,背,背,背,背,背,背,背,背,背,背,背,背,背,背,背,背,背","合,背,背,背,背,背,背,背,背,背,背,背,背,背,背,背,背,背,背,背,背,背,背,背,背,背,背,背,背,背",agent2,VLLMMistral7B,合作型的,0.0,292,1.0,0.0,0,,"合,合,合,合,合,合,合,合,合,合,合,合,合,合,合,合,合,合,合,合,合,合,合,合,合,合,合,合,合,合","合,合,合,合,合,合,合,合,合,合,合,合,合,合,合,合,合,合,合,合,合,合,合,合,合,合,合,合,合,合",1.0,0.6905,0.1667,Mistral-7B-Instruct-v0.3,0,game_130
Mistral-7B-Instruct-v0.3__noise00__game_131,132,2026-02-12T09:20:22.770992,cn,True,30,30,agent1,VLLMMistral7B,自私型的,0.0,236,0.0667,0.9333,0,,"合,合,背,背,背,背,背,背,背,背,背,背,背,背,背,背,背,背,背,背,背,背,背,背,背,背,背,背,背,背","合,合,背,背,背,背,背,背,背,背,背,背,背,背,背,背,背,背,背,背,背,背,背,背,背,背,背,背,背,背",agent2,VLLMMistral7B,自私型的,0.0,226,0.0333,0.9667,0,,"合,背,背,背,背,背,背,背,背,背,背,背,背,背,背,背,背,背,背,背,背,背,背,背,背,背,背,背,背,背","合,背,背,背,背,背,背,背,背,背,背,背,背,背,背,背,背,背,背,背,背,背,背,背,背,背,背,背,背,背",0.9605,0.7143,0.0,Mistral-7B-Instruct-v0.3,0,game_131
Mistral-7B-Instruct-v0.3__noise00__game_129,130,2026-02-12T09:20:27.624803,cn,True,30,30,agent1,VLLMMistral7B,合作型的,0.0,300,1.0,0.0,0,,"合,合,合,合,合,合,合,合,合,合,合,合,合,合,合,合,合,合,合,合,合,合,合,合,合,合,合,合,合,合","合,合,合,合,合,合,合,合,合,合,合,合,合,合,合,合,合,合,合,合,合,合,合,合,合,合,合,合,合,合",agent2,VLLMMistral7B,自私型的,0.0,0,0.0,1.0,0,,"背,背,背,背,背,背,背,背,背,背,背,背,背,背,背,背,背,背,背,背,背,背,背,背,背,背,背,背,背,背","背,背,背,背,背,背,背,背,背,背,背,背,背,背,背,背,背,背,背,背,背,背,背,背,背,背,背,背,背,背",0.9868,0.881,0.3333,Mistral-7B-Instruct-v0.3,0,game_129
Mistral-7B-Instruct-v0.3__noise00__game_132,133,2026-02-12T09:20:37.951824,cn,True,30,30,agent1,VLLMMistral7B,合作型的,0.0,60,1.0,0.0,0,,"合,合,合,合,合,合,合,合,合,合,合,合,合,合,合,合,合,合,合,合,合,合,合,合,合,合,合,合,合,合","合,合,合,合,合,合,合,合,合,合,合,合,合,合,合,合,合,合,合,合,合,合,合,合,合,合,合,合,合,合",agent2,VLLMMistral7B,合作型的,0.0,60,1.0,0.0,0,,"合,合,合,合,合,合,合,合,合,合,合,合,合,合,合,合,合,合,合,合,合,合,合,合,合,合,合,合,合,合","合,合,合,合,合,合,合,合,合,合,合,合,合,合,合,合,合,合,合,合,合,合,合,合,合,合,合,合,合,合",0.9079,0.7619,0.5833,Mistral-7B-Instruct-v0.3,0,game_132
Mistral-7B-Instruct-v0.3__noise00__game_134,135,2026-02-12T09:21:58.948734,cn,True,30,30,agent1,VLLMMistral7B,自私型的,0.0,0,0.0,1.0,0,,"背,背,背,背,背,背,背,背,背,背,背,背,背,背,背,背,背,背,背,背,背,背,背,背,背,背,背,背,背,背","背,背,背,背,背,背,背,背,背,背,背,背,背,背,背,背,背,背,背,背,背,背,背,背,背,背,背,背,背,背",agent2,VLLMMistral7B,合作型的,0.0,300,1.0,0.0,0,,"合,合,合,合,合,合,合,合,合,合,合,合,合,合,合,合,合,合,合,合,合,合,合,合,合,合,合,合,合,合","合,合,合,合,合,合,合,合,合,合,合,合,合,合,合,合,合,合,合,合,合,合,合,合,合,合,合,合,合,合",0.9868,0.7143,0.4722,Mistral-7B-Instruct-v0.3,0,game_134
Mistral-7B-Instruct-v0.3__noise00__game_135,136,2026-02-12T09:22:06.733846,cn,True,30,30,agent1,VLLMMistral7B,自私型的,0.0,242,0.0333,0.9667,0,,"合,背,背,背,背,背,背,背,背,背,背,背,背,背,背,背,背,背,背,背,背,背,背,背,背,背,背,背,背,背","合,背,背,背,背,背,背,背,背,背,背,背,背,背,背,背,背,背,背,背,背,背,背,背,背,背,背,背,背,背",agent2,VLLMMistral7B,自私型的,0.0,232,0.0,1.0,0,,"背,背,背,背,背,背,背,背,背,背,背,背,背,背,背,背,背,背,背,背,背,背,背,背,背,背,背,背,背,背","背,背,背,背,背,背,背,背,背,背,背,背,背,背,背,背,背,背,背,背,背,背,背,背,背,背,背,背,背,背",0.9605,0.7143,0.1667,Mistral-7B-Instruct-v0.3,0,game_135
Mistral-7B-Instruct-v0.3__noise00__game_133,134,2026-02-12T09:22:08.454518,cn,True,30,30,agent1,VLLMMistral7B,合作型的,0.0,274,0.8333,0.1667,0,,"合,合,合,合,合,合,合,合,合,合,合,合,合,合,合,合,合,合,合,合,合,合,合,合,合,背,背,背,背,背","合,合,合,合,合,合,合,合,合,合,合,合,合,合,合,合,合,合,合,合,合,合,合,合,合,背,背,背,背,背",agent2,VLLMMistral7B,自私型的,0.0,44,0.0667,0.9333,0,,"合,合,背,背,背,背,背,背,背,背,背,背,背,背,背,背,背,背,背,背,背,背,背,背,背,背,背,背,背,背","合,合,背,背,背,背,背,背,背,背,背,背,背,背,背,背,背,背,背,背,背,背,背,背,背,背,背,背,背,背",1.0,0.8095,0.0278,Mistral-7B-Instruct-v0.3,0,game_133
Mistral-7B-Instruct-v0.3__noise00__game_136,137,2026-02-12T09:22:09.144080,cn,True,30,30,agent1,VLLMMistral7B,合作型的,0.0,60,1.0,0.0,0,,"合,合,合,合,合,合,合,合,合,合,合,合,合,合,合,合,合,合,合,合,合,合,合,合,合,合,合,合,合,合","合,合,合,合,合,合,合,合,合,合,合,合,合,合,合,合,合,合,合,合,合,合,合,合,合,合,合,合,合,合",agent2,VLLMMistral7B,合作型的,0.0,60,1.0,0.0,0,,"合,合,合,合,合,合,合,合,合,合,合,合,合,合,合,合,合,合,合,合,合,合,合,合,合,合,合,合,合,合","合,合,合,合,合,合,合,合,合,合,合,合,合,合,合,合,合,合,合,合,合,合,合,合,合,合,合,合,合,合",0.9079,0.6905,0.5833,Mistral-7B-Instruct-v0.3,0,game_136
Mistral-7B-Instruct-v0.3__noise00__game_137,138,2026-02-12T09:23:37.087763,cn,True,30,30,agent1,VLLMMistral7B,合作型的,0.0,290,0.9667,0.0333,0,,"合,合,合,合,合,合,背,合,合,合,合,合,合,合,合,合,合,合,合,合,合,合,合,合,合,合,合,合,合,合","合,合,合,合,合,合,背,合,合,合,合,合,合,合,合,合,合,合,合,合,合,合,合,合,合,合,合,合,合,合",agent2,VLLMMistral7B,自私型的,0.0,10,0.0333,0.9667,0,,"合,背,背,背,背,背,背,背,背,背,背,背,背,背,背,背,背,背,背,背,背,背,背,背,背,背,背,背,背,背","合,背,背,背,背,背,背,背,背,背,背,背,背,背,背,背,背,背,背,背,背,背,背,背,背,背,背,背,背,背",0.9737,0.8571,0.0556,Mistral-7B-Instruct-v0.3,0,game_137
Mistral-7B-Instruct-v0.3__noise00__game_138,139,2026-02-12T09:23:37.892363,cn,True,30,30,agent1,VLLMMistral7B,自私型的,0.0,0,0.0,1.0,0,,"背,背,背,背,背,背,背,背,背,背,背,背,背,背,背,背,背,背,背,背,背,背,背,背,背,背,背,背,背,背","背,背,背,背,背,背,背,背,背,背,背,背,背,背,背,背,背,背,背,背,背,背,背,背,背,背,背,背,背,背",agent2,VLLMMistral7B,合作型的,0.0,300,1.0,0.0,0,,"合,合,合,合,合,合,合,合,合,合,合,合,合,合,合,合,合,合,合,合,合,合,合,合,合,合,合,合,合,合","合,合,合,合,合,合,合,合,合,合,合,合,合,合,合,合,合,合,合,合,合,合,合,合,合,合,合,合,合,合",1.0,0.7857,0.5556,Mistral-7B-Instruct-v0.3,0,game_138
Mistral-7B-Instruct-v0.3__noise00__game_139,140,2026-02-12T09:23:39.456901,cn,True,30,30,agent1,VLLMMistral7B,自私型的,0.0,240,0.0,1.0,0,,"背,背,背,背,背,背,背,背,背,背,背,背,背,背,背,背,背,背,背,背,背,背,背,背,背,背,背,背,背,背","背,背,背,背,背,背,背,背,背,背,背,背,背,背,背,背,背,背,背,背,背,背,背,背,背,背,背,背,背,背",agent2,VLLMMistral7B,自私型的,0.0,240,0.0,1.0,0,,"背,背,背,背,背,背,背,背,背,背,背,背,背,背,背,背,背,背,背,背,背,背,背,背,背,背,背,背,背,背","背,背,背,背,背,背,背,背,背,背,背,背,背,背,背,背,背,背,背,背,背,背,背,背,背,背,背,背,背,背",0.9474,0.7143,0.5278,Mistral-7B-Instruct-v0.3,0,game_139
Mistral-7B-Instruct-v0.3__noise00__game_140,141,2026-02-12T09:23:43.805687,cn,True,30,30,agent1,VLLMMistral7B,合作型的,0.0,60,1.0,0.0,0,,"合,合,合,合,合,合,合,合,合,合,合,合,合,合,合,合,合,合,合,合,合,合,合,合,合,合,合,合,合,合","合,合,合,合,合,合,合,合,合,合,合,合,合,合,合,合,合,合,合,合,合,合,合,合,合,合,合,合,合,合",agent2,VLLMMistral7B,合作型的,0.0,60,1.0,0.0,0,,"合,合,合,合,合,合,合,合,合,合,合,合,合,合,合,合,合,合,合,合,合,合,合,合,合,合,合,合,合,合","合,合,合,合,合,合,合,合,合,合,合,合,合,合,合,合,合,合,合,合,合,合,合,合,合,合,合,合,合,合",0.8947,0.6905,0.6111,Mistral-7B-Instruct-v0.3,0,game_140
Mistral-7B-Instruct-v0.3__noise00__game_144,145,2026-02-12T09:25:06.173793,cn,True,30,30,agent1,VLLMMistral7B,合作型的,0.0,60,1.0,0.0,0,,"合,合,合,合,合,合,合,合,合,合,合,合,合,合,合,合,合,合,合,合,合,合,合,合,合,合,合,合,合,合","合,合,合,合,合,合,合,合,合,合,合,合,合,合,合,合,合,合,合,合,合,合,合,合,合,合,合,合,合,合",agent2,VLLMMistral7B,合作型的,0.0,60,1.0,0.0,0,,"合,合,合,合,合,合,合,合,合,合,合,合,合,合,合,合,合,合,合,合,合,合,合,合,合,合,合,合,合,合","合,合,合,合,合,合,合,合,合,合,合,合,合,合,合,合,合,合,合,合,合,合,合,合,合,合,合,合,合,合",0.9211,0.6905,0.5833,Mistral-7B-Instruct-v0.3,0,game_144
Mistral-7B-Instruct-v0.3__noise00__game_141,142,2026-02-12T09:25:09.086155,cn,True,30,30,agent1,VLLMMistral7B,合作型的,0.0,300,1.0,0.0,0,,"合,合,合,合,合,合,合,合,合,合,合,合,合,合,合,合,合,合,合,合,合,合,合,合,合,合,合,合,合,合","合,合,合,合,合,合,合,合,合,合,合,合,合,合,合,合,合,合,合,合,合,合,合,合,合,合,合,合,合,合",agent2,VLLMMistral7B,自私型的,0.0,0,0.0,1.0,0,,"背,背,背,背,背,背,背,背,背,背,背,背,背,背,背,背,背,背,背,背,背,背,背,背,背,背,背,背,背,背","背,背,背,背,背,背,背,背,背,背,背,背,背,背,背,背,背,背,背,背,背,背,背,背,背,背,背,背,背,背",1.0,0.8571,0.2778,Mistral-7B-Instruct-v0.3,0,game_141
Mistral-7B-Instruct-v0.3__noise00__game_143,144,2026-02-12T09:25:17.522820,cn,True,30,30,agent1,VLLMMistral7B,自私型的,0.0,240,0.0,1.0,0,,"背,背,背,背,背,背,背,背,背,背,背,背,背,背,背,背,背,背,背,背,背,背,背,背,背,背,背,背,背,背","背,背,背,背,背,背,背,背,背,背,背,背,背,背,背,背,背,背,背,背,背,背,背,背,背,背,背,背,背,背",agent2,VLLMMistral7B,自私型的,0.0,240,0.0,1.0,0,,"背,背,背,背,背,背,背,背,背,背,背,背,背,背,背,背,背,背,背,背,背,背,背,背,背,背,背,背,背,背","背,背,背,背,背,背,背,背,背,背,背,背,背,背,背,背,背,背,背,背,背,背,背,背,背,背,背,背,背,背",0.9737,0.7143,0.3889,Mistral-7B-Instruct-v0.3,0,game_143
Mistral-7B-Instruct-v0.3__noise00__game_142,143,2026-02-12T09:25:19.714069,cn,True,30,30,agent1,VLLMMistral7B,自私型的,0.0,2,0.0333,0.9667,0,,"合,背,背,背,背,背,背,背,背,背,背,背,背,背,背,背,背,背,背,背,背,背,背,背,背,背,背,背,背,背","合,背,背,背,背,背,背,背,背,背,背,背,背,背,背,背,背,背,背,背,背,背,背,背,背,背,背,背,背,背",agent2,VLLMMistral7B,合作型的,0.0,292,1.0,0.0,0,,"合,合,合,合,合,合,合,合,合,合,合,合,合,合,合,合,合,合,合,合,合,合,合,合,合,合,合,合,合,合","合,合,合,合,合,合,合,合,合,合,合,合,合,合,合,合,合,合,合,合,合,合,合,合,合,合,合,合,合,合",1.0,0.7619,0.1667,Mistral-7B-Instruct-v0.3,0,game_142
Mistral-7B-Instruct-v0.3__noise00__game_145,146,2026-02-12T09:26:50.438952,cn,True,30,30,agent1,VLLMMistral7B,合作型的,0.0,298,0.9667,0.0333,0,,"合,合,合,合,合,合,合,合,合,合,合,合,合,合,合,合,合,合,合,合,合,合,合,背,合,合,合,合,合,合","合,合,合,合,合,合,合,合,合,合,合,合,合,合,合,合,合,合,合,合,合,合,合,背,合,合,合,合,合,合",agent2,VLLMMistral7B,自私型的,0.0,8,0.0,1.0,0,,"背,背,背,背,背,背,背,背,背,背,背,背,背,背,背,背,背,背,背,背,背,背,背,背,背,背,背,背,背,背","背,背,背,背,背,背,背,背,背,背,背,背,背,背,背,背,背,背,背,背,背,背,背,背,背,背,背,背,背,背",0.9737,0.8571,0.1111,Mistral-7B-Instruct-v0.3,0,game_145
Mistral-7B-Instruct-v0.3__noise00__game_147,148,2026-02-12T09:26:50.495273,cn,True,30,30,agent1,VLLMMistral7B,自私型的,0.0,232,0.0,1.0,0,,"背,背,背,背,背,背,背,背,背,背,背,背,背,背,背,背,背,背,背,背,背,背,背,背,背,背,背,背,背,背","背,背,背,背,背,背,背,背,背,背,背,背,背,背,背,背,背,背,背,背,背,背,背,背,背,背,背,背,背,背",agent2,VLLMMistral7B,自私型的,0.0,242,0.0333,0.9667,0,,"合,背,背,背,背,背,背,背,背,背,背,背,背,背,背,背,背,背,背,背,背,背,背,背,背,背,背,背,背,背","合,背,背,背,背,背,背,背,背,背,背,背,背,背,背,背,背,背,背,背,背,背,背,背,背,背,背,背,背,背",0.9342,0.7143,0.2222,Mistral-7B-Instruct-v0.3,0,game_147
Mistral-7B-Instruct-v0.3__noise00__game_148,149,2026-02-12T09:26:50.789150,cn,True,30,30,agent1,VLLMMistral7B,合作型的,0.0,60,1.0,0.0,0,,"合,合,合,合,合,合,合,合,合,合,合,合,合,合,合,合,合,合,合,合,合,合,合,合,合,合,合,合,合,合","合,合,合,合,合,合,合,合,合,合,合,合,合,合,合,合,合,合,合,合,合,合,合,合,合,合,合,合,合,合",agent2,VLLMMistral7B,合作型的,0.0,60,1.0,0.0,0,,"合,合,合,合,合,合,合,合,合,合,合,合,合,合,合,合,合,合,合,合,合,合,合,合,合,合,合,合,合,合","合,合,合,合,合,合,合,合,合,合,合,合,合,合,合,合,合,合,合,合,合,合,合,合,合,合,合,合,合,合",0.8947,0.6905,0.5278,Mistral-7B-Instruct-v0.3,0,game_148
Mistral-7B-Instruct-v0.3__noise00__game_146,147,2026-02-12T09:26:55.785288,cn,True,30,30,agent1,VLLMMistral7B,自私型的,0.0,0,0.0,1.0,0,,"背,背,背,背,背,背,背,背,背,背,背,背,背,背,背,背,背,背,背,背,背,背,背,背,背,背,背,背,背,背","背,背,背,背,背,背,背,背,背,背,背,背,背,背,背,背,背,背,背,背,背,背,背,背,背,背,背,背,背,背",agent2,VLLMMistral7B,合作型的,0.0,300,1.0,0.0,0,,"合,合,合,合,合,合,合,合,合,合,合,合,合,合,合,合,合,合,合,合,合,合,合,合,合,合,合,合,合,合","合,合,合,合,合,合,合,合,合,合,合,合,合,合,合,合,合,合,合,合,合,合,合,合,合,合,合,合,合,合",1.0,0.7381,0.5,Mistral-7B-Instruct-v0.3,0,game_146
Mistral-7B-Instruct-v0.3__noise00__game_150,151,2026-02-12T09:28:11.228831,cn,True,30,30,agent1,VLLMMistral7B,自私型的,0.0,28,0.0667,0.9333,0,,"合,合,背,背,背,背,背,背,背,背,背,背,背,背,背,背,背,背,背,背,背,背,背,背,背,背,背,背,背,背","合,合,背,背,背,背,背,背,背,背,背,背,背,背,背,背,背,背,背,背,背,背,背,背,背,背,背,背,背,背",agent2,VLLMMistral7B,合作型的,0.0,278,0.9,0.1,0,,"合,合,合,背,合,合,背,背,合,合,合,合,合,合,合,合,合,合,合,合,合,合,合,合,合,合,合,合,合,合","合,合,合,背,合,合,背,背,合,合,合,合,合,合,合,合,合,合,合,合,合,合,合,合,合,合,合,合,合,合",1.0,0.7143,0.0556,Mistral-7B-Instruct-v0.3,0,game_150
Mistral-7B-Instruct-v0.3__noise00__game_151,152,2026-02-12T09:28:11.918347,cn,True,30,30,agent1,VLLMMistral7B,自私型的,0.0,240,0.0,1.0,0,,"背,背,背,背,背,背,背,背,背,背,背,背,背,背,背,背,背,背,背,背,背,背,背,背,背,背,背,背,背,背","背,背,背,背,背,背,背,背,背,背,背,背,背,背,背,背,背,背,背,背,背,背,背,背,背,背,背,背,背,背",agent2,VLLMMistral7B,自私型的,0.0,240,0.0,1.0,0,,"背,背,背,背,背,背,背,背,背,背,背,背,背,背,背,背,背,背,背,背,背,背,背,背,背,背,背,背,背,背","背,背,背,背,背,背,背,背,背,背,背,背,背,背,背,背,背,背,背,背,背,背,背,背,背,背,背,背,背,背",0.9605,0.7143,0.5,Mistral-7B-Instruct-v0.3,0,game_151
Mistral-7B-Instruct-v0.3__noise00__game_149,150,2026-02-12T09:28:31.287338,cn,True,30,30,agent1,VLLMMistral7B,合作型的,0.0,300,1.0,0.0,0,,"合,合,合,合,合,合,合,合,合,合,合,合,合,合,合,合,合,合,合,合,合,合,合,合,合,合,合,合,合,合","合,合,合,合,合,合,合,合,合,合,合,合,合,合,合,合,合,合,合,合,合,合,合,合,合,合,合,合,合,合",agent2,VLLMMistral7B,自私型的,0.0,0,0.0,1.0,0,,"背,背,背,背,背,背,背,背,背,背,背,背,背,背,背,背,背,背,背,背,背,背,背,背,背,背,背,背,背,背","背,背,背,背,背,背,背,背,背,背,背,背,背,背,背,背,背,背,背,背,背,背,背,背,背,背,背,背,背,背",1.0,0.8571,0.3056,Mistral-7B-Instruct-v0.3,0,game_149
Mistral-7B-Instruct-v0.3__noise00__game_152,153,2026-02-12T09:28:33.373848,cn,True,30,30,agent1,VLLMMistral7B,合作型的,0.0,60,1.0,0.0,0,,"合,合,合,合,合,合,合,合,合,合,合,合,合,合,合,合,合,合,合,合,合,合,合,合,合,合,合,合,合,合","合,合,合,合,合,合,合,合,合,合,合,合,合,合,合,合,合,合,合,合,合,合,合,合,合,合,合,合,合,合",agent2,VLLMMistral7B,合作型的,0.0,60,1.0,0.0,0,,"合,合,合,合,合,合,合,合,合,合,合,合,合,合,合,合,合,合,合,合,合,合,合,合,合,合,合,合,合,合","合,合,合,合,合,合,合,合,合,合,合,合,合,合,合,合,合,合,合,合,合,合,合,合,合,合,合,合,合,合",0.9079,0.6667,0.5556,Mistral-7B-Instruct-v0.3,0,game_152
Mistral-7B-Instruct-v0.3__noise00__game_154,155,2026-02-12T09:29:39.098335,cn,True,30,30,agent1,VLLMMistral7B,自私型的,0.0,0,0.0,1.0,0,,"背,背,背,背,背,背,背,背,背,背,背,背,背,背,背,背,背,背,背,背,背,背,背,背,背,背,背,背,背,背","背,背,背,背,背,背,背,背,背,背,背,背,背,背,背,背,背,背,背,背,背,背,背,背,背,背,背,背,背,背",agent2,VLLMMistral7B,合作型的,0.0,300,1.0,0.0,0,,"合,合,合,合,合,合,合,合,合,合,合,合,合,合,合,合,合,合,合,合,合,合,合,合,合,合,合,合,合,合","合,合,合,合,合,合,合,合,合,合,合,合,合,合,合,合,合,合,合,合,合,合,合,合,合,合,合,合,合,合",1.0,0.7381,0.5,Mistral-7B-Instruct-v0.3,0,game_154
Mistral-7B-Instruct-v0.3__noise00__game_155,156,2026-02-12T09:29:57.659737,cn,True,30,30,agent1,VLLMMistral7B,自私型的,0.0,240,0.0,1.0,0,,"背,背,背,背,背,背,背,背,背,背,背,背,背,背,背,背,背,背,背,背,背,背,背,背,背,背,背,背,背,背","背,背,背,背,背,背,背,背,背,背,背,背,背,背,背,背,背,背,背,背,背,背,背,背,背,背,背,背,背,背",agent2,VLLMMistral7B,自私型的,0.0,240,0.0,1.0,0,,"背,背,背,背,背,背,背,背,背,背,背,背,背,背,背,背,背,背,背,背,背,背,背,背,背,背,背,背,背,背","背,背,背,背,背,背,背,背,背,背,背,背,背,背,背,背,背,背,背,背,背,背,背,背,背,背,背,背,背,背",0.9474,0.6905,0.4722,Mistral-7B-Instruct-v0.3,0,game_155
Mistral-7B-Instruct-v0.3__noise00__game_153,154,2026-02-12T09:29:58.070999,cn,True,30,30,agent1,VLLMMistral7B,合作型的,0.0,300,1.0,0.0,0,,"合,合,合,合,合,合,合,合,合,合,合,合,合,合,合,合,合,合,合,合,合,合,合,合,合,合,合,合,合,合","合,合,合,合,合,合,合,合,合,合,合,合,合,合,合,合,合,合,合,合,合,合,合,合,合,合,合,合,合,合",agent2,VLLMMistral7B,自私型的,0.0,0,0.0,1.0,0,,"背,背,背,背,背,背,背,背,背,背,背,背,背,背,背,背,背,背,背,背,背,背,背,背,背,背,背,背,背,背","背,背,背,背,背,背,背,背,背,背,背,背,背,背,背,背,背,背,背,背,背,背,背,背,背,背,背,背,背,背",0.9868,0.8333,0.3611,Mistral-7B-Instruct-v0.3,0,game_153
Mistral-7B-Instruct-v0.3__noise00__game_156,157,2026-02-12T09:30:08.490043,cn,True,30,30,agent1,VLLMMistral7B,合作型的,0.0,60,1.0,0.0,0,,"合,合,合,合,合,合,合,合,合,合,合,合,合,合,合,合,合,合,合,合,合,合,合,合,合,合,合,合,合,合","合,合,合,合,合,合,合,合,合,合,合,合,合,合,合,合,合,合,合,合,合,合,合,合,合,合,合,合,合,合",agent2,VLLMMistral7B,合作型的,0.0,60,1.0,0.0,0,,"合,合,合,合,合,合,合,合,合,合,合,合,合,合,合,合,合,合,合,合,合,合,合,合,合,合,合,合,合,合","合,合,合,合,合,合,合,合,合,合,合,合,合,合,合,合,合,合,合,合,合,合,合,合,合,合,合,合,合,合",0.8947,0.6905,0.6111,Mistral-7B-Instruct-v0.3,0,game_156
Mistral-7B-Instruct-v0.3__noise00__game_157,158,2026-02-12T09:31:12.694525,cn,True,30,30,agent1,VLLMMistral7B,合作型的,0.0,292,1.0,0.0,0,,"合,合,合,合,合,合,合,合,合,合,合,合,合,合,合,合,合,合,合,合,合,合,合,合,合,合,合,合,合,合","合,合,合,合,合,合,合,合,合,合,合,合,合,合,合,合,合,合,合,合,合,合,合,合,合,合,合,合,合,合",agent2,VLLMMistral7B,自私型的,0.0,2,0.0333,0.9667,0,,"合,背,背,背,背,背,背,背,背,背,背,背,背,背,背,背,背,背,背,背,背,背,背,背,背,背,背,背,背,背","合,背,背,背,背,背,背,背,背,背,背,背,背,背,背,背,背,背,背,背,背,背,背,背,背,背,背,背,背,背",1.0,0.881,0.0833,Mistral-7B-Instruct-v0.3,0,game_157
Mistral-7B-Instruct-v0.3__noise00__game_159,160,2026-02-12T09:31:22.359259,cn,True,30,30,agent1,VLLMMistral7B,自私型的,0.0,240,0.0,1.0,0,,"背,背,背,背,背,背,背,背,背,背,背,背,背,背,背,背,背,背,背,背,背,背,背,背,背,背,背,背,背,背","背,背,背,背,背,背,背,背,背,背,背,背,背,背,背,背,背,背,背,背,背,背,背,背,背,背,背,背,背,背",agent2,VLLMMistral7B,自私型的,0.0,240,0.0,1.0,0,,"背,背,背,背,背,背,背,背,背,背,背,背,背,背,背,背,背,背,背,背,背,背,背,背,背,背,背,背,背,背","背,背,背,背,背,背,背,背,背,背,背,背,背,背,背,背,背,背,背,背,背,背,背,背,背,背,背,背,背,背",0.9868,0.7143,0.5556,Mistral-7B-Instruct-v0.3,0,game_159
Mistral-7B-Instruct-v0.3__noise00__game_158,159,2026-02-12T09:31:36.636206,cn,True,30,30,agent1,VLLMMistral7B,自私型的,0.0,0,0.0,1.0,0,,"背,背,背,背,背,背,背,背,背,背,背,背,背,背,背,背,背,背,背,背,背,背,背,背,背,背,背,背,背,背","背,背,背,背,背,背,背,背,背,背,背,背,背,背,背,背,背,背,背,背,背,背,背,背,背,背,背,背,背,背",agent2,VLLMMistral7B,合作型的,0.0,300,1.0,0.0,0,,"合,合,合,合,合,合,合,合,合,合,合,合,合,合,合,合,合,合,合,合,合,合,合,合,合,合,合,合,合,合","合,合,合,合,合,合,合,合,合,合,合,合,合,合,合,合,合,合,合,合,合,合,合,合,合,合,合,合,合,合",1.0,0.7857,0.5278,Mistral-7B-Instruct-v0.3,0,game_158
Mistral-7B-Instruct-v0.3__noise00__game_160,161,2026-02-12T09:32:23.355644,vn,True,30,30,agent1,VLLMMistral7B,một người hợp tác,0.0,212,0.0667,0.9333,0,,"P,H,P,P,P,P,P,P,P,P,P,P,P,H,P,P,P,P,P,P,P,P,P,P,P,P,P,P,P,P","P,H,P,P,P,P,P,P,P,P,P,P,P,H,P,P,P,P,P,P,P,P,P,P,P,P,P,P,P,P",agent2,VLLMMistral7B,một người hợp tác,0.0,232,0.1333,0.8667,0,,"P,P,P,P,P,P,H,P,P,H,P,P,P,P,H,P,P,P,H,P,P,P,P,P,P,P,P,P,P,P","P,P,P,P,P,P,H,P,P,H,P,P,P,P,H,P,P,P,H,P,P,P,P,P,P,P,P,P,P,P",0.5526,0.8095,0.1111,Mistral-7B-Instruct-v0.3,0,game_160
Mistral-7B-Instruct-v0.3__noise00__game_162,163,2026-02-12T09:33:44.934313,vn,True,30,30,agent1,VLLMMistral7B,một người ích kỷ,0.0,190,0.3667,0.6333,0,,"H,H,H,P,P,H,H,H,H,P,P,H,P,H,H,P,P,H,P,P,P,P,P,P,P,P,P,P,P,P","H,H,H,P,P,H,H,H,H,P,P,H,P,H,H,P,P,H,P,P,P,P,P,P,P,P,P,P,P,P",agent2,VLLMMistral7B,một người hợp tác,0.0,170,0.3,0.7,0,,"P,P,P,H,P,H,H,P,H,P,P,H,P,H,H,P,P,H,H,P,P,P,P,P,P,P,P,P,P,P","P,P,P,H,P,H,H,P,H,P,P,H,P,H,H,P,P,H,H,P,P,P,P,P,P,P,P,P,P,P",0.7763,0.8095,0.0,Mistral-7B-Instruct-v0.3,0,game_162
Mistral-7B-Instruct-v0.3__noise00__game_161,162,2026-02-12T09:33:49.448018,vn,True,30,30,agent1,VLLMMistral7B,một người hợp tác,0.0,96,0.4,0.6,0,,"H,H,P,H,P,P,H,P,P,P,P,P,P,H,H,P,P,H,P,P,H,P,H,H,P,P,H,P,H,P","H,H,P,H,P,P,H,P,P,P,P,P,P,H,H,P,P,H,P,P,H,P,H,H,P,P,H,P,H,P",agent2,VLLMMistral7B,một người ích kỷ,0.0,186,0.7,0.3,0,,"H,H,P,H,P,H,H,P,H,H,H,P,H,P,H,H,H,H,H,H,H,H,P,H,H,P,P,H,P,H","H,H,P,H,P,H,H,P,H,H,H,P,H,P,H,H,H,H,H,H,H,H,P,H,H,P,P,H,P,H",0.7368,0.8333,0.1111,Mistral-7B-Instruct-v0.3,0,game_161
Mistral-7B-Instruct-v0.3__noise00__game_163,164,2026-02-12T09:33:55.402740,vn,True,30,30,agent1,VLLMMistral7B,một người ích kỷ,0.0,228,0.6,0.4,0,,"H,P,P,P,H,H,H,H,H,P,H,P,H,H,H,H,H,H,P,H,H,H,H,P,H,P,P,P,P,P","H,P,P,P,H,H,H,H,H,P,H,P,H,H,H,H,H,H,P,H,H,H,H,P,H,P,P,P,P,P",agent2,VLLMMistral7B,một người ích kỷ,0.0,108,0.2,0.8,0,,"P,P,P,P,P,P,H,H,H,H,P,P,P,H,P,P,P,P,P,P,H,P,P,P,P,P,P,P,P,P","P,P,P,P,P,P,H,H,H,H,P,P,P,H,P,P,P,P,P,P,H,P,P,P,P,P,P,P,P,P",0.6842,0.8571,0.0556,Mistral-7B-Instruct-v0.3,0,game_163
Mistral-7B-Instruct-v0.3__noise00__game_164,165,2026-02-12T09:34:34.026067,vn,True,30,30,agent1,VLLMMistral7B,một người hợp tác,0.0,130,0.0333,0.9667,0,,"P,P,P,P,P,P,P,P,P,P,P,P,P,P,P,P,P,H,P,P,P,P,P,P,P,P,P,P,P,P","P,P,P,P,P,P,P,P,P,P,P,P,P,P,P,P,P,H,P,P,P,P,P,P,P,P,P,P,P,P",agent2,VLLMMistral7B,một người hợp tác,0.0,260,0.4667,0.5333,0,,"P,P,P,H,P,P,P,H,H,H,H,H,H,H,H,H,H,H,H,P,P,P,P,P,P,P,P,P,P,H","P,P,P,H,P,P,P,H,H,H,H,H,H,H,H,H,H,H,H,P,P,P,P,P,P,P,P,P,P,H",0.6447,0.8571,0.1389,Mistral-7B-Instruct-v0.3,0,game_164
Mistral-7B-Instruct-v0.3__noise00__game_165,166,2026-02-12T09:35:53.173024,vn,True,30,30,agent1,VLLMMistral7B,một người hợp tác,0.0,136,0.0,1.0,0,,"P,P,P,P,P,P,P,P,P,P,P,P,P,P,P,P,P,P,P,P,P,P,P,P,P,P,P,P,P,P","P,P,P,P,P,P,P,P,P,P,P,P,P,P,P,P,P,P,P,P,P,P,P,P,P,P,P,P,P,P",agent2,VLLMMistral7B,một người ích kỷ,0.0,266,0.4333,0.5667,0,,"P,P,P,H,P,P,P,H,P,H,H,H,H,H,H,H,H,P,H,P,H,P,P,P,P,P,P,P,H,P","P,P,P,H,P,P,P,H,P,H,H,H,H,H,H,H,H,P,H,P,H,P,P,P,P,P,P,P,H,P",0.6053,0.8571,0.0278,Mistral-7B-Instruct-v0.3,0,game_165
Mistral-7B-Instruct-v0.3__noise00__game_167,168,2026-02-12T09:36:04.564670,vn,True,30,30,agent1,VLLMMistral7B,một người ích kỷ,0.0,216,0.0,1.0,0,,"P,P,P,P,P,P,P,P,P,P,P,P,P,P,P,P,P,P,P,P,P,P,P,P,P,P,P,P,P,P","P,P,P,P,P,P,P,P,P,P,P,P,P,P,P,P,P,P,P,P,P,P,P,P,P,P,P,P,P,P",agent2,VLLMMistral7B,một người ích kỷ,0.0,246,0.1,0.9,0,,"P,H,P,P,H,P,P,P,H,P,P,P,P,P,P,P,P,P,P,P,P,P,P,P,P,P,P,P,P,P","P,H,P,P,H,P,P,P,H,P,P,P,P,P,P,P,P,P,P,P,P,P,P,P,P,P,P,P,P,P",0.4737,0.8095,0.1667,Mistral-7B-Instruct-v0.3,0,game_167
Mistral-7B-Instruct-v0.3__noise00__game_166,167,2026-02-12T09:36:20.249073,vn,True,30,30,agent1,VLLMMistral7B,một người ích kỷ,0.0,224,0.0,1.0,0,,"P,P,P,P,P,P,P,P,P,P,P,P,P,P,P,P,P,P,P,P,P,P,P,P,P,P,P,P,P,P","P,P,P,P,P,P,P,P,P,P,P,P,P,P,P,P,P,P,P,P,P,P,P,P,P,P,P,P,P,P",agent2,VLLMMistral7B,một người hợp tác,0.0,244,0.0667,0.9333,0,,"P,H,P,P,P,P,P,P,H,P,P,P,P,P,P,P,P,P,P,P,P,P,P,P,P,P,P,P,P,P","P,H,P,P,P,P,P,P,H,P,P,P,P,P,P,P,P,P,P,P,P,P,P,P,P,P,P,P,P,P",0.5263,0.8095,0.1667,Mistral-7B-Instruct-v0.3,0,game_166
Mistral-7B-Instruct-v0.3__noise00__game_168,169,2026-02-12T09:36:52.447048,vn,True,30,30,agent1,VLLMMistral7B,một người hợp tác,0.0,192,0.0,1.0,0,,"P,P,P,P,P,P,P,P,P,P,P,P,P,P,P,P,P,P,P,P,P,P,P,P,P,P,P,P,P,P","P,P,P,P,P,P,P,P,P,P,P,P,P,P,P,P,P,P,P,P,P,P,P,P,P,P,P,P,P,P",agent2,VLLMMistral7B,một người hợp tác,0.0,252,0.2,0.8,0,,"P,H,H,H,P,P,P,H,P,P,P,P,H,P,P,P,P,P,P,P,P,P,P,P,P,P,P,P,H,P","P,H,H,H,P,P,P,H,P,P,P,P,H,P,P,P,P,P,P,P,P,P,P,P,P,P,P,P,H,P",0.4474,0.8571,0.0833,Mistral-7B-Instruct-v0.3,0,game_168
Mistral-7B-Instruct-v0.3__noise00__game_169,170,2026-02-12T09:38:06.943872,vn,True,30,30,agent1,VLLMMistral7B,một người hợp tác,0.0,206,0.1,0.9,0,,"P,H,P,P,P,P,P,P,P,P,H,P,P,P,P,H,P,P,P,P,P,P,P,P,P,P,P,P,P,P","P,H,P,P,P,P,P,P,P,P,H,P,P,P,P,H,P,P,P,P,P,P,P,P,P,P,P,P,P,P",agent2,VLLMMistral7B,một người ích kỷ,0.0,226,0.1667,0.8333,0,,"P,H,P,H,P,P,P,P,P,P,P,H,H,H,P,P,P,P,P,P,P,P,P,P,P,P,P,P,P,P","P,H,P,H,P,P,P,P,P,P,P,H,H,H,P,P,P,P,P,P,P,P,P,P,P,P,P,P,P,P",0.5263,0.8095,0.0,Mistral-7B-Instruct-v0.3,0,game_169
Mistral-7B-Instruct-v0.3__noise00__game_170,171,2026-02-12T09:38:13.523996,vn,True,30,30,agent1,VLLMMistral7B,một người ích kỷ,0.0,122,0.3,0.7,0,,"H,H,P,P,P,P,P,P,P,P,P,P,H,P,H,H,H,P,H,H,H,P,P,P,P,P,P,P,P,P","H,H,P,P,P,P,P,P,P,P,P,P,H,P,H,H,H,P,H,H,H,P,P,P,P,P,P,P,P,P",agent2,VLLMMistral7B,một người hợp tác,0.0,202,0.5667,0.4333,0,,"P,P,P,H,P,H,P,P,P,P,H,H,H,P,H,P,H,H,H,H,P,H,H,P,H,H,H,H,H,P","P,P,P,H,P,H,P,P,P,P,H,H,H,P,H,P,H,H,H,H,P,H,H,P,H,H,H,H,H,P",0.5921,0.8333,0.0,Mistral-7B-Instruct-v0.3,0,game_170
Mistral-7B-Instruct-v0.3__noise00__game_171,172,2026-02-12T09:38:33.094937,vn,True,30,30,agent1,VLLMMistral7B,một người ích kỷ,0.0,224,0.0,1.0,0,,"P,P,P,P,P,P,P,P,P,P,P,P,P,P,P,P,P,P,P,P,P,P,P,P,P,P,P,P,P,P","P,P,P,P,P,P,P,P,P,P,P,P,P,P,P,P,P,P,P,P,P,P,P,P,P,P,P,P,P,P",agent2,VLLMMistral7B,một người ích kỷ,0.0,244,0.0667,0.9333,0,,"P,H,P,P,H,P,P,P,P,P,P,P,P,P,P,P,P,P,P,P,P,P,P,P,P,P,P,P,P,P","P,H,P,P,H,P,P,P,P,P,P,P,P,P,P,P,P,P,P,P,P,P,P,P,P,P,P,P,P,P",0.4737,0.8333,0.2222,Mistral-7B-Instruct-v0.3,0,game_171
Mistral-7B-Instruct-v0.3__noise00__game_172,173,2026-02-12T09:39:02.072679,vn,True,30,30,agent1,VLLMMistral7B,một người hợp tác,0.0,102,0.5,0.5,0,,"P,H,H,H,H,H,H,H,H,H,H,P,P,P,H,P,H,P,H,H,P,P,P,H,P,P,P,P,P,P","P,H,H,H,H,H,H,H,H,H,H,P,P,P,H,P,H,P,H,H,P,P,P,H,P,P,P,P,P,P",agent2,VLLMMistral7B,một người hợp tác,0.0,162,0.7,0.3,0,,"P,H,H,H,H,H,H,H,H,H,H,P,H,H,H,H,H,H,H,P,H,H,P,P,P,H,P,P,P,H","P,H,H,H,H,H,H,H,H,H,H,P,H,H,H,H,H,H,H,P,H,H,P,P,P,H,P,P,P,H",0.75,0.8571,0.0278,Mistral-7B-Instruct-v0.3,0,game_172
Mistral-7B-Instruct-v0.3__noise00__game_174,175,2026-02-12T09:40:15.617620,vn,True,30,30,agent1,VLLMMistral7B,một người ích kỷ,0.0,196,0.2,0.8,0,,"P,H,H,H,P,P,P,P,P,P,P,P,H,P,P,H,P,P,P,P,P,P,P,P,H,P,P,P,P,P","P,H,H,H,P,P,P,P,P,P,P,P,H,P,P,H,P,P,P,P,P,P,P,P,H,P,P,P,P,P",agent2,VLLMMistral7B,một người hợp tác,0.0,206,0.2333,0.7667,0,,"P,H,H,H,P,H,P,P,H,H,P,P,P,P,H,P,P,P,P,P,P,P,P,P,P,P,P,P,P,P","P,H,H,H,P,H,P,P,H,H,P,P,P,P,H,P,P,P,P,P,P,P,P,P,P,P,P,P,P,P",0.6184,0.8095,0.0278,Mistral-7B-Instruct-v0.3,0,game_174
Mistral-7B-Instruct-v0.3__noise00__game_173,174,2026-02-12T09:40:35.549162,vn,True,30,30,agent1,VLLMMistral7B,một người hợp tác,0.0,232,0.0,1.0,0,,"P,P,P,P,P,P,P,P,P,P,P,P,P,P,P,P,P,P,P,P,P,P,P,P,P,P,P,P,P,P","P,P,P,P,P,P,P,P,P,P,P,P,P,P,P,P,P,P,P,P,P,P,P,P,P,P,P,P,P,P",agent2,VLLMMistral7B,một người ích kỷ,0.0,242,0.0333,0.9667,0,,"P,H,P,P,P,P,P,P,P,P,P,P,P,P,P,P,P,P,P,P,P,P,P,P,P,P,P,P,P,P","P,H,P,P,P,P,P,P,P,P,P,P,P,P,P,P,P,P,P,P,P,P,P,P,P,P,P,P,P,P",0.4605,0.8095,0.2222,Mistral-7B-Instruct-v0.3,0,game_173
Mistral-7B-Instruct-v0.3__noise00__game_175,176,2026-02-12T09:40:39.289051,vn,True,30,30,agent1,VLLMMistral7B,một người ích kỷ,0.0,60,1.0,0.0,0,,"H,H,H,H,H,H,H,H,H,H,H,H,H,H,H,H,H,H,H,H,H,H,H,H,H,H,H,H,H,H","H,H,H,H,H,H,H,H,H,H,H,H,H,H,H,H,H,H,H,H,H,H,H,H,H,H,H,H,H,H",agent2,VLLMMistral7B,một người ích kỷ,0.0,60,1.0,0.0,0,,"H,H,H,H,H,H,H,H,H,H,H,H,H,H,H,H,H,H,H,H,H,H,H,H,H,H,H,H,H,H","H,H,H,H,H,H,H,H,H,H,H,H,H,H,H,H,H,H,H,H,H,H,H,H,H,H,H,H,H,H",0.8421,0.8571,0.5,Mistral-7B-Instruct-v0.3,0,game_175
Mistral-7B-Instruct-v0.3__noise00__game_176,177,2026-02-12T09:41:05.805179,vn,True,30,30,agent1,VLLMMistral7B,một người hợp tác,0.0,218,0.0333,0.9667,0,,"H,P,P,P,P,P,P,P,P,P,P,P,P,P,P,P,P,P,P,P,P,P,P,P,P,P,P,P,P,P","H,P,P,P,P,P,P,P,P,P,P,P,P,P,P,P,P,P,P,P,P,P,P,P,P,P,P,P,P,P",agent2,VLLMMistral7B,một người hợp tác,0.0,238,0.1,0.9,0,,"P,H,H,P,P,H,P,P,P,P,P,P,P,P,P,P,P,P,P,P,P,P,P,P,P,P,P,P,P,P","P,H,H,P,P,H,P,P,P,P,P,P,P,P,P,P,P,P,P,P,P,P,P,P,P,P,P,P,P,P",0.4605,0.8095,0.0,Mistral-7B-Instruct-v0.3,0,game_176
Mistral-7B-Instruct-v0.3__noise00__game_177,178,2026-02-12T09:42:23.446066,vn,True,30,30,agent1,VLLMMistral7B,một người hợp tác,0.0,242,0.0333,0.9667,0,,"H,P,P,P,P,P,P,P,P,P,P,P,P,P,P,P,P,P,P,P,P,P,P,P,P,P,P,P,P,P","H,P,P,P,P,P,P,P,P,P,P,P,P,P,P,P,P,P,P,P,P,P,P,P,P,P,P,P,P,P",agent2,VLLMMistral7B,một người ích kỷ,0.0,232,0.0,1.0,0,,"P,P,P,P,P,P,P,P,P,P,P,P,P,P,P,P,P,P,P,P,P,P,P,P,P,P,P,P,P,P","P,P,P,P,P,P,P,P,P,P,P,P,P,P,P,P,P,P,P,P,P,P,P,P,P,P,P,P,P,P",0.4605,0.8095,0.2222,Mistral-7B-Instruct-v0.3,0,game_177
Mistral-7B-Instruct-v0.3__noise00__game_179,180,2026-02-12T09:43:03.405116,vn,True,30,30,agent1,VLLMMistral7B,một người ích kỷ,0.0,182,0.1,0.9,0,,"H,H,P,P,P,P,P,P,H,P,P,P,P,P,P,P,P,P,P,P,P,P,P,P,P,P,P,P,P,P","H,H,P,P,P,P,P,P,H,P,P,P,P,P,P,P,P,P,P,P,P,P,P,P,P,P,P,P,P,P",agent2,VLLMMistral7B,một người ích kỷ,0.0,232,0.2667,0.7333,0,,"H,H,H,P,H,P,H,P,P,P,H,P,P,H,P,P,P,H,P,P,P,P,P,P,P,P,P,P,P,P","H,H,H,P,H,P,H,P,P,P,H,P,P,H,P,P,P,H,P,P,P,P,P,P,P,P,P,P,P,P",0.5789,0.8095,0.0,Mistral-7B-Instruct-v0.3,0,game_179
Mistral-7B-Instruct-v0.3__noise00__game_178,179,2026-02-12T09:43:06.614262,vn,True,30,30,agent1,VLLMMistral7B,một người ích kỷ,0.0,112,0.6667,0.3333,0,,"P,P,P,H,P,P,P,P,P,P,P,H,H,H,H,H,H,H,H,H,H,H,H,H,H,H,H,H,H,H","P,P,P,H,P,P,P,P,P,P,P,H,H,H,H,H,H,H,H,H,H,H,H,H,H,H,H,H,H,H",agent2,VLLMMistral7B,một người hợp tác,0.0,122,0.7,0.3,0,,"P,H,P,P,P,P,P,P,P,P,H,H,H,H,H,H,H,H,H,H,H,H,H,H,H,H,H,H,H,H","P,H,P,P,P,P,P,P,P,P,H,H,H,H,H,H,H,H,H,H,H,H,H,H,H,H,H,H,H,H",0.6974,0.8571,0.0,Mistral-7B-Instruct-v0.3,0,game_178
Mistral-7B-Instruct-v0.3__noise00__game_180,181,2026-02-12T09:43:23.562759,vn,True,30,30,agent1,VLLMMistral7B,một người hợp tác,0.0,240,0.0,1.0,0,,"P,P,P,P,P,P,P,P,P,P,P,P,P,P,P,P,P,P,P,P,P,P,P,P,P,P,P,P,P,P","P,P,P,P,P,P,P,P,P,P,P,P,P,P,P,P,P,P,P,P,P,P,P,P,P,P,P,P,P,P",agent2,VLLMMistral7B,một người hợp tác,0.0,240,0.0,1.0,0,,"P,P,P,P,P,P,P,P,P,P,P,P,P,P,P,P,P,P,P,P,P,P,P,P,P,P,P,P,P,P","P,P,P,P,P,P,P,P,P,P,P,P,P,P,P,P,P,P,P,P,P,P,P,P,P,P,P,P,P,P",0.4605,0.8095,0.4444,Mistral-7B-Instruct-v0.3,0,game_180
Mistral-7B-Instruct-v0.3__noise00__game_181,182,2026-02-12T09:44:27.835986,vn,True,30,30,agent1,VLLMMistral7B,một người hợp tác,0.0,204,0.0667,0.9333,0,,"H,P,P,P,P,P,P,P,P,P,P,P,H,P,P,P,P,P,P,P,P,P,P,P,P,P,P,P,P,P","H,P,P,P,P,P,P,P,P,P,P,P,H,P,P,P,P,P,P,P,P,P,P,P,P,P,P,P,P,P",agent2,VLLMMistral7B,một người ích kỷ,0.0,234,0.1667,0.8333,0,,"P,H,P,H,H,H,H,P,P,P,P,P,P,P,P,P,P,P,P,P,P,P,P,P,P,P,P,P,P,P","P,H,P,H,H,H,H,P,P,P,P,P,P,P,P,P,P,P,P,P,P,P,P,P,P,P,P,P,P,P",0.4868,0.8095,0.0,Mistral-7B-Instruct-v0.3,0,game_181
Mistral-7B-Instruct-v0.3__noise00__game_182,183,2026-02-12T09:45:21.721542,vn,True,30,30,agent1,VLLMMistral7B,một người ích kỷ,0.0,240,0.0,1.0,0,,"P,P,P,P,P,P,P,P,P,P,P,P,P,P,P,P,P,P,P,P,P,P,P,P,P,P,P,P,P,P","P,P,P,P,P,P,P,P,P,P,P,P,P,P,P,P,P,P,P,P,P,P,P,P,P,P,P,P,P,P",agent2,VLLMMistral7B,một người hợp tác,0.0,240,0.0,1.0,0,,"P,P,P,P,P,P,P,P,P,P,P,P,P,P,P,P,P,P,P,P,P,P,P,P,P,P,P,P,P,P","P,P,P,P,P,P,P,P,P,P,P,P,P,P,P,P,P,P,P,P,P,P,P,P,P,P,P,P,P,P",0.4474,0.8095,0.4444,Mistral-7B-Instruct-v0.3,0,game_182
Mistral-7B-Instruct-v0.3__noise00__game_183,184,2026-02-12T09:45:44.706967,vn,True,30,30,agent1,VLLMMistral7B,một người ích kỷ,0.0,192,0.0,1.0,0,,"P,P,P,P,P,P,P,P,P,P,P,P,P,P,P,P,P,P,P,P,P,P,P,P,P,P,P,P,P,P","P,P,P,P,P,P,P,P,P,P,P,P,P,P,P,P,P,P,P,P,P,P,P,P,P,P,P,P,P,P",agent2,VLLMMistral7B,một người ích kỷ,0.0,252,0.2,0.8,0,,"H,H,P,H,P,P,P,P,P,H,H,P,P,P,H,P,P,P,P,P,P,P,P,P,P,P,P,P,P,P","H,H,P,H,P,P,P,P,P,H,H,P,P,P,H,P,P,P,P,P,P,P,P,P,P,P,P,P,P,P",0.5263,0.8095,0.2778,Mistral-7B-Instruct-v0.3,0,game_183
Mistral-7B-Instruct-v0.3__noise00__game_184,185,2026-02-12T09:45:50.818676,vn,True,30,30,agent1,VLLMMistral7B,một người hợp tác,0.0,224,0.0,1.0,0,,"P,P,P,P,P,P,P,P,P,P,P,P,P,P,P,P,P,P,P,P,P,P,P,P,P,P,P,P,P,P","P,P,P,P,P,P,P,P,P,P,P,P,P,P,P,P,P,P,P,P,P,P,P,P,P,P,P,P,P,P",agent2,VLLMMistral7B,một người hợp tác,0.0,244,0.0667,0.9333,0,,"P,P,H,P,P,P,P,P,P,H,P,P,P,P,P,P,P,P,P,P,P,P,P,P,P,P,P,P,P,P","P,P,H,P,P,P,P,P,P,H,P,P,P,P,P,P,P,P,P,P,P,P,P,P,P,P,P,P,P,P",0.5263,0.8095,0.2222,Mistral-7B-Instruct-v0.3,0,game_184
Mistral-7B-Instruct-v0.3__noise00__game_185,186,2026-02-12T09:46:32.683450,vn,True,30,30,agent1,VLLMMistral7B,một người hợp tác,0.0,200,0.0,1.0,0,,"P,P,P,P,P,P,P,P,P,P,P,P,P,P,P,P,P,P,P,P,P,P,P,P,P,P,P,P,P,P","P,P,P,P,P,P,P,P,P,P,P,P,P,P,P,P,P,P,P,P,P,P,P,P,P,P,P,P,P,P",agent2,VLLMMistral7B,một người ích kỷ,0.0,250,0.1667,0.8333,0,,"P,H,H,H,P,P,P,P,P,H,P,P,P,P,H,P,P,P,P,P,P,P,P,P,P,P,P,P,P,P","P,H,H,H,P,P,P,P,P,H,P,P,P,P,H,P,P,P,P,P,P,P,P,P,P,P,P,P,P,P",0.5395,0.8095,0.2778,Mistral-7B-Instruct-v0.3,0,game_185
Mistral-7B-Instruct-v0.3__noise00__game_186,187,2026-02-12T09:47:34.252810,vn,True,30,30,agent1,VLLMMistral7B,một người ích kỷ,0.0,188,0.4667,0.5333,0,,"H,H,H,H,P,H,H,H,H,P,P,H,P,H,H,H,H,H,P,P,P,P,P,P,P,P,P,P,P,P","H,H,H,H,P,H,H,H,H,P,P,H,P,H,H,H,H,H,P,P,P,P,P,P,P,P,P,P,P,P",agent2,VLLMMistral7B,một người hợp tác,0.0,148,0.3333,0.6667,0,,"P,H,H,H,P,H,P,H,H,P,P,P,P,H,P,P,P,H,H,P,P,P,P,H,P,P,P,P,P,P","P,H,H,H,P,H,P,H,H,P,P,P,P,H,P,P,P,H,H,P,P,P,P,H,P,P,P,P,P,P",0.7632,0.8095,0.0833,Mistral-7B-Instruct-v0.3,0,game_186
Mistral-7B-Instruct-v0.3__noise00__game_187,188,2026-02-12T09:47:44.004961,vn,True,30,30,agent1,VLLMMistral7B,một người ích kỷ,0.0,212,0.0667,0.9333,0,,"H,P,P,P,P,P,P,P,P,P,P,H,P,P,P,P,P,P,P,P,P,P,P,P,P,P,P,P,P,P","H,P,P,P,P,P,P,P,P,P,P,H,P,P,P,P,P,P,P,P,P,P,P,P,P,P,P,P,P,P",agent2,VLLMMistral7B,một người ích kỷ,0.0,232,0.1333,0.8667,0,,"P,P,P,P,P,P,P,P,P,P,P,H,H,H,P,P,P,P,P,P,P,P,P,H,P,P,P,P,P,P","P,P,P,P,P,P,P,P,P,P,P,H,H,H,P,P,P,P,P,P,P,P,P,H,P,P,P,P,P,P",0.4868,0.7857,0.0556,Mistral-7B-Instruct-v0.3,0,game_187
Mistral-7B-Instruct-v0.3__noise00__game_188,189,2026-02-12T09:47:51.142371,vn,True,30,30,agent1,VLLMMistral7B,một người hợp tác,0.0,240,0.0,1.0,0,,"P,P,P,P,P,P,P,P,P,P,P,P,P,P,P,P,P,P,P,P,P,P,P,P,P,P,P,P,P,P","P,P,P,P,P,P,P,P,P,P,P,P,P,P,P,P,P,P,P,P,P,P,P,P,P,P,P,P,P,P",agent2,VLLMMistral7B,một người hợp tác,0.0,240,0.0,1.0,0,,"P,P,P,P,P,P,P,P,P,P,P,P,P,P,P,P,P,P,P,P,P,P,P,P,P,P,P,P,P,P","P,P,P,P,P,P,P,P,P,P,P,P,P,P,P,P,P,P,P,P,P,P,P,P,P,P,P,P,P,P",0.4474,0.8095,0.4722,Mistral-7B-Instruct-v0.3,0,game_188
Mistral-7B-Instruct-v0.3__noise00__game_189,190,2026-02-12T09:48:48.776605,vn,True,30,30,agent1,VLLMMistral7B,một người hợp tác,0.0,224,0.0,1.0,0,,"P,P,P,P,P,P,P,P,P,P,P,P,P,P,P,P,P,P,P,P,P,P,P,P,P,P,P,P,P,P","P,P,P,P,P,P,P,P,P,P,P,P,P,P,P,P,P,P,P,P,P,P,P,P,P,P,P,P,P,P",agent2,VLLMMistral7B,một người ích kỷ,0.0,244,0.0667,0.9333,0,,"H,P,P,P,P,P,P,P,P,P,P,P,P,P,P,H,P,P,P,P,P,P,P,P,P,P,P,P,P,P","H,P,P,P,P,P,P,P,P,P,P,P,P,P,P,H,P,P,P,P,P,P,P,P,P,P,P,P,P,P",0.4737,0.8095,0.2222,Mistral-7B-Instruct-v0.3,0,game_189
Mistral-7B-Instruct-v0.3__noise00__game_191,192,2026-02-12T09:49:56.959780,vn,True,30,30,agent1,VLLMMistral7B,một người ích kỷ,0.0,244,0.0667,0.9333,0,,"H,H,P,P,P,P,P,P,P,P,P,P,P,P,P,P,P,P,P,P,P,P,P,P,P,P,P,P,P,P","H,H,P,P,P,P,P,P,P,P,P,P,P,P,P,P,P,P,P,P,P,P,P,P,P,P,P,P,P,P",agent2,VLLMMistral7B,một người ích kỷ,0.0,224,0.0,1.0,0,,"P,P,P,P,P,P,P,P,P,P,P,P,P,P,P,P,P,P,P,P,P,P,P,P,P,P,P,P,P,P","P,P,P,P,P,P,P,P,P,P,P,P,P,P,P,P,P,P,P,P,P,P,P,P,P,P,P,P,P,P",0.4868,0.8095,0.2222,Mistral-7B-Instruct-v0.3,0,game_191
Mistral-7B-Instruct-v0.3__noise00__game_190,191,2026-02-12T09:50:02.761090,vn,True,30,30,agent1,VLLMMistral7B,một người ích kỷ,0.0,178,0.1667,0.8333,0,,"H,H,H,H,H,P,P,P,P,P,P,P,P,P,P,P,P,P,P,P,P,P,P,P,P,P,P,P,P,P","H,H,H,H,H,P,P,P,P,P,P,P,P,P,P,P,P,P,P,P,P,P,P,P,P,P,P,P,P,P",agent2,VLLMMistral7B,một người hợp tác,0.0,218,0.3,0.7,0,,"P,H,H,H,H,H,H,H,H,P,H,P,P,P,P,P,P,P,P,P,P,P,P,P,P,P,P,P,P,P","P,H,H,H,H,H,H,H,H,P,H,P,P,P,P,P,P,P,P,P,P,P,P,P,P,P,P,P,P,P",0.5263,0.8095,0.0,Mistral-7B-Instruct-v0.3,0,game_190
Mistral-7B-Instruct-v0.3__noise00__game_192,193,2026-02-12T09:50:09.207546,vn,True,30,30,agent1,VLLMMistral7B,một người hợp tác,0.0,198,0.1,0.9,0,,"P,P,P,P,P,P,P,P,P,P,P,P,H,P,H,P,P,P,P,P,P,P,P,P,P,P,P,P,H,P","P,P,P,P,P,P,P,P,P,P,P,P,H,P,H,P,P,P,P,P,P,P,P,P,P,P,P,P,H,P",agent2,VLLMMistral7B,một người hợp tác,0.0,228,0.2,0.8,0,,"H,H,P,P,P,P,P,H,P,P,H,H,P,H,P,P,P,P,P,P,P,P,P,P,P,P,P,P,P,P","H,H,P,P,P,P,P,H,P,P,H,H,P,H,P,P,P,P,P,P,P,P,P,P,P,P,P,P,P,P",0.5395,0.8571,0.0,Mistral-7B-Instruct-v0.3,0,game_192
Mistral-7B-Instruct-v0.3__noise00__game_193,194,2026-02-12T09:50:49.498534,vn,True,30,30,agent1,VLLMMistral7B,một người hợp tác,0.0,48,0.2667,0.7333,0,,"P,H,P,P,P,P,P,P,P,P,P,H,H,P,P,H,H,H,P,H,P,P,H,P,P,P,P,P,P,P","P,H,P,P,P,P,P,P,P,P,P,H,H,P,P,H,H,H,P,H,P,P,H,P,P,P,P,P,P,P",agent2,VLLMMistral7B,một người ích kỷ,0.0,228,0.8667,0.1333,0,,"H,H,H,P,H,P,H,P,H,H,H,H,H,H,H,H,H,H,P,H,H,H,H,H,H,H,H,H,H,H","H,H,H,P,H,P,H,P,H,H,H,H,H,H,H,H,H,H,P,H,H,H,H,H,H,H,H,H,H,H",0.7763,0.8333,0.0556,Mistral-7B-Instruct-v0.3,0,game_193
Mistral-7B-Instruct-v0.3__noise00__game_196,197,2026-02-12T09:52:18.351578,vn,True,30,30,agent1,VLLMMistral7B,một người hợp tác,0.0,232,0.0,1.0,0,,"P,P,P,P,P,P,P,P,P,P,P,P,P,P,P,P,P,P,P,P,P,P,P,P,P,P,P,P,P,P","P,P,P,P,P,P,P,P,P,P,P,P,P,P,P,P,P,P,P,P,P,P,P,P,P,P,P,P,P,P",agent2,VLLMMistral7B,một người hợp tác,0.0,242,0.0333,0.9667,0,,"H,P,P,P,P,P,P,P,P,P,P,P,P,P,P,P,P,P,P,P,P,P,P,P,P,P,P,P,P,P","H,P,P,P,P,P,P,P,P,P,P,P,P,P,P,P,P,P,P,P,P,P,P,P,P,P,P,P,P,P",0.4211,0.8095,0.2222,Mistral-7B-Instruct-v0.3,0,game_196
Mistral-7B-Instruct-v0.3__noise00__game_194,195,2026-02-12T09:52:22.147009,vn,True,30,30,agent1,VLLMMistral7B,một người ích kỷ,0.0,214,0.1,0.9,0,,"P,P,H,P,P,P,P,P,P,P,P,P,H,P,P,P,P,H,P,P,P,P,P,P,P,P,P,P,P,P","P,P,H,P,P,P,P,P,P,P,P,P,H,P,P,P,P,H,P,P,P,P,P,P,P,P,P,P,P,P",agent2,VLLMMistral7B,một người hợp tác,0.0,224,0.1333,0.8667,0,,"P,P,H,P,P,P,P,P,P,H,P,P,H,H,P,P,P,P,P,P,P,P,P,P,P,P,P,P,P,P","P,P,H,P,P,P,P,P,P,H,P,P,H,H,P,P,P,P,P,P,P,P,P,P,P,P,P,P,P,P",0.6184,0.8095,0.0,Mistral-7B-Instruct-v0.3,0,game_194
Mistral-7B-Instruct-v0.3__noise00__game_195,196,2026-02-12T09:52:35.151716,vn,True,30,30,agent1,VLLMMistral7B,một người ích kỷ,0.0,240,0.0,1.0,0,,"P,P,P,P,P,P,P,P,P,P,P,P,P,P,P,P,P,P,P,P,P,P,P,P,P,P,P,P,P,P","P,P,P,P,P,P,P,P,P,P,P,P,P,P,P,P,P,P,P,P,P,P,P,P,P,P,P,P,P,P",agent2,VLLMMistral7B,một người ích kỷ,0.0,240,0.0,1.0,0,,"P,P,P,P,P,P,P,P,P,P,P,P,P,P,P,P,P,P,P,P,P,P,P,P,P,P,P,P,P,P","P,P,P,P,P,P,P,P,P,P,P,P,P,P,P,P,P,P,P,P,P,P,P,P,P,P,P,P,P,P",0.4605,0.8095,0.4722,Mistral-7B-Instruct-v0.3,0,game_195
Mistral-7B-Instruct-v0.3__noise00__game_197,198,2026-02-12T09:52:59.933482,vn,True,30,30,agent1,VLLMMistral7B,một người hợp tác,0.0,222,0.1,0.9,0,,"P,P,H,H,H,P,P,P,P,P,P,P,P,P,P,P,P,P,P,P,P,P,P,P,P,P,P,P,P,P","P,P,H,H,H,P,P,P,P,P,P,P,P,P,P,P,P,P,P,P,P,P,P,P,P,P,P,P,P,P",agent2,VLLMMistral7B,một người ích kỷ,0.0,222,0.1,0.9,0,,"P,P,P,H,P,H,P,P,P,P,P,P,P,P,H,P,P,P,P,P,P,P,P,P,P,P,P,P,P,P","P,P,P,H,P,H,P,P,P,P,P,P,P,P,H,P,P,P,P,P,P,P,P,P,P,P,P,P,P,P",0.4474,0.8095,0.0,Mistral-7B-Instruct-v0.3,0,game_197
Mistral-7B-Instruct-v0.3__noise00__game_200,201,2026-02-12T09:54:09.543018,it,True,30,30,agent1,VLLMMistral7B,cooperativo,0.0,76,0.6,0.4,0,,"C,T,C,T,T,T,T,T,T,C,T,T,C,T,C,C,C,C,C,C,T,C,C,T,C,C,C,C,C,C","C,T,C,T,T,T,T,T,T,C,T,T,C,T,C,C,C,C,C,C,T,C,C,T,C,C,C,C,C,C",agent2,VLLMMistral7B,cooperativo,0.0,146,0.8333,0.1667,0,,"C,C,T,C,C,T,C,T,T,C,C,C,C,T,C,C,C,C,C,C,C,C,C,C,C,C,C,C,C,C","C,C,T,C,C,T,C,T,T,C,C,C,C,T,C,C,C,C,C,C,C,C,C,C,C,C,C,C,C,C",0.9737,0.8095,0.0278,Mistral-7B-Instruct-v0.3,0,game_200
Mistral-7B-Instruct-v0.3__noise00__game_199,200,2026-02-12T09:54:32.927718,vn,True,30,30,agent1,VLLMMistral7B,một người ích kỷ,0.0,128,0.1333,0.8667,0,,"P,P,P,P,P,P,P,P,P,P,P,P,H,P,P,P,P,P,P,H,P,P,H,P,P,P,P,P,P,H","P,P,P,P,P,P,P,P,P,P,P,P,H,P,P,P,P,P,P,H,P,P,H,P,P,P,P,P,P,H",agent2,VLLMMistral7B,một người ích kỷ,0.0,238,0.5,0.5,0,,"H,P,P,H,H,P,P,P,P,H,H,P,H,H,P,P,H,P,P,P,H,H,H,P,P,H,H,H,H,P","H,P,P,H,H,P,P,P,P,H,H,P,H,H,P,P,H,P,P,P,H,H,H,P,P,H,H,H,H,P",0.6842,0.9286,0.1389,Mistral-7B-Instruct-v0.3,0,game_199
Mistral-7B-Instruct-v0.3__noise00__game_201,202,2026-02-12T09:54:34.903487,it,True,30,30,agent1,VLLMMistral7B,cooperativo,0.0,300,1.0,0.0,0,,"C,C,C,C,C,C,C,C,C,C,C,C,C,C,C,C,C,C,C,C,C,C,C,C,C,C,C,C,C,C","C,C,C,C,C,C,C,C,C,C,C,C,C,C,C,C,C,C,C,C,C,C,C,C,C,C,C,C,C,C",agent2,VLLMMistral7B,egoista,0.0,0,0.0,1.0,0,,"T,T,T,T,T,T,T,T,T,T,T,T,T,T,T,T,T,T,T,T,T,T,T,T,T,T,T,T,T,T","T,T,T,T,T,T,T,T,T,T,T,T,T,T,T,T,T,T,T,T,T,T,T,T,T,T,T,T,T,T",1.0,0.9762,0.2222,Mistral-7B-Instruct-v0.3,0,game_201
Mistral-7B-Instruct-v0.3__noise00__game_198,199,2026-02-12T09:55:02.829352,vn,True,30,30,agent1,VLLMMistral7B,một người ích kỷ,0.0,244,0.2,0.8,0,,"H,P,P,P,P,H,P,P,H,H,P,P,H,P,P,H,P,P,P,P,P,P,P,P,P,P,P,P,P,P","H,P,P,P,P,H,P,P,H,H,P,P,H,P,P,H,P,P,P,P,P,P,P,P,P,P,P,P,P,P",agent2,VLLMMistral7B,một người hợp tác,0.0,194,0.0333,0.9667,0,,"P,P,P,P,P,P,H,P,P,P,P,P,P,P,P,P,P,P,P,P,P,P,P,P,P,P,P,P,P,P","P,P,P,P,P,P,H,P,P,P,P,P,P,P,P,P,P,P,P,P,P,P,P,P,P,P,P,P,P,P",0.6184,0.8095,0.0833,Mistral-7B-Instruct-v0.3,0,game_198
Mistral-7B-Instruct-v0.3__noise00__game_202,203,2026-02-12T09:55:52.313420,it,True,30,30,agent1,VLLMMistral7B,egoista,0.0,4,0.0667,0.9333,0,,"C,T,T,T,T,T,T,T,T,T,T,T,T,T,T,T,T,T,T,T,T,T,T,C,T,T,T,T,T,T","C,T,T,T,T,T,T,T,T,T,T,T,T,T,T,T,T,T,T,T,T,T,T,C,T,T,T,T,T,T",agent2,VLLMMistral7B,cooperativo,0.0,284,1.0,0.0,0,,"C,C,C,C,C,C,C,C,C,C,C,C,C,C,C,C,C,C,C,C,C,C,C,C,C,C,C,C,C,C","C,C,C,C,C,C,C,C,C,C,C,C,C,C,C,C,C,C,C,C,C,C,C,C,C,C,C,C,C,C",1.0,0.6905,0.0833,Mistral-7B-Instruct-v0.3,0,game_202
Mistral-7B-Instruct-v0.3__noise00__game_204,205,2026-02-12T09:55:57.997614,it,True,30,30,agent1,VLLMMistral7B,cooperativo,0.0,60,0.8667,0.1333,0,,"C,C,C,T,C,C,C,C,C,C,T,C,C,C,C,C,C,C,C,C,T,C,C,C,C,C,C,C,T,C","C,C,C,T,C,C,C,C,C,C,T,C,C,C,C,C,C,C,C,C,T,C,C,C,C,C,C,C,T,C",agent2,VLLMMistral7B,cooperativo,0.0,90,0.9667,0.0333,0,,"C,C,C,C,C,C,C,C,C,C,C,C,C,C,C,C,C,C,C,C,C,C,C,C,C,C,C,C,T,C","C,C,C,C,C,C,C,C,C,C,C,C,C,C,C,C,C,C,C,C,C,C,C,C,C,C,C,C,T,C",1.0,0.8095,0.1944,Mistral-7B-Instruct-v0.3,0,game_204
Mistral-7B-Instruct-v0.3__noise00__game_203,204,2026-02-12T09:56:14.145680,it,True,30,30,agent1,VLLMMistral7B,egoista,0.0,232,0.0,1.0,0,,"T,T,T,T,T,T,T,T,T,T,T,T,T,T,T,T,T,T,T,T,T,T,T,T,T,T,T,T,T,T","T,T,T,T,T,T,T,T,T,T,T,T,T,T,T,T,T,T,T,T,T,T,T,T,T,T,T,T,T,T",agent2,VLLMMistral7B,egoista,0.0,242,0.0333,0.9667,0,,"C,T,T,T,T,T,T,T,T,T,T,T,T,T,T,T,T,T,T,T,T,T,T,T,T,T,T,T,T,T","C,T,T,T,T,T,T,T,T,T,T,T,T,T,T,T,T,T,T,T,T,T,T,T,T,T,T,T,T,T",0.9605,0.7143,0.25,Mistral-7B-Instruct-v0.3,0,game_203
Mistral-7B-Instruct-v0.3__noise00__game_205,206,2026-02-12T09:56:47.777461,it,True,30,30,agent1,VLLMMistral7B,cooperativo,0.0,300,1.0,0.0,0,,"C,C,C,C,C,C,C,C,C,C,C,C,C,C,C,C,C,C,C,C,C,C,C,C,C,C,C,C,C,C","C,C,C,C,C,C,C,C,C,C,C,C,C,C,C,C,C,C,C,C,C,C,C,C,C,C,C,C,C,C",agent2,VLLMMistral7B,egoista,0.0,0,0.0,1.0,0,,"T,T,T,T,T,T,T,T,T,T,T,T,T,T,T,T,T,T,T,T,T,T,T,T,T,T,T,T,T,T","T,T,T,T,T,T,T,T,T,T,T,T,T,T,T,T,T,T,T,T,T,T,T,T,T,T,T,T,T,T",1.0,0.9524,0.3333,Mistral-7B-Instruct-v0.3,0,game_205
Mistral-7B-Instruct-v0.3__noise00__game_206,207,2026-02-12T09:57:19.699728,it,True,30,30,agent1,VLLMMistral7B,egoista,0.0,4,0.0667,0.9333,0,,"T,T,T,T,T,T,T,T,T,C,T,T,T,C,T,T,T,T,T,T,T,T,T,T,T,T,T,T,T,T","T,T,T,T,T,T,T,T,T,C,T,T,T,C,T,T,T,T,T,T,T,T,T,T,T,T,T,T,T,T",agent2,VLLMMistral7B,cooperativo,0.0,284,1.0,0.0,0,,"C,C,C,C,C,C,C,C,C,C,C,C,C,C,C,C,C,C,C,C,C,C,C,C,C,C,C,C,C,C","C,C,C,C,C,C,C,C,C,C,C,C,C,C,C,C,C,C,C,C,C,C,C,C,C,C,C,C,C,C",0.9605,0.6667,0.0833,Mistral-7B-Instruct-v0.3,0,game_206
Mistral-7B-Instruct-v0.3__noise00__game_207,208,2026-02-12T09:57:25.892926,it,True,30,30,agent1,VLLMMistral7B,egoista,0.0,240,0.0,1.0,0,,"T,T,T,T,T,T,T,T,T,T,T,T,T,T,T,T,T,T,T,T,T,T,T,T,T,T,T,T,T,T","T,T,T,T,T,T,T,T,T,T,T,T,T,T,T,T,T,T,T,T,T,T,T,T,T,T,T,T,T,T",agent2,VLLMMistral7B,egoista,0.0,240,0.0,1.0,0,,"T,T,T,T,T,T,T,T,T,T,T,T,T,T,T,T,T,T,T,T,T,T,T,T,T,T,T,T,T,T","T,T,T,T,T,T,T,T,T,T,T,T,T,T,T,T,T,T,T,T,T,T,T,T,T,T,T,T,T,T",0.9605,0.7143,0.5278,Mistral-7B-Instruct-v0.3,0,game_207
Mistral-7B-Instruct-v0.3__noise00__game_208,209,2026-02-12T09:57:43.970602,it,True,30,30,agent1,VLLMMistral7B,cooperativo,0.0,60,1.0,0.0,0,,"C,C,C,C,C,C,C,C,C,C,C,C,C,C,C,C,C,C,C,C,C,C,C,C,C,C,C,C,C,C","C,C,C,C,C,C,C,C,C,C,C,C,C,C,C,C,C,C,C,C,C,C,C,C,C,C,C,C,C,C",agent2,VLLMMistral7B,cooperativo,0.0,60,1.0,0.0,0,,"C,C,C,C,C,C,C,C,C,C,C,C,C,C,C,C,C,C,C,C,C,C,C,C,C,C,C,C,C,C","C,C,C,C,C,C,C,C,C,C,C,C,C,C,C,C,C,C,C,C,C,C,C,C,C,C,C,C,C,C",1.0,0.7619,0.5,Mistral-7B-Instruct-v0.3,0,game_208
Mistral-7B-Instruct-v0.3__noise00__game_209,210,2026-02-12T09:58:16.225473,it,True,30,30,agent1,VLLMMistral7B,cooperativo,0.0,284,1.0,0.0,0,,"C,C,C,C,C,C,C,C,C,C,C,C,C,C,C,C,C,C,C,C,C,C,C,C,C,C,C,C,C,C","C,C,C,C,C,C,C,C,C,C,C,C,C,C,C,C,C,C,C,C,C,C,C,C,C,C,C,C,C,C",agent2,VLLMMistral7B,egoista,0.0,4,0.0667,0.9333,0,,"T,T,T,T,T,T,T,T,T,T,T,C,T,T,T,T,T,C,T,T,T,T,T,T,T,T,T,T,T,T","T,T,T,T,T,T,T,T,T,T,T,C,T,T,T,T,T,C,T,T,T,T,T,T,T,T,T,T,T,T",0.9737,0.9762,0.25,Mistral-7B-Instruct-v0.3,0,game_209
Mistral-7B-Instruct-v0.3__noise00__game_210,211,2026-02-12T09:58:46.314098,it,True,30,30,agent1,VLLMMistral7B,egoista,0.0,8,0.0,1.0,0,,"T,T,T,T,T,T,T,T,T,T,T,T,T,T,T,T,T,T,T,T,T,T,T,T,T,T,T,T,T,T","T,T,T,T,T,T,T,T,T,T,T,T,T,T,T,T,T,T,T,T,T,T,T,T,T,T,T,T,T,T",agent2,VLLMMistral7B,cooperativo,0.0,298,0.9667,0.0333,0,,"C,C,C,T,C,C,C,C,C,C,C,C,C,C,C,C,C,C,C,C,C,C,C,C,C,C,C,C,C,C","C,C,C,T,C,C,C,C,C,C,C,C,C,C,C,C,C,C,C,C,C,C,C,C,C,C,C,C,C,C",1.0,0.6905,0.1944,Mistral-7B-Instruct-v0.3,0,game_210
Mistral-7B-Instruct-v0.3__noise00__game_211,212,2026-02-12T09:58:49.298212,it,True,30,30,agent1,VLLMMistral7B,egoista,0.0,240,0.0,1.0,0,,"T,T,T,T,T,T,T,T,T,T,T,T,T,T,T,T,T,T,T,T,T,T,T,T,T,T,T,T,T,T","T,T,T,T,T,T,T,T,T,T,T,T,T,T,T,T,T,T,T,T,T,T,T,T,T,T,T,T,T,T",agent2,VLLMMistral7B,egoista,0.0,240,0.0,1.0,0,,"T,T,T,T,T,T,T,T,T,T,T,T,T,T,T,T,T,T,T,T,T,T,T,T,T,T,T,T,T,T","T,T,T,T,T,T,T,T,T,T,T,T,T,T,T,T,T,T,T,T,T,T,T,T,T,T,T,T,T,T",0.9474,0.7143,0.6389,Mistral-7B-Instruct-v0.3,0,game_211
Mistral-7B-Instruct-v0.3__noise00__game_212,213,2026-02-12T09:59:12.777652,it,True,30,30,agent1,VLLMMistral7B,cooperativo,0.0,60,1.0,0.0,0,,"C,C,C,C,C,C,C,C,C,C,C,C,C,C,C,C,C,C,C,C,C,C,C,C,C,C,C,C,C,C","C,C,C,C,C,C,C,C,C,C,C,C,C,C,C,C,C,C,C,C,C,C,C,C,C,C,C,C,C,C",agent2,VLLMMistral7B,cooperativo,0.0,60,1.0,0.0,0,,"C,C,C,C,C,C,C,C,C,C,C,C,C,C,C,C,C,C,C,C,C,C,C,C,C,C,C,C,C,C","C,C,C,C,C,C,C,C,C,C,C,C,C,C,C,C,C,C,C,C,C,C,C,C,C,C,C,C,C,C",0.9868,0.7857,0.4722,Mistral-7B-Instruct-v0.3,0,game_212
Mistral-7B-Instruct-v0.3__noise00__game_213,214,2026-02-12T09:59:38.776761,it,True,30,30,agent1,VLLMMistral7B,cooperativo,0.0,296,0.9333,0.0667,0,,"C,C,C,C,C,C,C,C,C,C,T,C,C,C,C,C,C,C,C,C,C,C,C,C,C,C,T,C,C,C","C,C,C,C,C,C,C,C,C,C,T,C,C,C,C,C,C,C,C,C,C,C,C,C,C,C,T,C,C,C",agent2,VLLMMistral7B,egoista,0.0,16,0.0,1.0,0,,"T,T,T,T,T,T,T,T,T,T,T,T,T,T,T,T,T,T,T,T,T,T,T,T,T,T,T,T,T,T","T,T,T,T,T,T,T,T,T,T,T,T,T,T,T,T,T,T,T,T,T,T,T,T,T,T,T,T,T,T",1.0,0.9762,0.0556,Mistral-7B-Instruct-v0.3,0,game_213
Mistral-7B-Instruct-v0.3__noise00__game_215,216,2026-02-12T10:00:11.916666,it,True,30,30,agent1,VLLMMistral7B,egoista,0.0,242,0.0333,0.9667,0,,"T,C,T,T,T,T,T,T,T,T,T,T,T,T,T,T,T,T,T,T,T,T,T,T,T,T,T,T,T,T","T,C,T,T,T,T,T,T,T,T,T,T,T,T,T,T,T,T,T,T,T,T,T,T,T,T,T,T,T,T",agent2,VLLMMistral7B,egoista,0.0,232,0.0,1.0,0,,"T,T,T,T,T,T,T,T,T,T,T,T,T,T,T,T,T,T,T,T,T,T,T,T,T,T,T,T,T,T","T,T,T,T,T,T,T,T,T,T,T,T,T,T,T,T,T,T,T,T,T,T,T,T,T,T,T,T,T,T",0.9605,0.7143,0.1667,Mistral-7B-Instruct-v0.3,0,game_215
Mistral-7B-Instruct-v0.3__noise00__game_214,215,2026-02-12T10:00:20.789196,it,True,30,30,agent1,VLLMMistral7B,egoista,0.0,24,0.0,1.0,0,,"T,T,T,T,T,T,T,T,T,T,T,T,T,T,T,T,T,T,T,T,T,T,T,T,T,T,T,T,T,T","T,T,T,T,T,T,T,T,T,T,T,T,T,T,T,T,T,T,T,T,T,T,T,T,T,T,T,T,T,T",agent2,VLLMMistral7B,cooperativo,0.0,294,0.9,0.1,0,,"C,T,C,C,C,T,C,C,C,C,C,C,C,C,C,C,C,C,C,C,C,C,C,C,C,T,C,C,C,C","C,T,C,C,C,T,C,C,C,C,C,C,C,C,C,C,C,C,C,C,C,C,C,C,C,T,C,C,C,C",1.0,0.7143,0.1667,Mistral-7B-Instruct-v0.3,0,game_214
Mistral-7B-Instruct-v0.3__noise00__game_216,217,2026-02-12T10:00:37.219030,it,True,30,30,agent1,VLLMMistral7B,cooperativo,0.0,50,0.5667,0.4333,0,,"C,C,T,T,T,C,C,C,C,T,T,C,C,C,T,C,C,C,C,T,C,C,C,T,C,T,T,T,T,T","C,C,T,T,T,C,C,C,C,T,T,C,C,C,T,C,C,C,C,T,C,C,C,T,C,T,T,T,T,T",agent2,VLLMMistral7B,cooperativo,0.0,160,0.9333,0.0667,0,,"C,C,C,T,C,C,C,C,C,C,C,C,C,C,C,C,C,C,C,C,C,C,T,C,C,C,C,C,C,C","C,C,C,T,C,C,C,C,C,C,C,C,C,C,C,C,C,C,C,C,C,C,T,C,C,C,C,C,C,C",1.0,0.6905,0.1667,Mistral-7B-Instruct-v0.3,0,game_216
Mistral-7B-Instruct-v0.3__noise00__game_217,218,2026-02-12T10:01:04.944406,it,True,30,30,agent1,VLLMMistral7B,cooperativo,0.0,284,1.0,0.0,0,,"C,C,C,C,C,C,C,C,C,C,C,C,C,C,C,C,C,C,C,C,C,C,C,C,C,C,C,C,C,C","C,C,C,C,C,C,C,C,C,C,C,C,C,C,C,C,C,C,C,C,C,C,C,C,C,C,C,C,C,C",agent2,VLLMMistral7B,egoista,0.0,4,0.0667,0.9333,0,,"T,C,T,T,T,T,T,T,T,T,T,T,T,T,T,C,T,T,T,T,T,T,T,T,T,T,T,T,T,T","T,C,T,T,T,T,T,T,T,T,T,T,T,T,T,C,T,T,T,T,T,T,T,T,T,T,T,T,T,T",1.0,1.0,0.25,Mistral-7B-Instruct-v0.3,0,game_217
Mistral-7B-Instruct-v0.3__noise00__game_218,219,2026-02-12T10:01:31.922128,it,True,30,30,agent1,VLLMMistral7B,egoista,0.0,0,0.0,1.0,0,,"T,T,T,T,T,T,T,T,T,T,T,T,T,T,T,T,T,T,T,T,T,T,T,T,T,T,T,T,T,T","T,T,T,T,T,T,T,T,T,T,T,T,T,T,T,T,T,T,T,T,T,T,T,T,T,T,T,T,T,T",agent2,VLLMMistral7B,cooperativo,0.0,300,1.0,0.0,0,,"C,C,C,C,C,C,C,C,C,C,C,C,C,C,C,C,C,C,C,C,C,C,C,C,C,C,C,C,C,C","C,C,C,C,C,C,C,C,C,C,C,C,C,C,C,C,C,C,C,C,C,C,C,C,C,C,C,C,C,C",1.0,0.6667,0.4722,Mistral-7B-Instruct-v0.3,0,game_218
Mistral-7B-Instruct-v0.3__noise00__game_219,220,2026-02-12T10:01:44.120664,it,True,30,30,agent1,VLLMMistral7B,egoista,0.0,240,0.0,1.0,0,,"T,T,T,T,T,T,T,T,T,T,T,T,T,T,T,T,T,T,T,T,T,T,T,T,T,T,T,T,T,T","T,T,T,T,T,T,T,T,T,T,T,T,T,T,T,T,T,T,T,T,T,T,T,T,T,T,T,T,T,T",agent2,VLLMMistral7B,egoista,0.0,240,0.0,1.0,0,,"T,T,T,T,T,T,T,T,T,T,T,T,T,T,T,T,T,T,T,T,T,T,T,T,T,T,T,T,T,T","T,T,T,T,T,T,T,T,T,T,T,T,T,T,T,T,T,T,T,T,T,T,T,T,T,T,T,T,T,T",0.9605,0.6667,0.6389,Mistral-7B-Instruct-v0.3,0,game_219
Mistral-7B-Instruct-v0.3__noise00__game_220,221,2026-02-12T10:02:05.909286,it,True,30,30,agent1,VLLMMistral7B,cooperativo,0.0,60,1.0,0.0,0,,"C,C,C,C,C,C,C,C,C,C,C,C,C,C,C,C,C,C,C,C,C,C,C,C,C,C,C,C,C,C","C,C,C,C,C,C,C,C,C,C,C,C,C,C,C,C,C,C,C,C,C,C,C,C,C,C,C,C,C,C",agent2,VLLMMistral7B,cooperativo,0.0,60,1.0,0.0,0,,"C,C,C,C,C,C,C,C,C,C,C,C,C,C,C,C,C,C,C,C,C,C,C,C,C,C,C,C,C,C","C,C,C,C,C,C,C,C,C,C,C,C,C,C,C,C,C,C,C,C,C,C,C,C,C,C,C,C,C,C",1.0,0.7619,0.5278,Mistral-7B-Instruct-v0.3,0,game_220
Mistral-7B-Instruct-v0.3__noise00__game_221,222,2026-02-12T10:02:33.788885,it,True,30,30,agent1,VLLMMistral7B,cooperativo,0.0,292,1.0,0.0,0,,"C,C,C,C,C,C,C,C,C,C,C,C,C,C,C,C,C,C,C,C,C,C,C,C,C,C,C,C,C,C","C,C,C,C,C,C,C,C,C,C,C,C,C,C,C,C,C,C,C,C,C,C,C,C,C,C,C,C,C,C",agent2,VLLMMistral7B,egoista,0.0,2,0.0333,0.9667,0,,"T,C,T,T,T,T,T,T,T,T,T,T,T,T,T,T,T,T,T,T,T,T,T,T,T,T,T,T,T,T","T,C,T,T,T,T,T,T,T,T,T,T,T,T,T,T,T,T,T,T,T,T,T,T,T,T,T,T,T,T",1.0,0.9762,0.2222,Mistral-7B-Instruct-v0.3,0,game_221
Mistral-7B-Instruct-v0.3__noise00__game_222,223,2026-02-12T10:03:10.029119,it,True,30,30,agent1,VLLMMistral7B,egoista,0.0,10,0.0333,0.9667,0,,"C,T,T,T,T,T,T,T,T,T,T,T,T,T,T,T,T,T,T,T,T,T,T,T,T,T,T,T,T,T","C,T,T,T,T,T,T,T,T,T,T,T,T,T,T,T,T,T,T,T,T,T,T,T,T,T,T,T,T,T",agent2,VLLMMistral7B,cooperativo,0.0,290,0.9667,0.0333,0,,"C,C,C,C,C,C,C,C,C,C,C,C,C,C,C,C,C,C,C,C,C,C,C,C,C,T,C,C,C,C","C,C,C,C,C,C,C,C,C,C,C,C,C,C,C,C,C,C,C,C,C,C,C,C,C,T,C,C,C,C",1.0,0.7143,0.0556,Mistral-7B-Instruct-v0.3,0,game_222
Mistral-7B-Instruct-v0.3__noise00__game_223,224,2026-02-12T10:03:16.206943,it,True,30,30,agent1,VLLMMistral7B,egoista,0.0,240,0.0,1.0,0,,"T,T,T,T,T,T,T,T,T,T,T,T,T,T,T,T,T,T,T,T,T,T,T,T,T,T,T,T,T,T","T,T,T,T,T,T,T,T,T,T,T,T,T,T,T,T,T,T,T,T,T,T,T,T,T,T,T,T,T,T",agent2,VLLMMistral7B,egoista,0.0,240,0.0,1.0,0,,"T,T,T,T,T,T,T,T,T,T,T,T,T,T,T,T,T,T,T,T,T,T,T,T,T,T,T,T,T,T","T,T,T,T,T,T,T,T,T,T,T,T,T,T,T,T,T,T,T,T,T,T,T,T,T,T,T,T,T,T",0.9605,0.7143,0.6389,Mistral-7B-Instruct-v0.3,0,game_223
Mistral-7B-Instruct-v0.3__noise00__game_224,225,2026-02-12T10:03:44.696088,it,True,30,30,agent1,VLLMMistral7B,cooperativo,0.0,60,1.0,0.0,0,,"C,C,C,C,C,C,C,C,C,C,C,C,C,C,C,C,C,C,C,C,C,C,C,C,C,C,C,C,C,C","C,C,C,C,C,C,C,C,C,C,C,C,C,C,C,C,C,C,C,C,C,C,C,C,C,C,C,C,C,C",agent2,VLLMMistral7B,cooperativo,0.0,60,1.0,0.0,0,,"C,C,C,C,C,C,C,C,C,C,C,C,C,C,C,C,C,C,C,C,C,C,C,C,C,C,C,C,C,C","C,C,C,C,C,C,C,C,C,C,C,C,C,C,C,C,C,C,C,C,C,C,C,C,C,C,C,C,C,C",0.9868,0.8095,0.4444,Mistral-7B-Instruct-v0.3,0,game_224
Mistral-7B-Instruct-v0.3__noise00__game_225,226,2026-02-12T10:04:13.442577,it,True,30,30,agent1,VLLMMistral7B,cooperativo,0.0,300,1.0,0.0,0,,"C,C,C,C,C,C,C,C,C,C,C,C,C,C,C,C,C,C,C,C,C,C,C,C,C,C,C,C,C,C","C,C,C,C,C,C,C,C,C,C,C,C,C,C,C,C,C,C,C,C,C,C,C,C,C,C,C,C,C,C",agent2,VLLMMistral7B,egoista,0.0,0,0.0,1.0,0,,"T,T,T,T,T,T,T,T,T,T,T,T,T,T,T,T,T,T,T,T,T,T,T,T,T,T,T,T,T,T","T,T,T,T,T,T,T,T,T,T,T,T,T,T,T,T,T,T,T,T,T,T,T,T,T,T,T,T,T,T",1.0,1.0,0.2778,Mistral-7B-Instruct-v0.3,0,game_225
Mistral-7B-Instruct-v0.3__noise00__game_227,228,2026-02-12T10:04:44.216179,it,True,30,30,agent1,VLLMMistral7B,egoista,0.0,224,0.0,1.0,0,,"T,T,T,T,T,T,T,T,T,T,T,T,T,T,T,T,T,T,T,T,T,T,T,T,T,T,T,T,T,T","T,T,T,T,T,T,T,T,T,T,T,T,T,T,T,T,T,T,T,T,T,T,T,T,T,T,T,T,T,T",agent2,VLLMMistral7B,egoista,0.0,244,0.0667,0.9333,0,,"T,C,C,T,T,T,T,T,T,T,T,T,T,T,T,T,T,T,T,T,T,T,T,T,T,T,T,T,T,T","T,C,C,T,T,T,T,T,T,T,T,T,T,T,T,T,T,T,T,T,T,T,T,T,T,T,T,T,T,T",0.9474,0.6905,0.2222,Mistral-7B-Instruct-v0.3,0,game_227
Mistral-7B-Instruct-v0.3__noise00__game_226,227,2026-02-12T10:04:48.221952,it,True,30,30,agent1,VLLMMistral7B,egoista,0.0,16,0.0,1.0,0,,"T,T,T,T,T,T,T,T,T,T,T,T,T,T,T,T,T,T,T,T,T,T,T,T,T,T,T,T,T,T","T,T,T,T,T,T,T,T,T,T,T,T,T,T,T,T,T,T,T,T,T,T,T,T,T,T,T,T,T,T",agent2,VLLMMistral7B,cooperativo,0.0,296,0.9333,0.0667,0,,"C,T,C,C,C,C,C,C,C,C,C,C,T,C,C,C,C,C,C,C,C,C,C,C,C,C,C,C,C,C","C,T,C,C,C,C,C,C,C,C,C,C,T,C,C,C,C,C,C,C,C,C,C,C,C,C,C,C,C,C",1.0,0.6905,0.25,Mistral-7B-Instruct-v0.3,0,game_226
Mistral-7B-Instruct-v0.3__noise00__game_228,229,2026-02-12T10:05:17.020189,it,True,30,30,agent1,VLLMMistral7B,cooperativo,0.0,60,1.0,0.0,0,,"C,C,C,C,C,C,C,C,C,C,C,C,C,C,C,C,C,C,C,C,C,C,C,C,C,C,C,C,C,C","C,C,C,C,C,C,C,C,C,C,C,C,C,C,C,C,C,C,C,C,C,C,C,C,C,C,C,C,C,C",agent2,VLLMMistral7B,cooperativo,0.0,60,1.0,0.0,0,,"C,C,C,C,C,C,C,C,C,C,C,C,C,C,C,C,C,C,C,C,C,C,C,C,C,C,C,C,C,C","C,C,C,C,C,C,C,C,C,C,C,C,C,C,C,C,C,C,C,C,C,C,C,C,C,C,C,C,C,C",1.0,0.8333,0.5556,Mistral-7B-Instruct-v0.3,0,game_228
Mistral-7B-Instruct-v0.3__noise00__game_229,230,2026-02-12T10:05:42.882863,it,True,30,30,agent1,VLLMMistral7B,cooperativo,0.0,290,0.9667,0.0333,0,,"C,C,C,T,C,C,C,C,C,C,C,C,C,C,C,C,C,C,C,C,C,C,C,C,C,C,C,C,C,C","C,C,C,T,C,C,C,C,C,C,C,C,C,C,C,C,C,C,C,C,C,C,C,C,C,C,C,C,C,C",agent2,VLLMMistral7B,egoista,0.0,10,0.0333,0.9667,0,,"C,T,T,T,T,T,T,T,T,T,T,T,T,T,T,T,T,T,T,T,T,T,T,T,T,T,T,T,T,T","C,T,T,T,T,T,T,T,T,T,T,T,T,T,T,T,T,T,T,T,T,T,T,T,T,T,T,T,T,T",1.0,1.0,0.0,Mistral-7B-Instruct-v0.3,0,game_229
Mistral-7B-Instruct-v0.3__noise00__game_231,232,2026-02-12T10:06:09.173043,it,True,30,30,agent1,VLLMMistral7B,egoista,0.0,240,0.0,1.0,0,,"T,T,T,T,T,T,T,T,T,T,T,T,T,T,T,T,T,T,T,T,T,T,T,T,T,T,T,T,T,T","T,T,T,T,T,T,T,T,T,T,T,T,T,T,T,T,T,T,T,T,T,T,T,T,T,T,T,T,T,T",agent2,VLLMMistral7B,egoista,0.0,240,0.0,1.0,0,,"T,T,T,T,T,T,T,T,T,T,T,T,T,T,T,T,T,T,T,T,T,T,T,T,T,T,T,T,T,T","T,T,T,T,T,T,T,T,T,T,T,T,T,T,T,T,T,T,T,T,T,T,T,T,T,T,T,T,T,T",0.9474,0.7143,0.6111,Mistral-7B-Instruct-v0.3,0,game_231
Mistral-7B-Instruct-v0.3__noise00__game_230,231,2026-02-12T10:06:13.334026,it,True,30,30,agent1,VLLMMistral7B,egoista,0.0,16,0.0,1.0,0,,"T,T,T,T,T,T,T,T,T,T,T,T,T,T,T,T,T,T,T,T,T,T,T,T,T,T,T,T,T,T","T,T,T,T,T,T,T,T,T,T,T,T,T,T,T,T,T,T,T,T,T,T,T,T,T,T,T,T,T,T",agent2,VLLMMistral7B,cooperativo,0.0,296,0.9333,0.0667,0,,"C,T,C,C,C,C,C,C,C,C,C,C,C,C,T,C,C,C,C,C,C,C,C,C,C,C,C,C,C,C","C,T,C,C,C,C,C,C,C,C,C,C,C,C,T,C,C,C,C,C,C,C,C,C,C,C,C,C,C,C",1.0,0.6667,0.2222,Mistral-7B-Instruct-v0.3,0,game_230
Mistral-7B-Instruct-v0.3__noise00__game_232,233,2026-02-12T10:06:45.824157,it,True,30,30,agent1,VLLMMistral7B,cooperativo,0.0,60,1.0,0.0,0,,"C,C,C,C,C,C,C,C,C,C,C,C,C,C,C,C,C,C,C,C,C,C,C,C,C,C,C,C,C,C","C,C,C,C,C,C,C,C,C,C,C,C,C,C,C,C,C,C,C,C,C,C,C,C,C,C,C,C,C,C",agent2,VLLMMistral7B,cooperativo,0.0,60,1.0,0.0,0,,"C,C,C,C,C,C,C,C,C,C,C,C,C,C,C,C,C,C,C,C,C,C,C,C,C,C,C,C,C,C","C,C,C,C,C,C,C,C,C,C,C,C,C,C,C,C,C,C,C,C,C,C,C,C,C,C,C,C,C,C",1.0,0.8333,0.5278,Mistral-7B-Instruct-v0.3,0,game_232
Mistral-7B-Instruct-v0.3__noise00__game_233,234,2026-02-12T10:07:17.847085,it,True,30,30,agent1,VLLMMistral7B,cooperativo,0.0,276,1.0,0.0,0,,"C,C,C,C,C,C,C,C,C,C,C,C,C,C,C,C,C,C,C,C,C,C,C,C,C,C,C,C,C,C","C,C,C,C,C,C,C,C,C,C,C,C,C,C,C,C,C,C,C,C,C,C,C,C,C,C,C,C,C,C",agent2,VLLMMistral7B,egoista,0.0,6,0.1,0.9,0,,"T,T,T,T,T,T,T,T,T,C,T,T,C,T,T,T,T,T,T,T,T,T,T,T,T,C,T,T,T,T","T,T,T,T,T,T,T,T,T,C,T,T,C,T,T,T,T,T,T,T,T,T,T,T,T,C,T,T,T,T",0.9605,0.9762,0.1667,Mistral-7B-Instruct-v0.3,0,game_233
Mistral-7B-Instruct-v0.3__noise00__game_234,235,2026-02-12T10:07:37.353843,it,True,30,30,agent1,VLLMMistral7B,egoista,0.0,8,0.0,1.0,0,,"T,T,T,T,T,T,T,T,T,T,T,T,T,T,T,T,T,T,T,T,T,T,T,T,T,T,T,T,T,T","T,T,T,T,T,T,T,T,T,T,T,T,T,T,T,T,T,T,T,T,T,T,T,T,T,T,T,T,T,T",agent2,VLLMMistral7B,cooperativo,0.0,298,0.9667,0.0333,0,,"C,C,C,C,C,C,C,C,C,C,C,C,C,C,C,T,C,C,C,C,C,C,C,C,C,C,C,C,C,C","C,C,C,C,C,C,C,C,C,C,C,C,C,C,C,T,C,C,C,C,C,C,C,C,C,C,C,C,C,C",1.0,0.6667,0.2222,Mistral-7B-Instruct-v0.3,0,game_234
Mistral-7B-Instruct-v0.3__noise00__game_235,236,2026-02-12T10:07:46.997151,it,True,30,30,agent1,VLLMMistral7B,egoista,0.0,190,0.3667,0.6333,0,,"T,T,T,T,T,T,T,T,T,T,T,T,T,T,T,T,C,T,C,C,C,C,C,C,C,C,C,T,T,C","T,T,T,T,T,T,T,T,T,T,T,T,T,T,T,T,C,T,C,C,C,C,C,C,C,C,C,T,T,C",agent2,VLLMMistral7B,egoista,0.0,170,0.3,0.7,0,,"T,T,T,T,T,T,T,T,T,T,T,T,T,T,T,T,T,T,T,T,C,C,C,C,C,C,C,C,C,T","T,T,T,T,T,T,T,T,T,T,T,T,T,T,T,T,T,T,T,T,C,C,C,C,C,C,C,C,C,T",0.9605,0.8571,0.1944,Mistral-7B-Instruct-v0.3,0,game_235
Mistral-7B-Instruct-v0.3__noise00__game_236,237,2026-02-12T10:08:18.404018,it,True,30,30,agent1,VLLMMistral7B,cooperativo,0.0,64,0.9333,0.0667,0,,"C,C,C,T,C,C,C,C,C,C,C,C,C,C,C,C,C,C,C,C,C,C,C,C,C,C,C,T,C,C","C,C,C,T,C,C,C,C,C,C,C,C,C,C,C,C,C,C,C,C,C,C,C,C,C,C,C,T,C,C",agent2,VLLMMistral7B,cooperativo,0.0,74,0.9667,0.0333,0,,"C,C,C,C,C,C,C,C,T,C,C,C,C,C,C,C,C,C,C,C,C,C,C,C,C,C,C,C,C,C","C,C,C,C,C,C,C,C,T,C,C,C,C,C,C,C,C,C,C,C,C,C,C,C,C,C,C,C,C,C",0.9737,0.8333,0.1944,Mistral-7B-Instruct-v0.3,0,game_236
Mistral-7B-Instruct-v0.3__noise00__game_237,238,2026-02-12T10:08:38.207387,it,True,30,30,agent1,VLLMMistral7B,cooperativo,0.0,300,1.0,0.0,0,,"C,C,C,C,C,C,C,C,C,C,C,C,C,C,C,C,C,C,C,C,C,C,C,C,C,C,C,C,C,C","C,C,C,C,C,C,C,C,C,C,C,C,C,C,C,C,C,C,C,C,C,C,C,C,C,C,C,C,C,C",agent2,VLLMMistral7B,egoista,0.0,0,0.0,1.0,0,,"T,T,T,T,T,T,T,T,T,T,T,T,T,T,T,T,T,T,T,T,T,T,T,T,T,T,T,T,T,T","T,T,T,T,T,T,T,T,T,T,T,T,T,T,T,T,T,T,T,T,T,T,T,T,T,T,T,T,T,T",1.0,0.9762,0.3056,Mistral-7B-Instruct-v0.3,0,game_237
Mistral-7B-Instruct-v0.3__noise00__game_238,239,2026-02-12T10:08:58.405577,it,True,30,30,agent1,VLLMMistral7B,egoista,0.0,16,0.0,1.0,0,,"T,T,T,T,T,T,T,T,T,T,T,T,T,T,T,T,T,T,T,T,T,T,T,T,T,T,T,T,T,T","T,T,T,T,T,T,T,T,T,T,T,T,T,T,T,T,T,T,T,T,T,T,T,T,T,T,T,T,T,T",agent2,VLLMMistral7B,cooperativo,0.0,296,0.9333,0.0667,0,,"C,T,C,T,C,C,C,C,C,C,C,C,C,C,C,C,C,C,C,C,C,C,C,C,C,C,C,C,C,C","C,T,C,T,C,C,C,C,C,C,C,C,C,C,C,C,C,C,C,C,C,C,C,C,C,C,C,C,C,C",1.0,0.6667,0.1944,Mistral-7B-Instruct-v0.3,0,game_238
Mistral-7B-Instruct-v0.3__noise00__game_239,240,2026-02-12T10:09:11.700128,it,True,30,30,agent1,VLLMMistral7B,egoista,0.0,224,0.0,1.0,0,,"T,T,T,T,T,T,T,T,T,T,T,T,T,T,T,T,T,T,T,T,T,T,T,T,T,T,T,T,T,T","T,T,T,T,T,T,T,T,T,T,T,T,T,T,T,T,T,T,T,T,T,T,T,T,T,T,T,T,T,T",agent2,VLLMMistral7B,egoista,0.0,244,0.0667,0.9333,0,,"C,T,T,T,T,T,T,T,T,T,T,T,T,T,T,T,T,C,T,T,T,T,T,T,T,T,T,T,T,T","C,T,T,T,T,T,T,T,T,T,T,T,T,T,T,T,T,C,T,T,T,T,T,T,T,T,T,T,T,T",0.9474,0.7143,0.1667,Mistral-7B-Instruct-v0.3,0,game_239
Mistral-7B-Instruct-v0.3__noise05__game_1,2,2026-02-12T08:21:15.878289,en,True,30,30,agent1,VLLMMistral7B,cooperative,0.05,246,0.2333,0.7667,1,14,"C,C,D,D,D,D,D,D,D,D,D,D,D,C,C,C,D,D,C,D,C,D,D,D,D,D,D,D,D,D","C,C,D,D,D,D,D,D,D,D,D,D,D,D,C,C,D,D,C,D,C,D,D,D,D,D,D,D,D,D",agent2,VLLMMistral7B,selfish,0.05,186,0.0333,0.9667,1,18,"D,D,D,D,D,D,D,D,D,D,D,D,D,D,D,D,D,C,D,D,D,D,D,D,D,D,D,D,D,D","D,D,D,D,D,D,D,D,D,D,D,D,D,D,D,D,D,D,D,D,D,D,D,D,D,D,D,D,D,D",0.9079,0.7619,0.1111,Mistral-7B-Instruct-v0.3,5,game_1
Mistral-7B-Instruct-v0.3__noise05__game_0,1,2026-02-12T08:21:18.094820,en,True,30,30,agent1,VLLMMistral7B,cooperative,0.05,62,0.9,0.1,3,"15,17,23","C,C,C,C,C,C,C,C,C,C,C,C,C,C,D,C,D,C,C,C,C,C,D,C,C,C,C,C,C,C","C,C,C,C,C,C,C,C,C,C,C,C,C,C,C,C,C,C,C,C,C,C,C,C,C,C,C,C,C,C",agent2,VLLMMistral7B,cooperative,0.05,82,0.9667,0.0333,1,4,"C,C,C,D,C,C,C,C,C,C,C,C,C,C,C,C,C,C,C,C,C,C,C,C,C,C,C,C,C,C","C,C,C,C,C,C,C,C,C,C,C,C,C,C,C,C,C,C,C,C,C,C,C,C,C,C,C,C,C,C",0.9868,0.8571,0.1111,Mistral-7B-Instruct-v0.3,5,game_0
Mistral-7B-Instruct-v0.3__noise05__game_3,4,2026-02-12T08:21:19.127522,en,True,30,30,agent1,VLLMMistral7B,selfish,0.05,226,0.0333,0.9667,1,27,"D,D,D,D,D,D,D,D,D,D,D,D,D,D,D,D,D,D,D,D,D,D,D,D,D,D,C,D,D,D","D,D,D,D,D,D,D,D,D,D,D,D,D,D,D,D,D,D,D,D,D,D,D,D,D,D,D,D,D,D",agent2,VLLMMistral7B,selfish,0.05,236,0.0667,0.9333,2,"7,25","D,D,D,D,D,D,C,D,D,D,D,D,D,D,D,D,D,D,D,D,D,D,D,D,C,D,D,D,D,D","D,D,D,D,D,D,D,D,D,D,D,D,D,D,D,D,D,D,D,D,D,D,D,D,D,D,D,D,D,D",0.8816,0.7619,0.1111,Mistral-7B-Instruct-v0.3,5,game_3
Mistral-7B-Instruct-v0.3__noise05__game_2,3,2026-02-12T08:21:19.735163,en,True,30,30,agent1,VLLMMistral7B,selfish,0.05,166,0.1,0.9,2,"12,22","C,D,D,D,D,D,D,D,D,D,D,C,D,D,D,D,D,D,D,D,D,C,D,D,D,D,D,D,D,D","C,D,D,D,D,D,D,D,D,D,D,D,D,D,D,D,D,D,D,D,D,D,D,D,D,D,D,D,D,D",agent2,VLLMMistral7B,cooperative,0.05,236,0.3333,0.6667,2,"18,19","C,C,D,D,D,D,D,D,D,D,D,D,D,D,D,C,C,D,D,C,D,C,C,C,C,D,D,C,D,D","C,C,D,D,D,D,D,D,D,D,D,D,D,D,D,C,C,C,C,C,D,C,C,C,C,D,D,C,D,D",0.9211,0.6667,0.0,Mistral-7B-Instruct-v0.3,5,game_2
Mistral-7B-Instruct-v0.3__noise05__game_4,5,2026-02-12T08:22:40.910271,en,True,30,30,agent1,VLLMMistral7B,cooperative,0.05,66,0.9667,0.0333,1,26,"C,C,C,C,C,C,C,C,C,C,C,C,C,C,C,C,C,C,C,C,C,C,C,C,C,D,C,C,C,C","C,C,C,C,C,C,C,C,C,C,C,C,C,C,C,C,C,C,C,C,C,C,C,C,C,C,C,C,C,C",agent2,VLLMMistral7B,cooperative,0.05,66,0.9667,0.0333,1,13,"C,C,C,C,C,C,C,C,C,C,C,C,D,C,C,C,C,C,C,C,C,C,C,C,C,C,C,C,C,C","C,C,C,C,C,C,C,C,C,C,C,C,C,C,C,C,C,C,C,C,C,C,C,C,C,C,C,C,C,C",0.9868,0.8571,0.3333,Mistral-7B-Instruct-v0.3,5,game_4
Mistral-7B-Instruct-v0.3__noise05__game_5,6,2026-02-12T08:22:42.683698,en,True,30,30,agent1,VLLMMistral7B,cooperative,0.05,280,0.6667,0.3333,1,16,"C,C,C,C,C,C,C,C,C,C,C,C,C,C,C,C,D,D,C,C,C,C,D,D,D,D,D,D,D,D","C,C,C,C,C,C,C,C,C,C,C,C,C,C,C,D,D,D,C,C,C,C,D,D,D,D,D,D,D,D",agent2,VLLMMistral7B,selfish,0.05,80,0.0,1.0,0,,"D,D,D,D,D,D,D,D,D,D,D,D,D,D,D,D,D,D,D,D,D,D,D,D,D,D,D,D,D,D","D,D,D,D,D,D,D,D,D,D,D,D,D,D,D,D,D,D,D,D,D,D,D,D,D,D,D,D,D,D",1.0,0.881,0.1389,Mistral-7B-Instruct-v0.3,5,game_5
Mistral-7B-Instruct-v0.3__noise05__game_6,7,2026-02-12T08:22:47.167122,en,True,30,30,agent1,VLLMMistral7B,selfish,0.05,24,0.0,1.0,0,,"D,D,D,D,D,D,D,D,D,D,D,D,D,D,D,D,D,D,D,D,D,D,D,D,D,D,D,D,D,D","D,D,D,D,D,D,D,D,D,D,D,D,D,D,D,D,D,D,D,D,D,D,D,D,D,D,D,D,D,D",agent2,VLLMMistral7B,cooperative,0.05,294,0.9,0.1,1,19,"C,D,D,C,C,C,C,C,C,C,C,C,C,C,C,C,C,C,D,C,C,C,C,C,C,C,C,C,C,C","C,D,D,C,C,C,C,C,C,C,C,C,C,C,C,C,C,C,C,C,C,C,C,C,C,C,C,C,C,C",0.9737,0.5714,0.1944,Mistral-7B-Instruct-v0.3,5,game_6
Mistral-7B-Instruct-v0.3__noise05__game_7,8,2026-02-12T08:23:00.904736,en,True,30,30,agent1,VLLMMistral7B,selfish,0.05,216,0.0,1.0,0,,"D,D,D,D,D,D,D,D,D,D,D,D,D,D,D,D,D,D,D,D,D,D,D,D,D,D,D,D,D,D","D,D,D,D,D,D,D,D,D,D,D,D,D,D,D,D,D,D,D,D,D,D,D,D,D,D,D,D,D,D",agent2,VLLMMistral7B,selfish,0.05,246,0.1,0.9,3,"21,23,24","D,D,D,D,D,D,D,D,D,D,D,D,D,D,D,D,D,D,D,D,C,D,C,C,D,D,D,D,D,D","D,D,D,D,D,D,D,D,D,D,D,D,D,D,D,D,D,D,D,D,D,D,D,D,D,D,D,D,D,D",0.9342,0.7143,0.3611,Mistral-7B-Instruct-v0.3,5,game_7
Mistral-7B-Instruct-v0.3__noise05__game_8,9,2026-02-12T08:24:10.758186,en,True,30,30,agent1,VLLMMistral7B,cooperative,0.05,70,0.9,0.1,3,"15,16,25","C,C,C,C,C,C,C,C,C,C,C,C,C,C,D,D,C,C,C,C,C,C,C,C,D,C,C,C,C,C","C,C,C,C,C,C,C,C,C,C,C,C,C,C,C,C,C,C,C,C,C,C,C,C,C,C,C,C,C,C",agent2,VLLMMistral7B,cooperative,0.05,80,0.9333,0.0667,2,"14,18","C,C,C,C,C,C,C,C,C,C,C,C,C,D,C,C,C,D,C,C,C,C,C,C,C,C,C,C,C,C","C,C,C,C,C,C,C,C,C,C,C,C,C,C,C,C,C,C,C,C,C,C,C,C,C,C,C,C,C,C",0.9737,0.8571,0.1944,Mistral-7B-Instruct-v0.3,5,game_8
Mistral-7B-Instruct-v0.3__noise05__game_9,10,2026-02-12T08:24:16.043948,en,True,30,30,agent1,VLLMMistral7B,cooperative,0.05,280,0.9333,0.0667,1,24,"C,C,D,C,C,C,C,C,C,C,C,C,C,C,C,C,C,C,C,C,C,C,C,D,C,C,C,C,C,C","C,C,D,C,C,C,C,C,C,C,C,C,C,C,C,C,C,C,C,C,C,C,C,C,C,C,C,C,C,C",agent2,VLLMMistral7B,selfish,0.05,20,0.0667,0.9333,1,2,"D,C,D,D,D,D,D,D,D,D,D,D,D,D,D,D,D,D,D,D,D,D,D,D,D,D,D,D,D,C","D,D,D,D,D,D,D,D,D,D,D,D,D,D,D,D,D,D,D,D,D,D,D,D,D,D,D,D,D,C",0.9737,0.9762,0.0,Mistral-7B-Instruct-v0.3,5,game_9
Mistral-7B-Instruct-v0.3__noise05__game_10,11,2026-02-12T08:24:22.233444,en,True,30,30,agent1,VLLMMistral7B,selfish,0.05,44,0.0667,0.9333,2,"14,28","D,D,D,D,D,D,D,D,D,D,D,D,D,C,D,D,D,D,D,D,D,D,D,D,D,D,D,C,D,D","D,D,D,D,D,D,D,D,D,D,D,D,D,D,D,D,D,D,D,D,D,D,D,D,D,D,D,D,D,D",agent2,VLLMMistral7B,cooperative,0.05,274,0.8333,0.1667,2,"11,25","C,D,C,C,C,C,C,C,C,C,D,C,C,D,C,C,C,C,C,C,C,C,D,C,D,C,C,C,C,C","C,D,C,C,C,C,C,C,C,C,C,C,C,D,C,C,C,C,C,C,C,C,D,C,C,C,C,C,C,C",0.9868,0.619,0.1667,Mistral-7B-Instruct-v0.3,5,game_10
Mistral-7B-Instruct-v0.3__noise05__game_11,12,2026-02-12T08:24:34.879874,en,True,30,30,agent1,VLLMMistral7B,selfish,0.05,240,0.0,1.0,0,,"D,D,D,D,D,D,D,D,D,D,D,D,D,D,D,D,D,D,D,D,D,D,D,D,D,D,D,D,D,D","D,D,D,D,D,D,D,D,D,D,D,D,D,D,D,D,D,D,D,D,D,D,D,D,D,D,D,D,D,D",agent2,VLLMMistral7B,selfish,0.05,240,0.0,1.0,0,,"D,D,D,D,D,D,D,D,D,D,D,D,D,D,D,D,D,D,D,D,D,D,D,D,D,D,D,D,D,D","D,D,D,D,D,D,D,D,D,D,D,D,D,D,D,D,D,D,D,D,D,D,D,D,D,D,D,D,D,D",0.9605,0.7143,0.5556,Mistral-7B-Instruct-v0.3,5,game_11
Mistral-7B-Instruct-v0.3__noise05__game_12,13,2026-02-12T08:25:39.286153,en,True,30,30,agent1,VLLMMistral7B,cooperative,0.05,100,1.0,0.0,0,,"C,C,C,C,C,C,C,C,C,C,C,C,C,C,C,C,C,C,C,C,C,C,C,C,C,C,C,C,C,C","C,C,C,C,C,C,C,C,C,C,C,C,C,C,C,C,C,C,C,C,C,C,C,C,C,C,C,C,C,C",agent2,VLLMMistral7B,cooperative,0.05,50,0.8333,0.1667,5,"8,9,13,22,25","C,C,C,C,C,C,C,D,D,C,C,C,D,C,C,C,C,C,C,C,C,D,C,C,D,C,C,C,C,C","C,C,C,C,C,C,C,C,C,C,C,C,C,C,C,C,C,C,C,C,C,C,C,C,C,C,C,C,C,C",0.9737,0.9048,0.1111,Mistral-7B-Instruct-v0.3,5,game_12
Mistral-7B-Instruct-v0.3__noise05__game_13,14,2026-02-12T08:25:47.141408,en,True,30,30,agent1,VLLMMistral7B,cooperative,0.05,288,0.9333,0.0667,0,,"C,D,C,C,C,C,C,C,C,C,C,C,C,C,C,C,C,C,C,C,C,C,C,C,C,C,D,C,C,C","C,D,C,C,C,C,C,C,C,C,C,C,C,C,C,C,C,C,C,C,C,C,C,C,C,C,D,C,C,C",agent2,VLLMMistral7B,selfish,0.05,18,0.0333,0.9667,1,30,"D,D,D,D,D,D,D,D,D,D,D,D,D,D,D,D,D,D,D,D,D,D,D,D,D,D,D,D,D,C","D,D,D,D,D,D,D,D,D,D,D,D,D,D,D,D,D,D,D,D,D,D,D,D,D,D,D,D,D,D",1.0,0.9762,0.1111,Mistral-7B-Instruct-v0.3,5,game_13
Mistral-7B-Instruct-v0.3__noise05__game_14,15,2026-02-12T08:25:50.773312,en,True,30,30,agent1,VLLMMistral7B,selfish,0.05,14,0.1,0.9,3,"21,29,30","D,D,D,D,D,D,D,D,D,D,D,D,D,D,D,D,D,D,D,D,C,D,D,D,D,D,D,D,C,C","D,D,D,D,D,D,D,D,D,D,D,D,D,D,D,D,D,D,D,D,D,D,D,D,D,D,D,D,D,D",agent2,VLLMMistral7B,cooperative,0.05,274,0.9667,0.0333,1,27,"C,C,C,C,C,C,C,C,C,C,C,C,C,C,C,C,C,C,C,C,C,C,C,C,C,C,D,C,C,C","C,C,C,C,C,C,C,C,C,C,C,C,C,C,C,C,C,C,C,C,C,C,C,C,C,C,C,C,C,C",0.9211,0.619,0.3333,Mistral-7B-Instruct-v0.3,5,game_14
Mistral-7B-Instruct-v0.3__noise05__game_15,16,2026-02-12T08:26:07.275055,en,True,30,30,agent1,VLLMMistral7B,selfish,0.05,226,0.0333,0.9667,1,9,"D,D,D,D,D,D,D,D,C,D,D,D,D,D,D,D,D,D,D,D,D,D,D,D,D,D,D,D,D,D","D,D,D,D,D,D,D,D,D,D,D,D,D,D,D,D,D,D,D,D,D,D,D,D,D,D,D,D,D,D",agent2,VLLMMistral7B,selfish,0.05,236,0.0667,0.9333,2,"22,26","D,D,D,D,D,D,D,D,D,D,D,D,D,D,D,D,D,D,D,D,D,C,D,D,D,C,D,D,D,D","D,D,D,D,D,D,D,D,D,D,D,D,D,D,D,D,D,D,D,D,D,D,D,D,D,D,D,D,D,D",0.9605,0.6905,0.1111,Mistral-7B-Instruct-v0.3,5,game_15
Mistral-7B-Instruct-v0.3__noise05__game_16,17,2026-02-12T08:27:12.238397,en,True,30,30,agent1,VLLMMistral7B,cooperative,0.05,64,0.9333,0.0667,2,"27,29","C,C,C,C,C,C,C,C,C,C,C,C,C,C,C,C,C,C,C,C,C,C,C,C,C,C,D,C,D,C","C,C,C,C,C,C,C,C,C,C,C,C,C,C,C,C,C,C,C,C,C,C,C,C,C,C,C,C,C,C",agent2,VLLMMistral7B,cooperative,0.05,74,0.9667,0.0333,1,10,"C,C,C,C,C,C,C,C,C,D,C,C,C,C,C,C,C,C,C,C,C,C,C,C,C,C,C,C,C,C","C,C,C,C,C,C,C,C,C,C,C,C,C,C,C,C,C,C,C,C,C,C,C,C,C,C,C,C,C,C",0.9868,0.8333,0.1389,Mistral-7B-Instruct-v0.3,5,game_16
Mistral-7B-Instruct-v0.3__noise05__game_17,18,2026-02-12T08:27:21.950956,en,True,30,30,agent1,VLLMMistral7B,cooperative,0.05,266,0.9667,0.0333,1,19,"C,C,C,C,C,C,C,C,C,C,C,C,C,C,C,C,C,C,D,C,C,C,C,C,C,C,C,C,C,C","C,C,C,C,C,C,C,C,C,C,C,C,C,C,C,C,C,C,C,C,C,C,C,C,C,C,C,C,C,C",agent2,VLLMMistral7B,selfish,0.05,16,0.1333,0.8667,2,"10,23","D,D,D,D,D,D,D,D,D,C,D,D,D,D,D,D,D,C,C,D,D,D,C,D,D,D,D,D,D,D","D,D,D,D,D,D,D,D,D,D,D,D,D,D,D,D,D,C,C,D,D,D,D,D,D,D,D,D,D,D",0.9079,0.9048,0.0556,Mistral-7B-Instruct-v0.3,5,game_17
Mistral-7B-Instruct-v0.3__noise05__game_18,19,2026-02-12T08:27:25.015641,en,True,30,30,agent1,VLLMMistral7B,selfish,0.05,26,0.0333,0.9667,1,6,"D,D,D,D,D,C,D,D,D,D,D,D,D,D,D,D,D,D,D,D,D,D,D,D,D,D,D,D,D,D","D,D,D,D,D,D,D,D,D,D,D,D,D,D,D,D,D,D,D,D,D,D,D,D,D,D,D,D,D,D",agent2,VLLMMistral7B,cooperative,0.05,286,0.9,0.1,2,"14,24","C,C,C,C,C,C,C,C,C,C,C,C,C,D,C,C,C,C,C,C,C,C,C,D,C,C,D,C,C,C","C,C,C,C,C,C,C,C,C,C,C,C,C,C,C,C,C,C,C,C,C,C,C,C,C,C,D,C,C,C",0.9474,0.619,0.0,Mistral-7B-Instruct-v0.3,5,game_18
Mistral-7B-Instruct-v0.3__noise05__game_19,20,2026-02-12T08:27:31.754058,en,True,30,30,agent1,VLLMMistral7B,selfish,0.05,240,0.0,1.0,0,,"D,D,D,D,D,D,D,D,D,D,D,D,D,D,D,D,D,D,D,D,D,D,D,D,D,D,D,D,D,D","D,D,D,D,D,D,D,D,D,D,D,D,D,D,D,D,D,D,D,D,D,D,D,D,D,D,D,D,D,D",agent2,VLLMMistral7B,selfish,0.05,240,0.0,1.0,0,,"D,D,D,D,D,D,D,D,D,D,D,D,D,D,D,D,D,D,D,D,D,D,D,D,D,D,D,D,D,D","D,D,D,D,D,D,D,D,D,D,D,D,D,D,D,D,D,D,D,D,D,D,D,D,D,D,D,D,D,D",0.9474,0.7143,0.5278,Mistral-7B-Instruct-v0.3,5,game_19
Mistral-7B-Instruct-v0.3__noise05__game_21,22,2026-02-12T08:29:01.637572,en,True,30,30,agent1,VLLMMistral7B,cooperative,0.05,292,1.0,0.0,0,,"C,C,C,C,C,C,C,C,C,C,C,C,C,C,C,C,C,C,C,C,C,C,C,C,C,C,C,C,C,C","C,C,C,C,C,C,C,C,C,C,C,C,C,C,C,C,C,C,C,C,C,C,C,C,C,C,C,C,C,C",agent2,VLLMMistral7B,selfish,0.05,2,0.0333,0.9667,1,7,"D,D,D,D,D,D,C,D,D,D,D,D,D,D,D,D,D,D,D,D,D,D,D,D,D,D,D,D,D,D","D,D,D,D,D,D,D,D,D,D,D,D,D,D,D,D,D,D,D,D,D,D,D,D,D,D,D,D,D,D",1.0,1.0,0.0278,Mistral-7B-Instruct-v0.3,5,game_21
Mistral-7B-Instruct-v0.3__noise05__game_22,23,2026-02-12T08:29:01.724986,en,True,30,30,agent1,VLLMMistral7B,selfish,0.05,34,0.0333,0.9667,1,18,"D,D,D,D,D,D,D,D,D,D,D,D,D,D,D,D,D,C,D,D,D,D,D,D,D,D,D,D,D,D","D,D,D,D,D,D,D,D,D,D,D,D,D,D,D,D,D,D,D,D,D,D,D,D,D,D,D,D,D,D",agent2,VLLMMistral7B,cooperative,0.05,284,0.8667,0.1333,3,"8,17,19","C,C,D,D,C,C,C,D,C,C,C,C,C,C,C,C,D,C,C,C,C,C,C,C,C,C,C,C,C,C","C,C,D,D,C,C,C,C,C,C,C,C,C,C,C,C,C,C,D,C,C,C,C,C,C,C,C,C,C,C",0.9474,0.619,0.0833,Mistral-7B-Instruct-v0.3,5,game_22
Mistral-7B-Instruct-v0.3__noise05__game_23,24,2026-02-12T08:29:02.857231,en,True,30,30,agent1,VLLMMistral7B,selfish,0.05,238,0.1,0.9,3,"3,27,29","D,D,C,D,D,D,D,D,D,D,D,D,D,D,D,D,D,D,D,D,D,D,D,D,D,D,C,D,C,D","D,D,D,D,D,D,D,D,D,D,D,D,D,D,D,D,D,D,D,D,D,D,D,D,D,D,D,D,D,D",agent2,VLLMMistral7B,selfish,0.05,218,0.0333,0.9667,0,,"D,D,D,D,D,D,D,D,D,C,D,D,D,D,D,D,D,D,D,D,D,D,D,D,D,D,D,D,D,D","D,D,D,D,D,D,D,D,D,C,D,D,D,D,D,D,D,D,D,D,D,D,D,D,D,D,D,D,D,D",0.9474,0.8095,0.1111,Mistral-7B-Instruct-v0.3,5,game_23
Mistral-7B-Instruct-v0.3__noise05__game_20,21,2026-02-12T08:29:06.620067,en,True,30,30,agent1,VLLMMistral7B,cooperative,0.05,52,0.6,0.4,2,"3,25","C,C,D,D,D,D,D,C,D,D,D,D,D,D,C,C,C,C,C,C,C,C,C,C,D,C,C,C,C,C","C,C,C,D,D,D,D,C,D,D,D,D,D,D,C,C,C,C,C,C,C,C,C,C,C,C,C,C,C,C",agent2,VLLMMistral7B,cooperative,0.05,152,0.9333,0.0667,0,,"C,C,C,C,C,C,C,C,C,C,C,C,C,C,C,C,C,C,C,C,C,C,C,C,C,C,C,C,D,D","C,C,C,C,C,C,C,C,C,C,C,C,C,C,C,C,C,C,C,C,C,C,C,C,C,C,C,C,D,D",0.9737,0.8571,0.1389,Mistral-7B-Instruct-v0.3,5,game_20
Mistral-7B-Instruct-v0.3__noise05__game_24,25,2026-02-12T08:30:34.648575,en,True,30,30,agent1,VLLMMistral7B,cooperative,0.05,108,1.0,0.0,0,,"C,C,C,C,C,C,C,C,C,C,C,C,C,C,C,C,C,C,C,C,C,C,C,C,C,C,C,C,C,C","C,C,C,C,C,C,C,C,C,C,C,C,C,C,C,C,C,C,C,C,C,C,C,C,C,C,C,C,C,C",agent2,VLLMMistral7B,cooperative,0.05,48,0.8,0.2,3,"16,24,28","C,C,C,C,C,C,C,C,C,C,D,D,D,C,C,D,C,C,C,C,C,C,C,D,C,C,C,D,C,C","C,C,C,C,C,C,C,C,C,C,D,D,D,C,C,C,C,C,C,C,C,C,C,C,C,C,C,C,C,C",0.9474,0.8571,0.1111,Mistral-7B-Instruct-v0.3,5,game_24
Mistral-7B-Instruct-v0.3__noise05__game_25,26,2026-02-12T08:30:35.202357,en,True,30,30,agent1,VLLMMistral7B,cooperative,0.05,248,0.9333,0.0667,2,"2,6","C,D,C,C,C,D,C,C,C,C,C,C,C,C,C,C,C,C,C,C,C,C,C,C,C,C,C,C,C,C","C,C,C,C,C,C,C,C,C,C,C,C,C,C,C,C,C,C,C,C,C,C,C,C,C,C,C,C,C,C",agent2,VLLMMistral7B,selfish,0.05,28,0.2,0.8,0,,"D,D,D,D,D,D,D,D,D,D,C,D,D,C,D,D,D,C,C,C,C,D,D,D,D,D,D,D,D,D","D,D,D,D,D,D,D,D,D,D,C,D,D,C,D,D,D,C,C,C,C,D,D,D,D,D,D,D,D,D",0.8947,0.9524,0.0556,Mistral-7B-Instruct-v0.3,5,game_25
Mistral-7B-Instruct-v0.3__noise05__game_26,27,2026-02-12T08:30:35.456421,en,True,30,30,agent1,VLLMMistral7B,selfish,0.05,36,0.0667,0.9333,1,9,"C,D,D,D,D,D,D,D,C,D,D,D,D,D,D,D,D,D,D,D,D,D,D,D,D,D,D,D,D,D","C,D,D,D,D,D,D,D,D,D,D,D,D,D,D,D,D,D,D,D,D,D,D,D,D,D,D,D,D,D",agent2,VLLMMistral7B,cooperative,0.05,276,0.8667,0.1333,2,"14,28","C,C,C,C,C,C,C,C,C,C,C,C,C,D,C,D,D,C,C,D,C,C,C,C,C,C,C,C,C,C","C,C,C,C,C,C,C,C,C,C,C,C,C,C,C,D,D,C,C,D,C,C,C,C,C,C,C,D,C,C",0.9737,0.6667,0.0278,Mistral-7B-Instruct-v0.3,5,game_26
Mistral-7B-Instruct-v0.3__noise05__game_27,28,2026-02-12T08:30:37.596207,en,True,30,30,agent1,VLLMMistral7B,selfish,0.05,238,0.1,0.9,3,"10,15,20","D,D,D,D,D,D,D,D,D,C,D,D,D,D,C,D,D,D,D,C,D,D,D,D,D,D,D,D,D,D","D,D,D,D,D,D,D,D,D,D,D,D,D,D,D,D,D,D,D,D,D,D,D,D,D,D,D,D,D,D",agent2,VLLMMistral7B,selfish,0.05,218,0.0333,0.9667,1,13,"D,D,D,D,D,D,D,D,D,D,D,D,C,D,D,D,D,D,D,D,D,D,D,D,D,D,D,D,D,D","D,D,D,D,D,D,D,D,D,D,D,D,D,D,D,D,D,D,D,D,D,D,D,D,D,D,D,D,D,D",1.0,0.8095,0.1111,Mistral-7B-Instruct-v0.3,5,game_27
Mistral-7B-Instruct-v0.3__noise05__game_28,29,2026-02-12T08:31:56.913903,en,True,30,30,agent1,VLLMMistral7B,cooperative,0.05,74,0.9667,0.0333,1,4,"C,C,C,D,C,C,C,C,C,C,C,C,C,C,C,C,C,C,C,C,C,C,C,C,C,C,C,C,C,C","C,C,C,C,C,C,C,C,C,C,C,C,C,C,C,C,C,C,C,C,C,C,C,C,C,C,C,C,C,C",agent2,VLLMMistral7B,cooperative,0.05,64,0.9333,0.0667,2,"3,9","C,C,D,C,C,C,C,C,D,C,C,C,C,C,C,C,C,C,C,C,C,C,C,C,C,C,C,C,C,C","C,C,C,C,C,C,C,C,C,C,C,C,C,C,C,C,C,C,C,C,C,C,C,C,C,C,C,C,C,C",0.9868,0.881,0.0833,Mistral-7B-Instruct-v0.3,5,game_28
Mistral-7B-Instruct-v0.3__noise05__game_30,31,2026-02-12T08:32:02.866369,en,True,30,30,agent1,VLLMMistral7B,selfish,0.05,10,0.0333,0.9667,1,16,"D,D,D,D,D,D,D,D,D,D,D,D,D,D,D,C,D,D,D,D,D,D,D,D,D,D,D,D,D,D","D,D,D,D,D,D,D,D,D,D,D,D,D,D,D,D,D,D,D,D,D,D,D,D,D,D,D,D,D,D",agent2,VLLMMistral7B,cooperative,0.05,290,0.9667,0.0333,0,,"C,D,C,C,C,C,C,C,C,C,C,C,C,C,C,C,C,C,C,C,C,C,C,C,C,C,C,C,C,C","C,D,C,C,C,C,C,C,C,C,C,C,C,C,C,C,C,C,C,C,C,C,C,C,C,C,C,C,C,C",1.0,0.619,0.0556,Mistral-7B-Instruct-v0.3,5,game_30
Mistral-7B-Instruct-v0.3__noise05__game_31,32,2026-02-12T08:32:03.341640,en,True,30,30,agent1,VLLMMistral7B,selfish,0.05,234,0.0333,0.9667,1,12,"D,D,D,D,D,D,D,D,D,D,D,C,D,D,D,D,D,D,D,D,D,D,D,D,D,D,D,D,D,D","D,D,D,D,D,D,D,D,D,D,D,D,D,D,D,D,D,D,D,D,D,D,D,D,D,D,D,D,D,D",agent2,VLLMMistral7B,selfish,0.05,234,0.0333,0.9667,1,8,"D,D,D,D,D,D,D,C,D,D,D,D,D,D,D,D,D,D,D,D,D,D,D,D,D,D,D,D,D,D","D,D,D,D,D,D,D,D,D,D,D,D,D,D,D,D,D,D,D,D,D,D,D,D,D,D,D,D,D,D",0.9211,0.7143,0.0556,Mistral-7B-Instruct-v0.3,5,game_31
Mistral-7B-Instruct-v0.3__noise05__game_29,30,2026-02-12T08:32:06.499280,en,True,30,30,agent1,VLLMMistral7B,cooperative,0.05,266,0.8333,0.1667,3,"15,17,18","C,D,C,C,C,C,C,C,C,C,C,C,C,C,D,C,D,D,C,C,C,C,C,C,C,D,C,C,C,C","C,D,C,C,C,C,C,C,C,C,C,C,C,C,C,C,C,C,C,C,C,C,C,C,C,D,C,C,C,C",agent2,VLLMMistral7B,selfish,0.05,46,0.1,0.9,2,"15,25","D,D,D,D,D,D,C,D,D,D,D,D,D,D,C,D,D,D,D,D,D,D,D,D,C,D,D,D,D,D","D,D,D,D,D,D,C,D,D,D,D,D,D,D,D,D,D,D,D,D,D,D,D,D,D,D,D,D,D,D",1.0,0.9762,0.0278,Mistral-7B-Instruct-v0.3,5,game_29
Mistral-7B-Instruct-v0.3__noise05__game_32,33,2026-02-12T08:33:24.945990,en,True,30,30,agent1,VLLMMistral7B,cooperative,0.05,74,0.9667,0.0333,1,19,"C,C,C,C,C,C,C,C,C,C,C,C,C,C,C,C,C,C,D,C,C,C,C,C,C,C,C,C,C,C","C,C,C,C,C,C,C,C,C,C,C,C,C,C,C,C,C,C,C,C,C,C,C,C,C,C,C,C,C,C",agent2,VLLMMistral7B,cooperative,0.05,64,0.9333,0.0667,2,"3,12","C,C,D,C,C,C,C,C,C,C,C,D,C,C,C,C,C,C,C,C,C,C,C,C,C,C,C,C,C,C","C,C,C,C,C,C,C,C,C,C,C,C,C,C,C,C,C,C,C,C,C,C,C,C,C,C,C,C,C,C",1.0,0.8095,0.1667,Mistral-7B-Instruct-v0.3,5,game_32
Mistral-7B-Instruct-v0.3__noise05__game_33,34,2026-02-12T08:33:34.619328,en,True,30,30,agent1,VLLMMistral7B,cooperative,0.05,272,0.8,0.2,1,2,"C,D,C,C,C,C,C,D,C,C,C,D,D,D,C,C,C,C,C,C,D,C,C,C,C,C,C,C,C,C","C,C,C,C,C,C,C,D,C,C,C,D,D,D,C,C,C,C,C,C,D,C,C,C,C,C,C,C,C,C",agent2,VLLMMistral7B,selfish,0.05,52,0.0667,0.9333,2,"6,28","D,D,D,D,D,C,D,D,D,D,D,D,D,D,D,D,D,D,D,D,D,D,D,D,D,D,D,C,D,D","D,D,D,D,D,D,D,D,D,D,D,D,D,D,D,D,D,D,D,D,D,D,D,D,D,D,D,D,D,D",0.9737,1.0,0.0,Mistral-7B-Instruct-v0.3,5,game_33
Mistral-7B-Instruct-v0.3__noise05__game_34,35,2026-02-12T08:33:35.695107,en,True,30,30,agent1,VLLMMistral7B,selfish,0.05,10,0.0333,0.9667,0,,"D,D,D,D,D,D,D,D,D,D,D,D,D,D,D,D,D,C,D,D,D,D,D,D,D,D,D,D,D,D","D,D,D,D,D,D,D,D,D,D,D,D,D,D,D,D,D,C,D,D,D,D,D,D,D,D,D,D,D,D",agent2,VLLMMistral7B,cooperative,0.05,290,0.9667,0.0333,0,,"C,C,C,C,C,C,C,D,C,C,C,C,C,C,C,C,C,C,C,C,C,C,C,C,C,C,C,C,C,C","C,C,C,C,C,C,C,D,C,C,C,C,C,C,C,C,C,C,C,C,C,C,C,C,C,C,C,C,C,C",0.9342,0.619,0.0833,Mistral-7B-Instruct-v0.3,5,game_34
Mistral-7B-Instruct-v0.3__noise05__game_35,36,2026-02-12T08:33:47.317032,en,True,30,30,agent1,VLLMMistral7B,selfish,0.05,226,0.0333,0.9667,0,,"C,D,D,D,D,D,D,D,D,D,D,D,D,D,D,D,D,D,D,D,D,D,D,D,D,D,D,D,D,D","C,D,D,D,D,D,D,D,D,D,D,D,D,D,D,D,D,D,D,D,D,D,D,D,D,D,D,D,D,D",agent2,VLLMMistral7B,selfish,0.05,236,0.0667,0.9333,2,"1,11","C,D,D,D,D,D,D,D,D,D,C,D,D,D,D,D,D,D,D,D,D,D,D,D,D,D,D,D,D,D","D,D,D,D,D,D,D,D,D,D,D,D,D,D,D,D,D,D,D,D,D,D,D,D,D,D,D,D,D,D",0.9474,0.7143,0.0,Mistral-7B-Instruct-v0.3,5,game_35
Mistral-7B-Instruct-v0.3__noise05__game_36,37,2026-02-12T08:34:58.261168,en,True,30,30,agent1,VLLMMistral7B,cooperative,0.05,58,0.9667,0.0333,1,4,"C,C,C,D,C,C,C,C,C,C,C,C,C,C,C,C,C,C,C,C,C,C,C,C,C,C,C,C,C,C","C,C,C,C,C,C,C,C,C,C,C,C,C,C,C,C,C,C,C,C,C,C,C,C,C,C,C,C,C,C",agent2,VLLMMistral7B,cooperative,0.05,68,1.0,0.0,0,,"C,C,C,C,C,C,C,C,C,C,C,C,C,C,C,C,C,C,C,C,C,C,C,C,C,C,C,C,C,C","C,C,C,C,C,C,C,C,C,C,C,C,C,C,C,C,C,C,C,C,C,C,C,C,C,C,C,C,C,C",1.0,0.8571,0.1944,Mistral-7B-Instruct-v0.3,5,game_36
Mistral-7B-Instruct-v0.3__noise05__game_38,39,2026-02-12T08:35:04.545153,en,True,30,30,agent1,VLLMMistral7B,selfish,0.05,32,0.0,1.0,0,,"D,D,D,D,D,D,D,D,D,D,D,D,D,D,D,D,D,D,D,D,D,D,D,D,D,D,D,D,D,D","D,D,D,D,D,D,D,D,D,D,D,D,D,D,D,D,D,D,D,D,D,D,D,D,D,D,D,D,D,D",agent2,VLLMMistral7B,cooperative,0.05,292,0.8667,0.1333,2,"5,27","C,D,D,C,D,C,C,C,C,C,C,C,C,C,C,C,C,C,C,C,C,C,C,C,C,C,D,C,C,C","C,D,D,C,C,C,C,C,C,C,C,C,C,C,C,C,C,C,C,C,C,C,C,C,C,C,C,C,C,C",0.9474,0.5714,0.1667,Mistral-7B-Instruct-v0.3,5,game_38
Mistral-7B-Instruct-v0.3__noise05__game_37,38,2026-02-12T08:35:09.311687,en,True,30,30,agent1,VLLMMistral7B,cooperative,0.05,256,0.9333,0.0667,2,"6,11","C,C,C,C,C,D,C,C,C,C,D,C,C,C,C,C,C,C,C,C,C,C,C,C,C,C,C,C,C,C","C,C,C,C,C,C,C,C,C,C,C,C,C,C,C,C,C,C,C,C,C,C,C,C,C,C,C,C,C,C",agent2,VLLMMistral7B,selfish,0.05,26,0.1667,0.8333,5,"4,11,12,15,18","D,D,D,C,D,D,D,D,D,D,C,C,D,D,C,D,D,C,D,D,D,D,D,D,D,D,D,D,D,D","D,D,D,D,D,D,D,D,D,D,D,D,D,D,D,D,D,D,D,D,D,D,D,D,D,D,D,D,D,D",0.9737,1.0,0.0278,Mistral-7B-Instruct-v0.3,5,game_37
Mistral-7B-Instruct-v0.3__noise05__game_39,40,2026-02-12T08:35:23.951546,en,True,30,30,agent1,VLLMMistral7B,selfish,0.05,236,0.0667,0.9333,2,"19,30","D,D,D,D,D,D,D,D,D,D,D,D,D,D,D,D,D,D,C,D,D,D,D,D,D,D,D,D,D,C","D,D,D,D,D,D,D,D,D,D,D,D,D,D,D,D,D,D,D,D,D,D,D,D,D,D,D,D,D,D",agent2,VLLMMistral7B,selfish,0.05,226,0.0333,0.9667,1,16,"D,D,D,D,D,D,D,D,D,D,D,D,D,D,D,C,D,D,D,D,D,D,D,D,D,D,D,D,D,D","D,D,D,D,D,D,D,D,D,D,D,D,D,D,D,D,D,D,D,D,D,D,D,D,D,D,D,D,D,D",0.9474,0.8333,0.25,Mistral-7B-Instruct-v0.3,5,game_39
Mistral-7B-Instruct-v0.3__noise05__game_41,42,2026-02-12T08:36:32.641267,fr,True,30,30,agent1,VLLMMistral7B,coopératif,0.05,208,0.9333,0.0667,2,"1,27","T,C,C,C,C,C,C,C,C,C,C,C,C,C,C,C,C,C,C,C,C,C,C,C,C,C,T,C,C,C","C,C,C,C,C,C,C,C,C,C,C,C,C,C,C,C,C,C,C,C,C,C,C,C,C,C,C,C,C,C",agent2,VLLMMistral7B,égoïste,0.05,38,0.3667,0.6333,2,"5,7","T,T,C,T,C,T,C,T,T,T,T,T,T,T,T,T,T,T,C,C,C,C,C,T,C,T,T,C,T,C","T,T,C,T,T,T,T,T,T,T,T,T,T,T,T,T,T,T,C,C,C,C,C,T,C,T,T,C,T,C",0.9474,1.0,0.0556,Mistral-7B-Instruct-v0.3,5,game_41
Mistral-7B-Instruct-v0.3__noise05__game_40,41,2026-02-12T08:36:40.579262,fr,True,30,30,agent1,VLLMMistral7B,coopératif,0.05,68,1.0,0.0,0,,"C,C,C,C,C,C,C,C,C,C,C,C,C,C,C,C,C,C,C,C,C,C,C,C,C,C,C,C,C,C","C,C,C,C,C,C,C,C,C,C,C,C,C,C,C,C,C,C,C,C,C,C,C,C,C,C,C,C,C,C",agent2,VLLMMistral7B,coopératif,0.05,58,0.9667,0.0333,1,2,"C,T,C,C,C,C,C,C,C,C,C,C,C,C,C,C,C,C,C,C,C,C,C,C,C,C,C,C,C,C","C,C,C,C,C,C,C,C,C,C,C,C,C,C,C,C,C,C,C,C,C,C,C,C,C,C,C,C,C,C",1.0,0.8333,0.1667,Mistral-7B-Instruct-v0.3,5,game_40
Mistral-7B-Instruct-v0.3__noise05__game_42,43,2026-02-12T08:36:41.416723,fr,True,30,30,agent1,VLLMMistral7B,égoïste,0.05,46,0.1,0.9,1,28,"T,T,T,T,T,T,T,T,C,T,T,T,T,T,T,T,T,T,T,T,T,T,C,T,T,T,T,C,T,T","T,T,T,T,T,T,T,T,C,T,T,T,T,T,T,T,T,T,T,T,T,T,C,T,T,T,T,T,T,T",agent2,VLLMMistral7B,coopératif,0.05,266,0.8333,0.1667,3,"7,18,27","C,C,C,C,T,T,T,C,C,C,C,C,C,C,C,C,C,T,C,C,C,C,C,C,C,C,T,C,C,C","C,C,C,C,T,T,C,C,C,C,C,C,C,C,C,C,C,C,C,C,C,C,C,C,C,C,C,C,C,C",0.9474,0.7143,0.0278,Mistral-7B-Instruct-v0.3,5,game_42
Mistral-7B-Instruct-v0.3__noise05__game_43,44,2026-02-12T08:36:49.799014,fr,True,30,30,agent1,VLLMMistral7B,égoïste,0.05,234,0.0333,0.9667,1,29,"T,T,T,T,T,T,T,T,T,T,T,T,T,T,T,T,T,T,T,T,T,T,T,T,T,T,T,T,C,T","T,T,T,T,T,T,T,T,T,T,T,T,T,T,T,T,T,T,T,T,T,T,T,T,T,T,T,T,T,T",agent2,VLLMMistral7B,égoïste,0.05,234,0.0333,0.9667,1,3,"T,T,C,T,T,T,T,T,T,T,T,T,T,T,T,T,T,T,T,T,T,T,T,T,T,T,T,T,T,T","T,T,T,T,T,T,T,T,T,T,T,T,T,T,T,T,T,T,T,T,T,T,T,T,T,T,T,T,T,T",0.9605,0.7619,0.2778,Mistral-7B-Instruct-v0.3,5,game_43
Mistral-7B-Instruct-v0.3__noise05__game_44,45,2026-02-12T08:38:04.514565,fr,True,30,30,agent1,VLLMMistral7B,coopératif,0.05,76,1.0,0.0,0,,"C,C,C,C,C,C,C,C,C,C,C,C,C,C,C,C,C,C,C,C,C,C,C,C,C,C,C,C,C,C","C,C,C,C,C,C,C,C,C,C,C,C,C,C,C,C,C,C,C,C,C,C,C,C,C,C,C,C,C,C",agent2,VLLMMistral7B,coopératif,0.05,56,0.9333,0.0667,2,"23,28","C,C,C,C,C,C,C,C,C,C,C,C,C,C,C,C,C,C,C,C,C,C,T,C,C,C,C,T,C,C","C,C,C,C,C,C,C,C,C,C,C,C,C,C,C,C,C,C,C,C,C,C,C,C,C,C,C,C,C,C",1.0,0.8571,0.2778,Mistral-7B-Instruct-v0.3,5,game_44
Mistral-7B-Instruct-v0.3__noise05__game_45,46,2026-02-12T08:38:15.009402,fr,True,30,30,agent1,VLLMMistral7B,coopératif,0.05,280,0.9333,0.0667,2,"9,22","C,C,C,C,C,C,C,C,T,C,C,C,C,C,C,C,C,C,C,C,C,T,C,C,C,C,C,C,C,C","C,C,C,C,C,C,C,C,C,C,C,C,C,C,C,C,C,C,C,C,C,C,C,C,C,C,C,C,C,C",agent2,VLLMMistral7B,égoïste,0.05,20,0.0667,0.9333,3,"1,21,26","T,T,T,T,T,T,T,T,T,T,T,T,T,T,T,T,T,T,T,T,C,T,T,T,T,C,T,T,T,T","C,T,T,T,T,T,T,T,T,T,T,T,T,T,T,T,T,T,T,T,T,T,T,T,T,T,T,T,T,T",0.9737,1.0,0.1111,Mistral-7B-Instruct-v0.3,5,game_45
Mistral-7B-Instruct-v0.3__noise05__game_46,47,2026-02-12T08:38:18.682453,fr,True,30,30,agent1,VLLMMistral7B,égoïste,0.05,34,0.0333,0.9667,1,26,"T,T,T,T,T,T,T,T,T,T,T,T,T,T,T,T,T,T,T,T,T,T,T,T,T,C,T,T,T,T","T,T,T,T,T,T,T,T,T,T,T,T,T,T,T,T,T,T,T,T,T,T,T,T,T,T,T,T,T,T",agent2,VLLMMistral7B,coopératif,0.05,284,0.8667,0.1333,2,"24,28","C,T,C,C,C,C,C,C,C,C,C,C,T,C,C,C,C,C,C,C,C,C,C,T,C,C,C,T,C,C","C,T,C,C,C,C,C,C,C,C,C,C,T,C,C,C,C,C,C,C,C,C,C,C,C,C,C,C,C,C",0.9868,0.7143,0.1667,Mistral-7B-Instruct-v0.3,5,game_46
Mistral-7B-Instruct-v0.3__noise05__game_47,48,2026-02-12T08:38:26.364983,fr,True,30,30,agent1,VLLMMistral7B,égoïste,0.05,234,0.0333,0.9667,1,20,"T,T,T,T,T,T,T,T,T,T,T,T,T,T,T,T,T,T,T,C,T,T,T,T,T,T,T,T,T,T","T,T,T,T,T,T,T,T,T,T,T,T,T,T,T,T,T,T,T,T,T,T,T,T,T,T,T,T,T,T",agent2,VLLMMistral7B,égoïste,0.05,234,0.0333,0.9667,1,30,"T,T,T,T,T,T,T,T,T,T,T,T,T,T,T,T,T,T,T,T,T,T,T,T,T,T,T,T,T,C","T,T,T,T,T,T,T,T,T,T,T,T,T,T,T,T,T,T,T,T,T,T,T,T,T,T,T,T,T,T",0.9737,0.7857,0.3056,Mistral-7B-Instruct-v0.3,5,game_47
Mistral-7B-Instruct-v0.3__noise05__game_48,49,2026-02-12T08:39:40.101956,fr,True,30,30,agent1,VLLMMistral7B,coopératif,0.05,92,0.8667,0.1333,2,"2,22","C,T,T,T,C,C,C,C,C,C,C,C,C,C,C,C,C,C,C,C,C,T,C,C,C,C,C,C,C,C","C,C,T,T,C,C,C,C,C,C,C,C,C,C,C,C,C,C,C,C,C,C,C,C,C,C,C,C,C,C",agent2,VLLMMistral7B,coopératif,0.05,82,0.8333,0.1667,3,"2,5,17","C,T,C,C,T,T,T,C,C,C,C,C,C,C,C,C,T,C,C,C,C,C,C,C,C,C,C,C,C,C","C,C,C,C,C,T,T,C,C,C,C,C,C,C,C,C,C,C,C,C,C,C,C,C,C,C,C,C,C,C",0.9211,0.881,0.0,Mistral-7B-Instruct-v0.3,5,game_48
Mistral-7B-Instruct-v0.3__noise05__game_50,51,2026-02-12T08:39:49.645851,fr,True,30,30,agent1,VLLMMistral7B,égoïste,0.05,12,0.0667,0.9333,2,"18,24","T,T,T,T,T,T,T,T,T,T,T,T,T,T,T,T,T,C,T,T,T,T,T,C,T,T,T,T,T,T","T,T,T,T,T,T,T,T,T,T,T,T,T,T,T,T,T,T,T,T,T,T,T,T,T,T,T,T,T,T",agent2,VLLMMistral7B,coopératif,0.05,282,0.9667,0.0333,1,18,"C,C,C,C,C,C,C,C,C,C,C,C,C,C,C,C,C,T,C,C,C,C,C,C,C,C,C,C,C,C","C,C,C,C,C,C,C,C,C,C,C,C,C,C,C,C,C,C,C,C,C,C,C,C,C,C,C,C,C,C",1.0,0.7381,0.1389,Mistral-7B-Instruct-v0.3,5,game_50
Mistral-7B-Instruct-v0.3__noise05__game_49,50,2026-02-12T08:39:49.979287,fr,True,30,30,agent1,VLLMMistral7B,coopératif,0.05,286,0.9,0.1,3,"10,11,18","C,C,C,C,C,C,C,C,C,T,T,C,C,C,C,C,C,T,C,C,C,C,C,C,C,C,C,C,C,C","C,C,C,C,C,C,C,C,C,C,C,C,C,C,C,C,C,C,C,C,C,C,C,C,C,C,C,C,C,C",agent2,VLLMMistral7B,égoïste,0.05,26,0.0333,0.9667,1,25,"T,T,T,T,T,T,T,T,T,T,T,T,T,T,T,T,T,T,T,T,T,T,T,T,C,T,T,T,T,T","T,T,T,T,T,T,T,T,T,T,T,T,T,T,T,T,T,T,T,T,T,T,T,T,T,T,T,T,T,T",0.9474,1.0,0.0556,Mistral-7B-Instruct-v0.3,5,game_49
Mistral-7B-Instruct-v0.3__noise05__game_51,52,2026-02-12T08:40:11.751087,fr,True,30,30,agent1,VLLMMistral7B,égoïste,0.05,208,0.0,1.0,0,,"T,T,T,T,T,T,T,T,T,T,T,T,T,T,T,T,T,T,T,T,T,T,T,T,T,T,T,T,T,T","T,T,T,T,T,T,T,T,T,T,T,T,T,T,T,T,T,T,T,T,T,T,T,T,T,T,T,T,T,T",agent2,VLLMMistral7B,égoïste,0.05,248,0.1333,0.8667,4,"1,6,23,26","C,T,T,T,T,C,T,T,T,T,T,T,T,T,T,T,T,T,T,T,T,T,C,T,T,C,T,T,T,T","T,T,T,T,T,T,T,T,T,T,T,T,T,T,T,T,T,T,T,T,T,T,T,T,T,T,T,T,T,T",0.9605,0.7619,0.1389,Mistral-7B-Instruct-v0.3,5,game_51
Mistral-7B-Instruct-v0.3__noise05__game_52,53,2026-02-12T08:41:10.116080,fr,True,30,30,agent1,VLLMMistral7B,coopératif,0.05,62,0.9,0.1,3,"1,9,25","T,C,C,C,C,C,C,C,T,C,C,C,C,C,C,C,C,C,C,C,C,C,C,C,T,C,C,C,C,C","C,C,C,C,C,C,C,C,C,C,C,C,C,C,C,C,C,C,C,C,C,C,C,C,C,C,C,C,C,C",agent2,VLLMMistral7B,coopératif,0.05,82,0.9667,0.0333,1,28,"C,C,C,C,C,C,C,C,C,C,C,C,C,C,C,C,C,C,C,C,C,C,C,C,C,C,C,T,C,C","C,C,C,C,C,C,C,C,C,C,C,C,C,C,C,C,C,C,C,C,C,C,C,C,C,C,C,C,C,C",0.9342,0.8571,0.1944,Mistral-7B-Instruct-v0.3,5,game_52
Mistral-7B-Instruct-v0.3__noise05__game_53,54,2026-02-12T08:41:21.196988,fr,True,30,30,agent1,VLLMMistral7B,coopératif,0.05,274,0.9667,0.0333,1,17,"C,C,C,C,C,C,C,C,C,C,C,C,C,C,C,C,T,C,C,C,C,C,C,C,C,C,C,C,C,C","C,C,C,C,C,C,C,C,C,C,C,C,C,C,C,C,C,C,C,C,C,C,C,C,C,C,C,C,C,C",agent2,VLLMMistral7B,égoïste,0.05,14,0.1,0.9,1,28,"T,T,T,C,T,T,T,T,T,T,T,C,T,T,T,T,T,T,T,T,T,T,T,T,T,T,T,C,T,T","T,T,T,C,T,T,T,T,T,T,T,C,T,T,T,T,T,T,T,T,T,T,T,T,T,T,T,T,T,T",0.9737,1.0,0.1389,Mistral-7B-Instruct-v0.3,5,game_53
Mistral-7B-Instruct-v0.3__noise05__game_54,55,2026-02-12T08:41:40.920256,fr,True,30,30,agent1,VLLMMistral7B,égoïste,0.05,16,0.0,1.0,0,,"T,T,T,T,T,T,T,T,T,T,T,T,T,T,T,T,T,T,T,T,T,T,T,T,T,T,T,T,T,T","T,T,T,T,T,T,T,T,T,T,T,T,T,T,T,T,T,T,T,T,T,T,T,T,T,T,T,T,T,T",agent2,VLLMMistral7B,coopératif,0.05,296,0.9333,0.0667,0,,"C,C,C,C,C,C,C,C,C,C,C,T,C,C,C,C,C,C,C,C,C,C,T,C,C,C,C,C,C,C","C,C,C,C,C,C,C,C,C,C,C,T,C,C,C,C,C,C,C,C,C,C,T,C,C,C,C,C,C,C",1.0,0.7143,0.1667,Mistral-7B-Instruct-v0.3,5,game_54
Mistral-7B-Instruct-v0.3__noise05__game_55,56,2026-02-12T08:41:52.558311,fr,True,30,30,agent1,VLLMMistral7B,égoïste,0.05,226,0.0333,0.9667,0,,"C,T,T,T,T,T,T,T,T,T,T,T,T,T,T,T,T,T,T,T,T,T,T,T,T,T,T,T,T,T","C,T,T,T,T,T,T,T,T,T,T,T,T,T,T,T,T,T,T,T,T,T,T,T,T,T,T,T,T,T",agent2,VLLMMistral7B,égoïste,0.05,236,0.0667,0.9333,1,3,"C,T,C,T,T,T,T,T,T,T,T,T,T,T,T,T,T,T,T,T,T,T,T,T,T,T,T,T,T,T","C,T,T,T,T,T,T,T,T,T,T,T,T,T,T,T,T,T,T,T,T,T,T,T,T,T,T,T,T,T",0.9605,0.7381,0.0,Mistral-7B-Instruct-v0.3,5,game_55
Mistral-7B-Instruct-v0.3__noise05__game_56,57,2026-02-12T08:42:41.127536,fr,True,30,30,agent1,VLLMMistral7B,coopératif,0.05,82,0.9667,0.0333,1,7,"C,C,C,C,C,C,T,C,C,C,C,C,C,C,C,C,C,C,C,C,C,C,C,C,C,C,C,C,C,C","C,C,C,C,C,C,C,C,C,C,C,C,C,C,C,C,C,C,C,C,C,C,C,C,C,C,C,C,C,C",agent2,VLLMMistral7B,coopératif,0.05,62,0.9,0.1,3,"5,12,25","C,C,C,C,T,C,C,C,C,C,C,T,C,C,C,C,C,C,C,C,C,C,C,C,T,C,C,C,C,C","C,C,C,C,C,C,C,C,C,C,C,C,C,C,C,C,C,C,C,C,C,C,C,C,C,C,C,C,C,C",0.9605,0.8333,0.1389,Mistral-7B-Instruct-v0.3,5,game_56
Mistral-7B-Instruct-v0.3__noise05__game_57,58,2026-02-12T08:43:04.435617,fr,True,30,30,agent1,VLLMMistral7B,coopératif,0.05,274,0.9667,0.0333,1,29,"C,C,C,C,C,C,C,C,C,C,C,C,C,C,C,C,C,C,C,C,C,C,C,C,C,C,C,C,T,C","C,C,C,C,C,C,C,C,C,C,C,C,C,C,C,C,C,C,C,C,C,C,C,C,C,C,C,C,C,C",agent2,VLLMMistral7B,égoïste,0.05,14,0.1,0.9,3,"3,14,17","T,T,C,T,T,T,T,T,T,T,T,T,T,C,T,T,C,T,T,T,T,T,T,T,T,T,T,T,T,T","T,T,T,T,T,T,T,T,T,T,T,T,T,T,T,T,T,T,T,T,T,T,T,T,T,T,T,T,T,T",0.9605,0.9762,0.1389,Mistral-7B-Instruct-v0.3,5,game_57
Mistral-7B-Instruct-v0.3__noise05__game_59,60,2026-02-12T08:43:18.432733,fr,True,30,30,agent1,VLLMMistral7B,égoïste,0.05,234,0.0333,0.9667,1,24,"T,T,T,T,T,T,T,T,T,T,T,T,T,T,T,T,T,T,T,T,T,T,T,C,T,T,T,T,T,T","T,T,T,T,T,T,T,T,T,T,T,T,T,T,T,T,T,T,T,T,T,T,T,T,T,T,T,T,T,T",agent2,VLLMMistral7B,égoïste,0.05,234,0.0333,0.9667,1,23,"T,T,T,T,T,T,T,T,T,T,T,T,T,T,T,T,T,T,T,T,T,T,C,T,T,T,T,T,T,T","T,T,T,T,T,T,T,T,T,T,T,T,T,T,T,T,T,T,T,T,T,T,T,T,T,T,T,T,T,T",0.9605,0.7143,0.3889,Mistral-7B-Instruct-v0.3,5,game_59
Mistral-7B-Instruct-v0.3__noise05__game_58,59,2026-02-12T08:43:19.010489,fr,True,30,30,agent1,VLLMMistral7B,égoïste,0.05,22,0.1,0.9,2,"14,24","T,T,T,T,T,T,T,T,T,T,T,T,T,C,T,T,T,T,T,T,T,T,T,C,T,T,T,T,T,C","T,T,T,T,T,T,T,T,T,T,T,T,T,T,T,T,T,T,T,T,T,T,T,T,T,T,T,T,T,C",agent2,VLLMMistral7B,coopératif,0.05,272,0.9333,0.0667,2,"23,26","C,C,C,C,C,C,C,C,C,C,C,C,C,C,C,C,C,C,C,C,C,C,T,C,C,T,C,C,C,C","C,C,C,C,C,C,C,C,C,C,C,C,C,C,C,C,C,C,C,C,C,C,C,C,C,C,C,C,C,C",1.0,0.7143,0.0833,Mistral-7B-Instruct-v0.3,5,game_58
Mistral-7B-Instruct-v0.3__noise05__game_60,61,2026-02-12T08:44:11.060587,fr,True,30,30,agent1,VLLMMistral7B,coopératif,0.05,62,0.9,0.1,3,"7,18,27","C,C,C,C,C,C,T,C,C,C,C,C,C,C,C,C,C,T,C,C,C,C,C,C,C,C,T,C,C,C","C,C,C,C,C,C,C,C,C,C,C,C,C,C,C,C,C,C,C,C,C,C,C,C,C,C,C,C,C,C",agent2,VLLMMistral7B,coopératif,0.05,82,0.9667,0.0333,1,2,"C,T,C,C,C,C,C,C,C,C,C,C,C,C,C,C,C,C,C,C,C,C,C,C,C,C,C,C,C,C","C,C,C,C,C,C,C,C,C,C,C,C,C,C,C,C,C,C,C,C,C,C,C,C,C,C,C,C,C,C",0.8684,0.7143,0.3056,Mistral-7B-Instruct-v0.3,5,game_60
Mistral-7B-Instruct-v0.3__noise05__game_62,63,2026-02-12T08:44:47.615651,fr,True,30,30,agent1,VLLMMistral7B,égoïste,0.05,26,0.0333,0.9667,1,23,"T,T,T,T,T,T,T,T,T,T,T,T,T,T,T,T,T,T,T,T,T,T,C,T,T,T,T,T,T,T","T,T,T,T,T,T,T,T,T,T,T,T,T,T,T,T,T,T,T,T,T,T,T,T,T,T,T,T,T,T",agent2,VLLMMistral7B,coopératif,0.05,286,0.9,0.1,3,"9,12,24","C,C,C,C,C,C,C,C,T,C,C,T,C,C,C,C,C,C,C,C,C,C,C,T,C,C,C,C,C,C","C,C,C,C,C,C,C,C,C,C,C,C,C,C,C,C,C,C,C,C,C,C,C,C,C,C,C,C,C,C",0.9868,0.7143,0.1389,Mistral-7B-Instruct-v0.3,5,game_62
Mistral-7B-Instruct-v0.3__noise05__game_61,62,2026-02-12T08:44:53.550093,fr,True,30,30,agent1,VLLMMistral7B,coopératif,0.05,242,0.1667,0.8333,0,,"C,C,C,C,C,T,T,T,T,T,T,T,T,T,T,T,T,T,T,T,T,T,T,T,T,T,T,T,T,T","C,C,C,C,C,T,T,T,T,T,T,T,T,T,T,T,T,T,T,T,T,T,T,T,T,T,T,T,T,T",agent2,VLLMMistral7B,égoïste,0.05,202,0.0333,0.9667,1,26,"T,T,T,T,T,T,T,T,T,T,T,T,T,T,T,T,T,T,T,T,T,T,T,T,T,C,T,T,T,T","T,T,T,T,T,T,T,T,T,T,T,T,T,T,T,T,T,T,T,T,T,T,T,T,T,T,T,T,T,T",0.9737,0.7619,0.1667,Mistral-7B-Instruct-v0.3,5,game_61
Mistral-7B-Instruct-v0.3__noise05__game_63,64,2026-02-12T08:45:13.648885,fr,True,30,30,agent1,VLLMMistral7B,égoïste,0.05,228,0.0667,0.9333,2,"4,23","T,T,T,C,T,T,T,T,T,T,T,T,T,T,T,T,T,T,T,T,T,T,C,T,T,T,T,T,T,T","T,T,T,T,T,T,T,T,T,T,T,T,T,T,T,T,T,T,T,T,T,T,T,T,T,T,T,T,T,T",agent2,VLLMMistral7B,égoïste,0.05,228,0.0667,0.9333,2,"5,14","T,T,T,T,C,T,T,T,T,T,T,T,T,C,T,T,T,T,T,T,T,T,T,T,T,T,T,T,T,T","T,T,T,T,T,T,T,T,T,T,T,T,T,T,T,T,T,T,T,T,T,T,T,T,T,T,T,T,T,T",0.9605,0.7143,0.0,Mistral-7B-Instruct-v0.3,5,game_63
Mistral-7B-Instruct-v0.3__noise05__game_64,65,2026-02-12T08:45:46.824348,fr,True,30,30,agent1,VLLMMistral7B,coopératif,0.05,88,0.9333,0.0667,2,"3,6","C,C,T,C,C,T,C,C,C,C,C,C,C,C,C,C,C,C,C,C,C,C,C,C,C,C,C,C,C,C","C,C,C,C,C,C,C,C,C,C,C,C,C,C,C,C,C,C,C,C,C,C,C,C,C,C,C,C,C,C",agent2,VLLMMistral7B,coopératif,0.05,68,0.8667,0.1333,3,"10,15,19","C,C,C,T,C,C,C,C,C,T,C,C,C,C,T,C,C,C,T,C,C,C,C,C,C,C,C,C,C,C","C,C,C,T,C,C,C,C,C,C,C,C,C,C,C,C,C,C,C,C,C,C,C,C,C,C,C,C,C,C",0.9605,0.9048,0.0833,Mistral-7B-Instruct-v0.3,5,game_64
Mistral-7B-Instruct-v0.3__noise05__game_65,66,2026-02-12T08:46:23.713332,fr,True,30,30,agent1,VLLMMistral7B,coopératif,0.05,270,0.9,0.1,3,"10,15,24","C,C,C,C,C,C,C,C,C,T,C,C,C,C,T,C,C,C,C,C,C,C,C,T,C,C,C,C,C,C","C,C,C,C,C,C,C,C,C,C,C,C,C,C,C,C,C,C,C,C,C,C,C,C,C,C,C,C,C,C",agent2,VLLMMistral7B,égoïste,0.05,30,0.1,0.9,3,"10,14,17","T,T,T,T,T,T,T,T,T,C,T,T,T,C,T,T,C,T,T,T,T,T,T,T,T,T,T,T,T,T","T,T,T,T,T,T,T,T,T,T,T,T,T,T,T,T,T,T,T,T,T,T,T,T,T,T,T,T,T,T",1.0,0.9524,0.0556,Mistral-7B-Instruct-v0.3,5,game_65
Mistral-7B-Instruct-v0.3__noise05__game_66,67,2026-02-12T08:46:36.384723,fr,True,30,30,agent1,VLLMMistral7B,égoïste,0.05,32,0.0,1.0,0,,"T,T,T,T,T,T,T,T,T,T,T,T,T,T,T,T,T,T,T,T,T,T,T,T,T,T,T,T,T,T","T,T,T,T,T,T,T,T,T,T,T,T,T,T,T,T,T,T,T,T,T,T,T,T,T,T,T,T,T,T",agent2,VLLMMistral7B,coopératif,0.05,292,0.8667,0.1333,1,24,"C,C,C,C,C,C,C,T,C,T,C,C,C,C,C,C,C,C,C,T,C,C,C,T,C,C,C,C,C,C","C,C,C,C,C,C,C,T,C,T,C,C,C,C,C,C,C,C,C,T,C,C,C,C,C,C,C,C,C,C",0.9079,0.7143,0.2222,Mistral-7B-Instruct-v0.3,5,game_66
Mistral-7B-Instruct-v0.3__noise05__game_67,68,2026-02-12T08:46:46.465181,fr,True,30,30,agent1,VLLMMistral7B,égoïste,0.05,236,0.0667,0.9333,2,"13,14","T,T,T,T,T,T,T,T,T,T,T,T,C,C,T,T,T,T,T,T,T,T,T,T,T,T,T,T,T,T","T,T,T,T,T,T,T,T,T,T,T,T,T,T,T,T,T,T,T,T,T,T,T,T,T,T,T,T,T,T",agent2,VLLMMistral7B,égoïste,0.05,226,0.0333,0.9667,1,18,"T,T,T,T,T,T,T,T,T,T,T,T,T,T,T,T,T,C,T,T,T,T,T,T,T,T,T,T,T,T","T,T,T,T,T,T,T,T,T,T,T,T,T,T,T,T,T,T,T,T,T,T,T,T,T,T,T,T,T,T",0.8947,0.7143,0.2778,Mistral-7B-Instruct-v0.3,5,game_67
Mistral-7B-Instruct-v0.3__noise05__game_68,69,2026-02-12T08:47:21.833981,fr,True,30,30,agent1,VLLMMistral7B,coopératif,0.05,64,0.9333,0.0667,2,"11,16","C,C,C,C,C,C,C,C,C,C,T,C,C,C,C,T,C,C,C,C,C,C,C,C,C,C,C,C,C,C","C,C,C,C,C,C,C,C,C,C,C,C,C,C,C,C,C,C,C,C,C,C,C,C,C,C,C,C,C,C",agent2,VLLMMistral7B,coopératif,0.05,74,0.9667,0.0333,1,9,"C,C,C,C,C,C,C,C,T,C,C,C,C,C,C,C,C,C,C,C,C,C,C,C,C,C,C,C,C,C","C,C,C,C,C,C,C,C,C,C,C,C,C,C,C,C,C,C,C,C,C,C,C,C,C,C,C,C,C,C",0.9737,0.8571,0.1111,Mistral-7B-Instruct-v0.3,5,game_68
Mistral-7B-Instruct-v0.3__noise05__game_69,70,2026-02-12T08:47:59.495828,fr,True,30,30,agent1,VLLMMistral7B,coopératif,0.05,238,0.9,0.1,3,"10,14,15","C,C,C,C,C,C,C,C,C,T,C,C,C,T,T,C,C,C,C,C,C,C,C,C,C,C,C,C,C,C","C,C,C,C,C,C,C,C,C,C,C,C,C,C,C,C,C,C,C,C,C,C,C,C,C,C,C,C,C,C",agent2,VLLMMistral7B,égoïste,0.05,38,0.2333,0.7667,2,"20,27","T,T,T,T,T,T,T,C,T,T,C,C,C,T,T,T,T,T,T,C,T,T,T,T,T,T,C,T,T,C","T,T,T,T,T,T,T,C,T,T,C,C,C,T,T,T,T,T,T,T,T,T,T,T,T,T,T,T,T,C",0.8421,1.0,0.1111,Mistral-7B-Instruct-v0.3,5,game_69
Mistral-7B-Instruct-v0.3__noise05__game_70,71,2026-02-12T08:48:14.438044,fr,True,30,30,agent1,VLLMMistral7B,égoïste,0.05,8,0.0,1.0,0,,"T,T,T,T,T,T,T,T,T,T,T,T,T,T,T,T,T,T,T,T,T,T,T,T,T,T,T,T,T,T","T,T,T,T,T,T,T,T,T,T,T,T,T,T,T,T,T,T,T,T,T,T,T,T,T,T,T,T,T,T",agent2,VLLMMistral7B,coopératif,0.05,298,0.9667,0.0333,0,,"C,T,C,C,C,C,C,C,C,C,C,C,C,C,C,C,C,C,C,C,C,C,C,C,C,C,C,C,C,C","C,T,C,C,C,C,C,C,C,C,C,C,C,C,C,C,C,C,C,C,C,C,C,C,C,C,C,C,C,C",1.0,0.7143,0.1667,Mistral-7B-Instruct-v0.3,5,game_70
Mistral-7B-Instruct-v0.3__noise05__game_71,72,2026-02-12T08:48:16.126724,fr,True,30,30,agent1,VLLMMistral7B,égoïste,0.05,220,0.0667,0.9333,2,"7,8","T,T,T,T,T,T,C,C,T,T,T,T,T,T,T,T,T,T,T,T,T,T,T,T,T,T,T,T,T,T","T,T,T,T,T,T,T,T,T,T,T,T,T,T,T,T,T,T,T,T,T,T,T,T,T,T,T,T,T,T",agent2,VLLMMistral7B,égoïste,0.05,230,0.1,0.9,2,"4,18","C,T,T,C,T,T,T,T,T,T,T,T,T,T,T,T,T,C,T,T,T,T,T,T,T,T,T,T,T,T","C,T,T,T,T,T,T,T,T,T,T,T,T,T,T,T,T,T,T,T,T,T,T,T,T,T,T,T,T,T",0.8684,0.7857,0.0278,Mistral-7B-Instruct-v0.3,5,game_71
Mistral-7B-Instruct-v0.3__noise05__game_72,73,2026-02-12T08:48:57.098739,fr,True,30,30,agent1,VLLMMistral7B,coopératif,0.05,66,0.9667,0.0333,1,11,"C,C,C,C,C,C,C,C,C,C,T,C,C,C,C,C,C,C,C,C,C,C,C,C,C,C,C,C,C,C","C,C,C,C,C,C,C,C,C,C,C,C,C,C,C,C,C,C,C,C,C,C,C,C,C,C,C,C,C,C",agent2,VLLMMistral7B,coopératif,0.05,66,0.9667,0.0333,1,23,"C,C,C,C,C,C,C,C,C,C,C,C,C,C,C,C,C,C,C,C,C,C,T,C,C,C,C,C,C,C","C,C,C,C,C,C,C,C,C,C,C,C,C,C,C,C,C,C,C,C,C,C,C,C,C,C,C,C,C,C",1.0,0.8571,0.1667,Mistral-7B-Instruct-v0.3,5,game_72
Mistral-7B-Instruct-v0.3__noise05__game_73,74,2026-02-12T08:49:29.812251,fr,True,30,30,agent1,VLLMMistral7B,coopératif,0.05,294,0.9,0.1,1,5,"C,C,C,C,T,C,C,C,C,C,C,C,C,C,C,C,C,C,C,C,C,C,C,T,T,C,C,C,C,C","C,C,C,C,C,C,C,C,C,C,C,C,C,C,C,C,C,C,C,C,C,C,C,T,T,C,C,C,C,C",agent2,VLLMMistral7B,égoïste,0.05,24,0.0,1.0,0,,"T,T,T,T,T,T,T,T,T,T,T,T,T,T,T,T,T,T,T,T,T,T,T,T,T,T,T,T,T,T","T,T,T,T,T,T,T,T,T,T,T,T,T,T,T,T,T,T,T,T,T,T,T,T,T,T,T,T,T,T",1.0,0.9762,0.0833,Mistral-7B-Instruct-v0.3,5,game_73
Mistral-7B-Instruct-v0.3__noise05__game_74,75,2026-02-12T08:49:42.717415,fr,True,30,30,agent1,VLLMMistral7B,égoïste,0.05,42,0.0333,0.9667,1,23,"T,T,T,T,T,T,T,T,T,T,T,T,T,T,T,T,T,T,T,T,T,T,C,T,T,T,T,T,T,T","T,T,T,T,T,T,T,T,T,T,T,T,T,T,T,T,T,T,T,T,T,T,T,T,T,T,T,T,T,T",agent2,VLLMMistral7B,coopératif,0.05,282,0.8333,0.1667,2,"7,19","C,C,C,C,C,C,T,C,C,C,C,T,C,T,T,C,C,C,T,C,C,C,C,C,C,C,C,C,C,C","C,C,C,C,C,C,C,C,C,C,C,T,C,T,T,C,C,C,C,C,C,C,C,C,C,C,C,C,C,C",0.9737,0.7143,0.1667,Mistral-7B-Instruct-v0.3,5,game_74
Mistral-7B-Instruct-v0.3__noise05__game_75,76,2026-02-12T08:49:48.659966,fr,True,30,30,agent1,VLLMMistral7B,égoïste,0.05,234,0.0333,0.9667,1,30,"T,T,T,T,T,T,T,T,T,T,T,T,T,T,T,T,T,T,T,T,T,T,T,T,T,T,T,T,T,C","T,T,T,T,T,T,T,T,T,T,T,T,T,T,T,T,T,T,T,T,T,T,T,T,T,T,T,T,T,T",agent2,VLLMMistral7B,égoïste,0.05,234,0.0333,0.9667,1,2,"T,C,T,T,T,T,T,T,T,T,T,T,T,T,T,T,T,T,T,T,T,T,T,T,T,T,T,T,T,T","T,T,T,T,T,T,T,T,T,T,T,T,T,T,T,T,T,T,T,T,T,T,T,T,T,T,T,T,T,T",0.9737,0.7619,0.2222,Mistral-7B-Instruct-v0.3,5,game_75
Mistral-7B-Instruct-v0.3__noise05__game_76,77,2026-02-12T08:50:40.939110,fr,True,30,30,agent1,VLLMMistral7B,coopératif,0.05,56,0.9333,0.0667,2,"13,15","C,C,C,C,C,C,C,C,C,C,C,C,T,C,T,C,C,C,C,C,C,C,C,C,C,C,C,C,C,C","C,C,C,C,C,C,C,C,C,C,C,C,C,C,C,C,C,C,C,C,C,C,C,C,C,C,C,C,C,C",agent2,VLLMMistral7B,coopératif,0.05,76,1.0,0.0,0,,"C,C,C,C,C,C,C,C,C,C,C,C,C,C,C,C,C,C,C,C,C,C,C,C,C,C,C,C,C,C","C,C,C,C,C,C,C,C,C,C,C,C,C,C,C,C,C,C,C,C,C,C,C,C,C,C,C,C,C,C",1.0,0.8571,0.2222,Mistral-7B-Instruct-v0.3,5,game_76
Mistral-7B-Instruct-v0.3__noise05__game_77,78,2026-02-12T08:50:55.622799,fr,True,30,30,agent1,VLLMMistral7B,coopératif,0.05,296,0.9333,0.0667,2,"13,14","C,C,C,C,C,C,C,C,C,C,C,C,T,T,C,C,C,C,C,C,C,C,C,C,C,C,C,C,C,C","C,C,C,C,C,C,C,C,C,C,C,C,C,C,C,C,C,C,C,C,C,C,C,C,C,C,C,C,C,C",agent2,VLLMMistral7B,égoïste,0.05,16,0.0,1.0,0,,"T,T,T,T,T,T,T,T,T,T,T,T,T,T,T,T,T,T,T,T,T,T,T,T,T,T,T,T,T,T","T,T,T,T,T,T,T,T,T,T,T,T,T,T,T,T,T,T,T,T,T,T,T,T,T,T,T,T,T,T",1.0,1.0,0.1389,Mistral-7B-Instruct-v0.3,5,game_77
Mistral-7B-Instruct-v0.3__noise05__game_78,79,2026-02-12T08:51:15.724179,fr,True,30,30,agent1,VLLMMistral7B,égoïste,0.05,18,0.0333,0.9667,2,"6,26","T,T,T,T,T,T,T,T,T,T,T,T,T,T,T,T,T,T,T,T,T,T,T,T,T,C,T,T,T,T","T,T,T,T,T,C,T,T,T,T,T,T,T,T,T,T,T,T,T,T,T,T,T,T,T,T,T,T,T,T",agent2,VLLMMistral7B,coopératif,0.05,288,0.9333,0.0667,1,10,"C,C,C,C,C,C,C,C,C,T,C,C,C,C,C,C,T,C,C,C,C,C,C,C,C,C,C,C,C,C","C,C,C,C,C,C,C,C,C,C,C,C,C,C,C,C,T,C,C,C,C,C,C,C,C,C,C,C,C,C",0.9605,0.7381,0.1667,Mistral-7B-Instruct-v0.3,5,game_78
Mistral-7B-Instruct-v0.3__noise05__game_79,80,2026-02-12T08:51:24.810570,fr,True,30,30,agent1,VLLMMistral7B,égoïste,0.05,176,0.4,0.6,0,,"T,T,T,T,T,T,T,T,T,T,T,T,T,T,T,T,T,T,C,C,C,C,C,C,C,C,C,C,C,C","T,T,T,T,T,T,T,T,T,T,T,T,T,T,T,T,T,T,C,C,C,C,C,C,C,C,C,C,C,C",agent2,VLLMMistral7B,égoïste,0.05,166,0.3667,0.6333,1,12,"C,T,T,T,T,T,T,T,T,T,T,C,T,T,T,T,T,T,T,T,C,C,C,C,C,C,C,T,C,C","C,T,T,T,T,T,T,T,T,T,T,T,T,T,T,T,T,T,T,T,C,C,C,C,C,C,C,T,C,C",0.9342,0.881,0.0833,Mistral-7B-Instruct-v0.3,5,game_79
Mistral-7B-Instruct-v0.3__noise05__game_81,82,2026-02-12T08:53:55.823216,ar,True,30,30,agent1,VLLMMistral7B,متعاون,0.05,92,1.0,0.0,0,,"ت,ت,ت,ت,ت,ت,ت,ت,ت,ت,ت,ت,ت,ت,ت,ت,ت,ت,ت,ت,ت,ت,ت,ت,ت,ت,ت,ت,ت,ت","ت,ت,ت,ت,ت,ت,ت,ت,ت,ت,ت,ت,ت,ت,ت,ت,ت,ت,ت,ت,ت,ت,ت,ت,ت,ت,ت,ت,ت,ت",agent2,VLLMMistral7B,أناني,0.05,52,0.8667,0.1333,1,20,"خ,ت,ت,ت,ت,ت,خ,ت,ت,ت,ت,ت,ت,ت,ت,ت,ت,خ,ت,خ,ت,ت,ت,ت,ت,ت,ت,ت,ت,ت","خ,ت,ت,ت,ت,ت,خ,ت,ت,ت,ت,ت,ت,ت,ت,ت,ت,خ,ت,ت,ت,ت,ت,ت,ت,ت,ت,ت,ت,ت",0.7237,0.8095,0.0556,Mistral-7B-Instruct-v0.3,5,game_81
Mistral-7B-Instruct-v0.3__noise05__game_80,81,2026-02-12T08:54:00.655850,ar,True,30,30,agent1,VLLMMistral7B,متعاون,0.05,114,0.9667,0.0333,1,28,"ت,ت,ت,ت,ت,ت,ت,ت,ت,ت,ت,ت,ت,ت,ت,ت,ت,ت,ت,ت,ت,ت,ت,ت,ت,ت,ت,خ,ت,ت","ت,ت,ت,ت,ت,ت,ت,ت,ت,ت,ت,ت,ت,ت,ت,ت,ت,ت,ت,ت,ت,ت,ت,ت,ت,ت,ت,ت,ت,ت",agent2,VLLMMistral7B,متعاون,0.05,54,0.7667,0.2333,2,"1,23","خ,ت,ت,ت,ت,ت,ت,ت,ت,ت,ت,ت,ت,خ,ت,ت,ت,ت,ت,ت,ت,ت,خ,خ,خ,ت,خ,خ,ت,ت","ت,ت,ت,ت,ت,ت,ت,ت,ت,ت,ت,ت,ت,خ,ت,ت,ت,ت,ت,ت,ت,ت,ت,خ,خ,ت,خ,خ,ت,ت",0.7632,0.7857,0.1111,Mistral-7B-Instruct-v0.3,5,game_80
Mistral-7B-Instruct-v0.3__noise05__game_83,84,2026-02-12T08:54:40.255275,ar,True,30,30,agent1,VLLMMistral7B,أناني,0.05,72,0.9333,0.0667,2,"10,18","ت,ت,ت,ت,ت,ت,ت,ت,ت,خ,ت,ت,ت,ت,ت,ت,ت,خ,ت,ت,ت,ت,ت,ت,ت,ت,ت,ت,ت,ت","ت,ت,ت,ت,ت,ت,ت,ت,ت,ت,ت,ت,ت,ت,ت,ت,ت,ت,ت,ت,ت,ت,ت,ت,ت,ت,ت,ت,ت,ت",agent2,VLLMMistral7B,أناني,0.05,72,0.9333,0.0667,2,"21,22","ت,ت,ت,ت,ت,ت,ت,ت,ت,ت,ت,ت,ت,ت,ت,ت,ت,ت,ت,ت,خ,خ,ت,ت,ت,ت,ت,ت,ت,ت","ت,ت,ت,ت,ت,ت,ت,ت,ت,ت,ت,ت,ت,ت,ت,ت,ت,ت,ت,ت,ت,ت,ت,ت,ت,ت,ت,ت,ت,ت",0.8158,0.7381,0.0556,Mistral-7B-Instruct-v0.3,5,game_83
Mistral-7B-Instruct-v0.3__noise05__game_82,83,2026-02-12T08:54:41.579491,ar,True,30,30,agent1,VLLMMistral7B,أناني,0.05,56,0.9333,0.0667,1,16,"ت,ت,ت,ت,ت,ت,ت,ت,ت,ت,ت,ت,ت,ت,ت,خ,خ,ت,ت,ت,ت,ت,ت,ت,ت,ت,ت,ت,ت,ت","ت,ت,ت,ت,ت,ت,ت,ت,ت,ت,ت,ت,ت,ت,ت,ت,خ,ت,ت,ت,ت,ت,ت,ت,ت,ت,ت,ت,ت,ت",agent2,VLLMMistral7B,متعاون,0.05,76,1.0,0.0,0,,"ت,ت,ت,ت,ت,ت,ت,ت,ت,ت,ت,ت,ت,ت,ت,ت,ت,ت,ت,ت,ت,ت,ت,ت,ت,ت,ت,ت,ت,ت","ت,ت,ت,ت,ت,ت,ت,ت,ت,ت,ت,ت,ت,ت,ت,ت,ت,ت,ت,ت,ت,ت,ت,ت,ت,ت,ت,ت,ت,ت",0.75,0.7619,0.2222,Mistral-7B-Instruct-v0.3,5,game_82
Mistral-7B-Instruct-v0.3__noise05__game_86,87,2026-02-12T08:57:00.325300,ar,True,30,30,agent1,VLLMMistral7B,أناني,0.05,64,0.9333,0.0667,1,21,"ت,ت,ت,ت,ت,ت,ت,ت,ت,ت,ت,ت,ت,ت,ت,ت,ت,ت,ت,ت,خ,ت,ت,ت,ت,ت,ت,ت,ت,خ","ت,ت,ت,ت,ت,ت,ت,ت,ت,ت,ت,ت,ت,ت,ت,ت,ت,ت,ت,ت,ت,ت,ت,ت,ت,ت,ت,ت,ت,خ",agent2,VLLMMistral7B,متعاون,0.05,74,0.9667,0.0333,1,19,"ت,ت,ت,ت,ت,ت,ت,ت,ت,ت,ت,ت,ت,ت,ت,ت,ت,ت,خ,ت,ت,ت,ت,ت,ت,ت,ت,ت,ت,ت","ت,ت,ت,ت,ت,ت,ت,ت,ت,ت,ت,ت,ت,ت,ت,ت,ت,ت,ت,ت,ت,ت,ت,ت,ت,ت,ت,ت,ت,ت",0.7632,0.7619,0.2778,Mistral-7B-Instruct-v0.3,5,game_86
Mistral-7B-Instruct-v0.3__noise05__game_84,85,2026-02-12T08:57:31.677387,ar,True,30,30,agent1,VLLMMistral7B,متعاون,0.05,56,0.9333,0.0667,1,5,"خ,ت,ت,ت,خ,ت,ت,ت,ت,ت,ت,ت,ت,ت,ت,ت,ت,ت,ت,ت,ت,ت,ت,ت,ت,ت,ت,ت,ت,ت","خ,ت,ت,ت,ت,ت,ت,ت,ت,ت,ت,ت,ت,ت,ت,ت,ت,ت,ت,ت,ت,ت,ت,ت,ت,ت,ت,ت,ت,ت",agent2,VLLMMistral7B,متعاون,0.05,76,1.0,0.0,0,,"ت,ت,ت,ت,ت,ت,ت,ت,ت,ت,ت,ت,ت,ت,ت,ت,ت,ت,ت,ت,ت,ت,ت,ت,ت,ت,ت,ت,ت,ت","ت,ت,ت,ت,ت,ت,ت,ت,ت,ت,ت,ت,ت,ت,ت,ت,ت,ت,ت,ت,ت,ت,ت,ت,ت,ت,ت,ت,ت,ت",0.8289,0.7857,0.1944,Mistral-7B-Instruct-v0.3,5,game_84
Mistral-7B-Instruct-v0.3__noise05__game_87,88,2026-02-12T08:57:51.384860,ar,True,30,30,agent1,VLLMMistral7B,أناني,0.05,98,0.8333,0.1667,1,16,"ت,ت,ت,ت,خ,ت,ت,ت,ت,خ,ت,ت,ت,خ,ت,خ,ت,ت,ت,ت,ت,ت,خ,ت,ت,ت,ت,ت,ت,ت","ت,ت,ت,ت,خ,ت,ت,ت,ت,خ,ت,ت,ت,خ,ت,ت,ت,ت,ت,ت,ت,ت,خ,ت,ت,ت,ت,ت,ت,ت",agent2,VLLMMistral7B,أناني,0.05,88,0.8,0.2,2,"5,23","ت,ت,ت,ت,خ,ت,ت,ت,ت,ت,ت,خ,ت,خ,خ,ت,ت,ت,ت,ت,ت,ت,خ,خ,ت,ت,ت,ت,ت,ت","ت,ت,ت,ت,ت,ت,ت,ت,ت,ت,ت,خ,ت,خ,خ,ت,ت,ت,ت,ت,ت,ت,ت,خ,ت,ت,ت,ت,ت,ت",0.6974,0.7381,0.0556,Mistral-7B-Instruct-v0.3,5,game_87
Mistral-7B-Instruct-v0.3__noise05__game_85,86,2026-02-12T08:58:11.641657,ar,True,30,30,agent1,VLLMMistral7B,متعاون,0.05,74,0.9667,0.0333,1,27,"ت,ت,ت,ت,ت,ت,ت,ت,ت,ت,ت,ت,ت,ت,ت,ت,ت,ت,ت,ت,ت,ت,ت,ت,ت,ت,خ,ت,ت,ت","ت,ت,ت,ت,ت,ت,ت,ت,ت,ت,ت,ت,ت,ت,ت,ت,ت,ت,ت,ت,ت,ت,ت,ت,ت,ت,ت,ت,ت,ت",agent2,VLLMMistral7B,أناني,0.05,64,0.9333,0.0667,1,17,"ت,ت,ت,ت,ت,ت,ت,ت,ت,ت,ت,ت,ت,ت,ت,ت,خ,ت,ت,ت,ت,ت,خ,ت,ت,ت,ت,ت,ت,ت","ت,ت,ت,ت,ت,ت,ت,ت,ت,ت,ت,ت,ت,ت,ت,ت,ت,ت,ت,ت,ت,ت,خ,ت,ت,ت,ت,ت,ت,ت",0.6711,0.8095,0.2222,Mistral-7B-Instruct-v0.3,5,game_85
Mistral-7B-Instruct-v0.3__noise05__game_88,89,2026-02-12T08:59:50.529501,ar,True,30,30,agent1,VLLMMistral7B,متعاون,0.05,88,0.9333,0.0667,1,4,"ت,ت,ت,خ,ت,ت,ت,ت,ت,ت,ت,ت,ت,خ,ت,ت,ت,ت,ت,ت,ت,ت,ت,ت,ت,ت,ت,ت,ت,ت","ت,ت,ت,ت,ت,ت,ت,ت,ت,ت,ت,ت,ت,خ,ت,ت,ت,ت,ت,ت,ت,ت,ت,ت,ت,ت,ت,ت,ت,ت",agent2,VLLMMistral7B,متعاون,0.05,68,0.8667,0.1333,3,"2,9,21","ت,خ,ت,ت,ت,ت,ت,ت,خ,ت,ت,ت,ت,ت,ت,ت,ت,ت,خ,ت,خ,ت,ت,ت,ت,ت,ت,ت,ت,ت","ت,ت,ت,ت,ت,ت,ت,ت,ت,ت,ت,ت,ت,ت,ت,ت,ت,ت,خ,ت,ت,ت,ت,ت,ت,ت,ت,ت,ت,ت",0.6711,0.8095,0.1667,Mistral-7B-Instruct-v0.3,5,game_88
Mistral-7B-Instruct-v0.3__noise05__game_89,90,2026-02-12T09:00:16.586478,ar,True,30,30,agent1,VLLMMistral7B,متعاون,0.05,214,0.6333,0.3667,2,"24,27","ت,ت,ت,ت,ت,ت,ت,ت,ت,ت,ت,ت,ت,خ,ت,خ,خ,خ,ت,خ,ت,ت,خ,خ,خ,خ,خ,خ,ت,ت","ت,ت,ت,ت,ت,ت,ت,ت,ت,ت,ت,ت,ت,خ,ت,خ,خ,خ,ت,خ,ت,ت,خ,ت,خ,خ,ت,خ,ت,ت",agent2,VLLMMistral7B,أناني,0.05,104,0.2667,0.7333,4,"2,9,13,27","خ,خ,خ,ت,خ,ت,ت,ت,خ,خ,خ,ت,خ,ت,ت,خ,خ,خ,خ,خ,خ,خ,خ,خ,خ,خ,ت,خ,خ,خ","خ,ت,خ,ت,خ,ت,ت,ت,ت,خ,خ,ت,ت,ت,ت,خ,خ,خ,خ,خ,خ,خ,خ,خ,خ,خ,خ,خ,خ,خ",0.8684,0.881,0.0556,Mistral-7B-Instruct-v0.3,5,game_89
Mistral-7B-Instruct-v0.3__noise05__game_91,92,2026-02-12T09:01:23.877726,ar,True,30,30,agent1,VLLMMistral7B,أناني,0.05,128,0.5333,0.4667,1,13,"خ,ت,ت,ت,خ,خ,ت,خ,ت,ت,ت,ت,ت,خ,ت,ت,خ,خ,خ,ت,خ,ت,ت,خ,ت,خ,ت,خ,خ,خ","خ,ت,ت,ت,خ,خ,ت,خ,ت,ت,ت,ت,خ,خ,ت,ت,خ,خ,خ,ت,خ,ت,ت,خ,ت,خ,ت,خ,خ,خ",agent2,VLLMMistral7B,أناني,0.05,148,0.6,0.4,2,"18,22","ت,ت,ت,ت,ت,ت,ت,خ,ت,خ,ت,خ,ت,خ,ت,ت,خ,ت,خ,ت,ت,ت,خ,خ,خ,خ,ت,خ,ت,خ","ت,ت,ت,ت,ت,ت,ت,خ,ت,خ,ت,خ,ت,خ,ت,ت,خ,خ,خ,ت,ت,خ,خ,خ,خ,خ,ت,خ,ت,خ",0.8553,0.8571,0.0278,Mistral-7B-Instruct-v0.3,5,game_91
Mistral-7B-Instruct-v0.3__noise05__game_90,91,2026-02-12T09:02:04.764701,ar,True,30,30,agent1,VLLMMistral7B,أناني,0.05,66,0.9667,0.0333,0,,"ت,ت,خ,ت,ت,ت,ت,ت,ت,ت,ت,ت,ت,ت,ت,ت,ت,ت,ت,ت,ت,ت,ت,ت,ت,ت,ت,ت,ت,ت","ت,ت,خ,ت,ت,ت,ت,ت,ت,ت,ت,ت,ت,ت,ت,ت,ت,ت,ت,ت,ت,ت,ت,ت,ت,ت,ت,ت,ت,ت",agent2,VLLMMistral7B,متعاون,0.05,66,0.9667,0.0333,1,16,"ت,ت,ت,ت,ت,ت,ت,ت,ت,ت,ت,ت,ت,ت,ت,خ,ت,ت,ت,ت,ت,ت,ت,ت,ت,ت,ت,ت,ت,ت","ت,ت,ت,ت,ت,ت,ت,ت,ت,ت,ت,ت,ت,ت,ت,ت,ت,ت,ت,ت,ت,ت,ت,ت,ت,ت,ت,ت,ت,ت",0.7368,0.7381,0.1389,Mistral-7B-Instruct-v0.3,5,game_90
Mistral-7B-Instruct-v0.3__noise05__game_93,94,2026-02-12T09:03:17.437733,ar,True,30,30,agent1,VLLMMistral7B,متعاون,0.05,102,0.9,0.1,1,20,"ت,ت,ت,ت,ت,ت,ت,ت,ت,ت,ت,ت,ت,ت,ت,ت,ت,خ,ت,خ,ت,خ,ت,ت,ت,ت,ت,ت,ت,ت","ت,ت,ت,ت,ت,ت,ت,ت,ت,ت,ت,ت,ت,ت,ت,ت,ت,خ,ت,ت,ت,خ,ت,ت,ت,ت,ت,ت,ت,ت",agent2,VLLMMistral7B,أناني,0.05,72,0.8,0.2,1,15,"ت,ت,ت,ت,ت,ت,ت,ت,ت,ت,ت,خ,ت,ت,خ,ت,ت,ت,خ,ت,خ,خ,ت,ت,ت,ت,ت,ت,خ,ت","ت,ت,ت,ت,ت,ت,ت,ت,ت,ت,ت,خ,ت,ت,ت,ت,ت,ت,خ,ت,خ,خ,ت,ت,ت,ت,ت,ت,خ,ت",0.8289,0.7857,0.1111,Mistral-7B-Instruct-v0.3,5,game_93
Mistral-7B-Instruct-v0.3__noise05__game_92,93,2026-02-12T09:04:09.868087,ar,True,30,30,agent1,VLLMMistral7B,متعاون,0.05,70,0.9,0.1,3,"6,22,30","ت,ت,ت,ت,ت,خ,ت,ت,ت,ت,ت,ت,ت,ت,ت,ت,ت,ت,ت,ت,ت,خ,ت,ت,ت,ت,ت,ت,ت,خ","ت,ت,ت,ت,ت,ت,ت,ت,ت,ت,ت,ت,ت,ت,ت,ت,ت,ت,ت,ت,ت,ت,ت,ت,ت,ت,ت,ت,ت,ت",agent2,VLLMMistral7B,متعاون,0.05,80,0.9333,0.0667,2,"7,9","ت,ت,ت,ت,ت,ت,خ,ت,خ,ت,ت,ت,ت,ت,ت,ت,ت,ت,ت,ت,ت,ت,ت,ت,ت,ت,ت,ت,ت,ت","ت,ت,ت,ت,ت,ت,ت,ت,ت,ت,ت,ت,ت,ت,ت,ت,ت,ت,ت,ت,ت,ت,ت,ت,ت,ت,ت,ت,ت,ت",0.7763,0.7857,0.0278,Mistral-7B-Instruct-v0.3,5,game_92
Mistral-7B-Instruct-v0.3__noise05__game_94,95,2026-02-12T09:05:04.351483,ar,True,30,30,agent1,VLLMMistral7B,أناني,0.05,76,0.8667,0.1333,2,"7,10","ت,ت,ت,ت,ت,ت,خ,ت,ت,خ,ت,ت,ت,ت,ت,ت,ت,خ,ت,ت,ت,ت,ت,ت,ت,ت,ت,ت,خ,ت","ت,ت,ت,ت,ت,ت,ت,ت,ت,ت,ت,ت,ت,ت,ت,ت,ت,خ,ت,ت,ت,ت,ت,ت,ت,ت,ت,ت,خ,ت",agent2,VLLMMistral7B,متعاون,0.05,86,0.9,0.1,3,"2,7,11","ت,خ,ت,ت,ت,ت,خ,ت,ت,ت,خ,ت,ت,ت,ت,ت,ت,ت,ت,ت,ت,ت,ت,ت,ت,ت,ت,ت,ت,ت","ت,ت,ت,ت,ت,ت,ت,ت,ت,ت,ت,ت,ت,ت,ت,ت,ت,ت,ت,ت,ت,ت,ت,ت,ت,ت,ت,ت,ت,ت",0.7763,0.8095,0.1111,Mistral-7B-Instruct-v0.3,5,game_94
Mistral-7B-Instruct-v0.3__noise05__game_95,96,2026-02-12T09:05:22.808467,ar,True,30,30,agent1,VLLMMistral7B,أناني,0.05,116,0.6,0.4,2,"2,25","خ,خ,خ,خ,ت,خ,ت,ت,ت,خ,ت,خ,ت,خ,ت,ت,ت,خ,ت,ت,خ,ت,ت,خ,خ,ت,ت,ت,ت,ت","خ,ت,خ,خ,ت,خ,ت,ت,ت,خ,ت,خ,ت,خ,ت,ت,ت,خ,ت,ت,خ,ت,ت,خ,ت,ت,ت,ت,ت,ت",agent2,VLLMMistral7B,أناني,0.05,136,0.6667,0.3333,1,24,"ت,ت,ت,خ,ت,ت,ت,خ,خ,خ,ت,خ,ت,ت,خ,خ,ت,ت,ت,ت,خ,ت,ت,خ,ت,ت,ت,خ,ت,ت","ت,ت,ت,خ,ت,ت,ت,خ,خ,خ,ت,خ,ت,ت,خ,خ,ت,ت,ت,ت,خ,ت,ت,ت,ت,ت,ت,خ,ت,ت",0.7368,0.8095,0.0278,Mistral-7B-Instruct-v0.3,5,game_95
Mistral-7B-Instruct-v0.3__noise05__game_96,97,2026-02-12T09:06:57.228501,ar,True,30,30,agent1,VLLMMistral7B,متعاون,0.05,126,0.7667,0.2333,3,"9,15,20","ت,خ,ت,ت,ت,ت,ت,ت,خ,ت,ت,ت,ت,خ,ت,ت,ت,خ,خ,خ,ت,ت,ت,ت,خ,ت,ت,ت,ت,ت","ت,خ,ت,ت,ت,ت,ت,ت,ت,ت,ت,ت,ت,خ,خ,ت,ت,خ,خ,ت,ت,ت,ت,ت,خ,ت,ت,ت,ت,ت",agent2,VLLMMistral7B,متعاون,0.05,96,0.6667,0.3333,0,,"خ,ت,ت,ت,ت,ت,ت,ت,خ,ت,ت,ت,خ,خ,ت,ت,ت,ت,ت,ت,خ,ت,خ,خ,خ,خ,ت,ت,ت,خ","خ,ت,ت,ت,ت,ت,ت,ت,خ,ت,ت,ت,خ,خ,ت,ت,ت,ت,ت,ت,خ,ت,خ,خ,خ,خ,ت,ت,ت,خ",0.8421,0.7857,0.0833,Mistral-7B-Instruct-v0.3,5,game_96
Mistral-7B-Instruct-v0.3__noise05__game_97,98,2026-02-12T09:07:52.525169,ar,True,30,30,agent1,VLLMMistral7B,متعاون,0.05,56,0.9333,0.0667,2,"9,23","ت,ت,ت,ت,ت,ت,ت,ت,خ,ت,ت,ت,ت,ت,ت,ت,ت,ت,ت,ت,ت,ت,خ,ت,ت,ت,ت,ت,ت,ت","ت,ت,ت,ت,ت,ت,ت,ت,ت,ت,ت,ت,ت,ت,ت,ت,ت,ت,ت,ت,ت,ت,ت,ت,ت,ت,ت,ت,ت,ت",agent2,VLLMMistral7B,أناني,0.05,76,1.0,0.0,0,,"ت,ت,ت,ت,ت,ت,ت,ت,ت,ت,ت,ت,ت,ت,ت,ت,ت,ت,ت,ت,ت,ت,ت,ت,ت,ت,ت,ت,ت,ت","ت,ت,ت,ت,ت,ت,ت,ت,ت,ت,ت,ت,ت,ت,ت,ت,ت,ت,ت,ت,ت,ت,ت,ت,ت,ت,ت,ت,ت,ت",0.75,0.7857,0.1667,Mistral-7B-Instruct-v0.3,5,game_97
Mistral-7B-Instruct-v0.3__noise05__game_99,100,2026-02-12T09:08:22.673758,ar,True,30,30,agent1,VLLMMistral7B,أناني,0.05,70,0.9,0.1,3,"1,19,28","خ,ت,ت,ت,ت,ت,ت,ت,ت,ت,ت,ت,ت,ت,ت,ت,ت,ت,خ,ت,ت,ت,ت,ت,ت,ت,ت,خ,ت,ت","ت,ت,ت,ت,ت,ت,ت,ت,ت,ت,ت,ت,ت,ت,ت,ت,ت,ت,ت,ت,ت,ت,ت,ت,ت,ت,ت,ت,ت,ت",agent2,VLLMMistral7B,أناني,0.05,80,0.9333,0.0667,2,"9,23","ت,ت,ت,ت,ت,ت,ت,ت,خ,ت,ت,ت,ت,ت,ت,ت,ت,ت,ت,ت,ت,ت,خ,ت,ت,ت,ت,ت,ت,ت","ت,ت,ت,ت,ت,ت,ت,ت,ت,ت,ت,ت,ت,ت,ت,ت,ت,ت,ت,ت,ت,ت,ت,ت,ت,ت,ت,ت,ت,ت",0.7237,0.8095,0.25,Mistral-7B-Instruct-v0.3,5,game_99
Mistral-7B-Instruct-v0.3__noise05__game_98,99,2026-02-12T09:08:24.521157,ar,True,30,30,agent1,VLLMMistral7B,أناني,0.05,66,0.9667,0.0333,2,"1,26","ت,ت,ت,ت,ت,ت,ت,ت,ت,ت,ت,ت,ت,ت,ت,ت,ت,ت,ت,ت,ت,ت,ت,ت,ت,خ,ت,ت,ت,ت","خ,ت,ت,ت,ت,ت,ت,ت,ت,ت,ت,ت,ت,ت,ت,ت,ت,ت,ت,ت,ت,ت,ت,ت,ت,ت,ت,ت,ت,ت",agent2,VLLMMistral7B,متعاون,0.05,66,0.9667,0.0333,1,21,"ت,ت,ت,ت,ت,ت,ت,ت,ت,ت,ت,ت,ت,ت,ت,ت,ت,ت,ت,ت,خ,ت,ت,ت,ت,ت,ت,ت,ت,ت","ت,ت,ت,ت,ت,ت,ت,ت,ت,ت,ت,ت,ت,ت,ت,ت,ت,ت,ت,ت,ت,ت,ت,ت,ت,ت,ت,ت,ت,ت",0.7368,0.7857,0.3333,Mistral-7B-Instruct-v0.3,5,game_98
Mistral-7B-Instruct-v0.3__noise05__game_100,101,2026-02-12T09:10:44.750140,ar,True,30,30,agent1,VLLMMistral7B,متعاون,0.05,58,0.9667,0.0333,1,8,"ت,ت,ت,ت,ت,ت,ت,خ,ت,ت,ت,ت,ت,ت,ت,ت,ت,ت,ت,ت,ت,ت,ت,ت,ت,ت,ت,ت,ت,ت","ت,ت,ت,ت,ت,ت,ت,ت,ت,ت,ت,ت,ت,ت,ت,ت,ت,ت,ت,ت,ت,ت,ت,ت,ت,ت,ت,ت,ت,ت",agent2,VLLMMistral7B,متعاون,0.05,68,1.0,0.0,0,,"ت,ت,ت,ت,ت,ت,ت,ت,ت,ت,ت,ت,ت,ت,ت,ت,ت,ت,ت,ت,ت,ت,ت,ت,ت,ت,ت,ت,ت,ت","ت,ت,ت,ت,ت,ت,ت,ت,ت,ت,ت,ت,ت,ت,ت,ت,ت,ت,ت,ت,ت,ت,ت,ت,ت,ت,ت,ت,ت,ت",0.7895,0.8095,0.1667,Mistral-7B-Instruct-v0.3,5,game_100
Mistral-7B-Instruct-v0.3__noise05__game_101,102,2026-02-12T09:10:53.302000,ar,True,30,30,agent1,VLLMMistral7B,متعاون,0.05,78,0.9,0.1,3,"4,10,16","ت,ت,ت,خ,ت,ت,ت,ت,ت,خ,ت,ت,ت,ت,ت,خ,ت,ت,ت,ت,ت,ت,ت,ت,ت,ت,ت,ت,ت,ت","ت,ت,ت,ت,ت,ت,ت,ت,ت,ت,ت,ت,ت,ت,ت,ت,ت,ت,ت,ت,ت,ت,ت,ت,ت,ت,ت,ت,ت,ت",agent2,VLLMMistral7B,أناني,0.05,78,0.9,0.1,2,"9,19","ت,خ,ت,ت,ت,ت,ت,ت,خ,ت,ت,ت,ت,ت,ت,ت,ت,ت,خ,ت,ت,ت,ت,ت,ت,ت,ت,ت,ت,ت","ت,خ,ت,ت,ت,ت,ت,ت,ت,ت,ت,ت,ت,ت,ت,ت,ت,ت,ت,ت,ت,ت,ت,ت,ت,ت,ت,ت,ت,ت",0.7632,0.8333,0.1389,Mistral-7B-Instruct-v0.3,5,game_101
Mistral-7B-Instruct-v0.3__noise05__game_102,103,2026-02-12T09:11:19.781829,ar,True,30,30,agent1,VLLMMistral7B,أناني,0.05,166,0.2333,0.7667,2,"1,23","خ,ت,ت,ت,ت,خ,خ,خ,خ,خ,ت,خ,خ,خ,خ,خ,خ,خ,خ,خ,خ,خ,ت,خ,خ,خ,خ,خ,خ,ت","ت,ت,ت,ت,ت,خ,خ,خ,خ,خ,ت,خ,خ,خ,خ,خ,خ,خ,خ,خ,خ,خ,خ,خ,خ,خ,خ,خ,خ,ت",agent2,VLLMMistral7B,متعاون,0.05,206,0.3667,0.6333,4,"6,8,10,22","ت,ت,ت,ت,ت,خ,خ,ت,خ,خ,ت,ت,خ,خ,خ,خ,ت,خ,خ,خ,خ,خ,خ,خ,خ,خ,ت,خ,خ,ت","ت,ت,ت,ت,ت,ت,خ,خ,خ,ت,ت,ت,خ,خ,خ,خ,ت,خ,خ,خ,خ,ت,خ,خ,خ,خ,ت,خ,خ,ت",0.8421,0.8571,0.0556,Mistral-7B-Instruct-v0.3,5,game_102
Mistral-7B-Instruct-v0.3__noise05__game_103,104,2026-02-12T09:11:50.638417,ar,True,30,30,agent1,VLLMMistral7B,أناني,0.05,58,0.9667,0.0333,0,,"خ,ت,ت,ت,ت,ت,ت,ت,ت,ت,ت,ت,ت,ت,ت,ت,ت,ت,ت,ت,ت,ت,ت,ت,ت,ت,ت,ت,ت,ت","خ,ت,ت,ت,ت,ت,ت,ت,ت,ت,ت,ت,ت,ت,ت,ت,ت,ت,ت,ت,ت,ت,ت,ت,ت,ت,ت,ت,ت,ت",agent2,VLLMMistral7B,أناني,0.05,68,1.0,0.0,0,,"ت,ت,ت,ت,ت,ت,ت,ت,ت,ت,ت,ت,ت,ت,ت,ت,ت,ت,ت,ت,ت,ت,ت,ت,ت,ت,ت,ت,ت,ت","ت,ت,ت,ت,ت,ت,ت,ت,ت,ت,ت,ت,ت,ت,ت,ت,ت,ت,ت,ت,ت,ت,ت,ت,ت,ت,ت,ت,ت,ت",0.8158,0.7381,0.1667,Mistral-7B-Instruct-v0.3,5,game_103
Mistral-7B-Instruct-v0.3__noise05__game_105,106,2026-02-12T09:13:37.444230,ar,True,30,30,agent1,VLLMMistral7B,متعاون,0.05,72,0.9333,0.0667,2,"18,28","ت,ت,ت,ت,ت,ت,ت,ت,ت,ت,ت,ت,ت,ت,ت,ت,ت,خ,ت,ت,ت,ت,ت,ت,ت,ت,ت,خ,ت,ت","ت,ت,ت,ت,ت,ت,ت,ت,ت,ت,ت,ت,ت,ت,ت,ت,ت,ت,ت,ت,ت,ت,ت,ت,ت,ت,ت,ت,ت,ت",agent2,VLLMMistral7B,أناني,0.05,72,0.9333,0.0667,2,"21,30","ت,ت,ت,ت,ت,ت,ت,ت,ت,ت,ت,ت,ت,ت,ت,ت,ت,ت,ت,ت,خ,ت,ت,ت,ت,ت,ت,ت,ت,خ","ت,ت,ت,ت,ت,ت,ت,ت,ت,ت,ت,ت,ت,ت,ت,ت,ت,ت,ت,ت,ت,ت,ت,ت,ت,ت,ت,ت,ت,ت",0.8421,0.7381,0.25,Mistral-7B-Instruct-v0.3,5,game_105
Mistral-7B-Instruct-v0.3__noise05__game_104,105,2026-02-12T09:14:32.769107,ar,True,30,30,agent1,VLLMMistral7B,متعاون,0.05,66,0.8333,0.1667,3,"12,24,26","ت,ت,ت,ت,ت,ت,ت,ت,خ,ت,ت,خ,ت,ت,ت,ت,ت,ت,ت,ت,ت,ت,ت,خ,ت,خ,ت,ت,ت,خ","ت,ت,ت,ت,ت,ت,ت,ت,خ,ت,ت,ت,ت,ت,ت,ت,ت,ت,ت,ت,ت,ت,ت,ت,ت,ت,ت,ت,ت,خ",agent2,VLLMMistral7B,متعاون,0.05,96,0.9333,0.0667,0,,"ت,ت,خ,ت,خ,ت,ت,ت,ت,ت,ت,ت,ت,ت,ت,ت,ت,ت,ت,ت,ت,ت,ت,ت,ت,ت,ت,ت,ت,ت","ت,ت,خ,ت,خ,ت,ت,ت,ت,ت,ت,ت,ت,ت,ت,ت,ت,ت,ت,ت,ت,ت,ت,ت,ت,ت,ت,ت,ت,ت",0.7368,0.7619,0.1389,Mistral-7B-Instruct-v0.3,5,game_104
Mistral-7B-Instruct-v0.3__noise05__game_107,108,2026-02-12T09:14:41.881107,ar,True,30,30,agent1,VLLMMistral7B,أناني,0.05,90,0.8333,0.1667,3,"2,6,21","خ,خ,ت,ت,ت,خ,ت,ت,ت,ت,ت,ت,خ,ت,ت,ت,ت,ت,ت,ت,خ,ت,ت,ت,ت,ت,ت,ت,ت,ت","خ,ت,ت,ت,ت,ت,ت,ت,ت,ت,ت,ت,خ,ت,ت,ت,ت,ت,ت,ت,ت,ت,ت,ت,ت,ت,ت,ت,ت,ت",agent2,VLLMMistral7B,أناني,0.05,90,0.8333,0.1667,2,"17,19","ت,ت,ت,ت,ت,ت,ت,ت,ت,خ,خ,ت,ت,ت,ت,ت,خ,خ,خ,ت,ت,ت,ت,ت,ت,ت,ت,ت,ت,ت","ت,ت,ت,ت,ت,ت,ت,ت,ت,خ,خ,ت,ت,ت,ت,ت,ت,خ,ت,ت,ت,ت,ت,ت,ت,ت,ت,ت,ت,ت",0.8158,0.8095,0.1111,Mistral-7B-Instruct-v0.3,5,game_107
Mistral-7B-Instruct-v0.3__noise05__game_106,107,2026-02-12T09:15:11.128865,ar,True,30,30,agent1,VLLMMistral7B,أناني,0.05,64,0.8,0.2,3,"7,9,23","ت,ت,ت,ت,خ,ت,خ,ت,خ,ت,ت,ت,ت,ت,ت,ت,ت,ت,ت,ت,ت,خ,خ,ت,ت,ت,ت,ت,ت,خ","ت,ت,ت,ت,خ,ت,ت,ت,ت,ت,ت,ت,ت,ت,ت,ت,ت,ت,ت,ت,ت,خ,ت,ت,ت,ت,ت,ت,ت,خ",agent2,VLLMMistral7B,متعاون,0.05,104,0.9333,0.0667,1,9,"ت,ت,ت,خ,ت,ت,ت,ت,خ,ت,ت,ت,ت,ت,ت,ت,ت,ت,ت,ت,ت,ت,ت,ت,ت,ت,ت,ت,ت,ت","ت,ت,ت,خ,ت,ت,ت,ت,ت,ت,ت,ت,ت,ت,ت,ت,ت,ت,ت,ت,ت,ت,ت,ت,ت,ت,ت,ت,ت,ت",0.8684,0.7381,0.1667,Mistral-7B-Instruct-v0.3,5,game_106
Mistral-7B-Instruct-v0.3__noise05__game_108,109,2026-02-12T09:16:22.455309,ar,True,30,30,agent1,VLLMMistral7B,متعاون,0.05,72,0.9333,0.0667,2,"26,29","ت,ت,ت,ت,ت,ت,ت,ت,ت,ت,ت,ت,ت,ت,ت,ت,ت,ت,ت,ت,ت,ت,ت,ت,ت,خ,ت,ت,خ,ت","ت,ت,ت,ت,ت,ت,ت,ت,ت,ت,ت,ت,ت,ت,ت,ت,ت,ت,ت,ت,ت,ت,ت,ت,ت,ت,ت,ت,ت,ت",agent2,VLLMMistral7B,متعاون,0.05,72,0.9333,0.0667,0,,"ت,ت,ت,ت,ت,خ,ت,ت,ت,ت,ت,ت,ت,ت,ت,خ,ت,ت,ت,ت,ت,ت,ت,ت,ت,ت,ت,ت,ت,ت","ت,ت,ت,ت,ت,خ,ت,ت,ت,ت,ت,ت,ت,ت,ت,خ,ت,ت,ت,ت,ت,ت,ت,ت,ت,ت,ت,ت,ت,ت",0.5789,0.8333,0.1389,Mistral-7B-Instruct-v0.3,5,game_108
Mistral-7B-Instruct-v0.3__noise05__game_111,112,2026-02-12T09:18:18.780947,ar,True,30,30,agent1,VLLMMistral7B,أناني,0.05,68,1.0,0.0,0,,"ت,ت,ت,ت,ت,ت,ت,ت,ت,ت,ت,ت,ت,ت,ت,ت,ت,ت,ت,ت,ت,ت,ت,ت,ت,ت,ت,ت,ت,ت","ت,ت,ت,ت,ت,ت,ت,ت,ت,ت,ت,ت,ت,ت,ت,ت,ت,ت,ت,ت,ت,ت,ت,ت,ت,ت,ت,ت,ت,ت",agent2,VLLMMistral7B,أناني,0.05,58,0.9667,0.0333,1,29,"ت,ت,ت,ت,ت,ت,ت,ت,ت,ت,ت,ت,ت,ت,ت,ت,ت,ت,ت,ت,ت,ت,ت,ت,ت,ت,ت,ت,خ,ت","ت,ت,ت,ت,ت,ت,ت,ت,ت,ت,ت,ت,ت,ت,ت,ت,ت,ت,ت,ت,ت,ت,ت,ت,ت,ت,ت,ت,ت,ت",0.75,0.7619,0.3056,Mistral-7B-Instruct-v0.3,5,game_111
Mistral-7B-Instruct-v0.3__noise05__game_110,111,2026-02-12T09:18:25.688484,ar,True,30,30,agent1,VLLMMistral7B,أناني,0.05,80,0.9333,0.0667,2,"7,15","ت,ت,ت,ت,ت,ت,خ,ت,ت,ت,ت,ت,ت,ت,خ,ت,ت,ت,ت,ت,ت,ت,ت,ت,ت,ت,ت,ت,ت,ت","ت,ت,ت,ت,ت,ت,ت,ت,ت,ت,ت,ت,ت,ت,ت,ت,ت,ت,ت,ت,ت,ت,ت,ت,ت,ت,ت,ت,ت,ت",agent2,VLLMMistral7B,متعاون,0.05,70,0.9,0.1,2,"8,17","ت,ت,ت,ت,ت,ت,ت,خ,ت,ت,ت,ت,ت,ت,ت,ت,خ,ت,ت,ت,ت,ت,ت,ت,ت,ت,ت,ت,ت,خ","ت,ت,ت,ت,ت,ت,ت,ت,ت,ت,ت,ت,ت,ت,ت,ت,ت,ت,ت,ت,ت,ت,ت,ت,ت,ت,ت,ت,ت,خ",0.7237,0.8571,0.0556,Mistral-7B-Instruct-v0.3,5,game_110
Mistral-7B-Instruct-v0.3__noise05__game_109,110,2026-02-12T09:19:04.807915,ar,True,30,30,agent1,VLLMMistral7B,متعاون,0.05,72,0.9333,0.0667,2,"15,29","ت,ت,ت,ت,ت,ت,ت,ت,ت,ت,ت,ت,ت,ت,خ,ت,ت,ت,ت,ت,ت,ت,ت,ت,ت,ت,ت,ت,خ,ت","ت,ت,ت,ت,ت,ت,ت,ت,ت,ت,ت,ت,ت,ت,ت,ت,ت,ت,ت,ت,ت,ت,ت,ت,ت,ت,ت,ت,ت,ت",agent2,VLLMMistral7B,أناني,0.05,72,0.9333,0.0667,2,"3,17","ت,ت,خ,ت,ت,ت,ت,ت,ت,ت,ت,ت,ت,ت,ت,ت,خ,ت,ت,ت,ت,ت,ت,ت,ت,ت,ت,ت,ت,ت","ت,ت,ت,ت,ت,ت,ت,ت,ت,ت,ت,ت,ت,ت,ت,ت,ت,ت,ت,ت,ت,ت,ت,ت,ت,ت,ت,ت,ت,ت",0.7237,0.8571,0.1111,Mistral-7B-Instruct-v0.3,5,game_109
Mistral-7B-Instruct-v0.3__noise05__game_112,113,2026-02-12T09:20:25.732913,ar,True,30,30,agent1,VLLMMistral7B,متعاون,0.05,80,0.9333,0.0667,2,"13,24","ت,ت,ت,ت,ت,ت,ت,ت,ت,ت,ت,ت,خ,ت,ت,ت,ت,ت,ت,ت,ت,ت,ت,خ,ت,ت,ت,ت,ت,ت","ت,ت,ت,ت,ت,ت,ت,ت,ت,ت,ت,ت,ت,ت,ت,ت,ت,ت,ت,ت,ت,ت,ت,ت,ت,ت,ت,ت,ت,ت",agent2,VLLMMistral7B,متعاون,0.05,70,0.9,0.1,1,16,"ت,ت,ت,ت,ت,ت,ت,ت,ت,ت,ت,ت,خ,ت,خ,خ,ت,ت,ت,ت,ت,ت,ت,ت,ت,ت,ت,ت,ت,ت","ت,ت,ت,ت,ت,ت,ت,ت,ت,ت,ت,ت,خ,ت,خ,ت,ت,ت,ت,ت,ت,ت,ت,ت,ت,ت,ت,ت,ت,ت",0.7237,0.7619,0.1667,Mistral-7B-Instruct-v0.3,5,game_112
Mistral-7B-Instruct-v0.3__noise05__game_113,114,2026-02-12T09:21:13.585145,ar,True,30,30,agent1,VLLMMistral7B,متعاون,0.05,72,0.9333,0.0667,1,11,"ت,ت,ت,ت,ت,ت,ت,ت,ت,ت,خ,ت,ت,ت,ت,ت,ت,ت,ت,ت,ت,خ,ت,ت,ت,ت,ت,ت,ت,ت","ت,ت,ت,ت,ت,ت,ت,ت,ت,ت,ت,ت,ت,ت,ت,ت,ت,ت,ت,ت,ت,خ,ت,ت,ت,ت,ت,ت,ت,ت",agent2,VLLMMistral7B,أناني,0.05,72,0.9333,0.0667,1,2,"ت,ت,ت,ت,ت,خ,ت,ت,ت,ت,ت,ت,ت,ت,ت,ت,ت,ت,ت,ت,خ,ت,ت,ت,ت,ت,ت,ت,ت,ت","ت,خ,ت,ت,ت,خ,ت,ت,ت,ت,ت,ت,ت,ت,ت,ت,ت,ت,ت,ت,خ,ت,ت,ت,ت,ت,ت,ت,ت,ت",0.7105,0.7381,0.0833,Mistral-7B-Instruct-v0.3,5,game_113
Mistral-7B-Instruct-v0.3__noise05__game_114,115,2026-02-12T09:21:48.165851,ar,True,30,30,agent1,VLLMMistral7B,أناني,0.05,70,0.9,0.1,3,"10,17,19","ت,ت,ت,ت,ت,ت,ت,ت,ت,خ,ت,ت,ت,ت,ت,ت,خ,ت,خ,ت,ت,ت,ت,ت,ت,ت,ت,ت,ت,ت","ت,ت,ت,ت,ت,ت,ت,ت,ت,ت,ت,ت,ت,ت,ت,ت,ت,ت,ت,ت,ت,ت,ت,ت,ت,ت,ت,ت,ت,ت",agent2,VLLMMistral7B,متعاون,0.05,80,0.9333,0.0667,1,17,"ت,ت,ت,ت,ت,ت,ت,ت,ت,ت,ت,ت,ت,ت,ت,ت,خ,ت,ت,ت,ت,ت,ت,ت,ت,ت,ت,ت,خ,ت","ت,ت,ت,ت,ت,ت,ت,ت,ت,ت,ت,ت,ت,ت,ت,ت,ت,ت,ت,ت,ت,ت,ت,ت,ت,ت,ت,ت,خ,ت",0.7105,0.8333,0.1667,Mistral-7B-Instruct-v0.3,5,game_114
Mistral-7B-Instruct-v0.3__noise05__game_115,116,2026-02-12T09:22:25.310990,ar,True,30,30,agent1,VLLMMistral7B,أناني,0.05,68,0.8667,0.1333,1,7,"ت,ت,ت,ت,خ,ت,خ,ت,ت,ت,ت,ت,ت,ت,ت,ت,ت,ت,خ,خ,ت,ت,ت,ت,ت,ت,ت,ت,ت,ت","ت,ت,ت,ت,خ,ت,ت,ت,ت,ت,ت,ت,ت,ت,ت,ت,ت,ت,خ,خ,ت,ت,ت,ت,ت,ت,ت,ت,ت,ت",agent2,VLLMMistral7B,أناني,0.05,88,0.9333,0.0667,0,,"ت,ت,ت,ت,ت,ت,ت,ت,ت,ت,ت,ت,ت,ت,ت,ت,ت,ت,ت,ت,ت,ت,خ,ت,خ,ت,ت,ت,ت,ت","ت,ت,ت,ت,ت,ت,ت,ت,ت,ت,ت,ت,ت,ت,ت,ت,ت,ت,ت,ت,ت,ت,خ,ت,خ,ت,ت,ت,ت,ت",0.7368,0.7619,0.0278,Mistral-7B-Instruct-v0.3,5,game_115
Mistral-7B-Instruct-v0.3__noise05__game_116,117,2026-02-12T09:23:46.980964,ar,True,30,30,agent1,VLLMMistral7B,متعاون,0.05,58,0.9667,0.0333,1,11,"ت,ت,ت,ت,ت,ت,ت,ت,ت,ت,خ,ت,ت,ت,ت,ت,ت,ت,ت,ت,ت,ت,ت,ت,ت,ت,ت,ت,ت,ت","ت,ت,ت,ت,ت,ت,ت,ت,ت,ت,ت,ت,ت,ت,ت,ت,ت,ت,ت,ت,ت,ت,ت,ت,ت,ت,ت,ت,ت,ت",agent2,VLLMMistral7B,متعاون,0.05,68,1.0,0.0,0,,"ت,ت,ت,ت,ت,ت,ت,ت,ت,ت,ت,ت,ت,ت,ت,ت,ت,ت,ت,ت,ت,ت,ت,ت,ت,ت,ت,ت,ت,ت","ت,ت,ت,ت,ت,ت,ت,ت,ت,ت,ت,ت,ت,ت,ت,ت,ت,ت,ت,ت,ت,ت,ت,ت,ت,ت,ت,ت,ت,ت",0.8026,0.8095,0.25,Mistral-7B-Instruct-v0.3,5,game_116
Mistral-7B-Instruct-v0.3__noise05__game_118,119,2026-02-12T09:24:29.931678,ar,True,30,30,agent1,VLLMMistral7B,أناني,0.05,70,0.9,0.1,3,"9,12,28","ت,ت,ت,ت,ت,ت,ت,ت,خ,ت,ت,خ,ت,ت,ت,ت,ت,ت,ت,ت,ت,ت,ت,ت,ت,ت,ت,خ,ت,ت","ت,ت,ت,ت,ت,ت,ت,ت,ت,ت,ت,ت,ت,ت,ت,ت,ت,ت,ت,ت,ت,ت,ت,ت,ت,ت,ت,ت,ت,ت",agent2,VLLMMistral7B,متعاون,0.05,80,0.9333,0.0667,2,"18,22","ت,ت,ت,ت,ت,ت,ت,ت,ت,ت,ت,ت,ت,ت,ت,ت,ت,خ,ت,ت,ت,خ,ت,ت,ت,ت,ت,ت,ت,ت","ت,ت,ت,ت,ت,ت,ت,ت,ت,ت,ت,ت,ت,ت,ت,ت,ت,ت,ت,ت,ت,ت,ت,ت,ت,ت,ت,ت,ت,ت",0.6711,0.7857,0.1944,Mistral-7B-Instruct-v0.3,5,game_118
Mistral-7B-Instruct-v0.3__noise05__game_117,118,2026-02-12T09:24:35.437841,ar,True,30,30,agent1,VLLMMistral7B,متعاون,0.05,102,0.9,0.1,2,"11,21","ت,ت,ت,ت,ت,ت,ت,خ,ت,ت,خ,ت,ت,ت,ت,ت,ت,ت,ت,ت,خ,ت,ت,ت,ت,ت,ت,ت,ت,ت","ت,ت,ت,ت,ت,ت,ت,خ,ت,ت,ت,ت,ت,ت,ت,ت,ت,ت,ت,ت,ت,ت,ت,ت,ت,ت,ت,ت,ت,ت",agent2,VLLMMistral7B,أناني,0.05,72,0.8,0.2,3,"2,10,25","ت,خ,ت,ت,ت,ت,ت,ت,ت,خ,خ,ت,ت,ت,ت,ت,ت,ت,ت,ت,ت,ت,ت,ت,خ,ت,ت,خ,خ,ت","ت,ت,ت,ت,ت,ت,ت,ت,ت,ت,خ,ت,ت,ت,ت,ت,ت,ت,ت,ت,ت,ت,ت,ت,ت,ت,ت,خ,خ,ت",0.75,0.881,0.0833,Mistral-7B-Instruct-v0.3,5,game_117
Mistral-7B-Instruct-v0.3__noise05__game_119,120,2026-02-12T09:25:16.382461,ar,True,30,30,agent1,VLLMMistral7B,أناني,0.05,72,0.9333,0.0667,2,"14,21","ت,ت,ت,ت,ت,ت,ت,ت,ت,ت,ت,ت,ت,خ,ت,ت,ت,ت,ت,ت,خ,ت,ت,ت,ت,ت,ت,ت,ت,ت","ت,ت,ت,ت,ت,ت,ت,ت,ت,ت,ت,ت,ت,ت,ت,ت,ت,ت,ت,ت,ت,ت,ت,ت,ت,ت,ت,ت,ت,ت",agent2,VLLMMistral7B,أناني,0.05,72,0.9333,0.0667,0,,"خ,ت,ت,ت,خ,ت,ت,ت,ت,ت,ت,ت,ت,ت,ت,ت,ت,ت,ت,ت,ت,ت,ت,ت,ت,ت,ت,ت,ت,ت","خ,ت,ت,ت,خ,ت,ت,ت,ت,ت,ت,ت,ت,ت,ت,ت,ت,ت,ت,ت,ت,ت,ت,ت,ت,ت,ت,ت,ت,ت",0.7237,0.7381,0.0556,Mistral-7B-Instruct-v0.3,5,game_119
Mistral-7B-Instruct-v0.3__noise05__game_120,121,2026-02-12T09:25:36.385452,cn,True,30,30,agent1,VLLMMistral7B,合作型的,0.05,100,1.0,0.0,0,,"合,合,合,合,合,合,合,合,合,合,合,合,合,合,合,合,合,合,合,合,合,合,合,合,合,合,合,合,合,合","合,合,合,合,合,合,合,合,合,合,合,合,合,合,合,合,合,合,合,合,合,合,合,合,合,合,合,合,合,合",agent2,VLLMMistral7B,合作型的,0.05,50,0.8333,0.1667,5,"1,15,19,22,27","背,合,合,合,合,合,合,合,合,合,合,合,合,合,背,合,合,合,背,合,合,背,合,合,合,合,背,合,合,合","合,合,合,合,合,合,合,合,合,合,合,合,合,合,合,合,合,合,合,合,合,合,合,合,合,合,合,合,合,合",0.9211,0.8571,0.1389,Mistral-7B-Instruct-v0.3,5,game_120
Mistral-7B-Instruct-v0.3__noise05__game_121,122,2026-02-12T09:25:56.769609,cn,True,30,30,agent1,VLLMMistral7B,合作型的,0.05,258,0.5667,0.4333,0,,"合,合,合,背,背,背,背,背,背,背,背,背,背,背,合,背,背,合,合,合,合,合,合,合,合,合,合,合,合,合","合,合,合,背,背,背,背,背,背,背,背,背,背,背,合,背,背,合,合,合,合,合,合,合,合,合,合,合,合,合",agent2,VLLMMistral7B,自私型的,0.05,108,0.0667,0.9333,1,5,"合,背,背,背,合,背,背,背,背,背,背,背,背,背,背,背,背,背,背,背,背,背,背,背,背,背,背,背,背,背","合,背,背,背,背,背,背,背,背,背,背,背,背,背,背,背,背,背,背,背,背,背,背,背,背,背,背,背,背,背",0.9737,0.8095,0.0,Mistral-7B-Instruct-v0.3,5,game_121
Mistral-7B-Instruct-v0.3__noise05__game_122,123,2026-02-12T09:26:12.948737,cn,True,30,30,agent1,VLLMMistral7B,自私型的,0.05,8,0.0,1.0,0,,"背,背,背,背,背,背,背,背,背,背,背,背,背,背,背,背,背,背,背,背,背,背,背,背,背,背,背,背,背,背","背,背,背,背,背,背,背,背,背,背,背,背,背,背,背,背,背,背,背,背,背,背,背,背,背,背,背,背,背,背",agent2,VLLMMistral7B,合作型的,0.05,298,0.9667,0.0333,1,18,"合,合,合,合,合,合,合,合,合,合,合,合,合,合,合,合,合,背,合,合,合,合,合,合,合,合,合,合,合,合","合,合,合,合,合,合,合,合,合,合,合,合,合,合,合,合,合,合,合,合,合,合,合,合,合,合,合,合,合,合",1.0,0.7381,0.2778,Mistral-7B-Instruct-v0.3,5,game_122
Mistral-7B-Instruct-v0.3__noise05__game_123,124,2026-02-12T09:26:56.250133,cn,True,30,30,agent1,VLLMMistral7B,自私型的,0.05,214,0.1,0.9,1,24,"合,背,背,背,背,背,背,背,背,背,背,背,背,背,背,合,背,背,背,背,背,背,背,合,背,背,背,背,背,背","合,背,背,背,背,背,背,背,背,背,背,背,背,背,背,合,背,背,背,背,背,背,背,背,背,背,背,背,背,背",agent2,VLLMMistral7B,自私型的,0.05,224,0.1333,0.8667,3,"3,12,28","合,背,合,背,背,背,背,背,背,背,背,合,背,背,背,背,背,背,背,背,背,背,背,背,背,背,背,合,背,背","合,背,背,背,背,背,背,背,背,背,背,背,背,背,背,背,背,背,背,背,背,背,背,背,背,背,背,背,背,背",0.9737,0.7381,0.0,Mistral-7B-Instruct-v0.3,5,game_123
Mistral-7B-Instruct-v0.3__noise05__game_124,125,2026-02-12T09:27:04.389882,cn,True,30,30,agent1,VLLMMistral7B,合作型的,0.05,80,0.9333,0.0667,2,"6,7","合,合,合,合,合,背,背,合,合,合,合,合,合,合,合,合,合,合,合,合,合,合,合,合,合,合,合,合,合,合","合,合,合,合,合,合,合,合,合,合,合,合,合,合,合,合,合,合,合,合,合,合,合,合,合,合,合,合,合,合",agent2,VLLMMistral7B,合作型的,0.05,70,0.9,0.1,3,"5,7,26","合,合,合,合,背,合,背,合,合,合,合,合,合,合,合,合,合,合,合,合,合,合,合,合,合,背,合,合,合,合","合,合,合,合,合,合,合,合,合,合,合,合,合,合,合,合,合,合,合,合,合,合,合,合,合,合,合,合,合,合",0.9079,0.7857,0.1389,Mistral-7B-Instruct-v0.3,5,game_124
Mistral-7B-Instruct-v0.3__noise05__game_125,126,2026-02-12T09:27:33.380104,cn,True,30,30,agent1,VLLMMistral7B,合作型的,0.05,274,0.9667,0.0333,1,13,"合,合,合,合,合,合,合,合,合,合,合,合,背,合,合,合,合,合,合,合,合,合,合,合,合,合,合,合,合,合","合,合,合,合,合,合,合,合,合,合,合,合,合,合,合,合,合,合,合,合,合,合,合,合,合,合,合,合,合,合",agent2,VLLMMistral7B,自私型的,0.05,14,0.1,0.9,1,30,"合,合,背,背,背,背,背,背,背,背,背,背,背,背,背,背,背,背,背,背,背,背,背,背,背,背,背,背,背,合","合,合,背,背,背,背,背,背,背,背,背,背,背,背,背,背,背,背,背,背,背,背,背,背,背,背,背,背,背,背",0.9605,0.881,0.0833,Mistral-7B-Instruct-v0.3,5,game_125
Mistral-7B-Instruct-v0.3__noise05__game_126,127,2026-02-12T09:27:54.948152,cn,True,30,30,agent1,VLLMMistral7B,自私型的,0.05,80,0.1333,0.8667,3,"6,13,28","合,背,背,背,背,合,背,背,背,背,背,背,合,背,背,背,背,背,背,背,背,背,背,背,背,背,背,合,背,背","合,背,背,背,背,背,背,背,背,背,背,背,背,背,背,背,背,背,背,背,背,背,背,背,背,背,背,背,背,背",agent2,VLLMMistral7B,合作型的,0.05,250,0.7,0.3,2,"5,30","合,合,背,背,背,合,背,合,背,背,合,合,合,合,合,合,合,合,合,背,合,背,合,合,合,合,合,合,合,背","合,合,背,背,合,合,背,合,背,背,合,合,合,合,合,合,合,合,合,背,合,背,合,合,合,合,合,合,合,合",0.9737,0.7381,0.0,Mistral-7B-Instruct-v0.3,5,game_126
Mistral-7B-Instruct-v0.3__noise05__game_127,128,2026-02-12T09:28:24.179336,cn,True,30,30,agent1,VLLMMistral7B,自私型的,0.05,210,0.0333,0.9667,0,,"合,背,背,背,背,背,背,背,背,背,背,背,背,背,背,背,背,背,背,背,背,背,背,背,背,背,背,背,背,背","合,背,背,背,背,背,背,背,背,背,背,背,背,背,背,背,背,背,背,背,背,背,背,背,背,背,背,背,背,背",agent2,VLLMMistral7B,自私型的,0.05,240,0.1333,0.8667,3,"8,15,30","合,背,背,背,背,背,背,合,背,背,背,背,背,背,合,背,背,背,背,背,背,背,背,背,背,背,背,背,背,合","合,背,背,背,背,背,背,背,背,背,背,背,背,背,背,背,背,背,背,背,背,背,背,背,背,背,背,背,背,背",0.9605,0.7143,0.1667,Mistral-7B-Instruct-v0.3,5,game_127
Mistral-7B-Instruct-v0.3__noise05__game_128,129,2026-02-12T09:28:44.913474,cn,True,30,30,agent1,VLLMMistral7B,合作型的,0.05,66,0.9667,0.0333,1,5,"合,合,合,合,背,合,合,合,合,合,合,合,合,合,合,合,合,合,合,合,合,合,合,合,合,合,合,合,合,合","合,合,合,合,合,合,合,合,合,合,合,合,合,合,合,合,合,合,合,合,合,合,合,合,合,合,合,合,合,合",agent2,VLLMMistral7B,合作型的,0.05,66,0.9667,0.0333,1,28,"合,合,合,合,合,合,合,合,合,合,合,合,合,合,合,合,合,合,合,合,合,合,合,合,合,合,合,背,合,合","合,合,合,合,合,合,合,合,合,合,合,合,合,合,合,合,合,合,合,合,合,合,合,合,合,合,合,合,合,合",0.8684,0.7857,0.25,Mistral-7B-Instruct-v0.3,5,game_128
Mistral-7B-Instruct-v0.3__noise05__game_129,130,2026-02-12T09:29:06.923464,cn,True,30,30,agent1,VLLMMistral7B,合作型的,0.05,290,0.9667,0.0333,1,22,"合,合,合,合,合,合,合,合,合,合,合,合,合,合,合,合,合,合,合,合,合,背,合,合,合,合,合,合,合,合","合,合,合,合,合,合,合,合,合,合,合,合,合,合,合,合,合,合,合,合,合,合,合,合,合,合,合,合,合,合",agent2,VLLMMistral7B,自私型的,0.05,10,0.0333,0.9667,1,8,"背,背,背,背,背,背,背,合,背,背,背,背,背,背,背,背,背,背,背,背,背,背,背,背,背,背,背,背,背,背","背,背,背,背,背,背,背,背,背,背,背,背,背,背,背,背,背,背,背,背,背,背,背,背,背,背,背,背,背,背",1.0,0.8571,0.0833,Mistral-7B-Instruct-v0.3,5,game_129
Mistral-7B-Instruct-v0.3__noise05__game_130,131,2026-02-12T09:29:34.785289,cn,True,30,30,agent1,VLLMMistral7B,自私型的,0.05,34,0.1667,0.8333,5,"3,5,13,22,24","背,背,合,背,合,背,背,背,背,背,背,背,合,背,背,背,背,背,背,背,背,合,背,合,背,背,背,背,背,背","背,背,背,背,背,背,背,背,背,背,背,背,背,背,背,背,背,背,背,背,背,背,背,背,背,背,背,背,背,背",agent2,VLLMMistral7B,合作型的,0.05,254,0.9,0.1,3,"3,7,27","合,合,背,合,合,合,背,合,合,合,合,合,合,合,合,合,合,合,合,合,合,合,合,合,合,合,背,合,合,合","合,合,合,合,合,合,合,合,合,合,合,合,合,合,合,合,合,合,合,合,合,合,合,合,合,合,合,合,合,合",0.9474,0.7143,0.0278,Mistral-7B-Instruct-v0.3,5,game_130
Mistral-7B-Instruct-v0.3__noise05__game_131,132,2026-02-12T09:30:16.333228,cn,True,30,30,agent1,VLLMMistral7B,自私型的,0.05,224,0.0,1.0,0,,"背,背,背,背,背,背,背,背,背,背,背,背,背,背,背,背,背,背,背,背,背,背,背,背,背,背,背,背,背,背","背,背,背,背,背,背,背,背,背,背,背,背,背,背,背,背,背,背,背,背,背,背,背,背,背,背,背,背,背,背",agent2,VLLMMistral7B,自私型的,0.05,244,0.0667,0.9333,0,,"合,背,背,背,背,背,背,背,背,背,背,背,背,背,背,背,背,背,背,合,背,背,背,背,背,背,背,背,背,背","合,背,背,背,背,背,背,背,背,背,背,背,背,背,背,背,背,背,背,合,背,背,背,背,背,背,背,背,背,背",0.9605,0.7143,0.1944,Mistral-7B-Instruct-v0.3,5,game_131
Mistral-7B-Instruct-v0.3__noise05__game_132,133,2026-02-12T09:30:19.952352,cn,True,30,30,agent1,VLLMMistral7B,合作型的,0.05,90,0.9667,0.0333,1,3,"合,合,背,合,合,合,合,合,合,合,合,合,合,合,合,合,合,合,合,合,合,合,合,合,合,合,合,合,合,合","合,合,合,合,合,合,合,合,合,合,合,合,合,合,合,合,合,合,合,合,合,合,合,合,合,合,合,合,合,合",agent2,VLLMMistral7B,合作型的,0.05,60,0.8667,0.1333,4,"13,18,20,26","合,合,合,合,合,合,合,合,合,合,合,合,背,合,合,合,合,背,合,背,合,合,合,合,合,背,合,合,合,合","合,合,合,合,合,合,合,合,合,合,合,合,合,合,合,合,合,合,合,合,合,合,合,合,合,合,合,合,合,合",0.9211,0.8571,0.1667,Mistral-7B-Instruct-v0.3,5,game_132
Mistral-7B-Instruct-v0.3__noise05__game_133,134,2026-02-12T09:30:43.063530,cn,True,30,30,agent1,VLLMMistral7B,合作型的,0.05,280,0.9333,0.0667,2,"17,19","合,合,合,合,合,合,合,合,合,合,合,合,合,合,合,合,背,合,背,合,合,合,合,合,合,合,合,合,合,合","合,合,合,合,合,合,合,合,合,合,合,合,合,合,合,合,合,合,合,合,合,合,合,合,合,合,合,合,合,合",agent2,VLLMMistral7B,自私型的,0.05,20,0.0667,0.9333,1,1,"合,背,背,背,背,背,背,背,背,背,背,背,背,背,背,背,背,背,背,背,背,背,背,背,合,背,背,背,背,背","背,背,背,背,背,背,背,背,背,背,背,背,背,背,背,背,背,背,背,背,背,背,背,背,合,背,背,背,背,背",0.9737,0.8571,0.0556,Mistral-7B-Instruct-v0.3,5,game_133
Mistral-7B-Instruct-v0.3__noise05__game_134,135,2026-02-12T09:31:12.452078,cn,True,30,30,agent1,VLLMMistral7B,自私型的,0.05,28,0.0667,0.9333,1,5,"合,背,背,背,合,背,背,背,背,背,背,背,背,背,背,背,背,背,背,背,背,背,背,背,背,背,背,背,背,背","合,背,背,背,背,背,背,背,背,背,背,背,背,背,背,背,背,背,背,背,背,背,背,背,背,背,背,背,背,背",agent2,VLLMMistral7B,合作型的,0.05,278,0.9,0.1,2,"4,11","合,合,合,背,合,合,合,合,合,合,背,合,合,合,合,合,合,合,合,合,合,合,合,背,合,合,合,合,合,合","合,合,合,合,合,合,合,合,合,合,合,合,合,合,合,合,合,合,合,合,合,合,合,背,合,合,合,合,合,合",1.0,0.7619,0.0,Mistral-7B-Instruct-v0.3,5,game_134
Mistral-7B-Instruct-v0.3__noise05__game_135,136,2026-02-12T09:31:45.110101,cn,True,30,30,agent1,VLLMMistral7B,自私型的,0.05,212,0.0667,0.9333,1,26,"合,背,背,背,背,背,背,背,背,背,背,背,背,背,背,背,背,背,背,背,背,背,背,背,背,合,背,背,背,背","合,背,背,背,背,背,背,背,背,背,背,背,背,背,背,背,背,背,背,背,背,背,背,背,背,背,背,背,背,背",agent2,VLLMMistral7B,自私型的,0.05,232,0.1333,0.8667,3,"7,15,17","合,背,背,背,背,背,合,背,背,背,背,背,背,背,合,背,合,背,背,背,背,背,背,背,背,背,背,背,背,背","合,背,背,背,背,背,背,背,背,背,背,背,背,背,背,背,背,背,背,背,背,背,背,背,背,背,背,背,背,背",0.9474,0.7619,0.1111,Mistral-7B-Instruct-v0.3,5,game_135
Mistral-7B-Instruct-v0.3__noise05__game_136,137,2026-02-12T09:31:46.439068,cn,True,30,30,agent1,VLLMMistral7B,合作型的,0.05,84,1.0,0.0,0,,"合,合,合,合,合,合,合,合,合,合,合,合,合,合,合,合,合,合,合,合,合,合,合,合,合,合,合,合,合,合","合,合,合,合,合,合,合,合,合,合,合,合,合,合,合,合,合,合,合,合,合,合,合,合,合,合,合,合,合,合",agent2,VLLMMistral7B,合作型的,0.05,54,0.9,0.1,3,"9,14,30","合,合,合,合,合,合,合,合,背,合,合,合,合,背,合,合,合,合,合,合,合,合,合,合,合,合,合,合,合,背","合,合,合,合,合,合,合,合,合,合,合,合,合,合,合,合,合,合,合,合,合,合,合,合,合,合,合,合,合,合",0.8947,0.8333,0.1111,Mistral-7B-Instruct-v0.3,5,game_136
Mistral-7B-Instruct-v0.3__noise05__game_137,138,2026-02-12T09:32:14.216855,cn,True,30,30,agent1,VLLMMistral7B,合作型的,0.05,288,0.9333,0.0667,2,"11,20","合,合,合,合,合,合,合,合,合,合,背,合,合,合,合,合,合,合,合,背,合,合,合,合,合,合,合,合,合,合","合,合,合,合,合,合,合,合,合,合,合,合,合,合,合,合,合,合,合,合,合,合,合,合,合,合,合,合,合,合",agent2,VLLMMistral7B,自私型的,0.05,18,0.0333,0.9667,1,11,"背,背,背,背,背,背,背,背,背,背,合,背,背,背,背,背,背,背,背,背,背,背,背,背,背,背,背,背,背,背","背,背,背,背,背,背,背,背,背,背,背,背,背,背,背,背,背,背,背,背,背,背,背,背,背,背,背,背,背,背",0.9868,0.9048,0.1111,Mistral-7B-Instruct-v0.3,5,game_137
Mistral-7B-Instruct-v0.3__noise05__game_138,139,2026-02-12T09:32:47.728334,cn,True,30,30,agent1,VLLMMistral7B,自私型的,0.05,56,0.1333,0.8667,4,"1,9,14,27","合,背,背,背,背,背,背,背,合,背,背,背,背,合,背,背,背,背,背,背,背,背,背,背,背,背,合,背,背,背","背,背,背,背,背,背,背,背,背,背,背,背,背,背,背,背,背,背,背,背,背,背,背,背,背,背,背,背,背,背",agent2,VLLMMistral7B,合作型的,0.05,256,0.8,0.2,0,,"合,背,合,合,合,合,合,合,合,背,合,背,背,背,合,合,合,合,合,合,合,合,合,合,合,背,合,合,合,合","合,背,合,合,合,合,合,合,合,背,合,背,背,背,合,合,合,合,合,合,合,合,合,合,合,背,合,合,合,合",1.0,0.7381,0.0556,Mistral-7B-Instruct-v0.3,5,game_138
Mistral-7B-Instruct-v0.3__noise05__game_140,141,2026-02-12T09:33:14.219816,cn,True,30,30,agent1,VLLMMistral7B,合作型的,0.05,76,1.0,0.0,0,,"合,合,合,合,合,合,合,合,合,合,合,合,合,合,合,合,合,合,合,合,合,合,合,合,合,合,合,合,合,合","合,合,合,合,合,合,合,合,合,合,合,合,合,合,合,合,合,合,合,合,合,合,合,合,合,合,合,合,合,合",agent2,VLLMMistral7B,合作型的,0.05,56,0.9333,0.0667,2,"2,26","合,背,合,合,合,合,合,合,合,合,合,合,合,合,合,合,合,合,合,合,合,合,合,合,合,背,合,合,合,合","合,合,合,合,合,合,合,合,合,合,合,合,合,合,合,合,合,合,合,合,合,合,合,合,合,合,合,合,合,合",0.8947,0.7857,0.1667,Mistral-7B-Instruct-v0.3,5,game_140
Mistral-7B-Instruct-v0.3__noise05__game_139,140,2026-02-12T09:33:17.306822,cn,True,30,30,agent1,VLLMMistral7B,自私型的,0.05,218,0.1667,0.8333,4,"2,14,17,28","合,合,背,背,背,背,背,背,背,背,背,背,背,合,背,背,合,背,背,背,背,背,背,背,背,背,背,合,背,背","合,背,背,背,背,背,背,背,背,背,背,背,背,背,背,背,背,背,背,背,背,背,背,背,背,背,背,背,背,背",agent2,VLLMMistral7B,自私型的,0.05,208,0.1333,0.8667,3,"4,15,23","合,背,背,合,背,背,背,背,背,背,背,背,背,背,合,背,背,背,背,背,背,背,合,背,背,背,背,背,背,背","合,背,背,背,背,背,背,背,背,背,背,背,背,背,背,背,背,背,背,背,背,背,背,背,背,背,背,背,背,背",1.0,0.8333,0.0,Mistral-7B-Instruct-v0.3,5,game_139
Mistral-7B-Instruct-v0.3__noise05__game_141,142,2026-02-12T09:33:44.948719,cn,True,30,30,agent1,VLLMMistral7B,合作型的,0.05,290,0.9667,0.0333,1,18,"合,合,合,合,合,合,合,合,合,合,合,合,合,合,合,合,合,背,合,合,合,合,合,合,合,合,合,合,合,合","合,合,合,合,合,合,合,合,合,合,合,合,合,合,合,合,合,合,合,合,合,合,合,合,合,合,合,合,合,合",agent2,VLLMMistral7B,自私型的,0.05,10,0.0333,0.9667,1,8,"背,背,背,背,背,背,背,合,背,背,背,背,背,背,背,背,背,背,背,背,背,背,背,背,背,背,背,背,背,背","背,背,背,背,背,背,背,背,背,背,背,背,背,背,背,背,背,背,背,背,背,背,背,背,背,背,背,背,背,背",0.9605,0.8571,0.0556,Mistral-7B-Instruct-v0.3,5,game_141
Mistral-7B-Instruct-v0.3__noise05__game_142,143,2026-02-12T09:34:16.635392,cn,True,30,30,agent1,VLLMMistral7B,自私型的,0.05,26,0.0333,0.9667,1,27,"背,背,背,背,背,背,背,背,背,背,背,背,背,背,背,背,背,背,背,背,背,背,背,背,背,背,合,背,背,背","背,背,背,背,背,背,背,背,背,背,背,背,背,背,背,背,背,背,背,背,背,背,背,背,背,背,背,背,背,背",agent2,VLLMMistral7B,合作型的,0.05,286,0.9,0.1,1,12,"合,合,合,合,合,合,合,合,合,合,背,背,合,合,合,合,背,合,合,合,合,合,合,合,合,合,合,合,合,合","合,合,合,合,合,合,合,合,合,合,背,合,合,合,合,合,背,合,合,合,合,合,合,合,合,合,合,合,合,合",0.9474,0.7619,0.2222,Mistral-7B-Instruct-v0.3,5,game_142
Mistral-7B-Instruct-v0.3__noise05__game_143,144,2026-02-12T09:34:52.564017,cn,True,30,30,agent1,VLLMMistral7B,自私型的,0.05,238,0.1,0.9,2,"4,24","合,背,背,合,背,背,背,背,背,背,背,背,背,背,背,背,背,背,背,背,背,背,背,合,背,背,背,背,背,背","合,背,背,背,背,背,背,背,背,背,背,背,背,背,背,背,背,背,背,背,背,背,背,背,背,背,背,背,背,背",agent2,VLLMMistral7B,自私型的,0.05,218,0.0333,0.9667,1,19,"背,背,背,背,背,背,背,背,背,背,背,背,背,背,背,背,背,背,合,背,背,背,背,背,背,背,背,背,背,背","背,背,背,背,背,背,背,背,背,背,背,背,背,背,背,背,背,背,背,背,背,背,背,背,背,背,背,背,背,背",0.9605,0.7143,0.1389,Mistral-7B-Instruct-v0.3,5,game_143
Mistral-7B-Instruct-v0.3__noise05__game_144,145,2026-02-12T09:35:03.122629,cn,True,30,30,agent1,VLLMMistral7B,合作型的,0.05,66,0.9667,0.0333,1,21,"合,合,合,合,合,合,合,合,合,合,合,合,合,合,合,合,合,合,合,合,背,合,合,合,合,合,合,合,合,合","合,合,合,合,合,合,合,合,合,合,合,合,合,合,合,合,合,合,合,合,合,合,合,合,合,合,合,合,合,合",agent2,VLLMMistral7B,合作型的,0.05,66,0.9667,0.0333,1,16,"合,合,合,合,合,合,合,合,合,合,合,合,合,合,合,背,合,合,合,合,合,合,合,合,合,合,合,合,合,合","合,合,合,合,合,合,合,合,合,合,合,合,合,合,合,合,合,合,合,合,合,合,合,合,合,合,合,合,合,合",0.8684,0.7619,0.3056,Mistral-7B-Instruct-v0.3,5,game_144
Mistral-7B-Instruct-v0.3__noise05__game_145,146,2026-02-12T09:35:32.723838,cn,True,30,30,agent1,VLLMMistral7B,合作型的,0.05,272,0.9333,0.0667,2,"7,11","合,合,合,合,合,合,背,合,合,合,背,合,合,合,合,合,合,合,合,合,合,合,合,合,合,合,合,合,合,合","合,合,合,合,合,合,合,合,合,合,合,合,合,合,合,合,合,合,合,合,合,合,合,合,合,合,合,合,合,合",agent2,VLLMMistral7B,自私型的,0.05,22,0.1,0.9,3,"1,11,13","合,背,背,背,背,背,背,背,背,背,合,背,合,背,背,背,背,背,背,背,背,背,背,背,背,背,背,背,背,背","背,背,背,背,背,背,背,背,背,背,背,背,背,背,背,背,背,背,背,背,背,背,背,背,背,背,背,背,背,背",0.9737,0.881,0.0556,Mistral-7B-Instruct-v0.3,5,game_145
Mistral-7B-Instruct-v0.3__noise05__game_146,147,2026-02-12T09:35:57.948170,cn,True,30,30,agent1,VLLMMistral7B,自私型的,0.05,86,0.1,0.9,2,"7,10","合,背,背,背,背,背,合,背,背,合,背,背,背,背,背,背,背,背,背,背,背,背,背,背,背,背,背,背,背,背","合,背,背,背,背,背,背,背,背,背,背,背,背,背,背,背,背,背,背,背,背,背,背,背,背,背,背,背,背,背",agent2,VLLMMistral7B,合作型的,0.05,256,0.6667,0.3333,3,"2,4,29","合,背,合,背,合,背,背,背,背,合,合,合,合,背,合,合,合,合,合,合,背,背,合,合,合,合,合,合,合,背","合,合,合,合,合,背,背,背,背,合,合,合,合,背,合,合,合,合,合,合,背,背,合,合,合,合,合,合,背,背",0.9474,0.8333,0.0833,Mistral-7B-Instruct-v0.3,5,game_146
Mistral-7B-Instruct-v0.3__noise05__game_147,148,2026-02-12T09:36:37.068103,cn,True,30,30,agent1,VLLMMistral7B,自私型的,0.05,234,0.0333,0.9667,1,10,"背,背,背,背,背,背,背,背,背,合,背,背,背,背,背,背,背,背,背,背,背,背,背,背,背,背,背,背,背,背","背,背,背,背,背,背,背,背,背,背,背,背,背,背,背,背,背,背,背,背,背,背,背,背,背,背,背,背,背,背",agent2,VLLMMistral7B,自私型的,0.05,234,0.0333,0.9667,1,13,"背,背,背,背,背,背,背,背,背,背,背,背,合,背,背,背,背,背,背,背,背,背,背,背,背,背,背,背,背,背","背,背,背,背,背,背,背,背,背,背,背,背,背,背,背,背,背,背,背,背,背,背,背,背,背,背,背,背,背,背",0.9737,0.8095,0.0556,Mistral-7B-Instruct-v0.3,5,game_147
Mistral-7B-Instruct-v0.3__noise05__game_148,149,2026-02-12T09:36:37.159778,cn,True,30,30,agent1,VLLMMistral7B,合作型的,0.05,84,1.0,0.0,0,,"合,合,合,合,合,合,合,合,合,合,合,合,合,合,合,合,合,合,合,合,合,合,合,合,合,合,合,合,合,合","合,合,合,合,合,合,合,合,合,合,合,合,合,合,合,合,合,合,合,合,合,合,合,合,合,合,合,合,合,合",agent2,VLLMMistral7B,合作型的,0.05,54,0.9,0.1,3,"12,19,30","合,合,合,合,合,合,合,合,合,合,合,背,合,合,合,合,合,合,背,合,合,合,合,合,合,合,合,合,合,背","合,合,合,合,合,合,合,合,合,合,合,合,合,合,合,合,合,合,合,合,合,合,合,合,合,合,合,合,合,合",0.9079,0.881,0.2222,Mistral-7B-Instruct-v0.3,5,game_148
Mistral-7B-Instruct-v0.3__noise05__game_149,150,2026-02-12T09:37:20.360589,cn,True,30,30,agent1,VLLMMistral7B,合作型的,0.05,292,0.8667,0.1333,3,"3,9,15","合,合,背,合,合,合,合,合,背,合,合,合,合,合,背,合,合,合,背,合,合,合,合,合,合,合,合,合,合,合","合,合,合,合,合,合,合,合,合,合,合,合,合,合,合,合,合,合,背,合,合,合,合,合,合,合,合,合,合,合",agent2,VLLMMistral7B,自私型的,0.05,32,0.0,1.0,0,,"背,背,背,背,背,背,背,背,背,背,背,背,背,背,背,背,背,背,背,背,背,背,背,背,背,背,背,背,背,背","背,背,背,背,背,背,背,背,背,背,背,背,背,背,背,背,背,背,背,背,背,背,背,背,背,背,背,背,背,背",0.9211,0.8571,0.1111,Mistral-7B-Instruct-v0.3,5,game_149
Mistral-7B-Instruct-v0.3__noise05__game_150,151,2026-02-12T09:37:49.286013,cn,True,30,30,agent1,VLLMMistral7B,自私型的,0.05,28,0.0667,0.9333,1,20,"合,背,背,背,背,背,背,背,背,背,背,背,背,背,背,背,背,背,背,合,背,背,背,背,背,背,背,背,背,背","合,背,背,背,背,背,背,背,背,背,背,背,背,背,背,背,背,背,背,背,背,背,背,背,背,背,背,背,背,背",agent2,VLLMMistral7B,合作型的,0.05,278,0.9,0.1,3,"13,14,24","合,合,合,合,合,合,合,合,合,合,合,合,背,背,合,合,合,合,合,合,合,合,合,背,合,合,合,合,合,合","合,合,合,合,合,合,合,合,合,合,合,合,合,合,合,合,合,合,合,合,合,合,合,合,合,合,合,合,合,合",0.9737,0.7619,0.0556,Mistral-7B-Instruct-v0.3,5,game_150
Mistral-7B-Instruct-v0.3__noise05__game_152,153,2026-02-12T09:38:00.790312,cn,True,30,30,agent1,VLLMMistral7B,合作型的,0.05,60,1.0,0.0,0,,"合,合,合,合,合,合,合,合,合,合,合,合,合,合,合,合,合,合,合,合,合,合,合,合,合,合,合,合,合,合","合,合,合,合,合,合,合,合,合,合,合,合,合,合,合,合,合,合,合,合,合,合,合,合,合,合,合,合,合,合",agent2,VLLMMistral7B,合作型的,0.05,60,1.0,0.0,0,,"合,合,合,合,合,合,合,合,合,合,合,合,合,合,合,合,合,合,合,合,合,合,合,合,合,合,合,合,合,合","合,合,合,合,合,合,合,合,合,合,合,合,合,合,合,合,合,合,合,合,合,合,合,合,合,合,合,合,合,合",0.8947,0.6905,0.6111,Mistral-7B-Instruct-v0.3,5,game_152
Mistral-7B-Instruct-v0.3__noise05__game_151,152,2026-02-12T09:38:23.736300,cn,True,30,30,agent1,VLLMMistral7B,自私型的,0.05,222,0.1,0.9,3,"6,8,23","背,背,背,背,背,合,背,合,背,背,背,背,背,背,背,背,背,背,背,背,背,背,合,背,背,背,背,背,背,背","背,背,背,背,背,背,背,背,背,背,背,背,背,背,背,背,背,背,背,背,背,背,背,背,背,背,背,背,背,背",agent2,VLLMMistral7B,自私型的,0.05,222,0.1,0.9,2,"4,28","合,背,背,合,背,背,背,背,背,背,背,背,背,背,背,背,背,背,背,背,背,背,背,背,背,背,背,合,背,背","合,背,背,背,背,背,背,背,背,背,背,背,背,背,背,背,背,背,背,背,背,背,背,背,背,背,背,背,背,背",0.9211,0.8095,0.0,Mistral-7B-Instruct-v0.3,5,game_151
Mistral-7B-Instruct-v0.3__noise05__game_153,154,2026-02-12T09:39:05.691780,cn,True,30,30,agent1,VLLMMistral7B,合作型的,0.05,292,0.8667,0.1333,0,,"合,合,合,背,背,背,背,合,合,合,合,合,合,合,合,合,合,合,合,合,合,合,合,合,合,合,合,合,合,合","合,合,合,背,背,背,背,合,合,合,合,合,合,合,合,合,合,合,合,合,合,合,合,合,合,合,合,合,合,合",agent2,VLLMMistral7B,自私型的,0.05,32,0.0,1.0,0,,"背,背,背,背,背,背,背,背,背,背,背,背,背,背,背,背,背,背,背,背,背,背,背,背,背,背,背,背,背,背","背,背,背,背,背,背,背,背,背,背,背,背,背,背,背,背,背,背,背,背,背,背,背,背,背,背,背,背,背,背",0.9868,0.9048,0.0556,Mistral-7B-Instruct-v0.3,5,game_153
Mistral-7B-Instruct-v0.3__noise05__game_154,155,2026-02-12T09:39:26.214715,cn,True,30,30,agent1,VLLMMistral7B,自私型的,0.05,36,0.0667,0.9333,1,25,"合,背,背,背,背,背,背,背,背,背,背,背,背,背,背,背,背,背,背,背,背,背,背,背,合,背,背,背,背,背","合,背,背,背,背,背,背,背,背,背,背,背,背,背,背,背,背,背,背,背,背,背,背,背,背,背,背,背,背,背",agent2,VLLMMistral7B,合作型的,0.05,276,0.8667,0.1333,2,"7,20","合,合,合,合,合,合,背,合,背,合,合,合,背,合,合,合,合,合,合,背,合,合,合,合,合,合,合,合,合,合","合,合,合,合,合,合,合,合,背,合,合,合,背,合,合,合,合,合,合,合,合,合,合,合,合,合,合,合,合,合",0.9211,0.7143,0.0556,Mistral-7B-Instruct-v0.3,5,game_154
Mistral-7B-Instruct-v0.3__noise05__game_155,156,2026-02-12T09:39:31.575061,cn,True,30,30,agent1,VLLMMistral7B,自私型的,0.05,236,0.0667,0.9333,1,28,"合,背,背,背,背,背,背,背,背,背,背,背,背,背,背,背,背,背,背,背,背,背,背,背,背,背,背,合,背,背","合,背,背,背,背,背,背,背,背,背,背,背,背,背,背,背,背,背,背,背,背,背,背,背,背,背,背,背,背,背",agent2,VLLMMistral7B,自私型的,0.05,226,0.0333,0.9667,1,12,"背,背,背,背,背,背,背,背,背,背,背,合,背,背,背,背,背,背,背,背,背,背,背,背,背,背,背,背,背,背","背,背,背,背,背,背,背,背,背,背,背,背,背,背,背,背,背,背,背,背,背,背,背,背,背,背,背,背,背,背",0.9474,0.8095,0.1667,Mistral-7B-Instruct-v0.3,5,game_155
Mistral-7B-Instruct-v0.3__noise05__game_156,157,2026-02-12T09:39:49.889845,cn,True,30,30,agent1,VLLMMistral7B,合作型的,0.05,64,0.9333,0.0667,2,"23,30","合,合,合,合,合,合,合,合,合,合,合,合,合,合,合,合,合,合,合,合,合,合,背,合,合,合,合,合,合,背","合,合,合,合,合,合,合,合,合,合,合,合,合,合,合,合,合,合,合,合,合,合,合,合,合,合,合,合,合,合",agent2,VLLMMistral7B,合作型的,0.05,74,0.9667,0.0333,1,11,"合,合,合,合,合,合,合,合,合,合,背,合,合,合,合,合,合,合,合,合,合,合,合,合,合,合,合,合,合,合","合,合,合,合,合,合,合,合,合,合,合,合,合,合,合,合,合,合,合,合,合,合,合,合,合,合,合,合,合,合",0.9079,0.7381,0.4167,Mistral-7B-Instruct-v0.3,5,game_156
Mistral-7B-Instruct-v0.3__noise05__game_157,158,2026-02-12T09:40:49.090336,cn,True,30,30,agent1,VLLMMistral7B,合作型的,0.05,274,0.9667,0.0333,1,17,"合,合,合,合,合,合,合,合,合,合,合,合,合,合,合,合,背,合,合,合,合,合,合,合,合,合,合,合,合,合","合,合,合,合,合,合,合,合,合,合,合,合,合,合,合,合,合,合,合,合,合,合,合,合,合,合,合,合,合,合",agent2,VLLMMistral7B,自私型的,0.05,14,0.1,0.9,4,"1,4,8,15","背,背,背,合,背,背,背,合,背,背,背,背,背,背,合,背,背,背,背,背,背,背,背,背,背,背,背,背,背,背","合,背,背,背,背,背,背,背,背,背,背,背,背,背,背,背,背,背,背,背,背,背,背,背,背,背,背,背,背,背",0.9737,0.9048,0.0,Mistral-7B-Instruct-v0.3,5,game_157
Mistral-7B-Instruct-v0.3__noise05__game_158,159,2026-02-12T09:41:00.666454,cn,True,30,30,agent1,VLLMMistral7B,自私型的,0.05,26,0.1667,0.8333,4,"11,12,16,17","合,背,背,背,背,背,背,背,背,背,合,合,背,背,背,合,合,背,背,背,背,背,背,背,背,背,背,背,背,背","合,背,背,背,背,背,背,背,背,背,背,背,背,背,背,背,背,背,背,背,背,背,背,背,背,背,背,背,背,背",agent2,VLLMMistral7B,合作型的,0.05,256,0.9333,0.0667,2,"24,26","合,合,合,合,合,合,合,合,合,合,合,合,合,合,合,合,合,合,合,合,合,合,合,背,合,背,合,合,合,合","合,合,合,合,合,合,合,合,合,合,合,合,合,合,合,合,合,合,合,合,合,合,合,合,合,合,合,合,合,合",1.0,0.7857,0.1111,Mistral-7B-Instruct-v0.3,5,game_158
Mistral-7B-Instruct-v0.3__noise05__game_159,160,2026-02-12T09:41:12.581653,cn,True,30,30,agent1,VLLMMistral7B,自私型的,0.05,212,0.0667,0.9333,2,"19,23","背,背,背,背,背,背,背,背,背,背,背,背,背,背,背,背,背,背,合,背,背,背,合,背,背,背,背,背,背,背","背,背,背,背,背,背,背,背,背,背,背,背,背,背,背,背,背,背,背,背,背,背,背,背,背,背,背,背,背,背",agent2,VLLMMistral7B,自私型的,0.05,232,0.1333,0.8667,4,"3,5,15,23","背,背,合,背,合,背,背,背,背,背,背,背,背,背,合,背,背,背,背,背,背,背,合,背,背,背,背,背,背,背","背,背,背,背,背,背,背,背,背,背,背,背,背,背,背,背,背,背,背,背,背,背,背,背,背,背,背,背,背,背",0.9342,0.7619,0.1667,Mistral-7B-Instruct-v0.3,5,game_159
Mistral-7B-Instruct-v0.3__noise05__game_160,161,2026-02-12T09:41:58.745618,vn,True,30,30,agent1,VLLMMistral7B,một người hợp tác,0.05,210,0.0333,0.9667,1,10,"P,P,P,P,P,P,P,P,P,H,P,P,P,P,P,P,P,P,P,P,P,P,P,P,P,P,P,P,P,P","P,P,P,P,P,P,P,P,P,P,P,P,P,P,P,P,P,P,P,P,P,P,P,P,P,P,P,P,P,P",agent2,VLLMMistral7B,một người hợp tác,0.05,240,0.1333,0.8667,4,"5,7,9,25","P,P,P,P,H,P,H,P,H,P,P,P,P,P,P,P,P,P,P,P,P,P,P,P,H,P,P,P,P,P","P,P,P,P,P,P,P,P,P,P,P,P,P,P,P,P,P,P,P,P,P,P,P,P,P,P,P,P,P,P",0.5921,0.7619,0.0833,Mistral-7B-Instruct-v0.3,5,game_160
Mistral-7B-Instruct-v0.3__noise05__game_162,163,2026-02-12T09:42:53.679774,vn,True,30,30,agent1,VLLMMistral7B,một người ích kỷ,0.05,244,0.0667,0.9333,2,"2,18","P,H,P,P,P,P,P,P,P,P,P,P,P,P,P,P,P,H,P,P,P,P,P,P,P,P,P,P,P,P","P,P,P,P,P,P,P,P,P,P,P,P,P,P,P,P,P,P,P,P,P,P,P,P,P,P,P,P,P,P",agent2,VLLMMistral7B,một người hợp tác,0.05,224,0.0,1.0,0,,"P,P,P,P,P,P,P,P,P,P,P,P,P,P,P,P,P,P,P,P,P,P,P,P,P,P,P,P,P,P","P,P,P,P,P,P,P,P,P,P,P,P,P,P,P,P,P,P,P,P,P,P,P,P,P,P,P,P,P,P",0.5395,0.7857,0.1667,Mistral-7B-Instruct-v0.3,5,game_162
Mistral-7B-Instruct-v0.3__noise05__game_161,162,2026-02-12T09:43:06.067374,vn,True,30,30,agent1,VLLMMistral7B,một người hợp tác,0.05,220,0.0667,0.9333,2,"1,16","H,P,P,P,P,P,P,P,P,P,P,P,P,P,P,H,P,P,P,P,P,P,P,P,P,P,P,P,P,P","P,P,P,P,P,P,P,P,P,P,P,P,P,P,P,P,P,P,P,P,P,P,P,P,P,P,P,P,P,P",agent2,VLLMMistral7B,một người ích kỷ,0.05,230,0.1,0.9,3,"1,6,26","H,P,P,P,P,H,P,P,P,P,P,P,P,P,P,P,P,P,P,P,P,P,P,P,P,H,P,P,P,P","P,P,P,P,P,P,P,P,P,P,P,P,P,P,P,P,P,P,P,P,P,P,P,P,P,P,P,P,P,P",0.5395,0.8333,0.0,Mistral-7B-Instruct-v0.3,5,game_161
Mistral-7B-Instruct-v0.3__noise05__game_163,164,2026-02-12T09:43:47.096626,vn,True,30,30,agent1,VLLMMistral7B,một người ích kỷ,0.05,224,0.0,1.0,0,,"P,P,P,P,P,P,P,P,P,P,P,P,P,P,P,P,P,P,P,P,P,P,P,P,P,P,P,P,P,P","P,P,P,P,P,P,P,P,P,P,P,P,P,P,P,P,P,P,P,P,P,P,P,P,P,P,P,P,P,P",agent2,VLLMMistral7B,một người ích kỷ,0.05,244,0.0667,0.9333,2,"9,29","P,P,P,P,P,P,P,P,H,P,P,P,P,P,P,P,P,P,P,P,P,P,P,P,P,P,P,P,H,P","P,P,P,P,P,P,P,P,P,P,P,P,P,P,P,P,P,P,P,P,P,P,P,P,P,P,P,P,P,P",0.4737,0.7143,0.1111,Mistral-7B-Instruct-v0.3,5,game_163
Mistral-7B-Instruct-v0.3__noise05__game_164,165,2026-02-12T09:44:16.732761,vn,True,30,30,agent1,VLLMMistral7B,một người hợp tác,0.05,224,0.0,1.0,0,,"P,P,P,P,P,P,P,P,P,P,P,P,P,P,P,P,P,P,P,P,P,P,P,P,P,P,P,P,P,P","P,P,P,P,P,P,P,P,P,P,P,P,P,P,P,P,P,P,P,P,P,P,P,P,P,P,P,P,P,P",agent2,VLLMMistral7B,một người hợp tác,0.05,244,0.0667,0.9333,2,"4,11","P,P,P,H,P,P,P,P,P,P,H,P,P,P,P,P,P,P,P,P,P,P,P,P,P,P,P,P,P,P","P,P,P,P,P,P,P,P,P,P,P,P,P,P,P,P,P,P,P,P,P,P,P,P,P,P,P,P,P,P",0.4737,0.7619,0.2222,Mistral-7B-Instruct-v0.3,5,game_164
Mistral-7B-Instruct-v0.3__noise05__game_165,166,2026-02-12T09:45:10.324393,vn,True,30,30,agent1,VLLMMistral7B,một người hợp tác,0.05,220,0.0667,0.9333,2,"6,27","P,P,P,P,P,H,P,P,P,P,P,P,P,P,P,P,P,P,P,P,P,P,P,P,P,P,H,P,P,P","P,P,P,P,P,P,P,P,P,P,P,P,P,P,P,P,P,P,P,P,P,P,P,P,P,P,P,P,P,P",agent2,VLLMMistral7B,một người ích kỷ,0.05,230,0.1,0.9,3,"1,2,22","H,H,P,P,P,P,P,P,P,P,P,P,P,P,P,P,P,P,P,P,P,H,P,P,P,P,P,P,P,P","P,P,P,P,P,P,P,P,P,P,P,P,P,P,P,P,P,P,P,P,P,P,P,P,P,P,P,P,P,P",0.6053,0.9048,0.0556,Mistral-7B-Instruct-v0.3,5,game_165
Mistral-7B-Instruct-v0.3__noise05__game_166,167,2026-02-12T09:45:30.152355,vn,True,30,30,agent1,VLLMMistral7B,một người ích kỷ,0.05,230,0.1,0.9,3,"11,13,19","P,P,P,P,P,P,P,P,P,P,H,P,H,P,P,P,P,P,H,P,P,P,P,P,P,P,P,P,P,P","P,P,P,P,P,P,P,P,P,P,P,P,P,P,P,P,P,P,P,P,P,P,P,P,P,P,P,P,P,P",agent2,VLLMMistral7B,một người hợp tác,0.05,220,0.0667,0.9333,2,"7,12","P,P,P,P,P,P,H,P,P,P,P,H,P,P,P,P,P,P,P,P,P,P,P,P,P,P,P,P,P,P","P,P,P,P,P,P,P,P,P,P,P,P,P,P,P,P,P,P,P,P,P,P,P,P,P,P,P,P,P,P",0.5263,0.7857,0.1111,Mistral-7B-Instruct-v0.3,5,game_166
Mistral-7B-Instruct-v0.3__noise05__game_167,168,2026-02-12T09:46:13.373791,vn,True,30,30,agent1,VLLMMistral7B,một người ích kỷ,0.05,238,0.1,0.9,3,"5,11,27","P,P,P,P,H,P,P,P,P,P,H,P,P,P,P,P,P,P,P,P,P,P,P,P,P,P,H,P,P,P","P,P,P,P,P,P,P,P,P,P,P,P,P,P,P,P,P,P,P,P,P,P,P,P,P,P,P,P,P,P",agent2,VLLMMistral7B,một người ích kỷ,0.05,218,0.0333,0.9667,1,16,"P,P,P,P,P,P,P,P,P,P,P,P,P,P,P,H,P,P,P,P,P,P,P,P,P,P,P,P,P,P","P,P,P,P,P,P,P,P,P,P,P,P,P,P,P,P,P,P,P,P,P,P,P,P,P,P,P,P,P,P",0.5395,0.8095,0.1667,Mistral-7B-Instruct-v0.3,5,game_167
Mistral-7B-Instruct-v0.3__noise05__game_168,169,2026-02-12T09:47:11.234026,vn,True,30,30,agent1,VLLMMistral7B,một người hợp tác,0.05,244,0.0667,0.9333,2,"8,20","P,P,P,P,P,P,P,H,P,P,P,P,P,P,P,P,P,P,P,H,P,P,P,P,P,P,P,P,P,P","P,P,P,P,P,P,P,P,P,P,P,P,P,P,P,P,P,P,P,P,P,P,P,P,P,P,P,P,P,P",agent2,VLLMMistral7B,một người hợp tác,0.05,224,0.0,1.0,0,,"P,P,P,P,P,P,P,P,P,P,P,P,P,P,P,P,P,P,P,P,P,P,P,P,P,P,P,P,P,P","P,P,P,P,P,P,P,P,P,P,P,P,P,P,P,P,P,P,P,P,P,P,P,P,P,P,P,P,P,P",0.6711,0.8571,0.1667,Mistral-7B-Instruct-v0.3,5,game_168
Mistral-7B-Instruct-v0.3__noise05__game_169,170,2026-02-12T09:47:37.428840,vn,True,30,30,agent1,VLLMMistral7B,một người hợp tác,0.05,242,0.0333,0.9667,1,26,"P,P,P,P,P,P,P,P,P,P,P,P,P,P,P,P,P,P,P,P,P,P,P,P,P,H,P,P,P,P","P,P,P,P,P,P,P,P,P,P,P,P,P,P,P,P,P,P,P,P,P,P,P,P,P,P,P,P,P,P",agent2,VLLMMistral7B,một người ích kỷ,0.05,232,0.0,1.0,0,,"P,P,P,P,P,P,P,P,P,P,P,P,P,P,P,P,P,P,P,P,P,P,P,P,P,P,P,P,P,P","P,P,P,P,P,P,P,P,P,P,P,P,P,P,P,P,P,P,P,P,P,P,P,P,P,P,P,P,P,P",0.5395,0.7857,0.3333,Mistral-7B-Instruct-v0.3,5,game_169
Mistral-7B-Instruct-v0.3__noise05__game_170,171,2026-02-12T09:48:05.587695,vn,True,30,30,agent1,VLLMMistral7B,một người ích kỷ,0.05,210,0.0333,0.9667,1,19,"P,P,P,P,P,P,P,P,P,P,P,P,P,P,P,P,P,P,H,P,P,P,P,P,P,P,P,P,P,P","P,P,P,P,P,P,P,P,P,P,P,P,P,P,P,P,P,P,P,P,P,P,P,P,P,P,P,P,P,P",agent2,VLLMMistral7B,một người hợp tác,0.05,240,0.1333,0.8667,3,"3,24,26","H,P,H,P,P,P,P,P,P,P,P,P,P,P,P,P,P,P,P,P,P,P,P,H,P,H,P,P,P,P","H,P,P,P,P,P,P,P,P,P,P,P,P,P,P,P,P,P,P,P,P,P,P,P,P,P,P,P,P,P",0.5658,0.7857,0.1111,Mistral-7B-Instruct-v0.3,5,game_170
Mistral-7B-Instruct-v0.3__noise05__game_171,172,2026-02-12T09:48:42.650617,vn,True,30,30,agent1,VLLMMistral7B,một người ích kỷ,0.05,208,0.0,1.0,0,,"P,P,P,P,P,P,P,P,P,P,P,P,P,P,P,P,P,P,P,P,P,P,P,P,P,P,P,P,P,P","P,P,P,P,P,P,P,P,P,P,P,P,P,P,P,P,P,P,P,P,P,P,P,P,P,P,P,P,P,P",agent2,VLLMMistral7B,một người ích kỷ,0.05,248,0.1333,0.8667,4,"3,8,13,18","P,P,H,P,P,P,P,H,P,P,P,P,H,P,P,P,P,H,P,P,P,P,P,P,P,P,P,P,P,P","P,P,P,P,P,P,P,P,P,P,P,P,P,P,P,P,P,P,P,P,P,P,P,P,P,P,P,P,P,P",0.4474,0.8095,0.1389,Mistral-7B-Instruct-v0.3,5,game_171
Mistral-7B-Instruct-v0.3__noise05__game_172,173,2026-02-12T09:49:37.511493,vn,True,30,30,agent1,VLLMMistral7B,một người hợp tác,0.05,218,0.0333,0.9667,1,21,"P,P,P,P,P,P,P,P,P,P,P,P,P,P,P,P,P,P,P,P,H,P,P,P,P,P,P,P,P,P","P,P,P,P,P,P,P,P,P,P,P,P,P,P,P,P,P,P,P,P,P,P,P,P,P,P,P,P,P,P",agent2,VLLMMistral7B,một người hợp tác,0.05,238,0.1,0.9,2,"1,8","H,P,P,P,P,P,P,H,P,P,P,P,P,P,P,P,P,P,P,P,P,P,P,P,P,H,P,P,P,P","P,P,P,P,P,P,P,P,P,P,P,P,P,P,P,P,P,P,P,P,P,P,P,P,P,H,P,P,P,P",0.5,0.7619,0.0556,Mistral-7B-Instruct-v0.3,5,game_172
Mistral-7B-Instruct-v0.3__noise05__game_173,174,2026-02-12T09:50:17.392451,vn,True,30,30,agent1,VLLMMistral7B,một người hợp tác,0.05,232,0.0,1.0,0,,"P,P,P,P,P,P,P,P,P,P,P,P,P,P,P,P,P,P,P,P,P,P,P,P,P,P,P,P,P,P","P,P,P,P,P,P,P,P,P,P,P,P,P,P,P,P,P,P,P,P,P,P,P,P,P,P,P,P,P,P",agent2,VLLMMistral7B,một người ích kỷ,0.05,242,0.0333,0.9667,1,7,"P,P,P,P,P,P,H,P,P,P,P,P,P,P,P,P,P,P,P,P,P,P,P,P,P,P,P,P,P,P","P,P,P,P,P,P,P,P,P,P,P,P,P,P,P,P,P,P,P,P,P,P,P,P,P,P,P,P,P,P",0.4211,0.7143,0.3056,Mistral-7B-Instruct-v0.3,5,game_173
Mistral-7B-Instruct-v0.3__noise05__game_174,175,2026-02-12T09:50:24.134273,vn,True,30,30,agent1,VLLMMistral7B,một người ích kỷ,0.05,240,0.1333,0.8667,3,"7,14,22","P,P,P,P,P,P,H,P,P,P,P,H,P,H,P,P,P,P,P,P,P,H,P,P,P,P,P,P,P,P","P,P,P,P,P,P,P,P,P,P,P,H,P,P,P,P,P,P,P,P,P,P,P,P,P,P,P,P,P,P",agent2,VLLMMistral7B,một người hợp tác,0.05,210,0.0333,0.9667,1,25,"P,P,P,P,P,P,P,P,P,P,P,P,P,P,P,P,P,P,P,P,P,P,P,P,H,P,P,P,P,P","P,P,P,P,P,P,P,P,P,P,P,P,P,P,P,P,P,P,P,P,P,P,P,P,P,P,P,P,P,P",0.4737,0.7857,0.1111,Mistral-7B-Instruct-v0.3,5,game_174
Mistral-7B-Instruct-v0.3__noise05__game_175,176,2026-02-12T09:51:04.262361,vn,True,30,30,agent1,VLLMMistral7B,một người ích kỷ,0.05,242,0.0333,0.9667,1,22,"P,P,P,P,P,P,P,P,P,P,P,P,P,P,P,P,P,P,P,P,P,H,P,P,P,P,P,P,P,P","P,P,P,P,P,P,P,P,P,P,P,P,P,P,P,P,P,P,P,P,P,P,P,P,P,P,P,P,P,P",agent2,VLLMMistral7B,một người ích kỷ,0.05,232,0.0,1.0,0,,"P,P,P,P,P,P,P,P,P,P,P,P,P,P,P,P,P,P,P,P,P,P,P,P,P,P,P,P,P,P","P,P,P,P,P,P,P,P,P,P,P,P,P,P,P,P,P,P,P,P,P,P,P,P,P,P,P,P,P,P",0.5263,0.7381,0.3333,Mistral-7B-Instruct-v0.3,5,game_175
Mistral-7B-Instruct-v0.3__noise05__game_176,177,2026-02-12T09:52:18.386173,vn,True,30,30,agent1,VLLMMistral7B,một người hợp tác,0.05,244,0.0667,0.9333,2,"18,29","P,P,P,P,P,P,P,P,P,P,P,P,P,P,P,P,P,H,P,P,P,P,P,P,P,P,P,P,H,P","P,P,P,P,P,P,P,P,P,P,P,P,P,P,P,P,P,P,P,P,P,P,P,P,P,P,P,P,P,P",agent2,VLLMMistral7B,một người hợp tác,0.05,224,0.0,1.0,0,,"P,P,P,P,P,P,P,P,P,P,P,P,P,P,P,P,P,P,P,P,P,P,P,P,P,P,P,P,P,P","P,P,P,P,P,P,P,P,P,P,P,P,P,P,P,P,P,P,P,P,P,P,P,P,P,P,P,P,P,P",0.5789,0.8095,0.1667,Mistral-7B-Instruct-v0.3,5,game_176
Mistral-7B-Instruct-v0.3__noise05__game_178,179,2026-02-12T09:52:41.034501,vn,True,30,30,agent1,VLLMMistral7B,một người ích kỷ,0.05,244,0.0667,0.9333,2,"22,23","P,P,P,P,P,P,P,P,P,P,P,P,P,P,P,P,P,P,P,P,P,H,H,P,P,P,P,P,P,P","P,P,P,P,P,P,P,P,P,P,P,P,P,P,P,P,P,P,P,P,P,P,P,P,P,P,P,P,P,P",agent2,VLLMMistral7B,một người hợp tác,0.05,224,0.0,1.0,0,,"P,P,P,P,P,P,P,P,P,P,P,P,P,P,P,P,P,P,P,P,P,P,P,P,P,P,P,P,P,P","P,P,P,P,P,P,P,P,P,P,P,P,P,P,P,P,P,P,P,P,P,P,P,P,P,P,P,P,P,P",0.4474,0.7381,0.3333,Mistral-7B-Instruct-v0.3,5,game_178
Mistral-7B-Instruct-v0.3__noise05__game_177,178,2026-02-12T09:52:43.071566,vn,True,30,30,agent1,VLLMMistral7B,một người hợp tác,0.05,208,0.0,1.0,0,,"P,P,P,P,P,P,P,P,P,P,P,P,P,P,P,P,P,P,P,P,P,P,P,P,P,P,P,P,P,P","P,P,P,P,P,P,P,P,P,P,P,P,P,P,P,P,P,P,P,P,P,P,P,P,P,P,P,P,P,P",agent2,VLLMMistral7B,một người ích kỷ,0.05,248,0.1333,0.8667,4,"3,7,8,17","P,P,H,P,P,P,H,H,P,P,P,P,P,P,P,P,H,P,P,P,P,P,P,P,P,P,P,P,P,P","P,P,P,P,P,P,P,P,P,P,P,P,P,P,P,P,P,P,P,P,P,P,P,P,P,P,P,P,P,P",0.4605,0.7619,0.25,Mistral-7B-Instruct-v0.3,5,game_177
Mistral-7B-Instruct-v0.3__noise05__game_179,180,2026-02-12T09:53:28.693246,vn,True,30,30,agent1,VLLMMistral7B,một người ích kỷ,0.05,240,0.0,1.0,0,,"P,P,P,P,P,P,P,P,P,P,P,P,P,P,P,P,P,P,P,P,P,P,P,P,P,P,P,P,P,P","P,P,P,P,P,P,P,P,P,P,P,P,P,P,P,P,P,P,P,P,P,P,P,P,P,P,P,P,P,P",agent2,VLLMMistral7B,một người ích kỷ,0.05,240,0.0,1.0,0,,"P,P,P,P,P,P,P,P,P,P,P,P,P,P,P,P,P,P,P,P,P,P,P,P,P,P,P,P,P,P","P,P,P,P,P,P,P,P,P,P,P,P,P,P,P,P,P,P,P,P,P,P,P,P,P,P,P,P,P,P",0.4079,0.7143,0.4444,Mistral-7B-Instruct-v0.3,5,game_179
Mistral-7B-Instruct-v0.3__noise05__game_182,183,2026-02-12T09:55:12.458181,vn,True,30,30,agent1,VLLMMistral7B,một người ích kỷ,0.05,232,0.0,1.0,0,,"P,P,P,P,P,P,P,P,P,P,P,P,P,P,P,P,P,P,P,P,P,P,P,P,P,P,P,P,P,P","P,P,P,P,P,P,P,P,P,P,P,P,P,P,P,P,P,P,P,P,P,P,P,P,P,P,P,P,P,P",agent2,VLLMMistral7B,một người hợp tác,0.05,242,0.0333,0.9667,1,21,"P,P,P,P,P,P,P,P,P,P,P,P,P,P,P,P,P,P,P,P,H,P,P,P,P,P,P,P,P,P","P,P,P,P,P,P,P,P,P,P,P,P,P,P,P,P,P,P,P,P,P,P,P,P,P,P,P,P,P,P",0.4474,0.7381,0.3333,Mistral-7B-Instruct-v0.3,5,game_182
Mistral-7B-Instruct-v0.3__noise05__game_180,181,2026-02-12T09:55:26.814997,vn,True,30,30,agent1,VLLMMistral7B,một người hợp tác,0.05,226,0.0333,0.9667,1,22,"P,P,P,P,P,P,P,P,P,P,P,P,P,P,P,P,P,P,P,P,P,H,P,P,P,P,P,P,P,P","P,P,P,P,P,P,P,P,P,P,P,P,P,P,P,P,P,P,P,P,P,P,P,P,P,P,P,P,P,P",agent2,VLLMMistral7B,một người hợp tác,0.05,236,0.0667,0.9333,2,"4,7","P,P,P,H,P,P,H,P,P,P,P,P,P,P,P,P,P,P,P,P,P,P,P,P,P,P,P,P,P,P","P,P,P,P,P,P,P,P,P,P,P,P,P,P,P,P,P,P,P,P,P,P,P,P,P,P,P,P,P,P",0.4211,0.7143,0.1389,Mistral-7B-Instruct-v0.3,5,game_180
Mistral-7B-Instruct-v0.3__noise05__game_181,182,2026-02-12T09:55:36.978173,vn,True,30,30,agent1,VLLMMistral7B,một người hợp tác,0.05,246,0.1,0.9,3,"21,22,28","P,P,P,P,P,P,P,P,P,P,P,P,P,P,P,P,P,P,P,P,H,H,P,P,P,P,P,H,P,P","P,P,P,P,P,P,P,P,P,P,P,P,P,P,P,P,P,P,P,P,P,P,P,P,P,P,P,P,P,P",agent2,VLLMMistral7B,một người ích kỷ,0.05,216,0.0,1.0,0,,"P,P,P,P,P,P,P,P,P,P,P,P,P,P,P,P,P,P,P,P,P,P,P,P,P,P,P,P,P,P","P,P,P,P,P,P,P,P,P,P,P,P,P,P,P,P,P,P,P,P,P,P,P,P,P,P,P,P,P,P",0.4605,0.7619,0.2778,Mistral-7B-Instruct-v0.3,5,game_181
Mistral-7B-Instruct-v0.3__noise05__game_183,184,2026-02-12T09:56:05.190356,vn,True,30,30,agent1,VLLMMistral7B,một người ích kỷ,0.05,226,0.0333,0.9667,1,4,"P,P,P,H,P,P,P,P,P,P,P,P,P,P,P,P,P,P,P,P,P,P,P,P,P,P,P,P,P,P","P,P,P,P,P,P,P,P,P,P,P,P,P,P,P,P,P,P,P,P,P,P,P,P,P,P,P,P,P,P",agent2,VLLMMistral7B,một người ích kỷ,0.05,236,0.0667,0.9333,2,"4,7","P,P,P,H,P,P,H,P,P,P,P,P,P,P,P,P,P,P,P,P,P,P,P,P,P,P,P,P,P,P","P,P,P,P,P,P,P,P,P,P,P,P,P,P,P,P,P,P,P,P,P,P,P,P,P,P,P,P,P,P",0.4605,0.7143,0.0,Mistral-7B-Instruct-v0.3,5,game_183
Mistral-7B-Instruct-v0.3__noise05__game_184,185,2026-02-12T09:57:27.529797,vn,True,30,30,agent1,VLLMMistral7B,một người hợp tác,0.05,246,0.1,0.9,3,"1,21,29","H,P,P,P,P,P,P,P,P,P,P,P,P,P,P,P,P,P,P,P,H,P,P,P,P,P,P,P,H,P","P,P,P,P,P,P,P,P,P,P,P,P,P,P,P,P,P,P,P,P,P,P,P,P,P,P,P,P,P,P",agent2,VLLMMistral7B,một người hợp tác,0.05,216,0.0,1.0,0,,"P,P,P,P,P,P,P,P,P,P,P,P,P,P,P,P,P,P,P,P,P,P,P,P,P,P,P,P,P,P","P,P,P,P,P,P,P,P,P,P,P,P,P,P,P,P,P,P,P,P,P,P,P,P,P,P,P,P,P,P",0.5,0.8333,0.1111,Mistral-7B-Instruct-v0.3,5,game_184
Mistral-7B-Instruct-v0.3__noise05__game_185,186,2026-02-12T09:57:46.364044,vn,True,30,30,agent1,VLLMMistral7B,một người hợp tác,0.05,242,0.0333,0.9667,1,6,"P,P,P,P,P,H,P,P,P,P,P,P,P,P,P,P,P,P,P,P,P,P,P,P,P,P,P,P,P,P","P,P,P,P,P,P,P,P,P,P,P,P,P,P,P,P,P,P,P,P,P,P,P,P,P,P,P,P,P,P",agent2,VLLMMistral7B,một người ích kỷ,0.05,232,0.0,1.0,0,,"P,P,P,P,P,P,P,P,P,P,P,P,P,P,P,P,P,P,P,P,P,P,P,P,P,P,P,P,P,P","P,P,P,P,P,P,P,P,P,P,P,P,P,P,P,P,P,P,P,P,P,P,P,P,P,P,P,P,P,P",0.5395,0.8095,0.2778,Mistral-7B-Instruct-v0.3,5,game_185
Mistral-7B-Instruct-v0.3__noise05__game_187,188,2026-02-12T09:58:30.064665,vn,True,30,30,agent1,VLLMMistral7B,một người ích kỷ,0.05,236,0.0667,0.9333,2,"1,5","H,P,P,P,H,P,P,P,P,P,P,P,P,P,P,P,P,P,P,P,P,P,P,P,P,P,P,P,P,P","P,P,P,P,P,P,P,P,P,P,P,P,P,P,P,P,P,P,P,P,P,P,P,P,P,P,P,P,P,P",agent2,VLLMMistral7B,một người ích kỷ,0.05,226,0.0333,0.9667,1,11,"P,P,P,P,P,P,P,P,P,P,H,P,P,P,P,P,P,P,P,P,P,P,P,P,P,P,P,P,P,P","P,P,P,P,P,P,P,P,P,P,P,P,P,P,P,P,P,P,P,P,P,P,P,P,P,P,P,P,P,P",0.5,0.7381,0.0556,Mistral-7B-Instruct-v0.3,5,game_187
Mistral-7B-Instruct-v0.3__noise05__game_186,187,2026-02-12T09:58:58.683955,vn,True,30,30,agent1,VLLMMistral7B,một người ích kỷ,0.05,232,0.0,1.0,0,,"P,P,P,P,P,P,P,P,P,P,P,P,P,P,P,P,P,P,P,P,P,P,P,P,P,P,P,P,P,P","P,P,P,P,P,P,P,P,P,P,P,P,P,P,P,P,P,P,P,P,P,P,P,P,P,P,P,P,P,P",agent2,VLLMMistral7B,một người hợp tác,0.05,242,0.0333,0.9667,1,29,"P,P,P,P,P,P,P,P,P,P,P,P,P,P,P,P,P,P,P,P,P,P,P,P,P,P,P,P,H,P","P,P,P,P,P,P,P,P,P,P,P,P,P,P,P,P,P,P,P,P,P,P,P,P,P,P,P,P,P,P",0.4079,0.7381,0.2778,Mistral-7B-Instruct-v0.3,5,game_186
Mistral-7B-Instruct-v0.3__noise05__game_189,190,2026-02-12T10:00:06.015493,vn,True,30,30,agent1,VLLMMistral7B,một người hợp tác,0.05,240,0.1333,0.8667,2,"10,25","P,P,P,P,P,P,P,P,P,H,P,P,P,P,P,P,P,P,P,P,P,P,P,P,H,P,P,P,H,H","P,P,P,P,P,P,P,P,P,P,P,P,P,P,P,P,P,P,P,P,P,P,P,P,P,P,P,P,H,H",agent2,VLLMMistral7B,một người ích kỷ,0.05,210,0.0333,0.9667,1,30,"P,P,P,P,P,P,P,P,P,P,P,P,P,P,P,P,P,P,P,P,P,P,P,P,P,P,P,P,P,H","P,P,P,P,P,P,P,P,P,P,P,P,P,P,P,P,P,P,P,P,P,P,P,P,P,P,P,P,P,P",0.5658,0.8571,0.1389,Mistral-7B-Instruct-v0.3,5,game_189
Mistral-7B-Instruct-v0.3__noise05__game_188,189,2026-02-12T10:00:28.062287,vn,True,30,30,agent1,VLLMMistral7B,một người hợp tác,0.05,242,0.0333,0.9667,0,,"P,P,P,P,P,P,P,P,P,P,P,P,P,P,P,P,P,P,P,P,P,P,H,P,P,P,P,P,P,P","P,P,P,P,P,P,P,P,P,P,P,P,P,P,P,P,P,P,P,P,P,P,H,P,P,P,P,P,P,P",agent2,VLLMMistral7B,một người hợp tác,0.05,232,0.0,1.0,0,,"P,P,P,P,P,P,P,P,P,P,P,P,P,P,P,P,P,P,P,P,P,P,P,P,P,P,P,P,P,P","P,P,P,P,P,P,P,P,P,P,P,P,P,P,P,P,P,P,P,P,P,P,P,P,P,P,P,P,P,P",0.4211,0.7143,0.3333,Mistral-7B-Instruct-v0.3,5,game_188
Mistral-7B-Instruct-v0.3__noise05__game_190,191,2026-02-12T10:01:29.006199,vn,True,30,30,agent1,VLLMMistral7B,một người ích kỷ,0.05,216,0.0,1.0,0,,"P,P,P,P,P,P,P,P,P,P,P,P,P,P,P,P,P,P,P,P,P,P,P,P,P,P,P,P,P,P","P,P,P,P,P,P,P,P,P,P,P,P,P,P,P,P,P,P,P,P,P,P,P,P,P,P,P,P,P,P",agent2,VLLMMistral7B,một người hợp tác,0.05,246,0.1,0.9,1,19,"H,P,H,P,P,P,P,P,P,P,P,P,P,P,P,P,P,P,H,P,P,P,P,P,P,P,P,P,P,P","H,P,H,P,P,P,P,P,P,P,P,P,P,P,P,P,P,P,P,P,P,P,P,P,P,P,P,P,P,P",0.4605,0.7381,0.1667,Mistral-7B-Instruct-v0.3,5,game_190
Mistral-7B-Instruct-v0.3__noise05__game_191,192,2026-02-12T10:01:31.142558,vn,True,30,30,agent1,VLLMMistral7B,một người ích kỷ,0.05,238,0.1,0.9,3,"14,26,28","P,P,P,P,P,P,P,P,P,P,P,P,P,H,P,P,P,P,P,P,P,P,P,P,P,H,P,H,P,P","P,P,P,P,P,P,P,P,P,P,P,P,P,P,P,P,P,P,P,P,P,P,P,P,P,P,P,P,P,P",agent2,VLLMMistral7B,một người ích kỷ,0.05,218,0.0333,0.9667,1,12,"P,P,P,P,P,P,P,P,P,P,P,H,P,P,P,P,P,P,P,P,P,P,P,P,P,P,P,P,P,P","P,P,P,P,P,P,P,P,P,P,P,P,P,P,P,P,P,P,P,P,P,P,P,P,P,P,P,P,P,P",0.5132,0.7857,0.1944,Mistral-7B-Instruct-v0.3,5,game_191
Mistral-7B-Instruct-v0.3__noise05__game_192,193,2026-02-12T10:02:23.119751,vn,True,30,30,agent1,VLLMMistral7B,một người hợp tác,0.05,246,0.2333,0.7667,5,"2,7,19,20,21","P,H,P,P,P,P,H,P,P,P,P,P,P,P,P,P,P,P,H,H,H,H,P,H,P,P,P,P,P,P","P,P,P,P,P,P,P,P,P,P,P,P,P,P,P,P,P,P,P,P,P,H,P,H,P,P,P,P,P,P",agent2,VLLMMistral7B,một người hợp tác,0.05,186,0.0333,0.9667,1,1,"H,P,P,P,P,P,P,P,P,P,P,P,P,P,P,P,P,P,P,P,P,P,P,P,P,P,P,P,P,P","P,P,P,P,P,P,P,P,P,P,P,P,P,P,P,P,P,P,P,P,P,P,P,P,P,P,P,P,P,P",0.5263,0.881,0.0556,Mistral-7B-Instruct-v0.3,5,game_192
Mistral-7B-Instruct-v0.3__noise05__game_193,194,2026-02-12T10:02:44.021989,vn,True,30,30,agent1,VLLMMistral7B,một người hợp tác,0.05,238,0.1,0.9,3,"9,14,29","P,P,P,P,P,P,P,P,H,P,P,P,P,H,P,P,P,P,P,P,P,P,P,P,P,P,P,P,H,P","P,P,P,P,P,P,P,P,P,P,P,P,P,P,P,P,P,P,P,P,P,P,P,P,P,P,P,P,P,P",agent2,VLLMMistral7B,một người ích kỷ,0.05,218,0.0333,0.9667,1,10,"P,P,P,P,P,P,P,P,P,H,P,P,P,P,P,P,P,P,P,P,P,P,P,P,P,P,P,P,P,P","P,P,P,P,P,P,P,P,P,P,P,P,P,P,P,P,P,P,P,P,P,P,P,P,P,P,P,P,P,P",0.5921,0.8333,0.1667,Mistral-7B-Instruct-v0.3,5,game_193
Mistral-7B-Instruct-v0.3__noise05__game_195,196,2026-02-12T10:03:36.146590,vn,True,30,30,agent1,VLLMMistral7B,một người ích kỷ,0.05,236,0.0667,0.9333,1,28,"P,P,P,P,P,H,P,P,P,P,P,P,P,P,P,P,P,P,P,P,P,P,P,P,P,P,P,H,P,P","P,P,P,P,P,H,P,P,P,P,P,P,P,P,P,P,P,P,P,P,P,P,P,P,P,P,P,P,P,P",agent2,VLLMMistral7B,một người ích kỷ,0.05,226,0.0333,0.9667,1,2,"P,H,P,P,P,P,P,P,P,P,P,P,P,P,P,P,P,P,P,P,P,P,P,P,P,P,P,P,P,P","P,P,P,P,P,P,P,P,P,P,P,P,P,P,P,P,P,P,P,P,P,P,P,P,P,P,P,P,P,P",0.5,0.8095,0.1389,Mistral-7B-Instruct-v0.3,5,game_195
Mistral-7B-Instruct-v0.3__noise05__game_194,195,2026-02-12T10:04:00.811807,vn,True,30,30,agent1,VLLMMistral7B,một người ích kỷ,0.05,234,0.0333,0.9667,1,3,"P,P,H,P,P,P,P,P,P,P,P,P,P,P,P,P,P,P,P,P,P,P,P,P,P,P,P,P,P,P","P,P,P,P,P,P,P,P,P,P,P,P,P,P,P,P,P,P,P,P,P,P,P,P,P,P,P,P,P,P",agent2,VLLMMistral7B,một người hợp tác,0.05,234,0.0333,0.9667,0,,"H,P,P,P,P,P,P,P,P,P,P,P,P,P,P,P,P,P,P,P,P,P,P,P,P,P,P,P,P,P","H,P,P,P,P,P,P,P,P,P,P,P,P,P,P,P,P,P,P,P,P,P,P,P,P,P,P,P,P,P",0.3947,0.7143,0.0,Mistral-7B-Instruct-v0.3,5,game_194
Mistral-7B-Instruct-v0.3__noise05__game_197,198,2026-02-12T10:04:55.223813,vn,True,30,30,agent1,VLLMMistral7B,một người hợp tác,0.05,216,0.0,1.0,0,,"P,P,P,P,P,P,P,P,P,P,P,P,P,P,P,P,P,P,P,P,P,P,P,P,P,P,P,P,P,P","P,P,P,P,P,P,P,P,P,P,P,P,P,P,P,P,P,P,P,P,P,P,P,P,P,P,P,P,P,P",agent2,VLLMMistral7B,một người ích kỷ,0.05,246,0.1,0.9,3,"1,8,14","H,P,P,P,P,P,P,H,P,P,P,P,P,H,P,P,P,P,P,P,P,P,P,P,P,P,P,P,P,P","P,P,P,P,P,P,P,P,P,P,P,P,P,P,P,P,P,P,P,P,P,P,P,P,P,P,P,P,P,P",0.4868,0.7619,0.1667,Mistral-7B-Instruct-v0.3,5,game_197
Mistral-7B-Instruct-v0.3__noise05__game_196,197,2026-02-12T10:05:13.555636,vn,True,30,30,agent1,VLLMMistral7B,một người hợp tác,0.05,226,0.0333,0.9667,1,8,"P,P,P,P,P,P,P,H,P,P,P,P,P,P,P,P,P,P,P,P,P,P,P,P,P,P,P,P,P,P","P,P,P,P,P,P,P,P,P,P,P,P,P,P,P,P,P,P,P,P,P,P,P,P,P,P,P,P,P,P",agent2,VLLMMistral7B,một người hợp tác,0.05,236,0.0667,0.9333,2,"22,24","P,P,P,P,P,P,P,P,P,P,P,P,P,P,P,P,P,P,P,P,P,H,P,H,P,P,P,P,P,P","P,P,P,P,P,P,P,P,P,P,P,P,P,P,P,P,P,P,P,P,P,P,P,P,P,P,P,P,P,P",0.5132,0.7619,0.1389,Mistral-7B-Instruct-v0.3,5,game_196
Mistral-7B-Instruct-v0.3__noise05__game_198,199,2026-02-12T10:05:52.502799,vn,True,30,30,agent1,VLLMMistral7B,một người ích kỷ,0.05,204,0.0667,0.9333,2,"9,27","P,P,P,P,P,P,P,P,H,P,P,P,P,P,P,P,P,P,P,P,P,P,P,P,P,P,H,P,P,P","P,P,P,P,P,P,P,P,P,P,P,P,P,P,P,P,P,P,P,P,P,P,P,P,P,P,P,P,P,P",agent2,VLLMMistral7B,một người hợp tác,0.05,234,0.1667,0.8333,5,"4,8,9,23,24","P,P,P,H,P,P,P,H,H,P,P,P,P,P,P,P,P,P,P,P,P,P,H,H,P,P,P,P,P,P","P,P,P,P,P,P,P,P,P,P,P,P,P,P,P,P,P,P,P,P,P,P,P,P,P,P,P,P,P,P",0.5921,0.8333,0.1389,Mistral-7B-Instruct-v0.3,5,game_198
Mistral-7B-Instruct-v0.3__noise05__game_199,200,2026-02-12T10:06:23.988123,vn,True,30,30,agent1,VLLMMistral7B,một người ích kỷ,0.05,212,0.0667,0.9333,0,,"P,P,P,P,P,P,P,P,P,H,P,P,P,H,P,P,P,P,P,P,P,P,P,P,P,P,P,P,P,P","P,P,P,P,P,P,P,P,P,H,P,P,P,H,P,P,P,P,P,P,P,P,P,P,P,P,P,P,P,P",agent2,VLLMMistral7B,một người ích kỷ,0.05,232,0.1333,0.8667,1,20,"P,P,P,P,P,P,H,P,P,P,P,P,P,P,P,H,P,H,P,H,P,P,P,P,P,P,P,P,P,P","P,P,P,P,P,P,H,P,P,P,P,P,P,P,P,H,P,H,P,P,P,P,P,P,P,P,P,P,P,P",0.6974,0.8333,0.1667,Mistral-7B-Instruct-v0.3,5,game_199
Mistral-7B-Instruct-v0.3__noise05__game_200,201,2026-02-12T10:06:42.519303,it,True,30,30,agent1,VLLMMistral7B,cooperativo,0.05,102,0.9,0.1,2,"3,27","C,C,T,C,C,C,C,C,C,C,C,C,C,C,C,C,C,C,C,C,C,C,C,C,C,C,T,T,C,C","C,C,C,C,C,C,C,C,C,C,C,C,C,C,C,C,C,C,C,C,C,C,C,C,C,C,C,T,C,C",agent2,VLLMMistral7B,cooperativo,0.05,72,0.8,0.2,5,"9,11,25,27,30","C,C,C,C,C,C,C,C,T,C,T,C,C,C,C,C,C,C,C,C,T,C,C,C,T,C,T,C,C,T","C,C,C,C,C,C,C,C,C,C,C,C,C,C,C,C,C,C,C,C,T,C,C,C,C,C,C,C,C,C",0.9605,0.8333,0.1667,Mistral-7B-Instruct-v0.3,5,game_200
Mistral-7B-Instruct-v0.3__noise05__game_201,202,2026-02-12T10:06:49.830281,it,True,30,30,agent1,VLLMMistral7B,cooperativo,0.05,254,0.2333,0.7667,0,,"C,C,C,C,C,T,C,T,T,T,T,C,T,T,T,T,T,T,T,T,T,T,T,T,T,T,T,T,T,T","C,C,C,C,C,T,C,T,T,T,T,C,T,T,T,T,T,T,T,T,T,T,T,T,T,T,T,T,T,T",agent2,VLLMMistral7B,egoista,0.05,184,0.0,1.0,0,,"T,T,T,T,T,T,T,T,T,T,T,T,T,T,T,T,T,T,T,T,T,T,T,T,T,T,T,T,T,T","T,T,T,T,T,T,T,T,T,T,T,T,T,T,T,T,T,T,T,T,T,T,T,T,T,T,T,T,T,T",0.8947,0.7619,0.1667,Mistral-7B-Instruct-v0.3,5,game_201
Mistral-7B-Instruct-v0.3__noise05__game_202,203,2026-02-12T10:07:49.503944,it,True,30,30,agent1,VLLMMistral7B,egoista,0.05,32,0.0,1.0,0,,"T,T,T,T,T,T,T,T,T,T,T,T,T,T,T,T,T,T,T,T,T,T,T,T,T,T,T,T,T,T","T,T,T,T,T,T,T,T,T,T,T,T,T,T,T,T,T,T,T,T,T,T,T,T,T,T,T,T,T,T",agent2,VLLMMistral7B,cooperativo,0.05,292,0.8667,0.1333,2,"20,24","C,T,C,C,C,C,C,C,C,C,C,C,C,C,C,C,C,C,C,T,C,C,C,T,T,C,C,C,C,C","C,T,C,C,C,C,C,C,C,C,C,C,C,C,C,C,C,C,C,C,C,C,C,C,T,C,C,C,C,C",1.0,0.7143,0.25,Mistral-7B-Instruct-v0.3,5,game_202
Mistral-7B-Instruct-v0.3__noise05__game_203,204,2026-02-12T10:08:05.185835,it,True,30,30,agent1,VLLMMistral7B,egoista,0.05,208,0.0,1.0,0,,"T,T,T,T,T,T,T,T,T,T,T,T,T,T,T,T,T,T,T,T,T,T,T,T,T,T,T,T,T,T","T,T,T,T,T,T,T,T,T,T,T,T,T,T,T,T,T,T,T,T,T,T,T,T,T,T,T,T,T,T",agent2,VLLMMistral7B,egoista,0.05,248,0.1333,0.8667,4,"1,13,16,23","C,T,T,T,T,T,T,T,T,T,T,T,C,T,T,C,T,T,T,T,T,T,C,T,T,T,T,T,T,T","T,T,T,T,T,T,T,T,T,T,T,T,T,T,T,T,T,T,T,T,T,T,T,T,T,T,T,T,T,T",0.9474,0.6905,0.2222,Mistral-7B-Instruct-v0.3,5,game_203
Mistral-7B-Instruct-v0.3__noise05__game_204,205,2026-02-12T10:08:23.438814,it,True,30,30,agent1,VLLMMistral7B,cooperativo,0.05,54,0.9,0.1,3,"10,19,23","C,C,C,C,C,C,C,C,C,T,C,C,C,C,C,C,C,C,T,C,C,C,T,C,C,C,C,C,C,C","C,C,C,C,C,C,C,C,C,C,C,C,C,C,C,C,C,C,C,C,C,C,C,C,C,C,C,C,C,C",agent2,VLLMMistral7B,cooperativo,0.05,84,1.0,0.0,0,,"C,C,C,C,C,C,C,C,C,C,C,C,C,C,C,C,C,C,C,C,C,C,C,C,C,C,C,C,C,C","C,C,C,C,C,C,C,C,C,C,C,C,C,C,C,C,C,C,C,C,C,C,C,C,C,C,C,C,C,C",0.9737,0.7619,0.1944,Mistral-7B-Instruct-v0.3,5,game_204
Mistral-7B-Instruct-v0.3__noise05__game_205,206,2026-02-12T10:08:32.358582,it,True,30,30,agent1,VLLMMistral7B,cooperativo,0.05,296,0.9333,0.0667,2,"18,27","C,C,C,C,C,C,C,C,C,C,C,C,C,C,C,C,C,T,C,C,C,C,C,C,C,C,T,C,C,C","C,C,C,C,C,C,C,C,C,C,C,C,C,C,C,C,C,C,C,C,C,C,C,C,C,C,C,C,C,C",agent2,VLLMMistral7B,egoista,0.05,16,0.0,1.0,0,,"T,T,T,T,T,T,T,T,T,T,T,T,T,T,T,T,T,T,T,T,T,T,T,T,T,T,T,T,T,T","T,T,T,T,T,T,T,T,T,T,T,T,T,T,T,T,T,T,T,T,T,T,T,T,T,T,T,T,T,T",1.0,1.0,0.1111,Mistral-7B-Instruct-v0.3,5,game_205
Mistral-7B-Instruct-v0.3__noise05__game_206,207,2026-02-12T10:09:20.670018,it,True,30,30,agent1,VLLMMistral7B,egoista,0.05,28,0.0667,0.9333,2,"20,21","T,T,T,T,T,T,T,T,T,T,T,T,T,T,T,T,T,T,T,C,C,T,T,T,T,T,T,T,T,T","T,T,T,T,T,T,T,T,T,T,T,T,T,T,T,T,T,T,T,T,T,T,T,T,T,T,T,T,T,T",agent2,VLLMMistral7B,cooperativo,0.05,278,0.9,0.1,0,,"C,C,C,T,C,C,C,C,C,C,C,C,T,T,C,C,C,C,C,C,C,C,C,C,C,C,C,C,C,C","C,C,C,T,C,C,C,C,C,C,C,C,T,T,C,C,C,C,C,C,C,C,C,C,C,C,C,C,C,C",1.0,0.7143,0.1111,Mistral-7B-Instruct-v0.3,5,game_206
Mistral-7B-Instruct-v0.3__noise05__game_207,208,2026-02-12T10:09:34.662128,it,True,30,30,agent1,VLLMMistral7B,egoista,0.05,224,0.0,1.0,0,,"T,T,T,T,T,T,T,T,T,T,T,T,T,T,T,T,T,T,T,T,T,T,T,T,T,T,T,T,T,T","T,T,T,T,T,T,T,T,T,T,T,T,T,T,T,T,T,T,T,T,T,T,T,T,T,T,T,T,T,T",agent2,VLLMMistral7B,egoista,0.05,244,0.0667,0.9333,2,"28,29","T,T,T,T,T,T,T,T,T,T,T,T,T,T,T,T,T,T,T,T,T,T,T,T,T,T,T,C,C,T","T,T,T,T,T,T,T,T,T,T,T,T,T,T,T,T,T,T,T,T,T,T,T,T,T,T,T,T,T,T",0.9211,0.7143,0.3056,Mistral-7B-Instruct-v0.3,5,game_207
Mistral-7B-Instruct-v0.3__noise05__game_208,209,2026-02-12T10:09:55.540508,it,True,30,30,agent1,VLLMMistral7B,cooperativo,0.05,58,0.9667,0.0333,1,29,"C,C,C,C,C,C,C,C,C,C,C,C,C,C,C,C,C,C,C,C,C,C,C,C,C,C,C,C,T,C","C,C,C,C,C,C,C,C,C,C,C,C,C,C,C,C,C,C,C,C,C,C,C,C,C,C,C,C,C,C",agent2,VLLMMistral7B,cooperativo,0.05,68,1.0,0.0,0,,"C,C,C,C,C,C,C,C,C,C,C,C,C,C,C,C,C,C,C,C,C,C,C,C,C,C,C,C,C,C","C,C,C,C,C,C,C,C,C,C,C,C,C,C,C,C,C,C,C,C,C,C,C,C,C,C,C,C,C,C",1.0,0.8571,0.3889,Mistral-7B-Instruct-v0.3,5,game_208
Mistral-7B-Instruct-v0.3__noise05__game_209,210,2026-02-12T10:09:58.128309,it,True,30,30,agent1,VLLMMistral7B,cooperativo,0.05,262,0.5,0.5,3,"10,17,28","C,C,C,C,T,C,T,T,T,C,C,C,T,C,T,T,C,T,T,T,C,T,C,T,T,T,C,T,C,C","C,C,C,C,T,C,T,T,T,T,C,C,T,C,T,T,T,T,T,T,C,T,C,T,T,T,C,C,C,C",agent2,VLLMMistral7B,egoista,0.05,122,0.0333,0.9667,1,18,"T,T,T,T,T,T,T,T,T,T,T,T,T,T,T,T,T,C,T,T,T,T,T,T,T,T,T,T,T,T","T,T,T,T,T,T,T,T,T,T,T,T,T,T,T,T,T,T,T,T,T,T,T,T,T,T,T,T,T,T",0.9079,0.9286,0.0556,Mistral-7B-Instruct-v0.3,5,game_209
Mistral-7B-Instruct-v0.3__noise05__game_210,211,2026-02-12T10:10:58.211595,it,True,30,30,agent1,VLLMMistral7B,egoista,0.05,70,0.1,0.9,3,"3,14,27","T,T,C,T,T,T,T,T,T,T,T,T,T,C,T,T,T,T,T,T,T,T,T,T,T,T,C,T,T,T","T,T,T,T,T,T,T,T,T,T,T,T,T,T,T,T,T,T,T,T,T,T,T,T,T,T,T,T,T,T",agent2,VLLMMistral7B,cooperativo,0.05,260,0.7333,0.2667,0,,"C,C,C,C,C,C,C,T,C,C,C,T,C,C,C,T,C,C,C,T,T,C,C,T,C,T,T,C,C,C","C,C,C,C,C,C,C,T,C,C,C,T,C,C,C,T,C,C,C,T,T,C,C,T,C,T,T,C,C,C",0.9211,0.7619,0.0278,Mistral-7B-Instruct-v0.3,5,game_210
Mistral-7B-Instruct-v0.3__noise05__game_211,212,2026-02-12T10:11:11.393943,it,True,30,30,agent1,VLLMMistral7B,egoista,0.05,240,0.0,1.0,0,,"T,T,T,T,T,T,T,T,T,T,T,T,T,T,T,T,T,T,T,T,T,T,T,T,T,T,T,T,T,T","T,T,T,T,T,T,T,T,T,T,T,T,T,T,T,T,T,T,T,T,T,T,T,T,T,T,T,T,T,T",agent2,VLLMMistral7B,egoista,0.05,240,0.0,1.0,0,,"T,T,T,T,T,T,T,T,T,T,T,T,T,T,T,T,T,T,T,T,T,T,T,T,T,T,T,T,T,T","T,T,T,T,T,T,T,T,T,T,T,T,T,T,T,T,T,T,T,T,T,T,T,T,T,T,T,T,T,T",0.9342,0.7143,0.5278,Mistral-7B-Instruct-v0.3,5,game_211
Mistral-7B-Instruct-v0.3__noise05__game_213,214,2026-02-12T10:11:27.344157,it,True,30,30,agent1,VLLMMistral7B,cooperativo,0.05,286,0.9,0.1,2,"10,19","C,C,C,C,C,C,C,C,C,T,C,C,C,C,C,C,C,C,T,C,C,C,T,C,C,C,C,C,C,C","C,C,C,C,C,C,C,C,C,C,C,C,C,C,C,C,C,C,C,C,C,C,T,C,C,C,C,C,C,C",agent2,VLLMMistral7B,egoista,0.05,26,0.0333,0.9667,1,24,"T,T,T,T,T,T,T,T,T,T,T,T,T,T,T,T,T,T,T,T,T,T,T,C,T,T,T,T,T,T","T,T,T,T,T,T,T,T,T,T,T,T,T,T,T,T,T,T,T,T,T,T,T,T,T,T,T,T,T,T",0.9474,0.9762,0.0556,Mistral-7B-Instruct-v0.3,5,game_213
Mistral-7B-Instruct-v0.3__noise05__game_212,213,2026-02-12T10:11:27.845195,it,True,30,30,agent1,VLLMMistral7B,cooperativo,0.05,64,0.9333,0.0667,3,"25,28,29","C,C,C,C,C,C,C,C,C,C,C,C,C,C,C,C,C,C,C,C,C,C,C,C,T,C,C,C,T,C","C,C,C,C,C,C,C,C,C,C,C,C,C,C,C,C,C,C,C,C,C,C,C,C,C,C,C,T,C,C",agent2,VLLMMistral7B,cooperativo,0.05,74,0.9667,0.0333,1,20,"C,C,C,C,C,C,C,C,C,C,C,C,C,C,C,C,C,C,C,T,C,C,C,C,C,C,C,C,C,C","C,C,C,C,C,C,C,C,C,C,C,C,C,C,C,C,C,C,C,C,C,C,C,C,C,C,C,C,C,C",0.9868,0.8571,0.25,Mistral-7B-Instruct-v0.3,5,game_212
Mistral-7B-Instruct-v0.3__noise05__game_214,215,2026-02-12T10:12:26.463588,it,True,30,30,agent1,VLLMMistral7B,egoista,0.05,94,0.1,0.9,3,"3,7,21","T,T,C,T,T,T,C,T,T,T,T,T,T,T,T,T,T,T,T,T,C,T,T,T,T,T,T,T,T,T","T,T,T,T,T,T,T,T,T,T,T,T,T,T,T,T,T,T,T,T,T,T,T,T,T,T,T,T,T,T",agent2,VLLMMistral7B,cooperativo,0.05,254,0.6333,0.3667,4,"8,11,16,20","C,T,C,C,C,C,C,C,T,T,C,T,T,T,C,T,T,T,C,C,C,C,T,C,C,C,C,C,C,T","C,T,C,C,C,C,C,T,T,T,T,T,T,T,C,C,T,T,C,T,C,C,T,C,C,C,C,C,C,T",0.9474,0.7143,0.0,Mistral-7B-Instruct-v0.3,5,game_214
Mistral-7B-Instruct-v0.3__noise05__game_215,216,2026-02-12T10:12:38.989431,it,True,30,30,agent1,VLLMMistral7B,egoista,0.05,216,0.0,1.0,0,,"T,T,T,T,T,T,T,T,T,T,T,T,T,T,T,T,T,T,T,T,T,T,T,T,T,T,T,T,T,T","T,T,T,T,T,T,T,T,T,T,T,T,T,T,T,T,T,T,T,T,T,T,T,T,T,T,T,T,T,T",agent2,VLLMMistral7B,egoista,0.05,246,0.1,0.9,3,"15,23,30","T,T,T,T,T,T,T,T,T,T,T,T,T,T,C,T,T,T,T,T,T,T,C,T,T,T,T,T,T,C","T,T,T,T,T,T,T,T,T,T,T,T,T,T,T,T,T,T,T,T,T,T,T,T,T,T,T,T,T,T",0.9211,0.7143,0.3889,Mistral-7B-Instruct-v0.3,5,game_215
Mistral-7B-Instruct-v0.3__noise05__game_216,217,2026-02-12T10:13:02.325097,it,True,30,30,agent1,VLLMMistral7B,cooperativo,0.05,58,0.9667,0.0333,1,14,"C,C,C,C,C,C,C,C,C,C,C,C,C,T,C,C,C,C,C,C,C,C,C,C,C,C,C,C,C,C","C,C,C,C,C,C,C,C,C,C,C,C,C,C,C,C,C,C,C,C,C,C,C,C,C,C,C,C,C,C",agent2,VLLMMistral7B,cooperativo,0.05,68,1.0,0.0,0,,"C,C,C,C,C,C,C,C,C,C,C,C,C,C,C,C,C,C,C,C,C,C,C,C,C,C,C,C,C,C","C,C,C,C,C,C,C,C,C,C,C,C,C,C,C,C,C,C,C,C,C,C,C,C,C,C,C,C,C,C",1.0,0.7619,0.25,Mistral-7B-Instruct-v0.3,5,game_216
Mistral-7B-Instruct-v0.3__noise05__game_217,218,2026-02-12T10:13:08.391992,it,True,30,30,agent1,VLLMMistral7B,cooperativo,0.05,294,0.9,0.1,3,"10,14,22","C,C,C,C,C,C,C,C,C,T,C,C,C,T,C,C,C,C,C,C,C,T,C,C,C,C,C,C,C,C","C,C,C,C,C,C,C,C,C,C,C,C,C,C,C,C,C,C,C,C,C,C,C,C,C,C,C,C,C,C",agent2,VLLMMistral7B,egoista,0.05,24,0.0,1.0,0,,"T,T,T,T,T,T,T,T,T,T,T,T,T,T,T,T,T,T,T,T,T,T,T,T,T,T,T,T,T,T","T,T,T,T,T,T,T,T,T,T,T,T,T,T,T,T,T,T,T,T,T,T,T,T,T,T,T,T,T,T",0.9737,1.0,0.0556,Mistral-7B-Instruct-v0.3,5,game_217
Mistral-7B-Instruct-v0.3__noise05__game_218,219,2026-02-12T10:14:07.669258,it,True,30,30,agent1,VLLMMistral7B,egoista,0.05,54,0.1,0.9,3,"15,20,30","T,T,T,T,T,T,T,T,T,T,T,T,T,T,C,T,T,T,T,C,T,T,T,T,T,T,T,T,T,C","T,T,T,T,T,T,T,T,T,T,T,T,T,T,T,T,T,T,T,T,T,T,T,T,T,T,T,T,T,T",agent2,VLLMMistral7B,cooperativo,0.05,264,0.8,0.2,3,"20,24,28","C,C,C,C,T,C,C,C,C,T,C,C,C,C,C,C,T,C,C,T,C,C,C,C,T,C,C,T,C,C","C,C,C,C,T,C,C,C,C,T,C,C,C,C,C,C,T,C,C,C,C,C,C,T,T,C,C,C,C,C",0.9474,0.7619,0.1111,Mistral-7B-Instruct-v0.3,5,game_218
Mistral-7B-Instruct-v0.3__noise05__game_219,220,2026-02-12T10:14:11.440508,it,True,30,30,agent1,VLLMMistral7B,egoista,0.05,214,0.1,0.9,2,"10,23","T,C,T,T,T,T,T,T,T,C,T,T,T,T,T,T,T,T,T,T,T,T,C,T,T,T,T,T,T,T","T,C,T,T,T,T,T,T,T,T,T,T,T,T,T,T,T,T,T,T,T,T,T,T,T,T,T,T,T,T",agent2,VLLMMistral7B,egoista,0.05,224,0.1333,0.8667,4,"5,10,16,17","T,T,T,T,C,T,T,T,T,C,T,T,T,T,T,C,C,T,T,T,T,T,T,T,T,T,T,T,T,T","T,T,T,T,T,T,T,T,T,T,T,T,T,T,T,T,T,T,T,T,T,T,T,T,T,T,T,T,T,T",0.9211,0.6667,0.0556,Mistral-7B-Instruct-v0.3,5,game_219
Mistral-7B-Instruct-v0.3__noise05__game_221,222,2026-02-12T10:14:47.370019,it,True,30,30,agent1,VLLMMistral7B,cooperativo,0.05,238,0.3667,0.6333,2,"15,17","C,C,C,C,C,T,T,T,T,T,T,T,C,C,C,C,C,T,T,C,T,T,T,T,T,T,T,T,T,T","C,C,C,C,C,T,T,T,T,T,T,T,C,C,T,C,T,T,T,C,T,T,T,T,T,T,T,T,T,T",agent2,VLLMMistral7B,egoista,0.05,158,0.1,0.9,3,"16,21,22","T,T,T,T,T,T,T,T,T,T,T,T,T,T,T,C,T,T,T,T,C,C,T,T,T,T,T,T,T,T","T,T,T,T,T,T,T,T,T,T,T,T,T,T,T,T,T,T,T,T,T,T,T,T,T,T,T,T,T,T",0.9474,0.7619,0.0556,Mistral-7B-Instruct-v0.3,5,game_221
Mistral-7B-Instruct-v0.3__noise05__game_220,221,2026-02-12T10:14:47.892940,it,True,30,30,agent1,VLLMMistral7B,cooperativo,0.05,86,0.7667,0.2333,4,"4,9,12,30","C,C,C,C,T,C,T,C,T,C,T,T,C,C,C,C,C,C,C,T,C,C,C,C,C,C,C,C,C,T","C,C,C,T,T,C,T,C,C,C,T,C,C,C,C,C,C,C,C,T,C,C,C,C,C,C,C,C,C,C",agent2,VLLMMistral7B,cooperativo,0.05,106,0.8333,0.1667,1,20,"C,C,C,C,T,C,T,T,C,C,C,C,C,C,C,C,C,C,C,C,T,C,T,C,C,C,C,C,C,C","C,C,C,C,T,C,T,T,C,C,C,C,C,C,C,C,C,C,C,T,T,C,T,C,C,C,C,C,C,C",0.9474,0.7619,0.2778,Mistral-7B-Instruct-v0.3,5,game_220
Mistral-7B-Instruct-v0.3__noise05__game_222,223,2026-02-12T10:15:43.543741,it,True,30,30,agent1,VLLMMistral7B,egoista,0.05,124,0.0667,0.9333,1,5,"T,T,T,T,C,T,T,T,T,T,T,T,T,T,C,T,T,T,T,T,T,T,T,T,T,T,T,T,T,T","T,T,T,T,T,T,T,T,T,T,T,T,T,T,C,T,T,T,T,T,T,T,T,T,T,T,T,T,T,T",agent2,VLLMMistral7B,cooperativo,0.05,254,0.5,0.5,2,"9,11","C,C,T,T,T,T,C,C,C,T,C,T,C,C,C,C,T,T,T,T,T,T,C,T,C,T,C,T,C,C","C,C,T,T,T,T,C,C,T,T,T,T,C,C,C,C,T,T,T,T,T,T,C,T,C,T,C,T,C,C",0.9605,0.7143,0.0,Mistral-7B-Instruct-v0.3,5,game_222
Mistral-7B-Instruct-v0.3__noise05__game_223,224,2026-02-12T10:15:50.151203,it,True,30,30,agent1,VLLMMistral7B,egoista,0.05,222,0.1,0.9,3,"11,20,28","T,T,T,T,T,T,T,T,T,T,C,T,T,T,T,T,T,T,T,C,T,T,T,T,T,T,T,C,T,T","T,T,T,T,T,T,T,T,T,T,T,T,T,T,T,T,T,T,T,T,T,T,T,T,T,T,T,T,T,T",agent2,VLLMMistral7B,egoista,0.05,222,0.1,0.9,2,"23,29","C,T,T,T,T,T,T,T,T,T,T,T,T,T,T,T,T,T,T,T,T,T,C,T,T,T,T,T,C,T","C,T,T,T,T,T,T,T,T,T,T,T,T,T,T,T,T,T,T,T,T,T,T,T,T,T,T,T,T,T",0.9342,0.8571,0.1111,Mistral-7B-Instruct-v0.3,5,game_223
Mistral-7B-Instruct-v0.3__noise05__game_224,225,2026-02-12T10:16:24.574011,it,True,30,30,agent1,VLLMMistral7B,cooperativo,0.05,72,0.9333,0.0667,2,"12,19","C,C,C,C,C,C,C,C,C,C,C,T,C,C,C,C,C,C,T,C,C,C,C,C,C,C,C,C,C,C","C,C,C,C,C,C,C,C,C,C,C,C,C,C,C,C,C,C,C,C,C,C,C,C,C,C,C,C,C,C",agent2,VLLMMistral7B,cooperativo,0.05,72,0.9333,0.0667,2,"20,22","C,C,C,C,C,C,C,C,C,C,C,C,C,C,C,C,C,C,C,T,C,T,C,C,C,C,C,C,C,C","C,C,C,C,C,C,C,C,C,C,C,C,C,C,C,C,C,C,C,C,C,C,C,C,C,C,C,C,C,C",0.9737,0.881,0.2222,Mistral-7B-Instruct-v0.3,5,game_224
Mistral-7B-Instruct-v0.3__noise05__game_225,226,2026-02-12T10:16:40.489362,it,True,30,30,agent1,VLLMMistral7B,cooperativo,0.05,264,0.9333,0.0667,2,"7,26","C,C,C,C,C,C,T,C,C,C,C,C,C,C,C,C,C,C,C,C,C,C,C,C,C,T,C,C,C,C","C,C,C,C,C,C,C,C,C,C,C,C,C,C,C,C,C,C,C,C,C,C,C,C,C,C,C,C,C,C",agent2,VLLMMistral7B,egoista,0.05,24,0.1333,0.8667,2,"9,24","T,T,T,T,T,T,T,T,C,T,T,T,T,T,T,T,T,T,T,T,T,T,T,C,C,C,T,T,T,T","T,T,T,T,T,T,T,T,T,T,T,T,T,T,T,T,T,T,T,T,T,T,T,T,C,C,T,T,T,T",1.0,0.9286,0.0278,Mistral-7B-Instruct-v0.3,5,game_225
Mistral-7B-Instruct-v0.3__noise05__game_226,227,2026-02-12T10:17:16.398168,it,True,30,30,agent1,VLLMMistral7B,egoista,0.05,90,0.0333,0.9667,1,1,"C,T,T,T,T,T,T,T,T,T,T,T,T,T,T,T,T,T,T,T,T,T,T,T,T,T,T,T,T,T","T,T,T,T,T,T,T,T,T,T,T,T,T,T,T,T,T,T,T,T,T,T,T,T,T,T,T,T,T,T",agent2,VLLMMistral7B,cooperativo,0.05,270,0.6333,0.3667,1,25,"C,C,T,C,C,C,C,C,T,C,T,C,T,T,T,C,C,T,C,C,C,C,C,C,C,T,T,T,T,C","C,C,T,C,C,C,C,C,T,C,T,C,T,T,T,C,C,T,C,C,C,C,C,C,T,T,T,T,T,C",0.9737,0.7143,0.0,Mistral-7B-Instruct-v0.3,5,game_226
Mistral-7B-Instruct-v0.3__noise05__game_227,228,2026-02-12T10:17:29.465939,it,True,30,30,agent1,VLLMMistral7B,egoista,0.05,228,0.0667,0.9333,2,"23,28","T,T,T,T,T,T,T,T,T,T,T,T,T,T,T,T,T,T,T,T,T,T,C,T,T,T,T,C,T,T","T,T,T,T,T,T,T,T,T,T,T,T,T,T,T,T,T,T,T,T,T,T,T,T,T,T,T,T,T,T",agent2,VLLMMistral7B,egoista,0.05,228,0.0667,0.9333,2,"3,10","T,T,C,T,T,T,T,T,T,C,T,T,T,T,T,T,T,T,T,T,T,T,T,T,T,T,T,T,T,T","T,T,T,T,T,T,T,T,T,T,T,T,T,T,T,T,T,T,T,T,T,T,T,T,T,T,T,T,T,T",0.9342,0.7619,0.1111,Mistral-7B-Instruct-v0.3,5,game_227
Mistral-7B-Instruct-v0.3__noise05__game_228,229,2026-02-12T10:17:57.205612,it,True,30,30,agent1,VLLMMistral7B,cooperativo,0.05,54,0.9,0.1,2,"9,25","C,C,C,C,C,C,C,C,T,C,C,C,C,C,C,C,C,C,C,C,C,C,C,C,T,C,C,C,T,C","C,C,C,C,C,C,C,C,C,C,C,C,C,C,C,C,C,C,C,C,C,C,C,C,C,C,C,C,T,C",agent2,VLLMMistral7B,cooperativo,0.05,84,1.0,0.0,0,,"C,C,C,C,C,C,C,C,C,C,C,C,C,C,C,C,C,C,C,C,C,C,C,C,C,C,C,C,C,C","C,C,C,C,C,C,C,C,C,C,C,C,C,C,C,C,C,C,C,C,C,C,C,C,C,C,C,C,C,C",1.0,0.8333,0.1667,Mistral-7B-Instruct-v0.3,5,game_228
Mistral-7B-Instruct-v0.3__noise05__game_229,230,2026-02-12T10:18:41.229812,it,True,30,30,agent1,VLLMMistral7B,cooperativo,0.05,274,0.7,0.3,3,"1,8,10","T,C,C,C,C,C,C,T,C,T,C,C,T,C,C,C,C,C,C,C,C,C,T,C,T,C,T,C,T,T","C,C,C,C,C,C,C,C,C,C,C,C,T,C,C,C,C,C,C,C,C,C,T,C,T,C,T,C,T,T",agent2,VLLMMistral7B,egoista,0.05,74,0.0333,0.9667,1,1,"C,T,T,T,T,T,T,T,T,T,T,T,T,T,T,T,T,T,T,T,T,T,T,T,T,T,T,T,T,T","T,T,T,T,T,T,T,T,T,T,T,T,T,T,T,T,T,T,T,T,T,T,T,T,T,T,T,T,T,T",0.9868,0.9524,0.0278,Mistral-7B-Instruct-v0.3,5,game_229
Mistral-7B-Instruct-v0.3__noise05__game_230,231,2026-02-12T10:18:48.633377,it,True,30,30,agent1,VLLMMistral7B,egoista,0.05,182,0.1,0.9,2,"10,27","T,C,T,T,T,T,T,T,T,C,T,T,T,T,T,T,T,T,T,T,T,T,T,T,T,T,C,T,T,T","T,C,T,T,T,T,T,T,T,T,T,T,T,T,T,T,T,T,T,T,T,T,T,T,T,T,T,T,T,T",agent2,VLLMMistral7B,cooperativo,0.05,232,0.2667,0.7333,0,,"C,T,T,T,T,C,C,C,T,C,T,T,C,T,T,T,T,T,T,T,T,T,T,T,T,T,T,T,C,C","C,T,T,T,T,C,C,C,T,C,T,T,C,T,T,T,T,T,T,T,T,T,T,T,T,T,T,T,C,C",0.9211,0.7381,0.0278,Mistral-7B-Instruct-v0.3,5,game_230
Mistral-7B-Instruct-v0.3__noise05__game_231,232,2026-02-12T10:19:00.659468,it,True,30,30,agent1,VLLMMistral7B,egoista,0.05,222,0.1,0.9,3,"11,24,29","T,T,T,T,T,T,T,T,T,T,C,T,T,T,T,T,T,T,T,T,T,T,T,C,T,T,T,T,C,T","T,T,T,T,T,T,T,T,T,T,T,T,T,T,T,T,T,T,T,T,T,T,T,T,T,T,T,T,T,T",agent2,VLLMMistral7B,egoista,0.05,222,0.1,0.9,2,"12,16","C,T,T,T,T,T,T,T,T,T,T,C,T,T,T,C,T,T,T,T,T,T,T,T,T,T,T,T,T,T","C,T,T,T,T,T,T,T,T,T,T,T,T,T,T,T,T,T,T,T,T,T,T,T,T,T,T,T,T,T",0.9474,0.7619,0.0556,Mistral-7B-Instruct-v0.3,5,game_231
Mistral-7B-Instruct-v0.3__noise05__game_232,233,2026-02-12T10:19:28.618066,it,True,30,30,agent1,VLLMMistral7B,cooperativo,0.05,66,0.9667,0.0333,1,24,"C,C,C,C,C,C,C,C,C,C,C,C,C,C,C,C,C,C,C,C,C,C,C,T,C,C,C,C,C,C","C,C,C,C,C,C,C,C,C,C,C,C,C,C,C,C,C,C,C,C,C,C,C,C,C,C,C,C,C,C",agent2,VLLMMistral7B,cooperativo,0.05,66,0.9667,0.0333,1,13,"C,C,C,C,C,C,C,C,C,C,C,C,T,C,C,C,C,C,C,C,C,C,C,C,C,C,C,C,C,C","C,C,C,C,C,C,C,C,C,C,C,C,C,C,C,C,C,C,C,C,C,C,C,C,C,C,C,C,C,C",1.0,0.8095,0.1944,Mistral-7B-Instruct-v0.3,5,game_232
Mistral-7B-Instruct-v0.3__noise05__game_233,234,2026-02-12T10:20:29.827370,it,True,30,30,agent1,VLLMMistral7B,cooperativo,0.05,274,0.9667,0.0333,1,19,"C,C,C,C,C,C,C,C,C,C,C,C,C,C,C,C,C,C,T,C,C,C,C,C,C,C,C,C,C,C","C,C,C,C,C,C,C,C,C,C,C,C,C,C,C,C,C,C,C,C,C,C,C,C,C,C,C,C,C,C",agent2,VLLMMistral7B,egoista,0.05,14,0.1,0.9,2,"6,11","T,T,T,T,T,C,T,T,T,T,C,T,T,T,T,C,T,T,T,T,T,T,T,T,T,T,T,T,T,T","T,T,T,T,T,T,T,T,T,T,T,T,T,T,T,C,T,T,T,T,T,T,T,T,T,T,T,T,T,T",0.9737,0.9524,0.0,Mistral-7B-Instruct-v0.3,5,game_233
Mistral-7B-Instruct-v0.3__noise05__game_234,235,2026-02-12T10:20:32.838962,it,True,30,30,agent1,VLLMMistral7B,egoista,0.05,44,0.0667,0.9333,2,"11,20","T,T,T,T,T,T,T,T,T,T,C,T,T,T,T,T,T,T,T,C,T,T,T,T,T,T,T,T,T,T","T,T,T,T,T,T,T,T,T,T,T,T,T,T,T,T,T,T,T,T,T,T,T,T,T,T,T,T,T,T",agent2,VLLMMistral7B,cooperativo,0.05,274,0.8333,0.1667,2,"5,17","C,T,C,C,T,C,C,C,C,C,T,C,T,C,C,C,T,C,C,C,C,C,C,C,C,C,C,C,C,C","C,T,C,C,C,C,C,C,C,C,T,C,T,C,C,C,C,C,C,C,C,C,C,C,C,C,C,C,C,C",0.9474,0.6905,0.0556,Mistral-7B-Instruct-v0.3,5,game_234
Mistral-7B-Instruct-v0.3__noise05__game_235,236,2026-02-12T10:20:35.445624,it,True,30,30,agent1,VLLMMistral7B,egoista,0.05,220,0.0667,0.9333,2,"24,27","T,T,T,T,T,T,T,T,T,T,T,T,T,T,T,T,T,T,T,T,T,T,T,C,T,T,C,T,T,T","T,T,T,T,T,T,T,T,T,T,T,T,T,T,T,T,T,T,T,T,T,T,T,T,T,T,T,T,T,T",agent2,VLLMMistral7B,egoista,0.05,230,0.1,0.9,2,"11,21","C,T,T,T,T,T,T,T,T,T,C,T,T,T,T,T,T,T,T,T,C,T,T,T,T,T,T,T,T,T","C,T,T,T,T,T,T,T,T,T,T,T,T,T,T,T,T,T,T,T,T,T,T,T,T,T,T,T,T,T",0.9079,0.7619,0.1389,Mistral-7B-Instruct-v0.3,5,game_235
Mistral-7B-Instruct-v0.3__noise05__game_236,237,2026-02-12T10:21:06.090558,it,True,30,30,agent1,VLLMMistral7B,cooperativo,0.05,142,0.9,0.1,1,4,"C,C,C,T,C,C,C,C,C,C,C,C,C,C,C,C,C,C,C,C,C,C,C,C,C,C,C,C,T,T","C,C,C,C,C,C,C,C,C,C,C,C,C,C,C,C,C,C,C,C,C,C,C,C,C,C,C,C,T,T",agent2,VLLMMistral7B,cooperativo,0.05,62,0.6333,0.3667,0,,"C,T,C,T,T,C,T,C,T,C,T,C,C,C,C,C,C,C,C,C,C,T,T,C,C,C,C,T,T,T","C,T,C,T,T,C,T,C,T,C,T,C,C,C,C,C,C,C,C,C,C,T,T,C,C,C,C,T,T,T",0.9211,0.8571,0.0278,Mistral-7B-Instruct-v0.3,5,game_236
Mistral-7B-Instruct-v0.3__noise05__game_237,238,2026-02-12T10:22:04.232157,it,True,30,30,agent1,VLLMMistral7B,cooperativo,0.05,280,0.9333,0.0667,2,"16,26","C,C,C,C,C,C,C,C,C,C,C,C,C,C,C,T,C,C,C,C,C,C,C,C,C,C,T,C,C,C","C,C,C,C,C,C,C,C,C,C,C,C,C,C,C,C,C,C,C,C,C,C,C,C,C,T,T,C,C,C",agent2,VLLMMistral7B,egoista,0.05,20,0.0667,0.9333,1,8,"C,T,T,T,T,T,T,C,T,T,T,T,T,T,T,T,T,T,T,T,T,T,T,T,T,T,T,T,T,T","C,T,T,T,T,T,T,T,T,T,T,T,T,T,T,T,T,T,T,T,T,T,T,T,T,T,T,T,T,T",0.9868,1.0,0.0556,Mistral-7B-Instruct-v0.3,5,game_237
Mistral-7B-Instruct-v0.3__noise05__game_238,239,2026-02-12T10:22:06.791619,it,True,30,30,agent1,VLLMMistral7B,egoista,0.05,142,0.1,0.9,3,"11,12,21","T,T,T,T,T,T,T,T,T,T,C,C,T,T,T,T,T,T,T,T,C,T,T,T,T,T,T,T,T,T","T,T,T,T,T,T,T,T,T,T,T,T,T,T,T,T,T,T,T,T,T,T,T,T,T,T,T,T,T,T",agent2,VLLMMistral7B,cooperativo,0.05,242,0.4333,0.5667,2,"5,18","C,C,T,T,C,T,T,T,T,T,T,T,C,C,T,C,C,T,T,C,C,C,C,T,T,T,T,C,C,T","C,C,T,T,T,T,T,T,T,T,T,T,C,C,T,C,C,C,T,C,C,C,C,T,T,T,T,C,C,T",0.9474,0.7143,0.0556,Mistral-7B-Instruct-v0.3,5,game_238
Mistral-7B-Instruct-v0.3__noise05__game_239,240,2026-02-12T10:22:09.268475,it,True,30,30,agent1,VLLMMistral7B,egoista,0.05,210,0.0333,0.9667,1,6,"T,T,T,T,T,C,T,T,T,T,T,T,T,T,T,T,T,T,T,T,T,T,T,T,T,T,T,T,T,T","T,T,T,T,T,T,T,T,T,T,T,T,T,T,T,T,T,T,T,T,T,T,T,T,T,T,T,T,T,T",agent2,VLLMMistral7B,egoista,0.05,240,0.1333,0.8667,4,"2,5,6,28","T,C,T,T,C,C,T,T,T,T,T,T,T,T,T,T,T,T,T,T,T,T,T,T,T,T,T,C,T,T","T,T,T,T,T,T,T,T,T,T,T,T,T,T,T,T,T,T,T,T,T,T,T,T,T,T,T,T,T,T",0.9605,0.6667,0.0833,Mistral-7B-Instruct-v0.3,5,game_239
Qwen2.5-32B-Instruct__noise00__game_0,1,2026-02-12T04:15:27.075113,en,True,30,30,agent1,VLLMQwen32B,cooperative,0.0,60,1.0,0.0,0,,"C,C,C,C,C,C,C,C,C,C,C,C,C,C,C,C,C,C,C,C,C,C,C,C,C,C,C,C,C,C","C,C,C,C,C,C,C,C,C,C,C,C,C,C,C,C,C,C,C,C,C,C,C,C,C,C,C,C,C,C",agent2,VLLMQwen32B,cooperative,0.0,60,1.0,0.0,0,,"C,C,C,C,C,C,C,C,C,C,C,C,C,C,C,C,C,C,C,C,C,C,C,C,C,C,C,C,C,C","C,C,C,C,C,C,C,C,C,C,C,C,C,C,C,C,C,C,C,C,C,C,C,C,C,C,C,C,C,C",1.0,1.0,0.6111,Qwen2.5-32B-Instruct,0,game_0
Qwen2.5-32B-Instruct__noise00__game_2,3,2026-02-12T04:15:33.070876,en,True,30,30,agent1,VLLMQwen32B,selfish,0.0,208,0.0,1.0,0,,"D,D,D,D,D,D,D,D,D,D,D,D,D,D,D,D,D,D,D,D,D,D,D,D,D,D,D,D,D,D","D,D,D,D,D,D,D,D,D,D,D,D,D,D,D,D,D,D,D,D,D,D,D,D,D,D,D,D,D,D",agent2,VLLMQwen32B,cooperative,0.0,248,0.1333,0.8667,0,,"C,D,D,D,D,D,D,D,D,D,D,D,D,D,D,D,D,D,D,D,D,D,D,D,D,D,D,C,C,C","C,D,D,D,D,D,D,D,D,D,D,D,D,D,D,D,D,D,D,D,D,D,D,D,D,D,D,C,C,C",1.0,1.0,0.2222,Qwen2.5-32B-Instruct,0,game_2
Qwen2.5-32B-Instruct__noise00__game_1,2,2026-02-12T04:15:37.914992,en,True,30,30,agent1,VLLMQwen32B,cooperative,0.0,246,0.1,0.9,0,,"C,C,C,D,D,D,D,D,D,D,D,D,D,D,D,D,D,D,D,D,D,D,D,D,D,D,D,D,D,D","C,C,C,D,D,D,D,D,D,D,D,D,D,D,D,D,D,D,D,D,D,D,D,D,D,D,D,D,D,D",agent2,VLLMQwen32B,selfish,0.0,216,0.0,1.0,0,,"D,D,D,D,D,D,D,D,D,D,D,D,D,D,D,D,D,D,D,D,D,D,D,D,D,D,D,D,D,D","D,D,D,D,D,D,D,D,D,D,D,D,D,D,D,D,D,D,D,D,D,D,D,D,D,D,D,D,D,D",1.0,1.0,0.1944,Qwen2.5-32B-Instruct,0,game_1
Qwen2.5-32B-Instruct__noise00__game_3,4,2026-02-12T04:15:39.528024,en,True,30,30,agent1,VLLMQwen32B,selfish,0.0,240,0.0,1.0,0,,"D,D,D,D,D,D,D,D,D,D,D,D,D,D,D,D,D,D,D,D,D,D,D,D,D,D,D,D,D,D","D,D,D,D,D,D,D,D,D,D,D,D,D,D,D,D,D,D,D,D,D,D,D,D,D,D,D,D,D,D",agent2,VLLMQwen32B,selfish,0.0,240,0.0,1.0,0,,"D,D,D,D,D,D,D,D,D,D,D,D,D,D,D,D,D,D,D,D,D,D,D,D,D,D,D,D,D,D","D,D,D,D,D,D,D,D,D,D,D,D,D,D,D,D,D,D,D,D,D,D,D,D,D,D,D,D,D,D",1.0,1.0,0.4722,Qwen2.5-32B-Instruct,0,game_3
Qwen2.5-32B-Instruct__noise00__game_4,5,2026-02-12T04:19:35.210713,en,True,30,30,agent1,VLLMQwen32B,cooperative,0.0,60,1.0,0.0,0,,"C,C,C,C,C,C,C,C,C,C,C,C,C,C,C,C,C,C,C,C,C,C,C,C,C,C,C,C,C,C","C,C,C,C,C,C,C,C,C,C,C,C,C,C,C,C,C,C,C,C,C,C,C,C,C,C,C,C,C,C",agent2,VLLMQwen32B,cooperative,0.0,60,1.0,0.0,0,,"C,C,C,C,C,C,C,C,C,C,C,C,C,C,C,C,C,C,C,C,C,C,C,C,C,C,C,C,C,C","C,C,C,C,C,C,C,C,C,C,C,C,C,C,C,C,C,C,C,C,C,C,C,C,C,C,C,C,C,C",1.0,1.0,0.6111,Qwen2.5-32B-Instruct,0,game_4
Qwen2.5-32B-Instruct__noise00__game_5,6,2026-02-12T04:19:54.565158,en,True,30,30,agent1,VLLMQwen32B,cooperative,0.0,246,0.1,0.9,0,,"C,C,C,D,D,D,D,D,D,D,D,D,D,D,D,D,D,D,D,D,D,D,D,D,D,D,D,D,D,D","C,C,C,D,D,D,D,D,D,D,D,D,D,D,D,D,D,D,D,D,D,D,D,D,D,D,D,D,D,D",agent2,VLLMQwen32B,selfish,0.0,216,0.0,1.0,0,,"D,D,D,D,D,D,D,D,D,D,D,D,D,D,D,D,D,D,D,D,D,D,D,D,D,D,D,D,D,D","D,D,D,D,D,D,D,D,D,D,D,D,D,D,D,D,D,D,D,D,D,D,D,D,D,D,D,D,D,D",1.0,1.0,0.1944,Qwen2.5-32B-Instruct,0,game_5
Qwen2.5-32B-Instruct__noise00__game_6,7,2026-02-12T04:20:04.642104,en,True,30,30,agent1,VLLMQwen32B,selfish,0.0,232,0.0,1.0,0,,"D,D,D,D,D,D,D,D,D,D,D,D,D,D,D,D,D,D,D,D,D,D,D,D,D,D,D,D,D,D","D,D,D,D,D,D,D,D,D,D,D,D,D,D,D,D,D,D,D,D,D,D,D,D,D,D,D,D,D,D",agent2,VLLMQwen32B,cooperative,0.0,242,0.0333,0.9667,0,,"C,D,D,D,D,D,D,D,D,D,D,D,D,D,D,D,D,D,D,D,D,D,D,D,D,D,D,D,D,D","C,D,D,D,D,D,D,D,D,D,D,D,D,D,D,D,D,D,D,D,D,D,D,D,D,D,D,D,D,D",1.0,1.0,0.2222,Qwen2.5-32B-Instruct,0,game_6
Qwen2.5-32B-Instruct__noise00__game_7,8,2026-02-12T04:20:15.641514,en,True,30,30,agent1,VLLMQwen32B,selfish,0.0,240,0.0,1.0,0,,"D,D,D,D,D,D,D,D,D,D,D,D,D,D,D,D,D,D,D,D,D,D,D,D,D,D,D,D,D,D","D,D,D,D,D,D,D,D,D,D,D,D,D,D,D,D,D,D,D,D,D,D,D,D,D,D,D,D,D,D",agent2,VLLMQwen32B,selfish,0.0,240,0.0,1.0,0,,"D,D,D,D,D,D,D,D,D,D,D,D,D,D,D,D,D,D,D,D,D,D,D,D,D,D,D,D,D,D","D,D,D,D,D,D,D,D,D,D,D,D,D,D,D,D,D,D,D,D,D,D,D,D,D,D,D,D,D,D",1.0,1.0,0.4722,Qwen2.5-32B-Instruct,0,game_7
Qwen2.5-32B-Instruct__noise00__game_8,9,2026-02-12T04:23:44.621493,en,True,30,30,agent1,VLLMQwen32B,cooperative,0.0,60,1.0,0.0,0,,"C,C,C,C,C,C,C,C,C,C,C,C,C,C,C,C,C,C,C,C,C,C,C,C,C,C,C,C,C,C","C,C,C,C,C,C,C,C,C,C,C,C,C,C,C,C,C,C,C,C,C,C,C,C,C,C,C,C,C,C",agent2,VLLMQwen32B,cooperative,0.0,60,1.0,0.0,0,,"C,C,C,C,C,C,C,C,C,C,C,C,C,C,C,C,C,C,C,C,C,C,C,C,C,C,C,C,C,C","C,C,C,C,C,C,C,C,C,C,C,C,C,C,C,C,C,C,C,C,C,C,C,C,C,C,C,C,C,C",1.0,1.0,0.6111,Qwen2.5-32B-Instruct,0,game_8
Qwen2.5-32B-Instruct__noise00__game_9,10,2026-02-12T04:24:14.977081,en,True,30,30,agent1,VLLMQwen32B,cooperative,0.0,248,0.1333,0.8667,0,,"C,C,C,C,D,D,D,D,D,D,D,D,D,D,D,D,D,D,D,D,D,D,D,D,D,D,D,D,D,D","C,C,C,C,D,D,D,D,D,D,D,D,D,D,D,D,D,D,D,D,D,D,D,D,D,D,D,D,D,D",agent2,VLLMQwen32B,selfish,0.0,208,0.0,1.0,0,,"D,D,D,D,D,D,D,D,D,D,D,D,D,D,D,D,D,D,D,D,D,D,D,D,D,D,D,D,D,D","D,D,D,D,D,D,D,D,D,D,D,D,D,D,D,D,D,D,D,D,D,D,D,D,D,D,D,D,D,D",1.0,1.0,0.2222,Qwen2.5-32B-Instruct,0,game_9
Qwen2.5-32B-Instruct__noise00__game_10,11,2026-02-12T04:24:26.042542,en,True,30,30,agent1,VLLMQwen32B,selfish,0.0,216,0.0,1.0,0,,"D,D,D,D,D,D,D,D,D,D,D,D,D,D,D,D,D,D,D,D,D,D,D,D,D,D,D,D,D,D","D,D,D,D,D,D,D,D,D,D,D,D,D,D,D,D,D,D,D,D,D,D,D,D,D,D,D,D,D,D",agent2,VLLMQwen32B,cooperative,0.0,246,0.1,0.9,0,,"C,D,D,D,D,D,D,D,D,D,D,D,D,D,D,D,D,D,D,D,D,D,D,D,D,D,D,D,C,C","C,D,D,D,D,D,D,D,D,D,D,D,D,D,D,D,D,D,D,D,D,D,D,D,D,D,D,D,C,C",1.0,1.0,0.2222,Qwen2.5-32B-Instruct,0,game_10
Qwen2.5-32B-Instruct__noise00__game_11,12,2026-02-12T04:24:33.307431,en,True,30,30,agent1,VLLMQwen32B,selfish,0.0,240,0.0,1.0,0,,"D,D,D,D,D,D,D,D,D,D,D,D,D,D,D,D,D,D,D,D,D,D,D,D,D,D,D,D,D,D","D,D,D,D,D,D,D,D,D,D,D,D,D,D,D,D,D,D,D,D,D,D,D,D,D,D,D,D,D,D",agent2,VLLMQwen32B,selfish,0.0,240,0.0,1.0,0,,"D,D,D,D,D,D,D,D,D,D,D,D,D,D,D,D,D,D,D,D,D,D,D,D,D,D,D,D,D,D","D,D,D,D,D,D,D,D,D,D,D,D,D,D,D,D,D,D,D,D,D,D,D,D,D,D,D,D,D,D",1.0,1.0,0.5,Qwen2.5-32B-Instruct,0,game_11
Qwen2.5-32B-Instruct__noise00__game_12,13,2026-02-12T04:27:47.250542,en,True,30,30,agent1,VLLMQwen32B,cooperative,0.0,60,1.0,0.0,0,,"C,C,C,C,C,C,C,C,C,C,C,C,C,C,C,C,C,C,C,C,C,C,C,C,C,C,C,C,C,C","C,C,C,C,C,C,C,C,C,C,C,C,C,C,C,C,C,C,C,C,C,C,C,C,C,C,C,C,C,C",agent2,VLLMQwen32B,cooperative,0.0,60,1.0,0.0,0,,"C,C,C,C,C,C,C,C,C,C,C,C,C,C,C,C,C,C,C,C,C,C,C,C,C,C,C,C,C,C","C,C,C,C,C,C,C,C,C,C,C,C,C,C,C,C,C,C,C,C,C,C,C,C,C,C,C,C,C,C",1.0,1.0,0.6111,Qwen2.5-32B-Instruct,0,game_12
Qwen2.5-32B-Instruct__noise00__game_13,14,2026-02-12T04:28:39.726919,en,True,30,30,agent1,VLLMQwen32B,cooperative,0.0,244,0.0667,0.9333,0,,"C,C,D,D,D,D,D,D,D,D,D,D,D,D,D,D,D,D,D,D,D,D,D,D,D,D,D,D,D,D","C,C,D,D,D,D,D,D,D,D,D,D,D,D,D,D,D,D,D,D,D,D,D,D,D,D,D,D,D,D",agent2,VLLMQwen32B,selfish,0.0,224,0.0,1.0,0,,"D,D,D,D,D,D,D,D,D,D,D,D,D,D,D,D,D,D,D,D,D,D,D,D,D,D,D,D,D,D","D,D,D,D,D,D,D,D,D,D,D,D,D,D,D,D,D,D,D,D,D,D,D,D,D,D,D,D,D,D",1.0,1.0,0.1944,Qwen2.5-32B-Instruct,0,game_13
Qwen2.5-32B-Instruct__noise00__game_14,15,2026-02-12T04:28:49.134310,en,True,30,30,agent1,VLLMQwen32B,selfish,0.0,232,0.0,1.0,0,,"D,D,D,D,D,D,D,D,D,D,D,D,D,D,D,D,D,D,D,D,D,D,D,D,D,D,D,D,D,D","D,D,D,D,D,D,D,D,D,D,D,D,D,D,D,D,D,D,D,D,D,D,D,D,D,D,D,D,D,D",agent2,VLLMQwen32B,cooperative,0.0,242,0.0333,0.9667,0,,"C,D,D,D,D,D,D,D,D,D,D,D,D,D,D,D,D,D,D,D,D,D,D,D,D,D,D,D,D,D","C,D,D,D,D,D,D,D,D,D,D,D,D,D,D,D,D,D,D,D,D,D,D,D,D,D,D,D,D,D",1.0,1.0,0.2222,Qwen2.5-32B-Instruct,0,game_14
Qwen2.5-32B-Instruct__noise00__game_15,16,2026-02-12T04:29:07.661064,en,True,30,30,agent1,VLLMQwen32B,selfish,0.0,240,0.0,1.0,0,,"D,D,D,D,D,D,D,D,D,D,D,D,D,D,D,D,D,D,D,D,D,D,D,D,D,D,D,D,D,D","D,D,D,D,D,D,D,D,D,D,D,D,D,D,D,D,D,D,D,D,D,D,D,D,D,D,D,D,D,D",agent2,VLLMQwen32B,selfish,0.0,240,0.0,1.0,0,,"D,D,D,D,D,D,D,D,D,D,D,D,D,D,D,D,D,D,D,D,D,D,D,D,D,D,D,D,D,D","D,D,D,D,D,D,D,D,D,D,D,D,D,D,D,D,D,D,D,D,D,D,D,D,D,D,D,D,D,D",1.0,1.0,0.4444,Qwen2.5-32B-Instruct,0,game_15
Qwen2.5-32B-Instruct__noise00__game_16,17,2026-02-12T04:31:52.231965,en,True,30,30,agent1,VLLMQwen32B,cooperative,0.0,60,1.0,0.0,0,,"C,C,C,C,C,C,C,C,C,C,C,C,C,C,C,C,C,C,C,C,C,C,C,C,C,C,C,C,C,C","C,C,C,C,C,C,C,C,C,C,C,C,C,C,C,C,C,C,C,C,C,C,C,C,C,C,C,C,C,C",agent2,VLLMQwen32B,cooperative,0.0,60,1.0,0.0,0,,"C,C,C,C,C,C,C,C,C,C,C,C,C,C,C,C,C,C,C,C,C,C,C,C,C,C,C,C,C,C","C,C,C,C,C,C,C,C,C,C,C,C,C,C,C,C,C,C,C,C,C,C,C,C,C,C,C,C,C,C",1.0,1.0,0.6111,Qwen2.5-32B-Instruct,0,game_16
Qwen2.5-32B-Instruct__noise00__game_17,18,2026-02-12T04:33:01.451720,en,True,30,30,agent1,VLLMQwen32B,cooperative,0.0,300,1.0,0.0,0,,"C,C,C,C,C,C,C,C,C,C,C,C,C,C,C,C,C,C,C,C,C,C,C,C,C,C,C,C,C,C","C,C,C,C,C,C,C,C,C,C,C,C,C,C,C,C,C,C,C,C,C,C,C,C,C,C,C,C,C,C",agent2,VLLMQwen32B,selfish,0.0,0,0.0,1.0,0,,"D,D,D,D,D,D,D,D,D,D,D,D,D,D,D,D,D,D,D,D,D,D,D,D,D,D,D,D,D,D","D,D,D,D,D,D,D,D,D,D,D,D,D,D,D,D,D,D,D,D,D,D,D,D,D,D,D,D,D,D",1.0,1.0,0.5278,Qwen2.5-32B-Instruct,0,game_17
Qwen2.5-32B-Instruct__noise00__game_18,19,2026-02-12T04:33:10.895054,en,True,30,30,agent1,VLLMQwen32B,selfish,0.0,200,0.0,1.0,0,,"D,D,D,D,D,D,D,D,D,D,D,D,D,D,D,D,D,D,D,D,D,D,D,D,D,D,D,D,D,D","D,D,D,D,D,D,D,D,D,D,D,D,D,D,D,D,D,D,D,D,D,D,D,D,D,D,D,D,D,D",agent2,VLLMQwen32B,cooperative,0.0,250,0.1667,0.8333,0,,"C,D,D,D,D,D,D,D,D,D,D,D,D,D,D,D,D,D,D,D,D,D,D,D,D,D,C,C,C,C","C,D,D,D,D,D,D,D,D,D,D,D,D,D,D,D,D,D,D,D,D,D,D,D,D,D,C,C,C,C",1.0,1.0,0.2222,Qwen2.5-32B-Instruct,0,game_18
Qwen2.5-32B-Instruct__noise00__game_19,20,2026-02-12T04:33:41.841565,en,True,30,30,agent1,VLLMQwen32B,selfish,0.0,240,0.0,1.0,0,,"D,D,D,D,D,D,D,D,D,D,D,D,D,D,D,D,D,D,D,D,D,D,D,D,D,D,D,D,D,D","D,D,D,D,D,D,D,D,D,D,D,D,D,D,D,D,D,D,D,D,D,D,D,D,D,D,D,D,D,D",agent2,VLLMQwen32B,selfish,0.0,240,0.0,1.0,0,,"D,D,D,D,D,D,D,D,D,D,D,D,D,D,D,D,D,D,D,D,D,D,D,D,D,D,D,D,D,D","D,D,D,D,D,D,D,D,D,D,D,D,D,D,D,D,D,D,D,D,D,D,D,D,D,D,D,D,D,D",1.0,1.0,0.5,Qwen2.5-32B-Instruct,0,game_19
Qwen2.5-32B-Instruct__noise00__game_20,21,2026-02-12T04:36:01.084271,en,True,30,30,agent1,VLLMQwen32B,cooperative,0.0,60,1.0,0.0,0,,"C,C,C,C,C,C,C,C,C,C,C,C,C,C,C,C,C,C,C,C,C,C,C,C,C,C,C,C,C,C","C,C,C,C,C,C,C,C,C,C,C,C,C,C,C,C,C,C,C,C,C,C,C,C,C,C,C,C,C,C",agent2,VLLMQwen32B,cooperative,0.0,60,1.0,0.0,0,,"C,C,C,C,C,C,C,C,C,C,C,C,C,C,C,C,C,C,C,C,C,C,C,C,C,C,C,C,C,C","C,C,C,C,C,C,C,C,C,C,C,C,C,C,C,C,C,C,C,C,C,C,C,C,C,C,C,C,C,C",1.0,1.0,0.6111,Qwen2.5-32B-Instruct,0,game_20
Qwen2.5-32B-Instruct__noise00__game_22,23,2026-02-12T04:37:33.859635,en,True,30,30,agent1,VLLMQwen32B,selfish,0.0,232,0.0,1.0,0,,"D,D,D,D,D,D,D,D,D,D,D,D,D,D,D,D,D,D,D,D,D,D,D,D,D,D,D,D,D,D","D,D,D,D,D,D,D,D,D,D,D,D,D,D,D,D,D,D,D,D,D,D,D,D,D,D,D,D,D,D",agent2,VLLMQwen32B,cooperative,0.0,242,0.0333,0.9667,0,,"C,D,D,D,D,D,D,D,D,D,D,D,D,D,D,D,D,D,D,D,D,D,D,D,D,D,D,D,D,D","C,D,D,D,D,D,D,D,D,D,D,D,D,D,D,D,D,D,D,D,D,D,D,D,D,D,D,D,D,D",1.0,1.0,0.2222,Qwen2.5-32B-Instruct,0,game_22
Qwen2.5-32B-Instruct__noise00__game_21,22,2026-02-12T04:37:36.559532,en,True,30,30,agent1,VLLMQwen32B,cooperative,0.0,246,0.1,0.9,0,,"C,C,C,D,D,D,D,D,D,D,D,D,D,D,D,D,D,D,D,D,D,D,D,D,D,D,D,D,D,D","C,C,C,D,D,D,D,D,D,D,D,D,D,D,D,D,D,D,D,D,D,D,D,D,D,D,D,D,D,D",agent2,VLLMQwen32B,selfish,0.0,216,0.0,1.0,0,,"D,D,D,D,D,D,D,D,D,D,D,D,D,D,D,D,D,D,D,D,D,D,D,D,D,D,D,D,D,D","D,D,D,D,D,D,D,D,D,D,D,D,D,D,D,D,D,D,D,D,D,D,D,D,D,D,D,D,D,D",1.0,1.0,0.1944,Qwen2.5-32B-Instruct,0,game_21
Qwen2.5-32B-Instruct__noise00__game_23,24,2026-02-12T04:38:06.580873,en,True,30,30,agent1,VLLMQwen32B,selfish,0.0,240,0.0,1.0,0,,"D,D,D,D,D,D,D,D,D,D,D,D,D,D,D,D,D,D,D,D,D,D,D,D,D,D,D,D,D,D","D,D,D,D,D,D,D,D,D,D,D,D,D,D,D,D,D,D,D,D,D,D,D,D,D,D,D,D,D,D",agent2,VLLMQwen32B,selfish,0.0,240,0.0,1.0,0,,"D,D,D,D,D,D,D,D,D,D,D,D,D,D,D,D,D,D,D,D,D,D,D,D,D,D,D,D,D,D","D,D,D,D,D,D,D,D,D,D,D,D,D,D,D,D,D,D,D,D,D,D,D,D,D,D,D,D,D,D",1.0,1.0,0.5278,Qwen2.5-32B-Instruct,0,game_23
Qwen2.5-32B-Instruct__noise00__game_24,25,2026-02-12T04:40:24.482263,en,True,30,30,agent1,VLLMQwen32B,cooperative,0.0,60,1.0,0.0,0,,"C,C,C,C,C,C,C,C,C,C,C,C,C,C,C,C,C,C,C,C,C,C,C,C,C,C,C,C,C,C","C,C,C,C,C,C,C,C,C,C,C,C,C,C,C,C,C,C,C,C,C,C,C,C,C,C,C,C,C,C",agent2,VLLMQwen32B,cooperative,0.0,60,1.0,0.0,0,,"C,C,C,C,C,C,C,C,C,C,C,C,C,C,C,C,C,C,C,C,C,C,C,C,C,C,C,C,C,C","C,C,C,C,C,C,C,C,C,C,C,C,C,C,C,C,C,C,C,C,C,C,C,C,C,C,C,C,C,C",1.0,1.0,0.6111,Qwen2.5-32B-Instruct,0,game_24
Qwen2.5-32B-Instruct__noise00__game_26,27,2026-02-12T04:41:58.191667,en,True,30,30,agent1,VLLMQwen32B,selfish,0.0,200,0.0,1.0,0,,"D,D,D,D,D,D,D,D,D,D,D,D,D,D,D,D,D,D,D,D,D,D,D,D,D,D,D,D,D,D","D,D,D,D,D,D,D,D,D,D,D,D,D,D,D,D,D,D,D,D,D,D,D,D,D,D,D,D,D,D",agent2,VLLMQwen32B,cooperative,0.0,250,0.1667,0.8333,0,,"C,D,D,D,D,D,D,D,D,D,D,D,D,D,D,D,D,D,D,D,D,D,D,D,D,D,C,C,C,C","C,D,D,D,D,D,D,D,D,D,D,D,D,D,D,D,D,D,D,D,D,D,D,D,D,D,C,C,C,C",1.0,1.0,0.2222,Qwen2.5-32B-Instruct,0,game_26
Qwen2.5-32B-Instruct__noise00__game_25,26,2026-02-12T04:42:04.061240,en,True,30,30,agent1,VLLMQwen32B,cooperative,0.0,244,0.0667,0.9333,0,,"C,D,D,D,D,D,D,D,D,D,D,D,D,D,D,D,D,D,D,D,D,D,D,D,D,D,D,D,C,D","C,D,D,D,D,D,D,D,D,D,D,D,D,D,D,D,D,D,D,D,D,D,D,D,D,D,D,D,C,D",agent2,VLLMQwen32B,selfish,0.0,224,0.0,1.0,0,,"D,D,D,D,D,D,D,D,D,D,D,D,D,D,D,D,D,D,D,D,D,D,D,D,D,D,D,D,D,D","D,D,D,D,D,D,D,D,D,D,D,D,D,D,D,D,D,D,D,D,D,D,D,D,D,D,D,D,D,D",1.0,1.0,0.1667,Qwen2.5-32B-Instruct,0,game_25
Qwen2.5-32B-Instruct__noise00__game_27,28,2026-02-12T04:42:23.524192,en,True,30,30,agent1,VLLMQwen32B,selfish,0.0,240,0.0,1.0,0,,"D,D,D,D,D,D,D,D,D,D,D,D,D,D,D,D,D,D,D,D,D,D,D,D,D,D,D,D,D,D","D,D,D,D,D,D,D,D,D,D,D,D,D,D,D,D,D,D,D,D,D,D,D,D,D,D,D,D,D,D",agent2,VLLMQwen32B,selfish,0.0,240,0.0,1.0,0,,"D,D,D,D,D,D,D,D,D,D,D,D,D,D,D,D,D,D,D,D,D,D,D,D,D,D,D,D,D,D","D,D,D,D,D,D,D,D,D,D,D,D,D,D,D,D,D,D,D,D,D,D,D,D,D,D,D,D,D,D",1.0,1.0,0.4722,Qwen2.5-32B-Instruct,0,game_27
Qwen2.5-32B-Instruct__noise00__game_28,29,2026-02-12T04:44:35.273481,en,True,30,30,agent1,VLLMQwen32B,cooperative,0.0,60,1.0,0.0,0,,"C,C,C,C,C,C,C,C,C,C,C,C,C,C,C,C,C,C,C,C,C,C,C,C,C,C,C,C,C,C","C,C,C,C,C,C,C,C,C,C,C,C,C,C,C,C,C,C,C,C,C,C,C,C,C,C,C,C,C,C",agent2,VLLMQwen32B,cooperative,0.0,60,1.0,0.0,0,,"C,C,C,C,C,C,C,C,C,C,C,C,C,C,C,C,C,C,C,C,C,C,C,C,C,C,C,C,C,C","C,C,C,C,C,C,C,C,C,C,C,C,C,C,C,C,C,C,C,C,C,C,C,C,C,C,C,C,C,C",1.0,1.0,0.6111,Qwen2.5-32B-Instruct,0,game_28
Qwen2.5-32B-Instruct__noise00__game_29,30,2026-02-12T04:46:21.252663,en,True,30,30,agent1,VLLMQwen32B,cooperative,0.0,300,1.0,0.0,0,,"C,C,C,C,C,C,C,C,C,C,C,C,C,C,C,C,C,C,C,C,C,C,C,C,C,C,C,C,C,C","C,C,C,C,C,C,C,C,C,C,C,C,C,C,C,C,C,C,C,C,C,C,C,C,C,C,C,C,C,C",agent2,VLLMQwen32B,selfish,0.0,0,0.0,1.0,0,,"D,D,D,D,D,D,D,D,D,D,D,D,D,D,D,D,D,D,D,D,D,D,D,D,D,D,D,D,D,D","D,D,D,D,D,D,D,D,D,D,D,D,D,D,D,D,D,D,D,D,D,D,D,D,D,D,D,D,D,D",1.0,1.0,0.5556,Qwen2.5-32B-Instruct,0,game_29
Qwen2.5-32B-Instruct__noise00__game_30,31,2026-02-12T04:46:23.410878,en,True,30,30,agent1,VLLMQwen32B,selfish,0.0,208,0.0,1.0,0,,"D,D,D,D,D,D,D,D,D,D,D,D,D,D,D,D,D,D,D,D,D,D,D,D,D,D,D,D,D,D","D,D,D,D,D,D,D,D,D,D,D,D,D,D,D,D,D,D,D,D,D,D,D,D,D,D,D,D,D,D",agent2,VLLMQwen32B,cooperative,0.0,248,0.1333,0.8667,0,,"C,D,D,D,D,D,D,D,D,D,D,D,D,D,D,D,D,D,D,D,D,D,D,D,D,D,D,C,C,C","C,D,D,D,D,D,D,D,D,D,D,D,D,D,D,D,D,D,D,D,D,D,D,D,D,D,D,C,C,C",1.0,1.0,0.2222,Qwen2.5-32B-Instruct,0,game_30
Qwen2.5-32B-Instruct__noise00__game_31,32,2026-02-12T04:47:01.288119,en,True,30,30,agent1,VLLMQwen32B,selfish,0.0,240,0.0,1.0,0,,"D,D,D,D,D,D,D,D,D,D,D,D,D,D,D,D,D,D,D,D,D,D,D,D,D,D,D,D,D,D","D,D,D,D,D,D,D,D,D,D,D,D,D,D,D,D,D,D,D,D,D,D,D,D,D,D,D,D,D,D",agent2,VLLMQwen32B,selfish,0.0,240,0.0,1.0,0,,"D,D,D,D,D,D,D,D,D,D,D,D,D,D,D,D,D,D,D,D,D,D,D,D,D,D,D,D,D,D","D,D,D,D,D,D,D,D,D,D,D,D,D,D,D,D,D,D,D,D,D,D,D,D,D,D,D,D,D,D",1.0,1.0,0.5278,Qwen2.5-32B-Instruct,0,game_31
Qwen2.5-32B-Instruct__noise00__game_32,33,2026-02-12T04:48:51.462837,en,True,30,30,agent1,VLLMQwen32B,cooperative,0.0,60,1.0,0.0,0,,"C,C,C,C,C,C,C,C,C,C,C,C,C,C,C,C,C,C,C,C,C,C,C,C,C,C,C,C,C,C","C,C,C,C,C,C,C,C,C,C,C,C,C,C,C,C,C,C,C,C,C,C,C,C,C,C,C,C,C,C",agent2,VLLMQwen32B,cooperative,0.0,60,1.0,0.0,0,,"C,C,C,C,C,C,C,C,C,C,C,C,C,C,C,C,C,C,C,C,C,C,C,C,C,C,C,C,C,C","C,C,C,C,C,C,C,C,C,C,C,C,C,C,C,C,C,C,C,C,C,C,C,C,C,C,C,C,C,C",1.0,1.0,0.6111,Qwen2.5-32B-Instruct,0,game_32
Qwen2.5-32B-Instruct__noise00__game_33,34,2026-02-12T04:50:37.448812,en,True,30,30,agent1,VLLMQwen32B,cooperative,0.0,244,0.0667,0.9333,0,,"C,C,D,D,D,D,D,D,D,D,D,D,D,D,D,D,D,D,D,D,D,D,D,D,D,D,D,D,D,D","C,C,D,D,D,D,D,D,D,D,D,D,D,D,D,D,D,D,D,D,D,D,D,D,D,D,D,D,D,D",agent2,VLLMQwen32B,selfish,0.0,224,0.0,1.0,0,,"D,D,D,D,D,D,D,D,D,D,D,D,D,D,D,D,D,D,D,D,D,D,D,D,D,D,D,D,D,D","D,D,D,D,D,D,D,D,D,D,D,D,D,D,D,D,D,D,D,D,D,D,D,D,D,D,D,D,D,D",1.0,1.0,0.1944,Qwen2.5-32B-Instruct,0,game_33
Qwen2.5-32B-Instruct__noise00__game_34,35,2026-02-12T04:50:47.821314,en,True,30,30,agent1,VLLMQwen32B,selfish,0.0,232,0.0,1.0,0,,"D,D,D,D,D,D,D,D,D,D,D,D,D,D,D,D,D,D,D,D,D,D,D,D,D,D,D,D,D,D","D,D,D,D,D,D,D,D,D,D,D,D,D,D,D,D,D,D,D,D,D,D,D,D,D,D,D,D,D,D",agent2,VLLMQwen32B,cooperative,0.0,242,0.0333,0.9667,0,,"C,D,D,D,D,D,D,D,D,D,D,D,D,D,D,D,D,D,D,D,D,D,D,D,D,D,D,D,D,D","C,D,D,D,D,D,D,D,D,D,D,D,D,D,D,D,D,D,D,D,D,D,D,D,D,D,D,D,D,D",1.0,1.0,0.2222,Qwen2.5-32B-Instruct,0,game_34
Qwen2.5-32B-Instruct__noise00__game_35,36,2026-02-12T04:51:31.188957,en,True,30,30,agent1,VLLMQwen32B,selfish,0.0,240,0.0,1.0,0,,"D,D,D,D,D,D,D,D,D,D,D,D,D,D,D,D,D,D,D,D,D,D,D,D,D,D,D,D,D,D","D,D,D,D,D,D,D,D,D,D,D,D,D,D,D,D,D,D,D,D,D,D,D,D,D,D,D,D,D,D",agent2,VLLMQwen32B,selfish,0.0,240,0.0,1.0,0,,"D,D,D,D,D,D,D,D,D,D,D,D,D,D,D,D,D,D,D,D,D,D,D,D,D,D,D,D,D,D","D,D,D,D,D,D,D,D,D,D,D,D,D,D,D,D,D,D,D,D,D,D,D,D,D,D,D,D,D,D",1.0,1.0,0.4722,Qwen2.5-32B-Instruct,0,game_35
Qwen2.5-32B-Instruct__noise00__game_36,37,2026-02-12T04:53:03.085720,en,True,30,30,agent1,VLLMQwen32B,cooperative,0.0,60,1.0,0.0,0,,"C,C,C,C,C,C,C,C,C,C,C,C,C,C,C,C,C,C,C,C,C,C,C,C,C,C,C,C,C,C","C,C,C,C,C,C,C,C,C,C,C,C,C,C,C,C,C,C,C,C,C,C,C,C,C,C,C,C,C,C",agent2,VLLMQwen32B,cooperative,0.0,60,1.0,0.0,0,,"C,C,C,C,C,C,C,C,C,C,C,C,C,C,C,C,C,C,C,C,C,C,C,C,C,C,C,C,C,C","C,C,C,C,C,C,C,C,C,C,C,C,C,C,C,C,C,C,C,C,C,C,C,C,C,C,C,C,C,C",1.0,1.0,0.6111,Qwen2.5-32B-Instruct,0,game_36
Qwen2.5-32B-Instruct__noise00__game_37,38,2026-02-12T04:54:56.691979,en,True,30,30,agent1,VLLMQwen32B,cooperative,0.0,300,1.0,0.0,0,,"C,C,C,C,C,C,C,C,C,C,C,C,C,C,C,C,C,C,C,C,C,C,C,C,C,C,C,C,C,C","C,C,C,C,C,C,C,C,C,C,C,C,C,C,C,C,C,C,C,C,C,C,C,C,C,C,C,C,C,C",agent2,VLLMQwen32B,selfish,0.0,0,0.0,1.0,0,,"D,D,D,D,D,D,D,D,D,D,D,D,D,D,D,D,D,D,D,D,D,D,D,D,D,D,D,D,D,D","D,D,D,D,D,D,D,D,D,D,D,D,D,D,D,D,D,D,D,D,D,D,D,D,D,D,D,D,D,D",1.0,1.0,0.5278,Qwen2.5-32B-Instruct,0,game_37
Qwen2.5-32B-Instruct__noise00__game_38,39,2026-02-12T04:55:13.505662,en,True,30,30,agent1,VLLMQwen32B,selfish,0.0,152,0.0,1.0,0,,"D,D,D,D,D,D,D,D,D,D,D,D,D,D,D,D,D,D,D,D,D,D,D,D,D,D,D,D,D,D","D,D,D,D,D,D,D,D,D,D,D,D,D,D,D,D,D,D,D,D,D,D,D,D,D,D,D,D,D,D",agent2,VLLMQwen32B,cooperative,0.0,262,0.3667,0.6333,0,,"C,D,D,D,D,D,D,D,D,D,D,D,D,D,D,D,D,D,D,D,C,C,C,C,C,C,C,C,C,C","C,D,D,D,D,D,D,D,D,D,D,D,D,D,D,D,D,D,D,D,C,C,C,C,C,C,C,C,C,C",1.0,1.0,0.1667,Qwen2.5-32B-Instruct,0,game_38
Qwen2.5-32B-Instruct__noise00__game_39,40,2026-02-12T04:55:47.719268,en,True,30,30,agent1,VLLMQwen32B,selfish,0.0,240,0.0,1.0,0,,"D,D,D,D,D,D,D,D,D,D,D,D,D,D,D,D,D,D,D,D,D,D,D,D,D,D,D,D,D,D","D,D,D,D,D,D,D,D,D,D,D,D,D,D,D,D,D,D,D,D,D,D,D,D,D,D,D,D,D,D",agent2,VLLMQwen32B,selfish,0.0,240,0.0,1.0,0,,"D,D,D,D,D,D,D,D,D,D,D,D,D,D,D,D,D,D,D,D,D,D,D,D,D,D,D,D,D,D","D,D,D,D,D,D,D,D,D,D,D,D,D,D,D,D,D,D,D,D,D,D,D,D,D,D,D,D,D,D",1.0,1.0,0.5,Qwen2.5-32B-Instruct,0,game_39
Qwen2.5-32B-Instruct__noise00__game_40,41,2026-02-12T04:58:02.705095,fr,True,30,30,agent1,VLLMQwen32B,coopératif,0.0,60,1.0,0.0,0,,"C,C,C,C,C,C,C,C,C,C,C,C,C,C,C,C,C,C,C,C,C,C,C,C,C,C,C,C,C,C","C,C,C,C,C,C,C,C,C,C,C,C,C,C,C,C,C,C,C,C,C,C,C,C,C,C,C,C,C,C",agent2,VLLMQwen32B,coopératif,0.0,60,1.0,0.0,0,,"C,C,C,C,C,C,C,C,C,C,C,C,C,C,C,C,C,C,C,C,C,C,C,C,C,C,C,C,C,C","C,C,C,C,C,C,C,C,C,C,C,C,C,C,C,C,C,C,C,C,C,C,C,C,C,C,C,C,C,C",1.0,1.0,0.5,Qwen2.5-32B-Instruct,0,game_40
Qwen2.5-32B-Instruct__noise00__game_41,42,2026-02-12T04:59:54.361184,fr,True,30,30,agent1,VLLMQwen32B,coopératif,0.0,300,1.0,0.0,0,,"C,C,C,C,C,C,C,C,C,C,C,C,C,C,C,C,C,C,C,C,C,C,C,C,C,C,C,C,C,C","C,C,C,C,C,C,C,C,C,C,C,C,C,C,C,C,C,C,C,C,C,C,C,C,C,C,C,C,C,C",agent2,VLLMQwen32B,égoïste,0.0,0,0.0,1.0,0,,"T,T,T,T,T,T,T,T,T,T,T,T,T,T,T,T,T,T,T,T,T,T,T,T,T,T,T,T,T,T","T,T,T,T,T,T,T,T,T,T,T,T,T,T,T,T,T,T,T,T,T,T,T,T,T,T,T,T,T,T",1.0,1.0,0.5278,Qwen2.5-32B-Instruct,0,game_41
Qwen2.5-32B-Instruct__noise00__game_42,43,2026-02-12T05:00:35.494493,fr,True,30,30,agent1,VLLMQwen32B,égoïste,0.0,8,0.0,1.0,0,,"T,T,T,T,T,T,T,T,T,T,T,T,T,T,T,T,T,T,T,T,T,T,T,T,T,T,T,T,T,T","T,T,T,T,T,T,T,T,T,T,T,T,T,T,T,T,T,T,T,T,T,T,T,T,T,T,T,T,T,T",agent2,VLLMQwen32B,coopératif,0.0,298,0.9667,0.0333,0,,"C,T,C,C,C,C,C,C,C,C,C,C,C,C,C,C,C,C,C,C,C,C,C,C,C,C,C,C,C,C","C,T,C,C,C,C,C,C,C,C,C,C,C,C,C,C,C,C,C,C,C,C,C,C,C,C,C,C,C,C",1.0,0.9048,0.1667,Qwen2.5-32B-Instruct,0,game_42
Qwen2.5-32B-Instruct__noise00__game_43,44,2026-02-12T05:00:36.512649,fr,True,30,30,agent1,VLLMQwen32B,égoïste,0.0,240,0.0,1.0,0,,"T,T,T,T,T,T,T,T,T,T,T,T,T,T,T,T,T,T,T,T,T,T,T,T,T,T,T,T,T,T","T,T,T,T,T,T,T,T,T,T,T,T,T,T,T,T,T,T,T,T,T,T,T,T,T,T,T,T,T,T",agent2,VLLMQwen32B,égoïste,0.0,240,0.0,1.0,0,,"T,T,T,T,T,T,T,T,T,T,T,T,T,T,T,T,T,T,T,T,T,T,T,T,T,T,T,T,T,T","T,T,T,T,T,T,T,T,T,T,T,T,T,T,T,T,T,T,T,T,T,T,T,T,T,T,T,T,T,T",1.0,1.0,0.5278,Qwen2.5-32B-Instruct,0,game_43
Qwen2.5-32B-Instruct__noise00__game_44,45,2026-02-12T05:03:06.994243,fr,True,30,30,agent1,VLLMQwen32B,coopératif,0.0,60,1.0,0.0,0,,"C,C,C,C,C,C,C,C,C,C,C,C,C,C,C,C,C,C,C,C,C,C,C,C,C,C,C,C,C,C","C,C,C,C,C,C,C,C,C,C,C,C,C,C,C,C,C,C,C,C,C,C,C,C,C,C,C,C,C,C",agent2,VLLMQwen32B,coopératif,0.0,60,1.0,0.0,0,,"C,C,C,C,C,C,C,C,C,C,C,C,C,C,C,C,C,C,C,C,C,C,C,C,C,C,C,C,C,C","C,C,C,C,C,C,C,C,C,C,C,C,C,C,C,C,C,C,C,C,C,C,C,C,C,C,C,C,C,C",1.0,1.0,0.5,Qwen2.5-32B-Instruct,0,game_44
Qwen2.5-32B-Instruct__noise00__game_45,46,2026-02-12T05:04:37.199594,fr,True,30,30,agent1,VLLMQwen32B,coopératif,0.0,244,0.0667,0.9333,0,,"C,C,T,T,T,T,T,T,T,T,T,T,T,T,T,T,T,T,T,T,T,T,T,T,T,T,T,T,T,T","C,C,T,T,T,T,T,T,T,T,T,T,T,T,T,T,T,T,T,T,T,T,T,T,T,T,T,T,T,T",agent2,VLLMQwen32B,égoïste,0.0,224,0.0,1.0,0,,"T,T,T,T,T,T,T,T,T,T,T,T,T,T,T,T,T,T,T,T,T,T,T,T,T,T,T,T,T,T","T,T,T,T,T,T,T,T,T,T,T,T,T,T,T,T,T,T,T,T,T,T,T,T,T,T,T,T,T,T",1.0,1.0,0.1667,Qwen2.5-32B-Instruct,0,game_45
Qwen2.5-32B-Instruct__noise00__game_47,48,2026-02-12T05:05:18.284953,fr,True,30,30,agent1,VLLMQwen32B,égoïste,0.0,240,0.0,1.0,0,,"T,T,T,T,T,T,T,T,T,T,T,T,T,T,T,T,T,T,T,T,T,T,T,T,T,T,T,T,T,T","T,T,T,T,T,T,T,T,T,T,T,T,T,T,T,T,T,T,T,T,T,T,T,T,T,T,T,T,T,T",agent2,VLLMQwen32B,égoïste,0.0,240,0.0,1.0,0,,"T,T,T,T,T,T,T,T,T,T,T,T,T,T,T,T,T,T,T,T,T,T,T,T,T,T,T,T,T,T","T,T,T,T,T,T,T,T,T,T,T,T,T,T,T,T,T,T,T,T,T,T,T,T,T,T,T,T,T,T",1.0,1.0,0.5,Qwen2.5-32B-Instruct,0,game_47
Qwen2.5-32B-Instruct__noise00__game_46,47,2026-02-12T05:05:25.456435,fr,True,30,30,agent1,VLLMQwen32B,égoïste,0.0,232,0.0,1.0,0,,"T,T,T,T,T,T,T,T,T,T,T,T,T,T,T,T,T,T,T,T,T,T,T,T,T,T,T,T,T,T","T,T,T,T,T,T,T,T,T,T,T,T,T,T,T,T,T,T,T,T,T,T,T,T,T,T,T,T,T,T",agent2,VLLMQwen32B,coopératif,0.0,242,0.0333,0.9667,0,,"C,T,T,T,T,T,T,T,T,T,T,T,T,T,T,T,T,T,T,T,T,T,T,T,T,T,T,T,T,T","C,T,T,T,T,T,T,T,T,T,T,T,T,T,T,T,T,T,T,T,T,T,T,T,T,T,T,T,T,T",1.0,1.0,0.2222,Qwen2.5-32B-Instruct,0,game_46
Qwen2.5-32B-Instruct__noise00__game_48,49,2026-02-12T05:08:32.116382,fr,True,30,30,agent1,VLLMQwen32B,coopératif,0.0,60,1.0,0.0,0,,"C,C,C,C,C,C,C,C,C,C,C,C,C,C,C,C,C,C,C,C,C,C,C,C,C,C,C,C,C,C","C,C,C,C,C,C,C,C,C,C,C,C,C,C,C,C,C,C,C,C,C,C,C,C,C,C,C,C,C,C",agent2,VLLMQwen32B,coopératif,0.0,60,1.0,0.0,0,,"C,C,C,C,C,C,C,C,C,C,C,C,C,C,C,C,C,C,C,C,C,C,C,C,C,C,C,C,C,C","C,C,C,C,C,C,C,C,C,C,C,C,C,C,C,C,C,C,C,C,C,C,C,C,C,C,C,C,C,C",1.0,1.0,0.5,Qwen2.5-32B-Instruct,0,game_48
Qwen2.5-32B-Instruct__noise00__game_49,50,2026-02-12T05:09:17.508395,fr,True,30,30,agent1,VLLMQwen32B,coopératif,0.0,244,0.0667,0.9333,0,,"C,C,T,T,T,T,T,T,T,T,T,T,T,T,T,T,T,T,T,T,T,T,T,T,T,T,T,T,T,T","C,C,T,T,T,T,T,T,T,T,T,T,T,T,T,T,T,T,T,T,T,T,T,T,T,T,T,T,T,T",agent2,VLLMQwen32B,égoïste,0.0,224,0.0,1.0,0,,"T,T,T,T,T,T,T,T,T,T,T,T,T,T,T,T,T,T,T,T,T,T,T,T,T,T,T,T,T,T","T,T,T,T,T,T,T,T,T,T,T,T,T,T,T,T,T,T,T,T,T,T,T,T,T,T,T,T,T,T",1.0,1.0,0.1944,Qwen2.5-32B-Instruct,0,game_49
Qwen2.5-32B-Instruct__noise00__game_50,51,2026-02-12T05:10:01.090122,fr,True,30,30,agent1,VLLMQwen32B,égoïste,0.0,232,0.0,1.0,0,,"T,T,T,T,T,T,T,T,T,T,T,T,T,T,T,T,T,T,T,T,T,T,T,T,T,T,T,T,T,T","T,T,T,T,T,T,T,T,T,T,T,T,T,T,T,T,T,T,T,T,T,T,T,T,T,T,T,T,T,T",agent2,VLLMQwen32B,coopératif,0.0,242,0.0333,0.9667,0,,"C,T,T,T,T,T,T,T,T,T,T,T,T,T,T,T,T,T,T,T,T,T,T,T,T,T,T,T,T,T","C,T,T,T,T,T,T,T,T,T,T,T,T,T,T,T,T,T,T,T,T,T,T,T,T,T,T,T,T,T",1.0,1.0,0.2222,Qwen2.5-32B-Instruct,0,game_50
Qwen2.5-32B-Instruct__noise00__game_51,52,2026-02-12T05:10:32.839025,fr,True,30,30,agent1,VLLMQwen32B,égoïste,0.0,240,0.0,1.0,0,,"T,T,T,T,T,T,T,T,T,T,T,T,T,T,T,T,T,T,T,T,T,T,T,T,T,T,T,T,T,T","T,T,T,T,T,T,T,T,T,T,T,T,T,T,T,T,T,T,T,T,T,T,T,T,T,T,T,T,T,T",agent2,VLLMQwen32B,égoïste,0.0,240,0.0,1.0,0,,"T,T,T,T,T,T,T,T,T,T,T,T,T,T,T,T,T,T,T,T,T,T,T,T,T,T,T,T,T,T","T,T,T,T,T,T,T,T,T,T,T,T,T,T,T,T,T,T,T,T,T,T,T,T,T,T,T,T,T,T",1.0,1.0,0.4444,Qwen2.5-32B-Instruct,0,game_51
Qwen2.5-32B-Instruct__noise00__game_52,53,2026-02-12T05:13:41.706123,fr,True,30,30,agent1,VLLMQwen32B,coopératif,0.0,60,1.0,0.0,0,,"C,C,C,C,C,C,C,C,C,C,C,C,C,C,C,C,C,C,C,C,C,C,C,C,C,C,C,C,C,C","C,C,C,C,C,C,C,C,C,C,C,C,C,C,C,C,C,C,C,C,C,C,C,C,C,C,C,C,C,C",agent2,VLLMQwen32B,coopératif,0.0,60,1.0,0.0,0,,"C,C,C,C,C,C,C,C,C,C,C,C,C,C,C,C,C,C,C,C,C,C,C,C,C,C,C,C,C,C","C,C,C,C,C,C,C,C,C,C,C,C,C,C,C,C,C,C,C,C,C,C,C,C,C,C,C,C,C,C",1.0,1.0,0.5,Qwen2.5-32B-Instruct,0,game_52
Qwen2.5-32B-Instruct__noise00__game_53,54,2026-02-12T05:14:10.209666,fr,True,30,30,agent1,VLLMQwen32B,coopératif,0.0,244,0.0667,0.9333,0,,"C,C,T,T,T,T,T,T,T,T,T,T,T,T,T,T,T,T,T,T,T,T,T,T,T,T,T,T,T,T","C,C,T,T,T,T,T,T,T,T,T,T,T,T,T,T,T,T,T,T,T,T,T,T,T,T,T,T,T,T",agent2,VLLMQwen32B,égoïste,0.0,224,0.0,1.0,0,,"T,T,T,T,T,T,T,T,T,T,T,T,T,T,T,T,T,T,T,T,T,T,T,T,T,T,T,T,T,T","T,T,T,T,T,T,T,T,T,T,T,T,T,T,T,T,T,T,T,T,T,T,T,T,T,T,T,T,T,T",1.0,1.0,0.1667,Qwen2.5-32B-Instruct,0,game_53
Qwen2.5-32B-Instruct__noise00__game_54,55,2026-02-12T05:14:38.143075,fr,True,30,30,agent1,VLLMQwen32B,égoïste,0.0,232,0.0,1.0,0,,"T,T,T,T,T,T,T,T,T,T,T,T,T,T,T,T,T,T,T,T,T,T,T,T,T,T,T,T,T,T","T,T,T,T,T,T,T,T,T,T,T,T,T,T,T,T,T,T,T,T,T,T,T,T,T,T,T,T,T,T",agent2,VLLMQwen32B,coopératif,0.0,242,0.0333,0.9667,0,,"C,T,T,T,T,T,T,T,T,T,T,T,T,T,T,T,T,T,T,T,T,T,T,T,T,T,T,T,T,T","C,T,T,T,T,T,T,T,T,T,T,T,T,T,T,T,T,T,T,T,T,T,T,T,T,T,T,T,T,T",1.0,1.0,0.2222,Qwen2.5-32B-Instruct,0,game_54
Qwen2.5-32B-Instruct__noise00__game_55,56,2026-02-12T05:15:30.496647,fr,True,30,30,agent1,VLLMQwen32B,égoïste,0.0,240,0.0,1.0,0,,"T,T,T,T,T,T,T,T,T,T,T,T,T,T,T,T,T,T,T,T,T,T,T,T,T,T,T,T,T,T","T,T,T,T,T,T,T,T,T,T,T,T,T,T,T,T,T,T,T,T,T,T,T,T,T,T,T,T,T,T",agent2,VLLMQwen32B,égoïste,0.0,240,0.0,1.0,0,,"T,T,T,T,T,T,T,T,T,T,T,T,T,T,T,T,T,T,T,T,T,T,T,T,T,T,T,T,T,T","T,T,T,T,T,T,T,T,T,T,T,T,T,T,T,T,T,T,T,T,T,T,T,T,T,T,T,T,T,T",1.0,1.0,0.5278,Qwen2.5-32B-Instruct,0,game_55
Qwen2.5-32B-Instruct__noise00__game_56,57,2026-02-12T05:18:39.508959,fr,True,30,30,agent1,VLLMQwen32B,coopératif,0.0,60,1.0,0.0,0,,"C,C,C,C,C,C,C,C,C,C,C,C,C,C,C,C,C,C,C,C,C,C,C,C,C,C,C,C,C,C","C,C,C,C,C,C,C,C,C,C,C,C,C,C,C,C,C,C,C,C,C,C,C,C,C,C,C,C,C,C",agent2,VLLMQwen32B,coopératif,0.0,60,1.0,0.0,0,,"C,C,C,C,C,C,C,C,C,C,C,C,C,C,C,C,C,C,C,C,C,C,C,C,C,C,C,C,C,C","C,C,C,C,C,C,C,C,C,C,C,C,C,C,C,C,C,C,C,C,C,C,C,C,C,C,C,C,C,C",1.0,1.0,0.5,Qwen2.5-32B-Instruct,0,game_56
Qwen2.5-32B-Instruct__noise00__game_57,58,2026-02-12T05:19:10.853532,fr,True,30,30,agent1,VLLMQwen32B,coopératif,0.0,242,0.0333,0.9667,0,,"C,T,T,T,T,T,T,T,T,T,T,T,T,T,T,T,T,T,T,T,T,T,T,T,T,T,T,T,T,T","C,T,T,T,T,T,T,T,T,T,T,T,T,T,T,T,T,T,T,T,T,T,T,T,T,T,T,T,T,T",agent2,VLLMQwen32B,égoïste,0.0,232,0.0,1.0,0,,"T,T,T,T,T,T,T,T,T,T,T,T,T,T,T,T,T,T,T,T,T,T,T,T,T,T,T,T,T,T","T,T,T,T,T,T,T,T,T,T,T,T,T,T,T,T,T,T,T,T,T,T,T,T,T,T,T,T,T,T",1.0,1.0,0.2222,Qwen2.5-32B-Instruct,0,game_57
Qwen2.5-32B-Instruct__noise00__game_58,59,2026-02-12T05:20:12.631724,fr,True,30,30,agent1,VLLMQwen32B,égoïste,0.0,0,0.0,1.0,0,,"T,T,T,T,T,T,T,T,T,T,T,T,T,T,T,T,T,T,T,T,T,T,T,T,T,T,T,T,T,T","T,T,T,T,T,T,T,T,T,T,T,T,T,T,T,T,T,T,T,T,T,T,T,T,T,T,T,T,T,T",agent2,VLLMQwen32B,coopératif,0.0,300,1.0,0.0,0,,"C,C,C,C,C,C,C,C,C,C,C,C,C,C,C,C,C,C,C,C,C,C,C,C,C,C,C,C,C,C","C,C,C,C,C,C,C,C,C,C,C,C,C,C,C,C,C,C,C,C,C,C,C,C,C,C,C,C,C,C",1.0,0.9286,0.5,Qwen2.5-32B-Instruct,0,game_58
Qwen2.5-32B-Instruct__noise00__game_59,60,2026-02-12T05:20:14.098011,fr,True,30,30,agent1,VLLMQwen32B,égoïste,0.0,240,0.0,1.0,0,,"T,T,T,T,T,T,T,T,T,T,T,T,T,T,T,T,T,T,T,T,T,T,T,T,T,T,T,T,T,T","T,T,T,T,T,T,T,T,T,T,T,T,T,T,T,T,T,T,T,T,T,T,T,T,T,T,T,T,T,T",agent2,VLLMQwen32B,égoïste,0.0,240,0.0,1.0,0,,"T,T,T,T,T,T,T,T,T,T,T,T,T,T,T,T,T,T,T,T,T,T,T,T,T,T,T,T,T,T","T,T,T,T,T,T,T,T,T,T,T,T,T,T,T,T,T,T,T,T,T,T,T,T,T,T,T,T,T,T",1.0,1.0,0.4722,Qwen2.5-32B-Instruct,0,game_59
Qwen2.5-32B-Instruct__noise00__game_60,61,2026-02-12T05:23:37.295914,fr,True,30,30,agent1,VLLMQwen32B,coopératif,0.0,60,1.0,0.0,0,,"C,C,C,C,C,C,C,C,C,C,C,C,C,C,C,C,C,C,C,C,C,C,C,C,C,C,C,C,C,C","C,C,C,C,C,C,C,C,C,C,C,C,C,C,C,C,C,C,C,C,C,C,C,C,C,C,C,C,C,C",agent2,VLLMQwen32B,coopératif,0.0,60,1.0,0.0,0,,"C,C,C,C,C,C,C,C,C,C,C,C,C,C,C,C,C,C,C,C,C,C,C,C,C,C,C,C,C,C","C,C,C,C,C,C,C,C,C,C,C,C,C,C,C,C,C,C,C,C,C,C,C,C,C,C,C,C,C,C",1.0,1.0,0.5,Qwen2.5-32B-Instruct,0,game_60
Qwen2.5-32B-Instruct__noise00__game_61,62,2026-02-12T05:23:52.820770,fr,True,30,30,agent1,VLLMQwen32B,coopératif,0.0,242,0.0333,0.9667,0,,"C,T,T,T,T,T,T,T,T,T,T,T,T,T,T,T,T,T,T,T,T,T,T,T,T,T,T,T,T,T","C,T,T,T,T,T,T,T,T,T,T,T,T,T,T,T,T,T,T,T,T,T,T,T,T,T,T,T,T,T",agent2,VLLMQwen32B,égoïste,0.0,232,0.0,1.0,0,,"T,T,T,T,T,T,T,T,T,T,T,T,T,T,T,T,T,T,T,T,T,T,T,T,T,T,T,T,T,T","T,T,T,T,T,T,T,T,T,T,T,T,T,T,T,T,T,T,T,T,T,T,T,T,T,T,T,T,T,T",1.0,1.0,0.1944,Qwen2.5-32B-Instruct,0,game_61
Qwen2.5-32B-Instruct__noise00__game_62,63,2026-02-12T05:24:52.327519,fr,True,30,30,agent1,VLLMQwen32B,égoïste,0.0,232,0.0,1.0,0,,"T,T,T,T,T,T,T,T,T,T,T,T,T,T,T,T,T,T,T,T,T,T,T,T,T,T,T,T,T,T","T,T,T,T,T,T,T,T,T,T,T,T,T,T,T,T,T,T,T,T,T,T,T,T,T,T,T,T,T,T",agent2,VLLMQwen32B,coopératif,0.0,242,0.0333,0.9667,0,,"C,T,T,T,T,T,T,T,T,T,T,T,T,T,T,T,T,T,T,T,T,T,T,T,T,T,T,T,T,T","C,T,T,T,T,T,T,T,T,T,T,T,T,T,T,T,T,T,T,T,T,T,T,T,T,T,T,T,T,T",1.0,1.0,0.2222,Qwen2.5-32B-Instruct,0,game_62
Qwen2.5-32B-Instruct__noise00__game_63,64,2026-02-12T05:24:56.479972,fr,True,30,30,agent1,VLLMQwen32B,égoïste,0.0,240,0.0,1.0,0,,"T,T,T,T,T,T,T,T,T,T,T,T,T,T,T,T,T,T,T,T,T,T,T,T,T,T,T,T,T,T","T,T,T,T,T,T,T,T,T,T,T,T,T,T,T,T,T,T,T,T,T,T,T,T,T,T,T,T,T,T",agent2,VLLMQwen32B,égoïste,0.0,240,0.0,1.0,0,,"T,T,T,T,T,T,T,T,T,T,T,T,T,T,T,T,T,T,T,T,T,T,T,T,T,T,T,T,T,T","T,T,T,T,T,T,T,T,T,T,T,T,T,T,T,T,T,T,T,T,T,T,T,T,T,T,T,T,T,T",1.0,1.0,0.5,Qwen2.5-32B-Instruct,0,game_63
Qwen2.5-32B-Instruct__noise00__game_64,65,2026-02-12T05:28:28.902378,fr,True,30,30,agent1,VLLMQwen32B,coopératif,0.0,60,1.0,0.0,0,,"C,C,C,C,C,C,C,C,C,C,C,C,C,C,C,C,C,C,C,C,C,C,C,C,C,C,C,C,C,C","C,C,C,C,C,C,C,C,C,C,C,C,C,C,C,C,C,C,C,C,C,C,C,C,C,C,C,C,C,C",agent2,VLLMQwen32B,coopératif,0.0,60,1.0,0.0,0,,"C,C,C,C,C,C,C,C,C,C,C,C,C,C,C,C,C,C,C,C,C,C,C,C,C,C,C,C,C,C","C,C,C,C,C,C,C,C,C,C,C,C,C,C,C,C,C,C,C,C,C,C,C,C,C,C,C,C,C,C",1.0,1.0,0.5,Qwen2.5-32B-Instruct,0,game_64
Qwen2.5-32B-Instruct__noise00__game_65,66,2026-02-12T05:28:46.197343,fr,True,30,30,agent1,VLLMQwen32B,coopératif,0.0,244,0.0667,0.9333,0,,"C,C,T,T,T,T,T,T,T,T,T,T,T,T,T,T,T,T,T,T,T,T,T,T,T,T,T,T,T,T","C,C,T,T,T,T,T,T,T,T,T,T,T,T,T,T,T,T,T,T,T,T,T,T,T,T,T,T,T,T",agent2,VLLMQwen32B,égoïste,0.0,224,0.0,1.0,0,,"T,T,T,T,T,T,T,T,T,T,T,T,T,T,T,T,T,T,T,T,T,T,T,T,T,T,T,T,T,T","T,T,T,T,T,T,T,T,T,T,T,T,T,T,T,T,T,T,T,T,T,T,T,T,T,T,T,T,T,T",1.0,1.0,0.1667,Qwen2.5-32B-Instruct,0,game_65
Qwen2.5-32B-Instruct__noise00__game_67,68,2026-02-12T05:29:51.377604,fr,True,30,30,agent1,VLLMQwen32B,égoïste,0.0,240,0.0,1.0,0,,"T,T,T,T,T,T,T,T,T,T,T,T,T,T,T,T,T,T,T,T,T,T,T,T,T,T,T,T,T,T","T,T,T,T,T,T,T,T,T,T,T,T,T,T,T,T,T,T,T,T,T,T,T,T,T,T,T,T,T,T",agent2,VLLMQwen32B,égoïste,0.0,240,0.0,1.0,0,,"T,T,T,T,T,T,T,T,T,T,T,T,T,T,T,T,T,T,T,T,T,T,T,T,T,T,T,T,T,T","T,T,T,T,T,T,T,T,T,T,T,T,T,T,T,T,T,T,T,T,T,T,T,T,T,T,T,T,T,T",1.0,1.0,0.5,Qwen2.5-32B-Instruct,0,game_67
Qwen2.5-32B-Instruct__noise00__game_66,67,2026-02-12T05:30:07.284619,fr,True,30,30,agent1,VLLMQwen32B,égoïste,0.0,64,0.0,1.0,0,,"T,T,T,T,T,T,T,T,T,T,T,T,T,T,T,T,T,T,T,T,T,T,T,T,T,T,T,T,T,T","T,T,T,T,T,T,T,T,T,T,T,T,T,T,T,T,T,T,T,T,T,T,T,T,T,T,T,T,T,T",agent2,VLLMQwen32B,coopératif,0.0,284,0.7333,0.2667,0,,"C,T,T,T,T,T,T,T,T,C,C,C,C,C,C,C,C,C,C,C,C,C,C,C,C,C,C,C,C,C","C,T,T,T,T,T,T,T,T,C,C,C,C,C,C,C,C,C,C,C,C,C,C,C,C,C,C,C,C,C",1.0,0.9524,0.1667,Qwen2.5-32B-Instruct,0,game_66
Qwen2.5-32B-Instruct__noise00__game_68,69,2026-02-12T05:33:09.675446,fr,True,30,30,agent1,VLLMQwen32B,coopératif,0.0,60,1.0,0.0,0,,"C,C,C,C,C,C,C,C,C,C,C,C,C,C,C,C,C,C,C,C,C,C,C,C,C,C,C,C,C,C","C,C,C,C,C,C,C,C,C,C,C,C,C,C,C,C,C,C,C,C,C,C,C,C,C,C,C,C,C,C",agent2,VLLMQwen32B,coopératif,0.0,60,1.0,0.0,0,,"C,C,C,C,C,C,C,C,C,C,C,C,C,C,C,C,C,C,C,C,C,C,C,C,C,C,C,C,C,C","C,C,C,C,C,C,C,C,C,C,C,C,C,C,C,C,C,C,C,C,C,C,C,C,C,C,C,C,C,C",1.0,1.0,0.5,Qwen2.5-32B-Instruct,0,game_68
Qwen2.5-32B-Instruct__noise00__game_69,70,2026-02-12T05:33:53.810386,fr,True,30,30,agent1,VLLMQwen32B,coopératif,0.0,300,1.0,0.0,0,,"C,C,C,C,C,C,C,C,C,C,C,C,C,C,C,C,C,C,C,C,C,C,C,C,C,C,C,C,C,C","C,C,C,C,C,C,C,C,C,C,C,C,C,C,C,C,C,C,C,C,C,C,C,C,C,C,C,C,C,C",agent2,VLLMQwen32B,égoïste,0.0,0,0.0,1.0,0,,"T,T,T,T,T,T,T,T,T,T,T,T,T,T,T,T,T,T,T,T,T,T,T,T,T,T,T,T,T,T","T,T,T,T,T,T,T,T,T,T,T,T,T,T,T,T,T,T,T,T,T,T,T,T,T,T,T,T,T,T",1.0,1.0,0.5278,Qwen2.5-32B-Instruct,0,game_69
Qwen2.5-32B-Instruct__noise00__game_70,71,2026-02-12T05:34:57.593401,fr,True,30,30,agent1,VLLMQwen32B,égoïste,0.0,48,0.0,1.0,0,,"T,T,T,T,T,T,T,T,T,T,T,T,T,T,T,T,T,T,T,T,T,T,T,T,T,T,T,T,T,T","T,T,T,T,T,T,T,T,T,T,T,T,T,T,T,T,T,T,T,T,T,T,T,T,T,T,T,T,T,T",agent2,VLLMQwen32B,coopératif,0.0,288,0.8,0.2,0,,"C,T,T,T,T,T,T,C,C,C,C,C,C,C,C,C,C,C,C,C,C,C,C,C,C,C,C,C,C,C","C,T,T,T,T,T,T,C,C,C,C,C,C,C,C,C,C,C,C,C,C,C,C,C,C,C,C,C,C,C",1.0,0.9524,0.1667,Qwen2.5-32B-Instruct,0,game_70
Qwen2.5-32B-Instruct__noise00__game_71,72,2026-02-12T05:34:59.747070,fr,True,30,30,agent1,VLLMQwen32B,égoïste,0.0,240,0.0,1.0,0,,"T,T,T,T,T,T,T,T,T,T,T,T,T,T,T,T,T,T,T,T,T,T,T,T,T,T,T,T,T,T","T,T,T,T,T,T,T,T,T,T,T,T,T,T,T,T,T,T,T,T,T,T,T,T,T,T,T,T,T,T",agent2,VLLMQwen32B,égoïste,0.0,240,0.0,1.0,0,,"T,T,T,T,T,T,T,T,T,T,T,T,T,T,T,T,T,T,T,T,T,T,T,T,T,T,T,T,T,T","T,T,T,T,T,T,T,T,T,T,T,T,T,T,T,T,T,T,T,T,T,T,T,T,T,T,T,T,T,T",1.0,1.0,0.5278,Qwen2.5-32B-Instruct,0,game_71
Qwen2.5-32B-Instruct__noise00__game_72,73,2026-02-12T05:37:56.335049,fr,True,30,30,agent1,VLLMQwen32B,coopératif,0.0,60,1.0,0.0,0,,"C,C,C,C,C,C,C,C,C,C,C,C,C,C,C,C,C,C,C,C,C,C,C,C,C,C,C,C,C,C","C,C,C,C,C,C,C,C,C,C,C,C,C,C,C,C,C,C,C,C,C,C,C,C,C,C,C,C,C,C",agent2,VLLMQwen32B,coopératif,0.0,60,1.0,0.0,0,,"C,C,C,C,C,C,C,C,C,C,C,C,C,C,C,C,C,C,C,C,C,C,C,C,C,C,C,C,C,C","C,C,C,C,C,C,C,C,C,C,C,C,C,C,C,C,C,C,C,C,C,C,C,C,C,C,C,C,C,C",1.0,1.0,0.5,Qwen2.5-32B-Instruct,0,game_72
Qwen2.5-32B-Instruct__noise00__game_73,74,2026-02-12T05:39:11.336072,fr,True,30,30,agent1,VLLMQwen32B,coopératif,0.0,300,1.0,0.0,0,,"C,C,C,C,C,C,C,C,C,C,C,C,C,C,C,C,C,C,C,C,C,C,C,C,C,C,C,C,C,C","C,C,C,C,C,C,C,C,C,C,C,C,C,C,C,C,C,C,C,C,C,C,C,C,C,C,C,C,C,C",agent2,VLLMQwen32B,égoïste,0.0,0,0.0,1.0,0,,"T,T,T,T,T,T,T,T,T,T,T,T,T,T,T,T,T,T,T,T,T,T,T,T,T,T,T,T,T,T","T,T,T,T,T,T,T,T,T,T,T,T,T,T,T,T,T,T,T,T,T,T,T,T,T,T,T,T,T,T",1.0,1.0,0.5,Qwen2.5-32B-Instruct,0,game_73
Qwen2.5-32B-Instruct__noise00__game_75,76,2026-02-12T05:39:37.000942,fr,True,30,30,agent1,VLLMQwen32B,égoïste,0.0,240,0.0,1.0,0,,"T,T,T,T,T,T,T,T,T,T,T,T,T,T,T,T,T,T,T,T,T,T,T,T,T,T,T,T,T,T","T,T,T,T,T,T,T,T,T,T,T,T,T,T,T,T,T,T,T,T,T,T,T,T,T,T,T,T,T,T",agent2,VLLMQwen32B,égoïste,0.0,240,0.0,1.0,0,,"T,T,T,T,T,T,T,T,T,T,T,T,T,T,T,T,T,T,T,T,T,T,T,T,T,T,T,T,T,T","T,T,T,T,T,T,T,T,T,T,T,T,T,T,T,T,T,T,T,T,T,T,T,T,T,T,T,T,T,T",1.0,1.0,0.4444,Qwen2.5-32B-Instruct,0,game_75
Qwen2.5-32B-Instruct__noise00__game_74,75,2026-02-12T05:39:54.469315,fr,True,30,30,agent1,VLLMQwen32B,égoïste,0.0,208,0.0,1.0,0,,"T,T,T,T,T,T,T,T,T,T,T,T,T,T,T,T,T,T,T,T,T,T,T,T,T,T,T,T,T,T","T,T,T,T,T,T,T,T,T,T,T,T,T,T,T,T,T,T,T,T,T,T,T,T,T,T,T,T,T,T",agent2,VLLMQwen32B,coopératif,0.0,248,0.1333,0.8667,0,,"C,T,T,T,T,T,T,T,T,T,T,T,T,T,T,T,T,T,T,T,T,T,T,T,C,C,T,T,C,T","C,T,T,T,T,T,T,T,T,T,T,T,T,T,T,T,T,T,T,T,T,T,T,T,C,C,T,T,C,T",1.0,1.0,0.1667,Qwen2.5-32B-Instruct,0,game_74
Qwen2.5-32B-Instruct__noise00__game_76,77,2026-02-12T05:43:09.830637,fr,True,30,30,agent1,VLLMQwen32B,coopératif,0.0,60,1.0,0.0,0,,"C,C,C,C,C,C,C,C,C,C,C,C,C,C,C,C,C,C,C,C,C,C,C,C,C,C,C,C,C,C","C,C,C,C,C,C,C,C,C,C,C,C,C,C,C,C,C,C,C,C,C,C,C,C,C,C,C,C,C,C",agent2,VLLMQwen32B,coopératif,0.0,60,1.0,0.0,0,,"C,C,C,C,C,C,C,C,C,C,C,C,C,C,C,C,C,C,C,C,C,C,C,C,C,C,C,C,C,C","C,C,C,C,C,C,C,C,C,C,C,C,C,C,C,C,C,C,C,C,C,C,C,C,C,C,C,C,C,C",1.0,1.0,0.5,Qwen2.5-32B-Instruct,0,game_76
Qwen2.5-32B-Instruct__noise00__game_77,78,2026-02-12T05:43:48.661512,fr,True,30,30,agent1,VLLMQwen32B,coopératif,0.0,244,0.0667,0.9333,0,,"C,C,T,T,T,T,T,T,T,T,T,T,T,T,T,T,T,T,T,T,T,T,T,T,T,T,T,T,T,T","C,C,T,T,T,T,T,T,T,T,T,T,T,T,T,T,T,T,T,T,T,T,T,T,T,T,T,T,T,T",agent2,VLLMQwen32B,égoïste,0.0,224,0.0,1.0,0,,"T,T,T,T,T,T,T,T,T,T,T,T,T,T,T,T,T,T,T,T,T,T,T,T,T,T,T,T,T,T","T,T,T,T,T,T,T,T,T,T,T,T,T,T,T,T,T,T,T,T,T,T,T,T,T,T,T,T,T,T",1.0,1.0,0.1944,Qwen2.5-32B-Instruct,0,game_77
Qwen2.5-32B-Instruct__noise00__game_78,79,2026-02-12T05:44:25.373231,fr,True,30,30,agent1,VLLMQwen32B,égoïste,0.0,232,0.0,1.0,0,,"T,T,T,T,T,T,T,T,T,T,T,T,T,T,T,T,T,T,T,T,T,T,T,T,T,T,T,T,T,T","T,T,T,T,T,T,T,T,T,T,T,T,T,T,T,T,T,T,T,T,T,T,T,T,T,T,T,T,T,T",agent2,VLLMQwen32B,coopératif,0.0,242,0.0333,0.9667,0,,"C,T,T,T,T,T,T,T,T,T,T,T,T,T,T,T,T,T,T,T,T,T,T,T,T,T,T,T,T,T","C,T,T,T,T,T,T,T,T,T,T,T,T,T,T,T,T,T,T,T,T,T,T,T,T,T,T,T,T,T",1.0,1.0,0.2222,Qwen2.5-32B-Instruct,0,game_78
Qwen2.5-32B-Instruct__noise00__game_79,80,2026-02-12T05:44:31.556155,fr,True,30,30,agent1,VLLMQwen32B,égoïste,0.0,240,0.0,1.0,0,,"T,T,T,T,T,T,T,T,T,T,T,T,T,T,T,T,T,T,T,T,T,T,T,T,T,T,T,T,T,T","T,T,T,T,T,T,T,T,T,T,T,T,T,T,T,T,T,T,T,T,T,T,T,T,T,T,T,T,T,T",agent2,VLLMQwen32B,égoïste,0.0,240,0.0,1.0,0,,"T,T,T,T,T,T,T,T,T,T,T,T,T,T,T,T,T,T,T,T,T,T,T,T,T,T,T,T,T,T","T,T,T,T,T,T,T,T,T,T,T,T,T,T,T,T,T,T,T,T,T,T,T,T,T,T,T,T,T,T",1.0,1.0,0.5,Qwen2.5-32B-Instruct,0,game_79
Qwen2.5-32B-Instruct__noise00__game_80,81,2026-02-12T05:47:40.948060,ar,True,30,30,agent1,VLLMQwen32B,متعاون,0.0,60,1.0,0.0,0,,"ت,ت,ت,ت,ت,ت,ت,ت,ت,ت,ت,ت,ت,ت,ت,ت,ت,ت,ت,ت,ت,ت,ت,ت,ت,ت,ت,ت,ت,ت","ت,ت,ت,ت,ت,ت,ت,ت,ت,ت,ت,ت,ت,ت,ت,ت,ت,ت,ت,ت,ت,ت,ت,ت,ت,ت,ت,ت,ت,ت",agent2,VLLMQwen32B,متعاون,0.0,60,1.0,0.0,0,,"ت,ت,ت,ت,ت,ت,ت,ت,ت,ت,ت,ت,ت,ت,ت,ت,ت,ت,ت,ت,ت,ت,ت,ت,ت,ت,ت,ت,ت,ت","ت,ت,ت,ت,ت,ت,ت,ت,ت,ت,ت,ت,ت,ت,ت,ت,ت,ت,ت,ت,ت,ت,ت,ت,ت,ت,ت,ت,ت,ت",1.0,1.0,0.5833,Qwen2.5-32B-Instruct,0,game_80
Qwen2.5-32B-Instruct__noise00__game_83,84,2026-02-12T05:49:19.066773,ar,True,30,30,agent1,VLLMQwen32B,أناني,0.0,240,0.0,1.0,0,,"خ,خ,خ,خ,خ,خ,خ,خ,خ,خ,خ,خ,خ,خ,خ,خ,خ,خ,خ,خ,خ,خ,خ,خ,خ,خ,خ,خ,خ,خ","خ,خ,خ,خ,خ,خ,خ,خ,خ,خ,خ,خ,خ,خ,خ,خ,خ,خ,خ,خ,خ,خ,خ,خ,خ,خ,خ,خ,خ,خ",agent2,VLLMQwen32B,أناني,0.0,240,0.0,1.0,0,,"خ,خ,خ,خ,خ,خ,خ,خ,خ,خ,خ,خ,خ,خ,خ,خ,خ,خ,خ,خ,خ,خ,خ,خ,خ,خ,خ,خ,خ,خ","خ,خ,خ,خ,خ,خ,خ,خ,خ,خ,خ,خ,خ,خ,خ,خ,خ,خ,خ,خ,خ,خ,خ,خ,خ,خ,خ,خ,خ,خ",1.0,1.0,0.5556,Qwen2.5-32B-Instruct,0,game_83
Qwen2.5-32B-Instruct__noise00__game_81,82,2026-02-12T05:49:48.037568,ar,True,30,30,agent1,VLLMQwen32B,متعاون,0.0,244,0.0667,0.9333,0,,"ت,ت,خ,خ,خ,خ,خ,خ,خ,خ,خ,خ,خ,خ,خ,خ,خ,خ,خ,خ,خ,خ,خ,خ,خ,خ,خ,خ,خ,خ","ت,ت,خ,خ,خ,خ,خ,خ,خ,خ,خ,خ,خ,خ,خ,خ,خ,خ,خ,خ,خ,خ,خ,خ,خ,خ,خ,خ,خ,خ",agent2,VLLMQwen32B,أناني,0.0,224,0.0,1.0,0,,"خ,خ,خ,خ,خ,خ,خ,خ,خ,خ,خ,خ,خ,خ,خ,خ,خ,خ,خ,خ,خ,خ,خ,خ,خ,خ,خ,خ,خ,خ","خ,خ,خ,خ,خ,خ,خ,خ,خ,خ,خ,خ,خ,خ,خ,خ,خ,خ,خ,خ,خ,خ,خ,خ,خ,خ,خ,خ,خ,خ",1.0,1.0,0.1667,Qwen2.5-32B-Instruct,0,game_81
Qwen2.5-32B-Instruct__noise00__game_82,83,2026-02-12T05:50:08.713855,ar,True,30,30,agent1,VLLMQwen32B,أناني,0.0,232,0.0,1.0,0,,"خ,خ,خ,خ,خ,خ,خ,خ,خ,خ,خ,خ,خ,خ,خ,خ,خ,خ,خ,خ,خ,خ,خ,خ,خ,خ,خ,خ,خ,خ","خ,خ,خ,خ,خ,خ,خ,خ,خ,خ,خ,خ,خ,خ,خ,خ,خ,خ,خ,خ,خ,خ,خ,خ,خ,خ,خ,خ,خ,خ",agent2,VLLMQwen32B,متعاون,0.0,242,0.0333,0.9667,0,,"ت,خ,خ,خ,خ,خ,خ,خ,خ,خ,خ,خ,خ,خ,خ,خ,خ,خ,خ,خ,خ,خ,خ,خ,خ,خ,خ,خ,خ,خ","ت,خ,خ,خ,خ,خ,خ,خ,خ,خ,خ,خ,خ,خ,خ,خ,خ,خ,خ,خ,خ,خ,خ,خ,خ,خ,خ,خ,خ,خ",1.0,1.0,0.1667,Qwen2.5-32B-Instruct,0,game_82
Qwen2.5-32B-Instruct__noise00__game_84,85,2026-02-12T05:52:10.127597,ar,True,30,30,agent1,VLLMQwen32B,متعاون,0.0,60,1.0,0.0,0,,"ت,ت,ت,ت,ت,ت,ت,ت,ت,ت,ت,ت,ت,ت,ت,ت,ت,ت,ت,ت,ت,ت,ت,ت,ت,ت,ت,ت,ت,ت","ت,ت,ت,ت,ت,ت,ت,ت,ت,ت,ت,ت,ت,ت,ت,ت,ت,ت,ت,ت,ت,ت,ت,ت,ت,ت,ت,ت,ت,ت",agent2,VLLMQwen32B,متعاون,0.0,60,1.0,0.0,0,,"ت,ت,ت,ت,ت,ت,ت,ت,ت,ت,ت,ت,ت,ت,ت,ت,ت,ت,ت,ت,ت,ت,ت,ت,ت,ت,ت,ت,ت,ت","ت,ت,ت,ت,ت,ت,ت,ت,ت,ت,ت,ت,ت,ت,ت,ت,ت,ت,ت,ت,ت,ت,ت,ت,ت,ت,ت,ت,ت,ت",1.0,1.0,0.6667,Qwen2.5-32B-Instruct,0,game_84
Qwen2.5-32B-Instruct__noise00__game_85,86,2026-02-12T05:54:12.695138,ar,True,30,30,agent1,VLLMQwen32B,متعاون,0.0,268,0.4667,0.5333,0,,"ت,ت,خ,خ,خ,خ,خ,خ,خ,خ,خ,خ,خ,خ,خ,خ,خ,خ,ت,ت,ت,ت,ت,ت,ت,ت,ت,ت,ت,ت","ت,ت,خ,خ,خ,خ,خ,خ,خ,خ,خ,خ,خ,خ,خ,خ,خ,خ,ت,ت,ت,ت,ت,ت,ت,ت,ت,ت,ت,ت",agent2,VLLMQwen32B,أناني,0.0,128,0.0,1.0,0,,"خ,خ,خ,خ,خ,خ,خ,خ,خ,خ,خ,خ,خ,خ,خ,خ,خ,خ,خ,خ,خ,خ,خ,خ,خ,خ,خ,خ,خ,خ","خ,خ,خ,خ,خ,خ,خ,خ,خ,خ,خ,خ,خ,خ,خ,خ,خ,خ,خ,خ,خ,خ,خ,خ,خ,خ,خ,خ,خ,خ",1.0,1.0,0.1667,Qwen2.5-32B-Instruct,0,game_85
Qwen2.5-32B-Instruct__noise00__game_86,87,2026-02-12T05:54:41.676302,ar,True,30,30,agent1,VLLMQwen32B,أناني,0.0,48,0.0,1.0,0,,"خ,خ,خ,خ,خ,خ,خ,خ,خ,خ,خ,خ,خ,خ,خ,خ,خ,خ,خ,خ,خ,خ,خ,خ,خ,خ,خ,خ,خ,خ","خ,خ,خ,خ,خ,خ,خ,خ,خ,خ,خ,خ,خ,خ,خ,خ,خ,خ,خ,خ,خ,خ,خ,خ,خ,خ,خ,خ,خ,خ",agent2,VLLMQwen32B,متعاون,0.0,288,0.8,0.2,0,,"ت,ت,خ,خ,خ,خ,خ,خ,ت,ت,ت,ت,ت,ت,ت,ت,ت,ت,ت,ت,ت,ت,ت,ت,ت,ت,ت,ت,ت,ت","ت,ت,خ,خ,خ,خ,خ,خ,ت,ت,ت,ت,ت,ت,ت,ت,ت,ت,ت,ت,ت,ت,ت,ت,ت,ت,ت,ت,ت,ت",1.0,1.0,0.1667,Qwen2.5-32B-Instruct,0,game_86
Qwen2.5-32B-Instruct__noise00__game_87,88,2026-02-12T05:55:26.249912,ar,True,30,30,agent1,VLLMQwen32B,أناني,0.0,240,0.0,1.0,0,,"خ,خ,خ,خ,خ,خ,خ,خ,خ,خ,خ,خ,خ,خ,خ,خ,خ,خ,خ,خ,خ,خ,خ,خ,خ,خ,خ,خ,خ,خ","خ,خ,خ,خ,خ,خ,خ,خ,خ,خ,خ,خ,خ,خ,خ,خ,خ,خ,خ,خ,خ,خ,خ,خ,خ,خ,خ,خ,خ,خ",agent2,VLLMQwen32B,أناني,0.0,240,0.0,1.0,0,,"خ,خ,خ,خ,خ,خ,خ,خ,خ,خ,خ,خ,خ,خ,خ,خ,خ,خ,خ,خ,خ,خ,خ,خ,خ,خ,خ,خ,خ,خ","خ,خ,خ,خ,خ,خ,خ,خ,خ,خ,خ,خ,خ,خ,خ,خ,خ,خ,خ,خ,خ,خ,خ,خ,خ,خ,خ,خ,خ,خ",1.0,1.0,0.5556,Qwen2.5-32B-Instruct,0,game_87
Qwen2.5-32B-Instruct__noise00__game_88,89,2026-02-12T05:56:31.386814,ar,True,30,30,agent1,VLLMQwen32B,متعاون,0.0,60,1.0,0.0,0,,"ت,ت,ت,ت,ت,ت,ت,ت,ت,ت,ت,ت,ت,ت,ت,ت,ت,ت,ت,ت,ت,ت,ت,ت,ت,ت,ت,ت,ت,ت","ت,ت,ت,ت,ت,ت,ت,ت,ت,ت,ت,ت,ت,ت,ت,ت,ت,ت,ت,ت,ت,ت,ت,ت,ت,ت,ت,ت,ت,ت",agent2,VLLMQwen32B,متعاون,0.0,60,1.0,0.0,0,,"ت,ت,ت,ت,ت,ت,ت,ت,ت,ت,ت,ت,ت,ت,ت,ت,ت,ت,ت,ت,ت,ت,ت,ت,ت,ت,ت,ت,ت,ت","ت,ت,ت,ت,ت,ت,ت,ت,ت,ت,ت,ت,ت,ت,ت,ت,ت,ت,ت,ت,ت,ت,ت,ت,ت,ت,ت,ت,ت,ت",1.0,1.0,0.6389,Qwen2.5-32B-Instruct,0,game_88
Qwen2.5-32B-Instruct__noise00__game_89,90,2026-02-12T05:59:43.652852,ar,True,30,30,agent1,VLLMQwen32B,متعاون,0.0,254,0.2333,0.7667,0,,"ت,ت,خ,خ,خ,خ,خ,خ,خ,خ,خ,خ,خ,خ,خ,خ,خ,خ,خ,خ,خ,ت,خ,خ,خ,خ,ت,ت,ت,ت","ت,ت,خ,خ,خ,خ,خ,خ,خ,خ,خ,خ,خ,خ,خ,خ,خ,خ,خ,خ,خ,ت,خ,خ,خ,خ,ت,ت,ت,ت",agent2,VLLMQwen32B,أناني,0.0,184,0.0,1.0,0,,"خ,خ,خ,خ,خ,خ,خ,خ,خ,خ,خ,خ,خ,خ,خ,خ,خ,خ,خ,خ,خ,خ,خ,خ,خ,خ,خ,خ,خ,خ","خ,خ,خ,خ,خ,خ,خ,خ,خ,خ,خ,خ,خ,خ,خ,خ,خ,خ,خ,خ,خ,خ,خ,خ,خ,خ,خ,خ,خ,خ",1.0,1.0,0.1667,Qwen2.5-32B-Instruct,0,game_89
Qwen2.5-32B-Instruct__noise00__game_90,91,2026-02-12T05:59:52.771436,ar,True,30,30,agent1,VLLMQwen32B,أناني,0.0,232,0.0,1.0,0,,"خ,خ,خ,خ,خ,خ,خ,خ,خ,خ,خ,خ,خ,خ,خ,خ,خ,خ,خ,خ,خ,خ,خ,خ,خ,خ,خ,خ,خ,خ","خ,خ,خ,خ,خ,خ,خ,خ,خ,خ,خ,خ,خ,خ,خ,خ,خ,خ,خ,خ,خ,خ,خ,خ,خ,خ,خ,خ,خ,خ",agent2,VLLMQwen32B,متعاون,0.0,242,0.0333,0.9667,0,,"ت,خ,خ,خ,خ,خ,خ,خ,خ,خ,خ,خ,خ,خ,خ,خ,خ,خ,خ,خ,خ,خ,خ,خ,خ,خ,خ,خ,خ,خ","ت,خ,خ,خ,خ,خ,خ,خ,خ,خ,خ,خ,خ,خ,خ,خ,خ,خ,خ,خ,خ,خ,خ,خ,خ,خ,خ,خ,خ,خ",1.0,1.0,0.1667,Qwen2.5-32B-Instruct,0,game_90
Qwen2.5-32B-Instruct__noise00__game_91,92,2026-02-12T06:00:01.421451,ar,True,30,30,agent1,VLLMQwen32B,أناني,0.0,240,0.0,1.0,0,,"خ,خ,خ,خ,خ,خ,خ,خ,خ,خ,خ,خ,خ,خ,خ,خ,خ,خ,خ,خ,خ,خ,خ,خ,خ,خ,خ,خ,خ,خ","خ,خ,خ,خ,خ,خ,خ,خ,خ,خ,خ,خ,خ,خ,خ,خ,خ,خ,خ,خ,خ,خ,خ,خ,خ,خ,خ,خ,خ,خ",agent2,VLLMQwen32B,أناني,0.0,240,0.0,1.0,0,,"خ,خ,خ,خ,خ,خ,خ,خ,خ,خ,خ,خ,خ,خ,خ,خ,خ,خ,خ,خ,خ,خ,خ,خ,خ,خ,خ,خ,خ,خ","خ,خ,خ,خ,خ,خ,خ,خ,خ,خ,خ,خ,خ,خ,خ,خ,خ,خ,خ,خ,خ,خ,خ,خ,خ,خ,خ,خ,خ,خ",1.0,1.0,0.5833,Qwen2.5-32B-Instruct,0,game_91
Qwen2.5-32B-Instruct__noise00__game_92,93,2026-02-12T06:01:14.250866,ar,True,30,30,agent1,VLLMQwen32B,متعاون,0.0,60,1.0,0.0,0,,"ت,ت,ت,ت,ت,ت,ت,ت,ت,ت,ت,ت,ت,ت,ت,ت,ت,ت,ت,ت,ت,ت,ت,ت,ت,ت,ت,ت,ت,ت","ت,ت,ت,ت,ت,ت,ت,ت,ت,ت,ت,ت,ت,ت,ت,ت,ت,ت,ت,ت,ت,ت,ت,ت,ت,ت,ت,ت,ت,ت",agent2,VLLMQwen32B,متعاون,0.0,60,1.0,0.0,0,,"ت,ت,ت,ت,ت,ت,ت,ت,ت,ت,ت,ت,ت,ت,ت,ت,ت,ت,ت,ت,ت,ت,ت,ت,ت,ت,ت,ت,ت,ت","ت,ت,ت,ت,ت,ت,ت,ت,ت,ت,ت,ت,ت,ت,ت,ت,ت,ت,ت,ت,ت,ت,ت,ت,ت,ت,ت,ت,ت,ت",1.0,1.0,0.5833,Qwen2.5-32B-Instruct,0,game_92
Qwen2.5-32B-Instruct__noise00__game_93,94,2026-02-12T06:04:09.347558,ar,True,30,30,agent1,VLLMQwen32B,متعاون,0.0,300,1.0,0.0,0,,"ت,ت,ت,ت,ت,ت,ت,ت,ت,ت,ت,ت,ت,ت,ت,ت,ت,ت,ت,ت,ت,ت,ت,ت,ت,ت,ت,ت,ت,ت","ت,ت,ت,ت,ت,ت,ت,ت,ت,ت,ت,ت,ت,ت,ت,ت,ت,ت,ت,ت,ت,ت,ت,ت,ت,ت,ت,ت,ت,ت",agent2,VLLMQwen32B,أناني,0.0,0,0.0,1.0,0,,"خ,خ,خ,خ,خ,خ,خ,خ,خ,خ,خ,خ,خ,خ,خ,خ,خ,خ,خ,خ,خ,خ,خ,خ,خ,خ,خ,خ,خ,خ","خ,خ,خ,خ,خ,خ,خ,خ,خ,خ,خ,خ,خ,خ,خ,خ,خ,خ,خ,خ,خ,خ,خ,خ,خ,خ,خ,خ,خ,خ",1.0,1.0,0.3889,Qwen2.5-32B-Instruct,0,game_93
Qwen2.5-32B-Instruct__noise00__game_94,95,2026-02-12T06:04:46.058842,ar,True,30,30,agent1,VLLMQwen32B,أناني,0.0,48,0.0,1.0,0,,"خ,خ,خ,خ,خ,خ,خ,خ,خ,خ,خ,خ,خ,خ,خ,خ,خ,خ,خ,خ,خ,خ,خ,خ,خ,خ,خ,خ,خ,خ","خ,خ,خ,خ,خ,خ,خ,خ,خ,خ,خ,خ,خ,خ,خ,خ,خ,خ,خ,خ,خ,خ,خ,خ,خ,خ,خ,خ,خ,خ",agent2,VLLMQwen32B,متعاون,0.0,288,0.8,0.2,0,,"ت,خ,خ,خ,خ,خ,خ,ت,ت,ت,ت,ت,ت,ت,ت,ت,ت,ت,ت,ت,ت,ت,ت,ت,ت,ت,ت,ت,ت,ت","ت,خ,خ,خ,خ,خ,خ,ت,ت,ت,ت,ت,ت,ت,ت,ت,ت,ت,ت,ت,ت,ت,ت,ت,ت,ت,ت,ت,ت,ت",1.0,1.0,0.1667,Qwen2.5-32B-Instruct,0,game_94
Qwen2.5-32B-Instruct__noise00__game_95,96,2026-02-12T06:04:56.302304,ar,True,30,30,agent1,VLLMQwen32B,أناني,0.0,240,0.0,1.0,0,,"خ,خ,خ,خ,خ,خ,خ,خ,خ,خ,خ,خ,خ,خ,خ,خ,خ,خ,خ,خ,خ,خ,خ,خ,خ,خ,خ,خ,خ,خ","خ,خ,خ,خ,خ,خ,خ,خ,خ,خ,خ,خ,خ,خ,خ,خ,خ,خ,خ,خ,خ,خ,خ,خ,خ,خ,خ,خ,خ,خ",agent2,VLLMQwen32B,أناني,0.0,240,0.0,1.0,0,,"خ,خ,خ,خ,خ,خ,خ,خ,خ,خ,خ,خ,خ,خ,خ,خ,خ,خ,خ,خ,خ,خ,خ,خ,خ,خ,خ,خ,خ,خ","خ,خ,خ,خ,خ,خ,خ,خ,خ,خ,خ,خ,خ,خ,خ,خ,خ,خ,خ,خ,خ,خ,خ,خ,خ,خ,خ,خ,خ,خ",1.0,1.0,0.5556,Qwen2.5-32B-Instruct,0,game_95
Qwen2.5-32B-Instruct__noise00__game_96,97,2026-02-12T06:06:09.212348,ar,True,30,30,agent1,VLLMQwen32B,متعاون,0.0,60,1.0,0.0,0,,"ت,ت,ت,ت,ت,ت,ت,ت,ت,ت,ت,ت,ت,ت,ت,ت,ت,ت,ت,ت,ت,ت,ت,ت,ت,ت,ت,ت,ت,ت","ت,ت,ت,ت,ت,ت,ت,ت,ت,ت,ت,ت,ت,ت,ت,ت,ت,ت,ت,ت,ت,ت,ت,ت,ت,ت,ت,ت,ت,ت",agent2,VLLMQwen32B,متعاون,0.0,60,1.0,0.0,0,,"ت,ت,ت,ت,ت,ت,ت,ت,ت,ت,ت,ت,ت,ت,ت,ت,ت,ت,ت,ت,ت,ت,ت,ت,ت,ت,ت,ت,ت,ت","ت,ت,ت,ت,ت,ت,ت,ت,ت,ت,ت,ت,ت,ت,ت,ت,ت,ت,ت,ت,ت,ت,ت,ت,ت,ت,ت,ت,ت,ت",1.0,1.0,0.6111,Qwen2.5-32B-Instruct,0,game_96
Qwen2.5-32B-Instruct__noise00__game_97,98,2026-02-12T06:09:11.846227,ar,True,30,30,agent1,VLLMQwen32B,متعاون,0.0,242,0.0333,0.9667,0,,"ت,خ,خ,خ,خ,خ,خ,خ,خ,خ,خ,خ,خ,خ,خ,خ,خ,خ,خ,خ,خ,خ,خ,خ,خ,خ,خ,خ,خ,خ","ت,خ,خ,خ,خ,خ,خ,خ,خ,خ,خ,خ,خ,خ,خ,خ,خ,خ,خ,خ,خ,خ,خ,خ,خ,خ,خ,خ,خ,خ",agent2,VLLMQwen32B,أناني,0.0,232,0.0,1.0,0,,"خ,خ,خ,خ,خ,خ,خ,خ,خ,خ,خ,خ,خ,خ,خ,خ,خ,خ,خ,خ,خ,خ,خ,خ,خ,خ,خ,خ,خ,خ","خ,خ,خ,خ,خ,خ,خ,خ,خ,خ,خ,خ,خ,خ,خ,خ,خ,خ,خ,خ,خ,خ,خ,خ,خ,خ,خ,خ,خ,خ",1.0,1.0,0.1667,Qwen2.5-32B-Instruct,0,game_97
Qwen2.5-32B-Instruct__noise00__game_98,99,2026-02-12T06:09:35.128244,ar,True,30,30,agent1,VLLMQwen32B,أناني,0.0,0,0.0,1.0,0,,"خ,خ,خ,خ,خ,خ,خ,خ,خ,خ,خ,خ,خ,خ,خ,خ,خ,خ,خ,خ,خ,خ,خ,خ,خ,خ,خ,خ,خ,خ","خ,خ,خ,خ,خ,خ,خ,خ,خ,خ,خ,خ,خ,خ,خ,خ,خ,خ,خ,خ,خ,خ,خ,خ,خ,خ,خ,خ,خ,خ",agent2,VLLMQwen32B,متعاون,0.0,300,1.0,0.0,0,,"ت,ت,ت,ت,ت,ت,ت,ت,ت,ت,ت,ت,ت,ت,ت,ت,ت,ت,ت,ت,ت,ت,ت,ت,ت,ت,ت,ت,ت,ت","ت,ت,ت,ت,ت,ت,ت,ت,ت,ت,ت,ت,ت,ت,ت,ت,ت,ت,ت,ت,ت,ت,ت,ت,ت,ت,ت,ت,ت,ت",1.0,1.0,0.5,Qwen2.5-32B-Instruct,0,game_98
Qwen2.5-32B-Instruct__noise00__game_99,100,2026-02-12T06:09:43.339931,ar,True,30,30,agent1,VLLMQwen32B,أناني,0.0,240,0.0,1.0,0,,"خ,خ,خ,خ,خ,خ,خ,خ,خ,خ,خ,خ,خ,خ,خ,خ,خ,خ,خ,خ,خ,خ,خ,خ,خ,خ,خ,خ,خ,خ","خ,خ,خ,خ,خ,خ,خ,خ,خ,خ,خ,خ,خ,خ,خ,خ,خ,خ,خ,خ,خ,خ,خ,خ,خ,خ,خ,خ,خ,خ",agent2,VLLMQwen32B,أناني,0.0,240,0.0,1.0,0,,"خ,خ,خ,خ,خ,خ,خ,خ,خ,خ,خ,خ,خ,خ,خ,خ,خ,خ,خ,خ,خ,خ,خ,خ,خ,خ,خ,خ,خ,خ","خ,خ,خ,خ,خ,خ,خ,خ,خ,خ,خ,خ,خ,خ,خ,خ,خ,خ,خ,خ,خ,خ,خ,خ,خ,خ,خ,خ,خ,خ",1.0,1.0,0.5556,Qwen2.5-32B-Instruct,0,game_99
Qwen2.5-32B-Instruct__noise00__game_100,101,2026-02-12T06:11:10.182385,ar,True,30,30,agent1,VLLMQwen32B,متعاون,0.0,60,1.0,0.0,0,,"ت,ت,ت,ت,ت,ت,ت,ت,ت,ت,ت,ت,ت,ت,ت,ت,ت,ت,ت,ت,ت,ت,ت,ت,ت,ت,ت,ت,ت,ت","ت,ت,ت,ت,ت,ت,ت,ت,ت,ت,ت,ت,ت,ت,ت,ت,ت,ت,ت,ت,ت,ت,ت,ت,ت,ت,ت,ت,ت,ت",agent2,VLLMQwen32B,متعاون,0.0,60,1.0,0.0,0,,"ت,ت,ت,ت,ت,ت,ت,ت,ت,ت,ت,ت,ت,ت,ت,ت,ت,ت,ت,ت,ت,ت,ت,ت,ت,ت,ت,ت,ت,ت","ت,ت,ت,ت,ت,ت,ت,ت,ت,ت,ت,ت,ت,ت,ت,ت,ت,ت,ت,ت,ت,ت,ت,ت,ت,ت,ت,ت,ت,ت",1.0,1.0,0.6111,Qwen2.5-32B-Instruct,0,game_100
Qwen2.5-32B-Instruct__noise00__game_102,103,2026-02-12T06:13:59.645476,ar,True,30,30,agent1,VLLMQwen32B,أناني,0.0,192,0.0,1.0,0,,"خ,خ,خ,خ,خ,خ,خ,خ,خ,خ,خ,خ,خ,خ,خ,خ,خ,خ,خ,خ,خ,خ,خ,خ,خ,خ,خ,خ,خ,خ","خ,خ,خ,خ,خ,خ,خ,خ,خ,خ,خ,خ,خ,خ,خ,خ,خ,خ,خ,خ,خ,خ,خ,خ,خ,خ,خ,خ,خ,خ",agent2,VLLMQwen32B,متعاون,0.0,252,0.2,0.8,0,,"ت,خ,خ,خ,خ,خ,خ,خ,خ,خ,خ,خ,خ,خ,خ,خ,خ,خ,خ,خ,خ,خ,خ,خ,خ,ت,ت,ت,ت,ت","ت,خ,خ,خ,خ,خ,خ,خ,خ,خ,خ,خ,خ,خ,خ,خ,خ,خ,خ,خ,خ,خ,خ,خ,خ,ت,ت,ت,ت,ت",1.0,1.0,0.1667,Qwen2.5-32B-Instruct,0,game_102
Qwen2.5-32B-Instruct__noise00__game_101,102,2026-02-12T06:14:27.034918,ar,True,30,30,agent1,VLLMQwen32B,متعاون,0.0,244,0.0667,0.9333,0,,"ت,ت,خ,خ,خ,خ,خ,خ,خ,خ,خ,خ,خ,خ,خ,خ,خ,خ,خ,خ,خ,خ,خ,خ,خ,خ,خ,خ,خ,خ","ت,ت,خ,خ,خ,خ,خ,خ,خ,خ,خ,خ,خ,خ,خ,خ,خ,خ,خ,خ,خ,خ,خ,خ,خ,خ,خ,خ,خ,خ",agent2,VLLMQwen32B,أناني,0.0,224,0.0,1.0,0,,"خ,خ,خ,خ,خ,خ,خ,خ,خ,خ,خ,خ,خ,خ,خ,خ,خ,خ,خ,خ,خ,خ,خ,خ,خ,خ,خ,خ,خ,خ","خ,خ,خ,خ,خ,خ,خ,خ,خ,خ,خ,خ,خ,خ,خ,خ,خ,خ,خ,خ,خ,خ,خ,خ,خ,خ,خ,خ,خ,خ",1.0,1.0,0.1667,Qwen2.5-32B-Instruct,0,game_101
Qwen2.5-32B-Instruct__noise00__game_103,104,2026-02-12T06:14:49.924619,ar,True,30,30,agent1,VLLMQwen32B,أناني,0.0,240,0.0,1.0,0,,"خ,خ,خ,خ,خ,خ,خ,خ,خ,خ,خ,خ,خ,خ,خ,خ,خ,خ,خ,خ,خ,خ,خ,خ,خ,خ,خ,خ,خ,خ","خ,خ,خ,خ,خ,خ,خ,خ,خ,خ,خ,خ,خ,خ,خ,خ,خ,خ,خ,خ,خ,خ,خ,خ,خ,خ,خ,خ,خ,خ",agent2,VLLMQwen32B,أناني,0.0,240,0.0,1.0,0,,"خ,خ,خ,خ,خ,خ,خ,خ,خ,خ,خ,خ,خ,خ,خ,خ,خ,خ,خ,خ,خ,خ,خ,خ,خ,خ,خ,خ,خ,خ","خ,خ,خ,خ,خ,خ,خ,خ,خ,خ,خ,خ,خ,خ,خ,خ,خ,خ,خ,خ,خ,خ,خ,خ,خ,خ,خ,خ,خ,خ",1.0,1.0,0.5556,Qwen2.5-32B-Instruct,0,game_103
Qwen2.5-32B-Instruct__noise00__game_104,105,2026-02-12T06:16:39.450101,ar,True,30,30,agent1,VLLMQwen32B,متعاون,0.0,60,1.0,0.0,0,,"ت,ت,ت,ت,ت,ت,ت,ت,ت,ت,ت,ت,ت,ت,ت,ت,ت,ت,ت,ت,ت,ت,ت,ت,ت,ت,ت,ت,ت,ت","ت,ت,ت,ت,ت,ت,ت,ت,ت,ت,ت,ت,ت,ت,ت,ت,ت,ت,ت,ت,ت,ت,ت,ت,ت,ت,ت,ت,ت,ت",agent2,VLLMQwen32B,متعاون,0.0,60,1.0,0.0,0,,"ت,ت,ت,ت,ت,ت,ت,ت,ت,ت,ت,ت,ت,ت,ت,ت,ت,ت,ت,ت,ت,ت,ت,ت,ت,ت,ت,ت,ت,ت","ت,ت,ت,ت,ت,ت,ت,ت,ت,ت,ت,ت,ت,ت,ت,ت,ت,ت,ت,ت,ت,ت,ت,ت,ت,ت,ت,ت,ت,ت",1.0,1.0,0.6111,Qwen2.5-32B-Instruct,0,game_104
Qwen2.5-32B-Instruct__noise00__game_105,106,2026-02-12T06:18:43.917045,ar,True,30,30,agent1,VLLMQwen32B,متعاون,0.0,300,1.0,0.0,0,,"ت,ت,ت,ت,ت,ت,ت,ت,ت,ت,ت,ت,ت,ت,ت,ت,ت,ت,ت,ت,ت,ت,ت,ت,ت,ت,ت,ت,ت,ت","ت,ت,ت,ت,ت,ت,ت,ت,ت,ت,ت,ت,ت,ت,ت,ت,ت,ت,ت,ت,ت,ت,ت,ت,ت,ت,ت,ت,ت,ت",agent2,VLLMQwen32B,أناني,0.0,0,0.0,1.0,0,,"خ,خ,خ,خ,خ,خ,خ,خ,خ,خ,خ,خ,خ,خ,خ,خ,خ,خ,خ,خ,خ,خ,خ,خ,خ,خ,خ,خ,خ,خ","خ,خ,خ,خ,خ,خ,خ,خ,خ,خ,خ,خ,خ,خ,خ,خ,خ,خ,خ,خ,خ,خ,خ,خ,خ,خ,خ,خ,خ,خ",1.0,1.0,0.3333,Qwen2.5-32B-Instruct,0,game_105
Qwen2.5-32B-Instruct__noise00__game_106,107,2026-02-12T06:19:39.495864,ar,True,30,30,agent1,VLLMQwen32B,أناني,0.0,48,0.0,1.0,0,,"خ,خ,خ,خ,خ,خ,خ,خ,خ,خ,خ,خ,خ,خ,خ,خ,خ,خ,خ,خ,خ,خ,خ,خ,خ,خ,خ,خ,خ,خ","خ,خ,خ,خ,خ,خ,خ,خ,خ,خ,خ,خ,خ,خ,خ,خ,خ,خ,خ,خ,خ,خ,خ,خ,خ,خ,خ,خ,خ,خ",agent2,VLLMQwen32B,متعاون,0.0,288,0.8,0.2,0,,"ت,ت,خ,خ,خ,خ,خ,خ,ت,ت,ت,ت,ت,ت,ت,ت,ت,ت,ت,ت,ت,ت,ت,ت,ت,ت,ت,ت,ت,ت","ت,ت,خ,خ,خ,خ,خ,خ,ت,ت,ت,ت,ت,ت,ت,ت,ت,ت,ت,ت,ت,ت,ت,ت,ت,ت,ت,ت,ت,ت",1.0,1.0,0.1667,Qwen2.5-32B-Instruct,0,game_106
Qwen2.5-32B-Instruct__noise00__game_107,108,2026-02-12T06:19:58.718322,ar,True,30,30,agent1,VLLMQwen32B,أناني,0.0,240,0.0,1.0,0,,"خ,خ,خ,خ,خ,خ,خ,خ,خ,خ,خ,خ,خ,خ,خ,خ,خ,خ,خ,خ,خ,خ,خ,خ,خ,خ,خ,خ,خ,خ","خ,خ,خ,خ,خ,خ,خ,خ,خ,خ,خ,خ,خ,خ,خ,خ,خ,خ,خ,خ,خ,خ,خ,خ,خ,خ,خ,خ,خ,خ",agent2,VLLMQwen32B,أناني,0.0,240,0.0,1.0,0,,"خ,خ,خ,خ,خ,خ,خ,خ,خ,خ,خ,خ,خ,خ,خ,خ,خ,خ,خ,خ,خ,خ,خ,خ,خ,خ,خ,خ,خ,خ","خ,خ,خ,خ,خ,خ,خ,خ,خ,خ,خ,خ,خ,خ,خ,خ,خ,خ,خ,خ,خ,خ,خ,خ,خ,خ,خ,خ,خ,خ",1.0,1.0,0.5556,Qwen2.5-32B-Instruct,0,game_107
Qwen2.5-32B-Instruct__noise00__game_108,109,2026-02-12T06:21:41.115023,ar,True,30,30,agent1,VLLMQwen32B,متعاون,0.0,60,1.0,0.0,0,,"ت,ت,ت,ت,ت,ت,ت,ت,ت,ت,ت,ت,ت,ت,ت,ت,ت,ت,ت,ت,ت,ت,ت,ت,ت,ت,ت,ت,ت,ت","ت,ت,ت,ت,ت,ت,ت,ت,ت,ت,ت,ت,ت,ت,ت,ت,ت,ت,ت,ت,ت,ت,ت,ت,ت,ت,ت,ت,ت,ت",agent2,VLLMQwen32B,متعاون,0.0,60,1.0,0.0,0,,"ت,ت,ت,ت,ت,ت,ت,ت,ت,ت,ت,ت,ت,ت,ت,ت,ت,ت,ت,ت,ت,ت,ت,ت,ت,ت,ت,ت,ت,ت","ت,ت,ت,ت,ت,ت,ت,ت,ت,ت,ت,ت,ت,ت,ت,ت,ت,ت,ت,ت,ت,ت,ت,ت,ت,ت,ت,ت,ت,ت",1.0,1.0,0.6389,Qwen2.5-32B-Instruct,0,game_108
Qwen2.5-32B-Instruct__noise00__game_109,110,2026-02-12T06:23:06.681640,ar,True,30,30,agent1,VLLMQwen32B,متعاون,0.0,300,1.0,0.0,0,,"ت,ت,ت,ت,ت,ت,ت,ت,ت,ت,ت,ت,ت,ت,ت,ت,ت,ت,ت,ت,ت,ت,ت,ت,ت,ت,ت,ت,ت,ت","ت,ت,ت,ت,ت,ت,ت,ت,ت,ت,ت,ت,ت,ت,ت,ت,ت,ت,ت,ت,ت,ت,ت,ت,ت,ت,ت,ت,ت,ت",agent2,VLLMQwen32B,أناني,0.0,0,0.0,1.0,0,,"خ,خ,خ,خ,خ,خ,خ,خ,خ,خ,خ,خ,خ,خ,خ,خ,خ,خ,خ,خ,خ,خ,خ,خ,خ,خ,خ,خ,خ,خ","خ,خ,خ,خ,خ,خ,خ,خ,خ,خ,خ,خ,خ,خ,خ,خ,خ,خ,خ,خ,خ,خ,خ,خ,خ,خ,خ,خ,خ,خ",1.0,1.0,0.4167,Qwen2.5-32B-Instruct,0,game_109
Qwen2.5-32B-Instruct__noise00__game_111,112,2026-02-12T06:25:04.079976,ar,True,30,30,agent1,VLLMQwen32B,أناني,0.0,240,0.0,1.0,0,,"خ,خ,خ,خ,خ,خ,خ,خ,خ,خ,خ,خ,خ,خ,خ,خ,خ,خ,خ,خ,خ,خ,خ,خ,خ,خ,خ,خ,خ,خ","خ,خ,خ,خ,خ,خ,خ,خ,خ,خ,خ,خ,خ,خ,خ,خ,خ,خ,خ,خ,خ,خ,خ,خ,خ,خ,خ,خ,خ,خ",agent2,VLLMQwen32B,أناني,0.0,240,0.0,1.0,0,,"خ,خ,خ,خ,خ,خ,خ,خ,خ,خ,خ,خ,خ,خ,خ,خ,خ,خ,خ,خ,خ,خ,خ,خ,خ,خ,خ,خ,خ,خ","خ,خ,خ,خ,خ,خ,خ,خ,خ,خ,خ,خ,خ,خ,خ,خ,خ,خ,خ,خ,خ,خ,خ,خ,خ,خ,خ,خ,خ,خ",1.0,1.0,0.5556,Qwen2.5-32B-Instruct,0,game_111
Qwen2.5-32B-Instruct__noise00__game_110,111,2026-02-12T06:25:23.228885,ar,True,30,30,agent1,VLLMQwen32B,أناني,0.0,232,0.0,1.0,0,,"خ,خ,خ,خ,خ,خ,خ,خ,خ,خ,خ,خ,خ,خ,خ,خ,خ,خ,خ,خ,خ,خ,خ,خ,خ,خ,خ,خ,خ,خ","خ,خ,خ,خ,خ,خ,خ,خ,خ,خ,خ,خ,خ,خ,خ,خ,خ,خ,خ,خ,خ,خ,خ,خ,خ,خ,خ,خ,خ,خ",agent2,VLLMQwen32B,متعاون,0.0,242,0.0333,0.9667,0,,"ت,خ,خ,خ,خ,خ,خ,خ,خ,خ,خ,خ,خ,خ,خ,خ,خ,خ,خ,خ,خ,خ,خ,خ,خ,خ,خ,خ,خ,خ","ت,خ,خ,خ,خ,خ,خ,خ,خ,خ,خ,خ,خ,خ,خ,خ,خ,خ,خ,خ,خ,خ,خ,خ,خ,خ,خ,خ,خ,خ",1.0,1.0,0.1667,Qwen2.5-32B-Instruct,0,game_110
Qwen2.5-32B-Instruct__noise00__game_112,113,2026-02-12T06:27:12.105661,ar,True,30,30,agent1,VLLMQwen32B,متعاون,0.0,60,1.0,0.0,0,,"ت,ت,ت,ت,ت,ت,ت,ت,ت,ت,ت,ت,ت,ت,ت,ت,ت,ت,ت,ت,ت,ت,ت,ت,ت,ت,ت,ت,ت,ت","ت,ت,ت,ت,ت,ت,ت,ت,ت,ت,ت,ت,ت,ت,ت,ت,ت,ت,ت,ت,ت,ت,ت,ت,ت,ت,ت,ت,ت,ت",agent2,VLLMQwen32B,متعاون,0.0,60,1.0,0.0,0,,"ت,ت,ت,ت,ت,ت,ت,ت,ت,ت,ت,ت,ت,ت,ت,ت,ت,ت,ت,ت,ت,ت,ت,ت,ت,ت,ت,ت,ت,ت","ت,ت,ت,ت,ت,ت,ت,ت,ت,ت,ت,ت,ت,ت,ت,ت,ت,ت,ت,ت,ت,ت,ت,ت,ت,ت,ت,ت,ت,ت",1.0,1.0,0.6667,Qwen2.5-32B-Instruct,0,game_112
Qwen2.5-32B-Instruct__noise00__game_113,114,2026-02-12T06:27:45.285345,ar,True,30,30,agent1,VLLMQwen32B,متعاون,0.0,300,1.0,0.0,0,,"ت,ت,ت,ت,ت,ت,ت,ت,ت,ت,ت,ت,ت,ت,ت,ت,ت,ت,ت,ت,ت,ت,ت,ت,ت,ت,ت,ت,ت,ت","ت,ت,ت,ت,ت,ت,ت,ت,ت,ت,ت,ت,ت,ت,ت,ت,ت,ت,ت,ت,ت,ت,ت,ت,ت,ت,ت,ت,ت,ت",agent2,VLLMQwen32B,أناني,0.0,0,0.0,1.0,0,,"خ,خ,خ,خ,خ,خ,خ,خ,خ,خ,خ,خ,خ,خ,خ,خ,خ,خ,خ,خ,خ,خ,خ,خ,خ,خ,خ,خ,خ,خ","خ,خ,خ,خ,خ,خ,خ,خ,خ,خ,خ,خ,خ,خ,خ,خ,خ,خ,خ,خ,خ,خ,خ,خ,خ,خ,خ,خ,خ,خ",1.0,1.0,0.3611,Qwen2.5-32B-Instruct,0,game_113
Qwen2.5-32B-Instruct__noise00__game_115,116,2026-02-12T06:30:29.334402,ar,True,30,30,agent1,VLLMQwen32B,أناني,0.0,240,0.0,1.0,0,,"خ,خ,خ,خ,خ,خ,خ,خ,خ,خ,خ,خ,خ,خ,خ,خ,خ,خ,خ,خ,خ,خ,خ,خ,خ,خ,خ,خ,خ,خ","خ,خ,خ,خ,خ,خ,خ,خ,خ,خ,خ,خ,خ,خ,خ,خ,خ,خ,خ,خ,خ,خ,خ,خ,خ,خ,خ,خ,خ,خ",agent2,VLLMQwen32B,أناني,0.0,240,0.0,1.0,0,,"خ,خ,خ,خ,خ,خ,خ,خ,خ,خ,خ,خ,خ,خ,خ,خ,خ,خ,خ,خ,خ,خ,خ,خ,خ,خ,خ,خ,خ,خ","خ,خ,خ,خ,خ,خ,خ,خ,خ,خ,خ,خ,خ,خ,خ,خ,خ,خ,خ,خ,خ,خ,خ,خ,خ,خ,خ,خ,خ,خ",1.0,1.0,0.5556,Qwen2.5-32B-Instruct,0,game_115
Qwen2.5-32B-Instruct__noise00__game_114,115,2026-02-12T06:31:08.403070,ar,True,30,30,agent1,VLLMQwen32B,أناني,0.0,224,0.0,1.0,0,,"خ,خ,خ,خ,خ,خ,خ,خ,خ,خ,خ,خ,خ,خ,خ,خ,خ,خ,خ,خ,خ,خ,خ,خ,خ,خ,خ,خ,خ,خ","خ,خ,خ,خ,خ,خ,خ,خ,خ,خ,خ,خ,خ,خ,خ,خ,خ,خ,خ,خ,خ,خ,خ,خ,خ,خ,خ,خ,خ,خ",agent2,VLLMQwen32B,متعاون,0.0,244,0.0667,0.9333,0,,"ت,ت,خ,خ,خ,خ,خ,خ,خ,خ,خ,خ,خ,خ,خ,خ,خ,خ,خ,خ,خ,خ,خ,خ,خ,خ,خ,خ,خ,خ","ت,ت,خ,خ,خ,خ,خ,خ,خ,خ,خ,خ,خ,خ,خ,خ,خ,خ,خ,خ,خ,خ,خ,خ,خ,خ,خ,خ,خ,خ",1.0,1.0,0.1667,Qwen2.5-32B-Instruct,0,game_114
Qwen2.5-32B-Instruct__noise00__game_116,117,2026-02-12T06:32:05.926117,ar,True,30,30,agent1,VLLMQwen32B,متعاون,0.0,60,1.0,0.0,0,,"ت,ت,ت,ت,ت,ت,ت,ت,ت,ت,ت,ت,ت,ت,ت,ت,ت,ت,ت,ت,ت,ت,ت,ت,ت,ت,ت,ت,ت,ت","ت,ت,ت,ت,ت,ت,ت,ت,ت,ت,ت,ت,ت,ت,ت,ت,ت,ت,ت,ت,ت,ت,ت,ت,ت,ت,ت,ت,ت,ت",agent2,VLLMQwen32B,متعاون,0.0,60,1.0,0.0,0,,"ت,ت,ت,ت,ت,ت,ت,ت,ت,ت,ت,ت,ت,ت,ت,ت,ت,ت,ت,ت,ت,ت,ت,ت,ت,ت,ت,ت,ت,ت","ت,ت,ت,ت,ت,ت,ت,ت,ت,ت,ت,ت,ت,ت,ت,ت,ت,ت,ت,ت,ت,ت,ت,ت,ت,ت,ت,ت,ت,ت",1.0,1.0,0.6667,Qwen2.5-32B-Instruct,0,game_116
Qwen2.5-32B-Instruct__noise00__game_117,118,2026-02-12T06:32:17.039103,ar,True,30,30,agent1,VLLMQwen32B,متعاون,0.0,300,1.0,0.0,0,,"ت,ت,ت,ت,ت,ت,ت,ت,ت,ت,ت,ت,ت,ت,ت,ت,ت,ت,ت,ت,ت,ت,ت,ت,ت,ت,ت,ت,ت,ت","ت,ت,ت,ت,ت,ت,ت,ت,ت,ت,ت,ت,ت,ت,ت,ت,ت,ت,ت,ت,ت,ت,ت,ت,ت,ت,ت,ت,ت,ت",agent2,VLLMQwen32B,أناني,0.0,0,0.0,1.0,0,,"خ,خ,خ,خ,خ,خ,خ,خ,خ,خ,خ,خ,خ,خ,خ,خ,خ,خ,خ,خ,خ,خ,خ,خ,خ,خ,خ,خ,خ,خ","خ,خ,خ,خ,خ,خ,خ,خ,خ,خ,خ,خ,خ,خ,خ,خ,خ,خ,خ,خ,خ,خ,خ,خ,خ,خ,خ,خ,خ,خ",1.0,1.0,0.3611,Qwen2.5-32B-Instruct,0,game_117
Qwen2.5-32B-Instruct__noise00__game_118,119,2026-02-12T06:35:12.308123,ar,True,30,30,agent1,VLLMQwen32B,أناني,0.0,0,0.0,1.0,0,,"خ,خ,خ,خ,خ,خ,خ,خ,خ,خ,خ,خ,خ,خ,خ,خ,خ,خ,خ,خ,خ,خ,خ,خ,خ,خ,خ,خ,خ,خ","خ,خ,خ,خ,خ,خ,خ,خ,خ,خ,خ,خ,خ,خ,خ,خ,خ,خ,خ,خ,خ,خ,خ,خ,خ,خ,خ,خ,خ,خ",agent2,VLLMQwen32B,متعاون,0.0,300,1.0,0.0,0,,"ت,ت,ت,ت,ت,ت,ت,ت,ت,ت,ت,ت,ت,ت,ت,ت,ت,ت,ت,ت,ت,ت,ت,ت,ت,ت,ت,ت,ت,ت","ت,ت,ت,ت,ت,ت,ت,ت,ت,ت,ت,ت,ت,ت,ت,ت,ت,ت,ت,ت,ت,ت,ت,ت,ت,ت,ت,ت,ت,ت",1.0,1.0,0.5,Qwen2.5-32B-Instruct,0,game_118
Qwen2.5-32B-Instruct__noise00__game_119,120,2026-02-12T06:36:16.188189,ar,True,30,30,agent1,VLLMQwen32B,أناني,0.0,240,0.0,1.0,0,,"خ,خ,خ,خ,خ,خ,خ,خ,خ,خ,خ,خ,خ,خ,خ,خ,خ,خ,خ,خ,خ,خ,خ,خ,خ,خ,خ,خ,خ,خ","خ,خ,خ,خ,خ,خ,خ,خ,خ,خ,خ,خ,خ,خ,خ,خ,خ,خ,خ,خ,خ,خ,خ,خ,خ,خ,خ,خ,خ,خ",agent2,VLLMQwen32B,أناني,0.0,240,0.0,1.0,0,,"خ,خ,خ,خ,خ,خ,خ,خ,خ,خ,خ,خ,خ,خ,خ,خ,خ,خ,خ,خ,خ,خ,خ,خ,خ,خ,خ,خ,خ,خ","خ,خ,خ,خ,خ,خ,خ,خ,خ,خ,خ,خ,خ,خ,خ,خ,خ,خ,خ,خ,خ,خ,خ,خ,خ,خ,خ,خ,خ,خ",1.0,1.0,0.5833,Qwen2.5-32B-Instruct,0,game_119
Qwen2.5-32B-Instruct__noise00__game_120,121,2026-02-12T06:36:18.918569,cn,True,30,30,agent1,VLLMQwen32B,合作型的,0.0,60,1.0,0.0,0,,"合,合,合,合,合,合,合,合,合,合,合,合,合,合,合,合,合,合,合,合,合,合,合,合,合,合,合,合,合,合","合,合,合,合,合,合,合,合,合,合,合,合,合,合,合,合,合,合,合,合,合,合,合,合,合,合,合,合,合,合",agent2,VLLMQwen32B,合作型的,0.0,60,1.0,0.0,0,,"合,合,合,合,合,合,合,合,合,合,合,合,合,合,合,合,合,合,合,合,合,合,合,合,合,合,合,合,合,合","合,合,合,合,合,合,合,合,合,合,合,合,合,合,合,合,合,合,合,合,合,合,合,合,合,合,合,合,合,合",1.0,1.0,0.5278,Qwen2.5-32B-Instruct,0,game_120
Qwen2.5-32B-Instruct__noise00__game_121,122,2026-02-12T06:36:29.616772,cn,True,30,30,agent1,VLLMQwen32B,合作型的,0.0,300,1.0,0.0,0,,"合,合,合,合,合,合,合,合,合,合,合,合,合,合,合,合,合,合,合,合,合,合,合,合,合,合,合,合,合,合","合,合,合,合,合,合,合,合,合,合,合,合,合,合,合,合,合,合,合,合,合,合,合,合,合,合,合,合,合,合",agent2,VLLMQwen32B,自私型的,0.0,0,0.0,1.0,0,,"背,背,背,背,背,背,背,背,背,背,背,背,背,背,背,背,背,背,背,背,背,背,背,背,背,背,背,背,背,背","背,背,背,背,背,背,背,背,背,背,背,背,背,背,背,背,背,背,背,背,背,背,背,背,背,背,背,背,背,背",1.0,1.0,0.5556,Qwen2.5-32B-Instruct,0,game_121
Qwen2.5-32B-Instruct__noise00__game_122,123,2026-02-12T06:39:13.782761,cn,True,30,30,agent1,VLLMQwen32B,自私型的,0.0,0,0.0,1.0,0,,"背,背,背,背,背,背,背,背,背,背,背,背,背,背,背,背,背,背,背,背,背,背,背,背,背,背,背,背,背,背","背,背,背,背,背,背,背,背,背,背,背,背,背,背,背,背,背,背,背,背,背,背,背,背,背,背,背,背,背,背",agent2,VLLMQwen32B,合作型的,0.0,300,1.0,0.0,0,,"合,合,合,合,合,合,合,合,合,合,合,合,合,合,合,合,合,合,合,合,合,合,合,合,合,合,合,合,合,合","合,合,合,合,合,合,合,合,合,合,合,合,合,合,合,合,合,合,合,合,合,合,合,合,合,合,合,合,合,合",1.0,1.0,0.5,Qwen2.5-32B-Instruct,0,game_122
Qwen2.5-32B-Instruct__noise00__game_124,125,2026-02-12T06:40:27.062761,cn,True,30,30,agent1,VLLMQwen32B,合作型的,0.0,60,1.0,0.0,0,,"合,合,合,合,合,合,合,合,合,合,合,合,合,合,合,合,合,合,合,合,合,合,合,合,合,合,合,合,合,合","合,合,合,合,合,合,合,合,合,合,合,合,合,合,合,合,合,合,合,合,合,合,合,合,合,合,合,合,合,合",agent2,VLLMQwen32B,合作型的,0.0,60,1.0,0.0,0,,"合,合,合,合,合,合,合,合,合,合,合,合,合,合,合,合,合,合,合,合,合,合,合,合,合,合,合,合,合,合","合,合,合,合,合,合,合,合,合,合,合,合,合,合,合,合,合,合,合,合,合,合,合,合,合,合,合,合,合,合",1.0,1.0,0.5278,Qwen2.5-32B-Instruct,0,game_124
Qwen2.5-32B-Instruct__noise00__game_123,124,2026-02-12T06:40:29.204427,cn,True,30,30,agent1,VLLMQwen32B,自私型的,0.0,240,0.0,1.0,0,,"背,背,背,背,背,背,背,背,背,背,背,背,背,背,背,背,背,背,背,背,背,背,背,背,背,背,背,背,背,背","背,背,背,背,背,背,背,背,背,背,背,背,背,背,背,背,背,背,背,背,背,背,背,背,背,背,背,背,背,背",agent2,VLLMQwen32B,自私型的,0.0,240,0.0,1.0,0,,"背,背,背,背,背,背,背,背,背,背,背,背,背,背,背,背,背,背,背,背,背,背,背,背,背,背,背,背,背,背","背,背,背,背,背,背,背,背,背,背,背,背,背,背,背,背,背,背,背,背,背,背,背,背,背,背,背,背,背,背",1.0,1.0,0.3889,Qwen2.5-32B-Instruct,0,game_123
Qwen2.5-32B-Instruct__noise00__game_125,126,2026-02-12T06:40:33.054986,cn,True,30,30,agent1,VLLMQwen32B,合作型的,0.0,300,1.0,0.0,0,,"合,合,合,合,合,合,合,合,合,合,合,合,合,合,合,合,合,合,合,合,合,合,合,合,合,合,合,合,合,合","合,合,合,合,合,合,合,合,合,合,合,合,合,合,合,合,合,合,合,合,合,合,合,合,合,合,合,合,合,合",agent2,VLLMQwen32B,自私型的,0.0,0,0.0,1.0,0,,"背,背,背,背,背,背,背,背,背,背,背,背,背,背,背,背,背,背,背,背,背,背,背,背,背,背,背,背,背,背","背,背,背,背,背,背,背,背,背,背,背,背,背,背,背,背,背,背,背,背,背,背,背,背,背,背,背,背,背,背",1.0,1.0,0.5556,Qwen2.5-32B-Instruct,0,game_125
Qwen2.5-32B-Instruct__noise00__game_126,127,2026-02-12T06:43:11.563591,cn,True,30,30,agent1,VLLMQwen32B,自私型的,0.0,0,0.0,1.0,0,,"背,背,背,背,背,背,背,背,背,背,背,背,背,背,背,背,背,背,背,背,背,背,背,背,背,背,背,背,背,背","背,背,背,背,背,背,背,背,背,背,背,背,背,背,背,背,背,背,背,背,背,背,背,背,背,背,背,背,背,背",agent2,VLLMQwen32B,合作型的,0.0,300,1.0,0.0,0,,"合,合,合,合,合,合,合,合,合,合,合,合,合,合,合,合,合,合,合,合,合,合,合,合,合,合,合,合,合,合","合,合,合,合,合,合,合,合,合,合,合,合,合,合,合,合,合,合,合,合,合,合,合,合,合,合,合,合,合,合",1.0,1.0,0.5,Qwen2.5-32B-Instruct,0,game_126
Qwen2.5-32B-Instruct__noise00__game_128,129,2026-02-12T06:44:34.734459,cn,True,30,30,agent1,VLLMQwen32B,合作型的,0.0,60,1.0,0.0,0,,"合,合,合,合,合,合,合,合,合,合,合,合,合,合,合,合,合,合,合,合,合,合,合,合,合,合,合,合,合,合","合,合,合,合,合,合,合,合,合,合,合,合,合,合,合,合,合,合,合,合,合,合,合,合,合,合,合,合,合,合",agent2,VLLMQwen32B,合作型的,0.0,60,1.0,0.0,0,,"合,合,合,合,合,合,合,合,合,合,合,合,合,合,合,合,合,合,合,合,合,合,合,合,合,合,合,合,合,合","合,合,合,合,合,合,合,合,合,合,合,合,合,合,合,合,合,合,合,合,合,合,合,合,合,合,合,合,合,合",1.0,1.0,0.5278,Qwen2.5-32B-Instruct,0,game_128
Qwen2.5-32B-Instruct__noise00__game_127,128,2026-02-12T06:44:35.667687,cn,True,30,30,agent1,VLLMQwen32B,自私型的,0.0,240,0.0,1.0,0,,"背,背,背,背,背,背,背,背,背,背,背,背,背,背,背,背,背,背,背,背,背,背,背,背,背,背,背,背,背,背","背,背,背,背,背,背,背,背,背,背,背,背,背,背,背,背,背,背,背,背,背,背,背,背,背,背,背,背,背,背",agent2,VLLMQwen32B,自私型的,0.0,240,0.0,1.0,0,,"背,背,背,背,背,背,背,背,背,背,背,背,背,背,背,背,背,背,背,背,背,背,背,背,背,背,背,背,背,背","背,背,背,背,背,背,背,背,背,背,背,背,背,背,背,背,背,背,背,背,背,背,背,背,背,背,背,背,背,背",1.0,1.0,0.4167,Qwen2.5-32B-Instruct,0,game_127
Qwen2.5-32B-Instruct__noise00__game_129,130,2026-02-12T06:44:45.286397,cn,True,30,30,agent1,VLLMQwen32B,合作型的,0.0,300,1.0,0.0,0,,"合,合,合,合,合,合,合,合,合,合,合,合,合,合,合,合,合,合,合,合,合,合,合,合,合,合,合,合,合,合","合,合,合,合,合,合,合,合,合,合,合,合,合,合,合,合,合,合,合,合,合,合,合,合,合,合,合,合,合,合",agent2,VLLMQwen32B,自私型的,0.0,0,0.0,1.0,0,,"背,背,背,背,背,背,背,背,背,背,背,背,背,背,背,背,背,背,背,背,背,背,背,背,背,背,背,背,背,背","背,背,背,背,背,背,背,背,背,背,背,背,背,背,背,背,背,背,背,背,背,背,背,背,背,背,背,背,背,背",1.0,1.0,0.5556,Qwen2.5-32B-Instruct,0,game_129
Qwen2.5-32B-Instruct__noise00__game_130,131,2026-02-12T06:47:09.369877,cn,True,30,30,agent1,VLLMQwen32B,自私型的,0.0,0,0.0,1.0,0,,"背,背,背,背,背,背,背,背,背,背,背,背,背,背,背,背,背,背,背,背,背,背,背,背,背,背,背,背,背,背","背,背,背,背,背,背,背,背,背,背,背,背,背,背,背,背,背,背,背,背,背,背,背,背,背,背,背,背,背,背",agent2,VLLMQwen32B,合作型的,0.0,300,1.0,0.0,0,,"合,合,合,合,合,合,合,合,合,合,合,合,合,合,合,合,合,合,合,合,合,合,合,合,合,合,合,合,合,合","合,合,合,合,合,合,合,合,合,合,合,合,合,合,合,合,合,合,合,合,合,合,合,合,合,合,合,合,合,合",1.0,1.0,0.5,Qwen2.5-32B-Instruct,0,game_130
Qwen2.5-32B-Instruct__noise00__game_132,133,2026-02-12T06:48:40.738072,cn,True,30,30,agent1,VLLMQwen32B,合作型的,0.0,60,1.0,0.0,0,,"合,合,合,合,合,合,合,合,合,合,合,合,合,合,合,合,合,合,合,合,合,合,合,合,合,合,合,合,合,合","合,合,合,合,合,合,合,合,合,合,合,合,合,合,合,合,合,合,合,合,合,合,合,合,合,合,合,合,合,合",agent2,VLLMQwen32B,合作型的,0.0,60,1.0,0.0,0,,"合,合,合,合,合,合,合,合,合,合,合,合,合,合,合,合,合,合,合,合,合,合,合,合,合,合,合,合,合,合","合,合,合,合,合,合,合,合,合,合,合,合,合,合,合,合,合,合,合,合,合,合,合,合,合,合,合,合,合,合",1.0,1.0,0.5556,Qwen2.5-32B-Instruct,0,game_132
Qwen2.5-32B-Instruct__noise00__game_131,132,2026-02-12T06:48:44.297778,cn,True,30,30,agent1,VLLMQwen32B,自私型的,0.0,240,0.0,1.0,0,,"背,背,背,背,背,背,背,背,背,背,背,背,背,背,背,背,背,背,背,背,背,背,背,背,背,背,背,背,背,背","背,背,背,背,背,背,背,背,背,背,背,背,背,背,背,背,背,背,背,背,背,背,背,背,背,背,背,背,背,背",agent2,VLLMQwen32B,自私型的,0.0,240,0.0,1.0,0,,"背,背,背,背,背,背,背,背,背,背,背,背,背,背,背,背,背,背,背,背,背,背,背,背,背,背,背,背,背,背","背,背,背,背,背,背,背,背,背,背,背,背,背,背,背,背,背,背,背,背,背,背,背,背,背,背,背,背,背,背",1.0,1.0,0.4444,Qwen2.5-32B-Instruct,0,game_131
Qwen2.5-32B-Instruct__noise00__game_133,134,2026-02-12T06:48:52.733000,cn,True,30,30,agent1,VLLMQwen32B,合作型的,0.0,300,1.0,0.0,0,,"合,合,合,合,合,合,合,合,合,合,合,合,合,合,合,合,合,合,合,合,合,合,合,合,合,合,合,合,合,合","合,合,合,合,合,合,合,合,合,合,合,合,合,合,合,合,合,合,合,合,合,合,合,合,合,合,合,合,合,合",agent2,VLLMQwen32B,自私型的,0.0,0,0.0,1.0,0,,"背,背,背,背,背,背,背,背,背,背,背,背,背,背,背,背,背,背,背,背,背,背,背,背,背,背,背,背,背,背","背,背,背,背,背,背,背,背,背,背,背,背,背,背,背,背,背,背,背,背,背,背,背,背,背,背,背,背,背,背",1.0,1.0,0.5556,Qwen2.5-32B-Instruct,0,game_133
Qwen2.5-32B-Instruct__noise00__game_134,135,2026-02-12T06:51:14.672488,cn,True,30,30,agent1,VLLMQwen32B,自私型的,0.0,0,0.0,1.0,0,,"背,背,背,背,背,背,背,背,背,背,背,背,背,背,背,背,背,背,背,背,背,背,背,背,背,背,背,背,背,背","背,背,背,背,背,背,背,背,背,背,背,背,背,背,背,背,背,背,背,背,背,背,背,背,背,背,背,背,背,背",agent2,VLLMQwen32B,合作型的,0.0,300,1.0,0.0,0,,"合,合,合,合,合,合,合,合,合,合,合,合,合,合,合,合,合,合,合,合,合,合,合,合,合,合,合,合,合,合","合,合,合,合,合,合,合,合,合,合,合,合,合,合,合,合,合,合,合,合,合,合,合,合,合,合,合,合,合,合",1.0,1.0,0.5,Qwen2.5-32B-Instruct,0,game_134
Qwen2.5-32B-Instruct__noise00__game_135,136,2026-02-12T06:52:50.066455,cn,True,30,30,agent1,VLLMQwen32B,自私型的,0.0,240,0.0,1.0,0,,"背,背,背,背,背,背,背,背,背,背,背,背,背,背,背,背,背,背,背,背,背,背,背,背,背,背,背,背,背,背","背,背,背,背,背,背,背,背,背,背,背,背,背,背,背,背,背,背,背,背,背,背,背,背,背,背,背,背,背,背",agent2,VLLMQwen32B,自私型的,0.0,240,0.0,1.0,0,,"背,背,背,背,背,背,背,背,背,背,背,背,背,背,背,背,背,背,背,背,背,背,背,背,背,背,背,背,背,背","背,背,背,背,背,背,背,背,背,背,背,背,背,背,背,背,背,背,背,背,背,背,背,背,背,背,背,背,背,背",1.0,1.0,0.4444,Qwen2.5-32B-Instruct,0,game_135
Qwen2.5-32B-Instruct__noise00__game_136,137,2026-02-12T06:52:53.945910,cn,True,30,30,agent1,VLLMQwen32B,合作型的,0.0,60,1.0,0.0,0,,"合,合,合,合,合,合,合,合,合,合,合,合,合,合,合,合,合,合,合,合,合,合,合,合,合,合,合,合,合,合","合,合,合,合,合,合,合,合,合,合,合,合,合,合,合,合,合,合,合,合,合,合,合,合,合,合,合,合,合,合",agent2,VLLMQwen32B,合作型的,0.0,60,1.0,0.0,0,,"合,合,合,合,合,合,合,合,合,合,合,合,合,合,合,合,合,合,合,合,合,合,合,合,合,合,合,合,合,合","合,合,合,合,合,合,合,合,合,合,合,合,合,合,合,合,合,合,合,合,合,合,合,合,合,合,合,合,合,合",1.0,1.0,0.5278,Qwen2.5-32B-Instruct,0,game_136
Qwen2.5-32B-Instruct__noise00__game_137,138,2026-02-12T06:53:00.716116,cn,True,30,30,agent1,VLLMQwen32B,合作型的,0.0,300,1.0,0.0,0,,"合,合,合,合,合,合,合,合,合,合,合,合,合,合,合,合,合,合,合,合,合,合,合,合,合,合,合,合,合,合","合,合,合,合,合,合,合,合,合,合,合,合,合,合,合,合,合,合,合,合,合,合,合,合,合,合,合,合,合,合",agent2,VLLMQwen32B,自私型的,0.0,0,0.0,1.0,0,,"背,背,背,背,背,背,背,背,背,背,背,背,背,背,背,背,背,背,背,背,背,背,背,背,背,背,背,背,背,背","背,背,背,背,背,背,背,背,背,背,背,背,背,背,背,背,背,背,背,背,背,背,背,背,背,背,背,背,背,背",1.0,1.0,0.5556,Qwen2.5-32B-Instruct,0,game_137
Qwen2.5-32B-Instruct__noise00__game_138,139,2026-02-12T06:55:21.083434,cn,True,30,30,agent1,VLLMQwen32B,自私型的,0.0,0,0.0,1.0,0,,"背,背,背,背,背,背,背,背,背,背,背,背,背,背,背,背,背,背,背,背,背,背,背,背,背,背,背,背,背,背","背,背,背,背,背,背,背,背,背,背,背,背,背,背,背,背,背,背,背,背,背,背,背,背,背,背,背,背,背,背",agent2,VLLMQwen32B,合作型的,0.0,300,1.0,0.0,0,,"合,合,合,合,合,合,合,合,合,合,合,合,合,合,合,合,合,合,合,合,合,合,合,合,合,合,合,合,合,合","合,合,合,合,合,合,合,合,合,合,合,合,合,合,合,合,合,合,合,合,合,合,合,合,合,合,合,合,合,合",1.0,1.0,0.5,Qwen2.5-32B-Instruct,0,game_138
Qwen2.5-32B-Instruct__noise00__game_139,140,2026-02-12T06:56:51.701973,cn,True,30,30,agent1,VLLMQwen32B,自私型的,0.0,240,0.0,1.0,0,,"背,背,背,背,背,背,背,背,背,背,背,背,背,背,背,背,背,背,背,背,背,背,背,背,背,背,背,背,背,背","背,背,背,背,背,背,背,背,背,背,背,背,背,背,背,背,背,背,背,背,背,背,背,背,背,背,背,背,背,背",agent2,VLLMQwen32B,自私型的,0.0,240,0.0,1.0,0,,"背,背,背,背,背,背,背,背,背,背,背,背,背,背,背,背,背,背,背,背,背,背,背,背,背,背,背,背,背,背","背,背,背,背,背,背,背,背,背,背,背,背,背,背,背,背,背,背,背,背,背,背,背,背,背,背,背,背,背,背",1.0,1.0,0.4722,Qwen2.5-32B-Instruct,0,game_139
Qwen2.5-32B-Instruct__noise00__game_140,141,2026-02-12T06:57:05.055727,cn,True,30,30,agent1,VLLMQwen32B,合作型的,0.0,60,1.0,0.0,0,,"合,合,合,合,合,合,合,合,合,合,合,合,合,合,合,合,合,合,合,合,合,合,合,合,合,合,合,合,合,合","合,合,合,合,合,合,合,合,合,合,合,合,合,合,合,合,合,合,合,合,合,合,合,合,合,合,合,合,合,合",agent2,VLLMQwen32B,合作型的,0.0,60,1.0,0.0,0,,"合,合,合,合,合,合,合,合,合,合,合,合,合,合,合,合,合,合,合,合,合,合,合,合,合,合,合,合,合,合","合,合,合,合,合,合,合,合,合,合,合,合,合,合,合,合,合,合,合,合,合,合,合,合,合,合,合,合,合,合",1.0,1.0,0.5,Qwen2.5-32B-Instruct,0,game_140
Qwen2.5-32B-Instruct__noise00__game_141,142,2026-02-12T06:57:11.066754,cn,True,30,30,agent1,VLLMQwen32B,合作型的,0.0,300,1.0,0.0,0,,"合,合,合,合,合,合,合,合,合,合,合,合,合,合,合,合,合,合,合,合,合,合,合,合,合,合,合,合,合,合","合,合,合,合,合,合,合,合,合,合,合,合,合,合,合,合,合,合,合,合,合,合,合,合,合,合,合,合,合,合",agent2,VLLMQwen32B,自私型的,0.0,0,0.0,1.0,0,,"背,背,背,背,背,背,背,背,背,背,背,背,背,背,背,背,背,背,背,背,背,背,背,背,背,背,背,背,背,背","背,背,背,背,背,背,背,背,背,背,背,背,背,背,背,背,背,背,背,背,背,背,背,背,背,背,背,背,背,背",1.0,1.0,0.5556,Qwen2.5-32B-Instruct,0,game_141
Qwen2.5-32B-Instruct__noise00__game_142,143,2026-02-12T06:59:24.984323,cn,True,30,30,agent1,VLLMQwen32B,自私型的,0.0,0,0.0,1.0,0,,"背,背,背,背,背,背,背,背,背,背,背,背,背,背,背,背,背,背,背,背,背,背,背,背,背,背,背,背,背,背","背,背,背,背,背,背,背,背,背,背,背,背,背,背,背,背,背,背,背,背,背,背,背,背,背,背,背,背,背,背",agent2,VLLMQwen32B,合作型的,0.0,300,1.0,0.0,0,,"合,合,合,合,合,合,合,合,合,合,合,合,合,合,合,合,合,合,合,合,合,合,合,合,合,合,合,合,合,合","合,合,合,合,合,合,合,合,合,合,合,合,合,合,合,合,合,合,合,合,合,合,合,合,合,合,合,合,合,合",1.0,1.0,0.5,Qwen2.5-32B-Instruct,0,game_142
Qwen2.5-32B-Instruct__noise00__game_143,144,2026-02-12T07:00:54.018146,cn,True,30,30,agent1,VLLMQwen32B,自私型的,0.0,240,0.0,1.0,0,,"背,背,背,背,背,背,背,背,背,背,背,背,背,背,背,背,背,背,背,背,背,背,背,背,背,背,背,背,背,背","背,背,背,背,背,背,背,背,背,背,背,背,背,背,背,背,背,背,背,背,背,背,背,背,背,背,背,背,背,背",agent2,VLLMQwen32B,自私型的,0.0,240,0.0,1.0,0,,"背,背,背,背,背,背,背,背,背,背,背,背,背,背,背,背,背,背,背,背,背,背,背,背,背,背,背,背,背,背","背,背,背,背,背,背,背,背,背,背,背,背,背,背,背,背,背,背,背,背,背,背,背,背,背,背,背,背,背,背",1.0,1.0,0.4444,Qwen2.5-32B-Instruct,0,game_143
Qwen2.5-32B-Instruct__noise00__game_144,145,2026-02-12T07:01:13.640389,cn,True,30,30,agent1,VLLMQwen32B,合作型的,0.0,60,1.0,0.0,0,,"合,合,合,合,合,合,合,合,合,合,合,合,合,合,合,合,合,合,合,合,合,合,合,合,合,合,合,合,合,合","合,合,合,合,合,合,合,合,合,合,合,合,合,合,合,合,合,合,合,合,合,合,合,合,合,合,合,合,合,合",agent2,VLLMQwen32B,合作型的,0.0,60,1.0,0.0,0,,"合,合,合,合,合,合,合,合,合,合,合,合,合,合,合,合,合,合,合,合,合,合,合,合,合,合,合,合,合,合","合,合,合,合,合,合,合,合,合,合,合,合,合,合,合,合,合,合,合,合,合,合,合,合,合,合,合,合,合,合",1.0,1.0,0.5556,Qwen2.5-32B-Instruct,0,game_144
Qwen2.5-32B-Instruct__noise00__game_145,146,2026-02-12T07:01:22.715595,cn,True,30,30,agent1,VLLMQwen32B,合作型的,0.0,300,1.0,0.0,0,,"合,合,合,合,合,合,合,合,合,合,合,合,合,合,合,合,合,合,合,合,合,合,合,合,合,合,合,合,合,合","合,合,合,合,合,合,合,合,合,合,合,合,合,合,合,合,合,合,合,合,合,合,合,合,合,合,合,合,合,合",agent2,VLLMQwen32B,自私型的,0.0,0,0.0,1.0,0,,"背,背,背,背,背,背,背,背,背,背,背,背,背,背,背,背,背,背,背,背,背,背,背,背,背,背,背,背,背,背","背,背,背,背,背,背,背,背,背,背,背,背,背,背,背,背,背,背,背,背,背,背,背,背,背,背,背,背,背,背",1.0,1.0,0.5556,Qwen2.5-32B-Instruct,0,game_145
Qwen2.5-32B-Instruct__noise00__game_146,147,2026-02-12T07:03:29.266461,cn,True,30,30,agent1,VLLMQwen32B,自私型的,0.0,0,0.0,1.0,0,,"背,背,背,背,背,背,背,背,背,背,背,背,背,背,背,背,背,背,背,背,背,背,背,背,背,背,背,背,背,背","背,背,背,背,背,背,背,背,背,背,背,背,背,背,背,背,背,背,背,背,背,背,背,背,背,背,背,背,背,背",agent2,VLLMQwen32B,合作型的,0.0,300,1.0,0.0,0,,"合,合,合,合,合,合,合,合,合,合,合,合,合,合,合,合,合,合,合,合,合,合,合,合,合,合,合,合,合,合","合,合,合,合,合,合,合,合,合,合,合,合,合,合,合,合,合,合,合,合,合,合,合,合,合,合,合,合,合,合",1.0,1.0,0.5,Qwen2.5-32B-Instruct,0,game_146
Qwen2.5-32B-Instruct__noise00__game_147,148,2026-02-12T07:05:04.064508,cn,True,30,30,agent1,VLLMQwen32B,自私型的,0.0,240,0.0,1.0,0,,"背,背,背,背,背,背,背,背,背,背,背,背,背,背,背,背,背,背,背,背,背,背,背,背,背,背,背,背,背,背","背,背,背,背,背,背,背,背,背,背,背,背,背,背,背,背,背,背,背,背,背,背,背,背,背,背,背,背,背,背",agent2,VLLMQwen32B,自私型的,0.0,240,0.0,1.0,0,,"背,背,背,背,背,背,背,背,背,背,背,背,背,背,背,背,背,背,背,背,背,背,背,背,背,背,背,背,背,背","背,背,背,背,背,背,背,背,背,背,背,背,背,背,背,背,背,背,背,背,背,背,背,背,背,背,背,背,背,背",1.0,1.0,0.4722,Qwen2.5-32B-Instruct,0,game_147
Qwen2.5-32B-Instruct__noise00__game_148,149,2026-02-12T07:05:13.262393,cn,True,30,30,agent1,VLLMQwen32B,合作型的,0.0,60,1.0,0.0,0,,"合,合,合,合,合,合,合,合,合,合,合,合,合,合,合,合,合,合,合,合,合,合,合,合,合,合,合,合,合,合","合,合,合,合,合,合,合,合,合,合,合,合,合,合,合,合,合,合,合,合,合,合,合,合,合,合,合,合,合,合",agent2,VLLMQwen32B,合作型的,0.0,60,1.0,0.0,0,,"合,合,合,合,合,合,合,合,合,合,合,合,合,合,合,合,合,合,合,合,合,合,合,合,合,合,合,合,合,合","合,合,合,合,合,合,合,合,合,合,合,合,合,合,合,合,合,合,合,合,合,合,合,合,合,合,合,合,合,合",1.0,1.0,0.5,Qwen2.5-32B-Instruct,0,game_148
Qwen2.5-32B-Instruct__noise00__game_149,150,2026-02-12T07:05:32.358673,cn,True,30,30,agent1,VLLMQwen32B,合作型的,0.0,300,1.0,0.0,0,,"合,合,合,合,合,合,合,合,合,合,合,合,合,合,合,合,合,合,合,合,合,合,合,合,合,合,合,合,合,合","合,合,合,合,合,合,合,合,合,合,合,合,合,合,合,合,合,合,合,合,合,合,合,合,合,合,合,合,合,合",agent2,VLLMQwen32B,自私型的,0.0,0,0.0,1.0,0,,"背,背,背,背,背,背,背,背,背,背,背,背,背,背,背,背,背,背,背,背,背,背,背,背,背,背,背,背,背,背","背,背,背,背,背,背,背,背,背,背,背,背,背,背,背,背,背,背,背,背,背,背,背,背,背,背,背,背,背,背",1.0,1.0,0.5556,Qwen2.5-32B-Instruct,0,game_149
Qwen2.5-32B-Instruct__noise00__game_150,151,2026-02-12T07:07:30.547808,cn,True,30,30,agent1,VLLMQwen32B,自私型的,0.0,0,0.0,1.0,0,,"背,背,背,背,背,背,背,背,背,背,背,背,背,背,背,背,背,背,背,背,背,背,背,背,背,背,背,背,背,背","背,背,背,背,背,背,背,背,背,背,背,背,背,背,背,背,背,背,背,背,背,背,背,背,背,背,背,背,背,背",agent2,VLLMQwen32B,合作型的,0.0,300,1.0,0.0,0,,"合,合,合,合,合,合,合,合,合,合,合,合,合,合,合,合,合,合,合,合,合,合,合,合,合,合,合,合,合,合","合,合,合,合,合,合,合,合,合,合,合,合,合,合,合,合,合,合,合,合,合,合,合,合,合,合,合,合,合,合",1.0,1.0,0.5,Qwen2.5-32B-Instruct,0,game_150
Qwen2.5-32B-Instruct__noise00__game_151,152,2026-02-12T07:09:10.319114,cn,True,30,30,agent1,VLLMQwen32B,自私型的,0.0,240,0.0,1.0,0,,"背,背,背,背,背,背,背,背,背,背,背,背,背,背,背,背,背,背,背,背,背,背,背,背,背,背,背,背,背,背","背,背,背,背,背,背,背,背,背,背,背,背,背,背,背,背,背,背,背,背,背,背,背,背,背,背,背,背,背,背",agent2,VLLMQwen32B,自私型的,0.0,240,0.0,1.0,0,,"背,背,背,背,背,背,背,背,背,背,背,背,背,背,背,背,背,背,背,背,背,背,背,背,背,背,背,背,背,背","背,背,背,背,背,背,背,背,背,背,背,背,背,背,背,背,背,背,背,背,背,背,背,背,背,背,背,背,背,背",1.0,1.0,0.4722,Qwen2.5-32B-Instruct,0,game_151
Qwen2.5-32B-Instruct__noise00__game_152,153,2026-02-12T07:09:32.805633,cn,True,30,30,agent1,VLLMQwen32B,合作型的,0.0,60,1.0,0.0,0,,"合,合,合,合,合,合,合,合,合,合,合,合,合,合,合,合,合,合,合,合,合,合,合,合,合,合,合,合,合,合","合,合,合,合,合,合,合,合,合,合,合,合,合,合,合,合,合,合,合,合,合,合,合,合,合,合,合,合,合,合",agent2,VLLMQwen32B,合作型的,0.0,60,1.0,0.0,0,,"合,合,合,合,合,合,合,合,合,合,合,合,合,合,合,合,合,合,合,合,合,合,合,合,合,合,合,合,合,合","合,合,合,合,合,合,合,合,合,合,合,合,合,合,合,合,合,合,合,合,合,合,合,合,合,合,合,合,合,合",1.0,1.0,0.5556,Qwen2.5-32B-Instruct,0,game_152
Qwen2.5-32B-Instruct__noise00__game_153,154,2026-02-12T07:09:46.007872,cn,True,30,30,agent1,VLLMQwen32B,合作型的,0.0,300,1.0,0.0,0,,"合,合,合,合,合,合,合,合,合,合,合,合,合,合,合,合,合,合,合,合,合,合,合,合,合,合,合,合,合,合","合,合,合,合,合,合,合,合,合,合,合,合,合,合,合,合,合,合,合,合,合,合,合,合,合,合,合,合,合,合",agent2,VLLMQwen32B,自私型的,0.0,0,0.0,1.0,0,,"背,背,背,背,背,背,背,背,背,背,背,背,背,背,背,背,背,背,背,背,背,背,背,背,背,背,背,背,背,背","背,背,背,背,背,背,背,背,背,背,背,背,背,背,背,背,背,背,背,背,背,背,背,背,背,背,背,背,背,背",1.0,1.0,0.5556,Qwen2.5-32B-Instruct,0,game_153
Qwen2.5-32B-Instruct__noise00__game_154,155,2026-02-12T07:11:30.607674,cn,True,30,30,agent1,VLLMQwen32B,自私型的,0.0,0,0.0,1.0,0,,"背,背,背,背,背,背,背,背,背,背,背,背,背,背,背,背,背,背,背,背,背,背,背,背,背,背,背,背,背,背","背,背,背,背,背,背,背,背,背,背,背,背,背,背,背,背,背,背,背,背,背,背,背,背,背,背,背,背,背,背",agent2,VLLMQwen32B,合作型的,0.0,300,1.0,0.0,0,,"合,合,合,合,合,合,合,合,合,合,合,合,合,合,合,合,合,合,合,合,合,合,合,合,合,合,合,合,合,合","合,合,合,合,合,合,合,合,合,合,合,合,合,合,合,合,合,合,合,合,合,合,合,合,合,合,合,合,合,合",1.0,1.0,0.5,Qwen2.5-32B-Instruct,0,game_154
Qwen2.5-32B-Instruct__noise00__game_155,156,2026-02-12T07:13:26.415401,cn,True,30,30,agent1,VLLMQwen32B,自私型的,0.0,240,0.0,1.0,0,,"背,背,背,背,背,背,背,背,背,背,背,背,背,背,背,背,背,背,背,背,背,背,背,背,背,背,背,背,背,背","背,背,背,背,背,背,背,背,背,背,背,背,背,背,背,背,背,背,背,背,背,背,背,背,背,背,背,背,背,背",agent2,VLLMQwen32B,自私型的,0.0,240,0.0,1.0,0,,"背,背,背,背,背,背,背,背,背,背,背,背,背,背,背,背,背,背,背,背,背,背,背,背,背,背,背,背,背,背","背,背,背,背,背,背,背,背,背,背,背,背,背,背,背,背,背,背,背,背,背,背,背,背,背,背,背,背,背,背",1.0,1.0,0.4444,Qwen2.5-32B-Instruct,0,game_155
Qwen2.5-32B-Instruct__noise00__game_156,157,2026-02-12T07:13:31.174199,cn,True,30,30,agent1,VLLMQwen32B,合作型的,0.0,60,1.0,0.0,0,,"合,合,合,合,合,合,合,合,合,合,合,合,合,合,合,合,合,合,合,合,合,合,合,合,合,合,合,合,合,合","合,合,合,合,合,合,合,合,合,合,合,合,合,合,合,合,合,合,合,合,合,合,合,合,合,合,合,合,合,合",agent2,VLLMQwen32B,合作型的,0.0,60,1.0,0.0,0,,"合,合,合,合,合,合,合,合,合,合,合,合,合,合,合,合,合,合,合,合,合,合,合,合,合,合,合,合,合,合","合,合,合,合,合,合,合,合,合,合,合,合,合,合,合,合,合,合,合,合,合,合,合,合,合,合,合,合,合,合",1.0,1.0,0.5,Qwen2.5-32B-Instruct,0,game_156
Qwen2.5-32B-Instruct__noise00__game_157,158,2026-02-12T07:13:49.930939,cn,True,30,30,agent1,VLLMQwen32B,合作型的,0.0,300,1.0,0.0,0,,"合,合,合,合,合,合,合,合,合,合,合,合,合,合,合,合,合,合,合,合,合,合,合,合,合,合,合,合,合,合","合,合,合,合,合,合,合,合,合,合,合,合,合,合,合,合,合,合,合,合,合,合,合,合,合,合,合,合,合,合",agent2,VLLMQwen32B,自私型的,0.0,0,0.0,1.0,0,,"背,背,背,背,背,背,背,背,背,背,背,背,背,背,背,背,背,背,背,背,背,背,背,背,背,背,背,背,背,背","背,背,背,背,背,背,背,背,背,背,背,背,背,背,背,背,背,背,背,背,背,背,背,背,背,背,背,背,背,背",1.0,1.0,0.5556,Qwen2.5-32B-Instruct,0,game_157
Qwen2.5-32B-Instruct__noise00__game_158,159,2026-02-12T07:15:27.606806,cn,True,30,30,agent1,VLLMQwen32B,自私型的,0.0,0,0.0,1.0,0,,"背,背,背,背,背,背,背,背,背,背,背,背,背,背,背,背,背,背,背,背,背,背,背,背,背,背,背,背,背,背","背,背,背,背,背,背,背,背,背,背,背,背,背,背,背,背,背,背,背,背,背,背,背,背,背,背,背,背,背,背",agent2,VLLMQwen32B,合作型的,0.0,300,1.0,0.0,0,,"合,合,合,合,合,合,合,合,合,合,合,合,合,合,合,合,合,合,合,合,合,合,合,合,合,合,合,合,合,合","合,合,合,合,合,合,合,合,合,合,合,合,合,合,合,合,合,合,合,合,合,合,合,合,合,合,合,合,合,合",1.0,1.0,0.5,Qwen2.5-32B-Instruct,0,game_158
Qwen2.5-32B-Instruct__noise00__game_159,160,2026-02-12T07:17:20.258611,cn,True,30,30,agent1,VLLMQwen32B,自私型的,0.0,240,0.0,1.0,0,,"背,背,背,背,背,背,背,背,背,背,背,背,背,背,背,背,背,背,背,背,背,背,背,背,背,背,背,背,背,背","背,背,背,背,背,背,背,背,背,背,背,背,背,背,背,背,背,背,背,背,背,背,背,背,背,背,背,背,背,背",agent2,VLLMQwen32B,自私型的,0.0,240,0.0,1.0,0,,"背,背,背,背,背,背,背,背,背,背,背,背,背,背,背,背,背,背,背,背,背,背,背,背,背,背,背,背,背,背","背,背,背,背,背,背,背,背,背,背,背,背,背,背,背,背,背,背,背,背,背,背,背,背,背,背,背,背,背,背",1.0,1.0,0.4722,Qwen2.5-32B-Instruct,0,game_159
Qwen2.5-32B-Instruct__noise00__game_160,161,2026-02-12T07:18:26.150500,vn,True,30,30,agent1,VLLMQwen32B,một người hợp tác,0.0,60,1.0,0.0,0,,"H,H,H,H,H,H,H,H,H,H,H,H,H,H,H,H,H,H,H,H,H,H,H,H,H,H,H,H,H,H","H,H,H,H,H,H,H,H,H,H,H,H,H,H,H,H,H,H,H,H,H,H,H,H,H,H,H,H,H,H",agent2,VLLMQwen32B,một người hợp tác,0.0,60,1.0,0.0,0,,"H,H,H,H,H,H,H,H,H,H,H,H,H,H,H,H,H,H,H,H,H,H,H,H,H,H,H,H,H,H","H,H,H,H,H,H,H,H,H,H,H,H,H,H,H,H,H,H,H,H,H,H,H,H,H,H,H,H,H,H",0.9474,1.0,0.6111,Qwen2.5-32B-Instruct,0,game_160
Qwen2.5-32B-Instruct__noise00__game_161,162,2026-02-12T07:19:12.637168,vn,True,30,30,agent1,VLLMQwen32B,một người hợp tác,0.0,300,1.0,0.0,0,,"H,H,H,H,H,H,H,H,H,H,H,H,H,H,H,H,H,H,H,H,H,H,H,H,H,H,H,H,H,H","H,H,H,H,H,H,H,H,H,H,H,H,H,H,H,H,H,H,H,H,H,H,H,H,H,H,H,H,H,H",agent2,VLLMQwen32B,một người ích kỷ,0.0,0,0.0,1.0,0,,"P,P,P,P,P,P,P,P,P,P,P,P,P,P,P,P,P,P,P,P,P,P,P,P,P,P,P,P,P,P","P,P,P,P,P,P,P,P,P,P,P,P,P,P,P,P,P,P,P,P,P,P,P,P,P,P,P,P,P,P",0.9737,1.0,0.5556,Qwen2.5-32B-Instruct,0,game_161
Qwen2.5-32B-Instruct__noise00__game_162,163,2026-02-12T07:20:32.361662,vn,True,30,30,agent1,VLLMQwen32B,một người ích kỷ,0.0,184,0.0,1.0,0,,"P,P,P,P,P,P,P,P,P,P,P,P,P,P,P,P,P,P,P,P,P,P,P,P,P,P,P,P,P,P","P,P,P,P,P,P,P,P,P,P,P,P,P,P,P,P,P,P,P,P,P,P,P,P,P,P,P,P,P,P",agent2,VLLMQwen32B,một người hợp tác,0.0,254,0.2333,0.7667,0,,"H,P,P,P,P,P,P,P,P,P,P,P,P,P,P,P,P,P,P,P,P,P,P,P,H,H,H,H,H,H","H,P,P,P,P,P,P,P,P,P,P,P,P,P,P,P,P,P,P,P,P,P,P,P,H,H,H,H,H,H",0.9737,1.0,0.1667,Qwen2.5-32B-Instruct,0,game_162
Qwen2.5-32B-Instruct__noise00__game_163,164,2026-02-12T07:22:20.098156,vn,True,30,30,agent1,VLLMQwen32B,một người ích kỷ,0.0,240,0.0,1.0,0,,"P,P,P,P,P,P,P,P,P,P,P,P,P,P,P,P,P,P,P,P,P,P,P,P,P,P,P,P,P,P","P,P,P,P,P,P,P,P,P,P,P,P,P,P,P,P,P,P,P,P,P,P,P,P,P,P,P,P,P,P",agent2,VLLMQwen32B,một người ích kỷ,0.0,240,0.0,1.0,0,,"P,P,P,P,P,P,P,P,P,P,P,P,P,P,P,P,P,P,P,P,P,P,P,P,P,P,P,P,P,P","P,P,P,P,P,P,P,P,P,P,P,P,P,P,P,P,P,P,P,P,P,P,P,P,P,P,P,P,P,P",0.9474,1.0,0.4444,Qwen2.5-32B-Instruct,0,game_163
Qwen2.5-32B-Instruct__noise00__game_164,165,2026-02-12T07:23:30.693657,vn,True,30,30,agent1,VLLMQwen32B,một người hợp tác,0.0,60,1.0,0.0,0,,"H,H,H,H,H,H,H,H,H,H,H,H,H,H,H,H,H,H,H,H,H,H,H,H,H,H,H,H,H,H","H,H,H,H,H,H,H,H,H,H,H,H,H,H,H,H,H,H,H,H,H,H,H,H,H,H,H,H,H,H",agent2,VLLMQwen32B,một người hợp tác,0.0,60,1.0,0.0,0,,"H,H,H,H,H,H,H,H,H,H,H,H,H,H,H,H,H,H,H,H,H,H,H,H,H,H,H,H,H,H","H,H,H,H,H,H,H,H,H,H,H,H,H,H,H,H,H,H,H,H,H,H,H,H,H,H,H,H,H,H",0.9474,1.0,0.6111,Qwen2.5-32B-Instruct,0,game_164
Qwen2.5-32B-Instruct__noise00__game_165,166,2026-02-12T07:24:44.795005,vn,True,30,30,agent1,VLLMQwen32B,một người hợp tác,0.0,300,1.0,0.0,0,,"H,H,H,H,H,H,H,H,H,H,H,H,H,H,H,H,H,H,H,H,H,H,H,H,H,H,H,H,H,H","H,H,H,H,H,H,H,H,H,H,H,H,H,H,H,H,H,H,H,H,H,H,H,H,H,H,H,H,H,H",agent2,VLLMQwen32B,một người ích kỷ,0.0,0,0.0,1.0,0,,"P,P,P,P,P,P,P,P,P,P,P,P,P,P,P,P,P,P,P,P,P,P,P,P,P,P,P,P,P,P","P,P,P,P,P,P,P,P,P,P,P,P,P,P,P,P,P,P,P,P,P,P,P,P,P,P,P,P,P,P",0.9737,1.0,0.5556,Qwen2.5-32B-Instruct,0,game_165
Qwen2.5-32B-Instruct__noise00__game_166,167,2026-02-12T07:25:55.909308,vn,True,30,30,agent1,VLLMQwen32B,một người ích kỷ,0.0,0,0.0,1.0,0,,"P,P,P,P,P,P,P,P,P,P,P,P,P,P,P,P,P,P,P,P,P,P,P,P,P,P,P,P,P,P","P,P,P,P,P,P,P,P,P,P,P,P,P,P,P,P,P,P,P,P,P,P,P,P,P,P,P,P,P,P",agent2,VLLMQwen32B,một người hợp tác,0.0,300,1.0,0.0,0,,"H,H,H,H,H,H,H,H,H,H,H,H,H,H,H,H,H,H,H,H,H,H,H,H,H,H,H,H,H,H","H,H,H,H,H,H,H,H,H,H,H,H,H,H,H,H,H,H,H,H,H,H,H,H,H,H,H,H,H,H",0.9737,1.0,0.5,Qwen2.5-32B-Instruct,0,game_166
Qwen2.5-32B-Instruct__noise00__game_167,168,2026-02-12T07:27:50.357139,vn,True,30,30,agent1,VLLMQwen32B,một người ích kỷ,0.0,240,0.0,1.0,0,,"P,P,P,P,P,P,P,P,P,P,P,P,P,P,P,P,P,P,P,P,P,P,P,P,P,P,P,P,P,P","P,P,P,P,P,P,P,P,P,P,P,P,P,P,P,P,P,P,P,P,P,P,P,P,P,P,P,P,P,P",agent2,VLLMQwen32B,một người ích kỷ,0.0,240,0.0,1.0,0,,"P,P,P,P,P,P,P,P,P,P,P,P,P,P,P,P,P,P,P,P,P,P,P,P,P,P,P,P,P,P","P,P,P,P,P,P,P,P,P,P,P,P,P,P,P,P,P,P,P,P,P,P,P,P,P,P,P,P,P,P",0.9474,1.0,0.4444,Qwen2.5-32B-Instruct,0,game_167
Qwen2.5-32B-Instruct__noise00__game_168,169,2026-02-12T07:28:28.835926,vn,True,30,30,agent1,VLLMQwen32B,một người hợp tác,0.0,60,1.0,0.0,0,,"H,H,H,H,H,H,H,H,H,H,H,H,H,H,H,H,H,H,H,H,H,H,H,H,H,H,H,H,H,H","H,H,H,H,H,H,H,H,H,H,H,H,H,H,H,H,H,H,H,H,H,H,H,H,H,H,H,H,H,H",agent2,VLLMQwen32B,một người hợp tác,0.0,60,1.0,0.0,0,,"H,H,H,H,H,H,H,H,H,H,H,H,H,H,H,H,H,H,H,H,H,H,H,H,H,H,H,H,H,H","H,H,H,H,H,H,H,H,H,H,H,H,H,H,H,H,H,H,H,H,H,H,H,H,H,H,H,H,H,H",0.9474,1.0,0.6111,Qwen2.5-32B-Instruct,0,game_168
Qwen2.5-32B-Instruct__noise00__game_169,170,2026-02-12T07:30:12.519962,vn,True,30,30,agent1,VLLMQwen32B,một người hợp tác,0.0,300,1.0,0.0,0,,"H,H,H,H,H,H,H,H,H,H,H,H,H,H,H,H,H,H,H,H,H,H,H,H,H,H,H,H,H,H","H,H,H,H,H,H,H,H,H,H,H,H,H,H,H,H,H,H,H,H,H,H,H,H,H,H,H,H,H,H",agent2,VLLMQwen32B,một người ích kỷ,0.0,0,0.0,1.0,0,,"P,P,P,P,P,P,P,P,P,P,P,P,P,P,P,P,P,P,P,P,P,P,P,P,P,P,P,P,P,P","P,P,P,P,P,P,P,P,P,P,P,P,P,P,P,P,P,P,P,P,P,P,P,P,P,P,P,P,P,P",0.9737,1.0,0.5556,Qwen2.5-32B-Instruct,0,game_169
Qwen2.5-32B-Instruct__noise00__game_170,171,2026-02-12T07:30:58.683404,vn,True,30,30,agent1,VLLMQwen32B,một người ích kỷ,0.0,176,0.0,1.0,0,,"P,P,P,P,P,P,P,P,P,P,P,P,P,P,P,P,P,P,P,P,P,P,P,P,P,P,P,P,P,P","P,P,P,P,P,P,P,P,P,P,P,P,P,P,P,P,P,P,P,P,P,P,P,P,P,P,P,P,P,P",agent2,VLLMQwen32B,một người hợp tác,0.0,256,0.2667,0.7333,0,,"H,P,P,P,P,P,P,P,P,P,P,P,P,P,P,P,P,P,P,P,P,P,P,H,H,H,H,H,H,H","H,P,P,P,P,P,P,P,P,P,P,P,P,P,P,P,P,P,P,P,P,P,P,H,H,H,H,H,H,H",0.9737,1.0,0.1667,Qwen2.5-32B-Instruct,0,game_170
Qwen2.5-32B-Instruct__noise00__game_171,172,2026-02-12T07:33:00.909050,vn,True,30,30,agent1,VLLMQwen32B,một người ích kỷ,0.0,240,0.0,1.0,0,,"P,P,P,P,P,P,P,P,P,P,P,P,P,P,P,P,P,P,P,P,P,P,P,P,P,P,P,P,P,P","P,P,P,P,P,P,P,P,P,P,P,P,P,P,P,P,P,P,P,P,P,P,P,P,P,P,P,P,P,P",agent2,VLLMQwen32B,một người ích kỷ,0.0,240,0.0,1.0,0,,"P,P,P,P,P,P,P,P,P,P,P,P,P,P,P,P,P,P,P,P,P,P,P,P,P,P,P,P,P,P","P,P,P,P,P,P,P,P,P,P,P,P,P,P,P,P,P,P,P,P,P,P,P,P,P,P,P,P,P,P",0.9474,1.0,0.4444,Qwen2.5-32B-Instruct,0,game_171
Qwen2.5-32B-Instruct__noise00__game_172,173,2026-02-12T07:33:13.340931,vn,True,30,30,agent1,VLLMQwen32B,một người hợp tác,0.0,60,1.0,0.0,0,,"H,H,H,H,H,H,H,H,H,H,H,H,H,H,H,H,H,H,H,H,H,H,H,H,H,H,H,H,H,H","H,H,H,H,H,H,H,H,H,H,H,H,H,H,H,H,H,H,H,H,H,H,H,H,H,H,H,H,H,H",agent2,VLLMQwen32B,một người hợp tác,0.0,60,1.0,0.0,0,,"H,H,H,H,H,H,H,H,H,H,H,H,H,H,H,H,H,H,H,H,H,H,H,H,H,H,H,H,H,H","H,H,H,H,H,H,H,H,H,H,H,H,H,H,H,H,H,H,H,H,H,H,H,H,H,H,H,H,H,H",0.9474,1.0,0.6111,Qwen2.5-32B-Instruct,0,game_172
Qwen2.5-32B-Instruct__noise00__game_174,175,2026-02-12T07:35:51.091945,vn,True,30,30,agent1,VLLMQwen32B,một người ích kỷ,0.0,232,0.0,1.0,0,,"P,P,P,P,P,P,P,P,P,P,P,P,P,P,P,P,P,P,P,P,P,P,P,P,P,P,P,P,P,P","P,P,P,P,P,P,P,P,P,P,P,P,P,P,P,P,P,P,P,P,P,P,P,P,P,P,P,P,P,P",agent2,VLLMQwen32B,một người hợp tác,0.0,242,0.0333,0.9667,0,,"H,P,P,P,P,P,P,P,P,P,P,P,P,P,P,P,P,P,P,P,P,P,P,P,P,P,P,P,P,P","H,P,P,P,P,P,P,P,P,P,P,P,P,P,P,P,P,P,P,P,P,P,P,P,P,P,P,P,P,P",0.9474,1.0,0.2222,Qwen2.5-32B-Instruct,0,game_174
Qwen2.5-32B-Instruct__noise00__game_173,174,2026-02-12T07:36:11.890040,vn,True,30,30,agent1,VLLMQwen32B,một người hợp tác,0.0,300,1.0,0.0,0,,"H,H,H,H,H,H,H,H,H,H,H,H,H,H,H,H,H,H,H,H,H,H,H,H,H,H,H,H,H,H","H,H,H,H,H,H,H,H,H,H,H,H,H,H,H,H,H,H,H,H,H,H,H,H,H,H,H,H,H,H",agent2,VLLMQwen32B,một người ích kỷ,0.0,0,0.0,1.0,0,,"P,P,P,P,P,P,P,P,P,P,P,P,P,P,P,P,P,P,P,P,P,P,P,P,P,P,P,P,P,P","P,P,P,P,P,P,P,P,P,P,P,P,P,P,P,P,P,P,P,P,P,P,P,P,P,P,P,P,P,P",0.9737,1.0,0.5556,Qwen2.5-32B-Instruct,0,game_173
Qwen2.5-32B-Instruct__noise00__game_175,176,2026-02-12T07:38:07.780740,vn,True,30,30,agent1,VLLMQwen32B,một người ích kỷ,0.0,240,0.0,1.0,0,,"P,P,P,P,P,P,P,P,P,P,P,P,P,P,P,P,P,P,P,P,P,P,P,P,P,P,P,P,P,P","P,P,P,P,P,P,P,P,P,P,P,P,P,P,P,P,P,P,P,P,P,P,P,P,P,P,P,P,P,P",agent2,VLLMQwen32B,một người ích kỷ,0.0,240,0.0,1.0,0,,"P,P,P,P,P,P,P,P,P,P,P,P,P,P,P,P,P,P,P,P,P,P,P,P,P,P,P,P,P,P","P,P,P,P,P,P,P,P,P,P,P,P,P,P,P,P,P,P,P,P,P,P,P,P,P,P,P,P,P,P",0.9474,1.0,0.4444,Qwen2.5-32B-Instruct,0,game_175
Qwen2.5-32B-Instruct__noise00__game_176,177,2026-02-12T07:38:37.535573,vn,True,30,30,agent1,VLLMQwen32B,một người hợp tác,0.0,60,1.0,0.0,0,,"H,H,H,H,H,H,H,H,H,H,H,H,H,H,H,H,H,H,H,H,H,H,H,H,H,H,H,H,H,H","H,H,H,H,H,H,H,H,H,H,H,H,H,H,H,H,H,H,H,H,H,H,H,H,H,H,H,H,H,H",agent2,VLLMQwen32B,một người hợp tác,0.0,60,1.0,0.0,0,,"H,H,H,H,H,H,H,H,H,H,H,H,H,H,H,H,H,H,H,H,H,H,H,H,H,H,H,H,H,H","H,H,H,H,H,H,H,H,H,H,H,H,H,H,H,H,H,H,H,H,H,H,H,H,H,H,H,H,H,H",0.9474,1.0,0.6111,Qwen2.5-32B-Instruct,0,game_176
Qwen2.5-32B-Instruct__noise00__game_177,178,2026-02-12T07:41:03.525719,vn,True,30,30,agent1,VLLMQwen32B,một người hợp tác,0.0,242,0.0333,0.9667,0,,"H,P,P,P,P,P,P,P,P,P,P,P,P,P,P,P,P,P,P,P,P,P,P,P,P,P,P,P,P,P","H,P,P,P,P,P,P,P,P,P,P,P,P,P,P,P,P,P,P,P,P,P,P,P,P,P,P,P,P,P",agent2,VLLMQwen32B,một người ích kỷ,0.0,232,0.0,1.0,0,,"P,P,P,P,P,P,P,P,P,P,P,P,P,P,P,P,P,P,P,P,P,P,P,P,P,P,P,P,P,P","P,P,P,P,P,P,P,P,P,P,P,P,P,P,P,P,P,P,P,P,P,P,P,P,P,P,P,P,P,P",0.9474,1.0,0.2222,Qwen2.5-32B-Instruct,0,game_177
Qwen2.5-32B-Instruct__noise00__game_178,179,2026-02-12T07:41:30.065636,vn,True,30,30,agent1,VLLMQwen32B,một người ích kỷ,0.0,0,0.0,1.0,0,,"P,P,P,P,P,P,P,P,P,P,P,P,P,P,P,P,P,P,P,P,P,P,P,P,P,P,P,P,P,P","P,P,P,P,P,P,P,P,P,P,P,P,P,P,P,P,P,P,P,P,P,P,P,P,P,P,P,P,P,P",agent2,VLLMQwen32B,một người hợp tác,0.0,300,1.0,0.0,0,,"H,H,H,H,H,H,H,H,H,H,H,H,H,H,H,H,H,H,H,H,H,H,H,H,H,H,H,H,H,H","H,H,H,H,H,H,H,H,H,H,H,H,H,H,H,H,H,H,H,H,H,H,H,H,H,H,H,H,H,H",0.9737,1.0,0.5,Qwen2.5-32B-Instruct,0,game_178
Qwen2.5-32B-Instruct__noise00__game_179,180,2026-02-12T07:43:07.934029,vn,True,30,30,agent1,VLLMQwen32B,một người ích kỷ,0.0,240,0.0,1.0,0,,"P,P,P,P,P,P,P,P,P,P,P,P,P,P,P,P,P,P,P,P,P,P,P,P,P,P,P,P,P,P","P,P,P,P,P,P,P,P,P,P,P,P,P,P,P,P,P,P,P,P,P,P,P,P,P,P,P,P,P,P",agent2,VLLMQwen32B,một người ích kỷ,0.0,240,0.0,1.0,0,,"P,P,P,P,P,P,P,P,P,P,P,P,P,P,P,P,P,P,P,P,P,P,P,P,P,P,P,P,P,P","P,P,P,P,P,P,P,P,P,P,P,P,P,P,P,P,P,P,P,P,P,P,P,P,P,P,P,P,P,P",0.9474,1.0,0.4444,Qwen2.5-32B-Instruct,0,game_179
Qwen2.5-32B-Instruct__noise00__game_180,181,2026-02-12T07:43:35.750480,vn,True,30,30,agent1,VLLMQwen32B,một người hợp tác,0.0,60,1.0,0.0,0,,"H,H,H,H,H,H,H,H,H,H,H,H,H,H,H,H,H,H,H,H,H,H,H,H,H,H,H,H,H,H","H,H,H,H,H,H,H,H,H,H,H,H,H,H,H,H,H,H,H,H,H,H,H,H,H,H,H,H,H,H",agent2,VLLMQwen32B,một người hợp tác,0.0,60,1.0,0.0,0,,"H,H,H,H,H,H,H,H,H,H,H,H,H,H,H,H,H,H,H,H,H,H,H,H,H,H,H,H,H,H","H,H,H,H,H,H,H,H,H,H,H,H,H,H,H,H,H,H,H,H,H,H,H,H,H,H,H,H,H,H",0.9474,1.0,0.6111,Qwen2.5-32B-Instruct,0,game_180
Qwen2.5-32B-Instruct__noise00__game_181,182,2026-02-12T07:46:31.172479,vn,True,30,30,agent1,VLLMQwen32B,một người hợp tác,0.0,300,1.0,0.0,0,,"H,H,H,H,H,H,H,H,H,H,H,H,H,H,H,H,H,H,H,H,H,H,H,H,H,H,H,H,H,H","H,H,H,H,H,H,H,H,H,H,H,H,H,H,H,H,H,H,H,H,H,H,H,H,H,H,H,H,H,H",agent2,VLLMQwen32B,một người ích kỷ,0.0,0,0.0,1.0,0,,"P,P,P,P,P,P,P,P,P,P,P,P,P,P,P,P,P,P,P,P,P,P,P,P,P,P,P,P,P,P","P,P,P,P,P,P,P,P,P,P,P,P,P,P,P,P,P,P,P,P,P,P,P,P,P,P,P,P,P,P",0.9737,1.0,0.5556,Qwen2.5-32B-Instruct,0,game_181
Qwen2.5-32B-Instruct__noise00__game_182,183,2026-02-12T07:46:47.262539,vn,True,30,30,agent1,VLLMQwen32B,một người ích kỷ,0.0,0,0.0,1.0,0,,"P,P,P,P,P,P,P,P,P,P,P,P,P,P,P,P,P,P,P,P,P,P,P,P,P,P,P,P,P,P","P,P,P,P,P,P,P,P,P,P,P,P,P,P,P,P,P,P,P,P,P,P,P,P,P,P,P,P,P,P",agent2,VLLMQwen32B,một người hợp tác,0.0,300,1.0,0.0,0,,"H,H,H,H,H,H,H,H,H,H,H,H,H,H,H,H,H,H,H,H,H,H,H,H,H,H,H,H,H,H","H,H,H,H,H,H,H,H,H,H,H,H,H,H,H,H,H,H,H,H,H,H,H,H,H,H,H,H,H,H",0.9737,1.0,0.5,Qwen2.5-32B-Instruct,0,game_182
Qwen2.5-32B-Instruct__noise00__game_183,184,2026-02-12T07:48:05.640634,vn,True,30,30,agent1,VLLMQwen32B,một người ích kỷ,0.0,240,0.0,1.0,0,,"P,P,P,P,P,P,P,P,P,P,P,P,P,P,P,P,P,P,P,P,P,P,P,P,P,P,P,P,P,P","P,P,P,P,P,P,P,P,P,P,P,P,P,P,P,P,P,P,P,P,P,P,P,P,P,P,P,P,P,P",agent2,VLLMQwen32B,một người ích kỷ,0.0,240,0.0,1.0,0,,"P,P,P,P,P,P,P,P,P,P,P,P,P,P,P,P,P,P,P,P,P,P,P,P,P,P,P,P,P,P","P,P,P,P,P,P,P,P,P,P,P,P,P,P,P,P,P,P,P,P,P,P,P,P,P,P,P,P,P,P",0.9474,1.0,0.4444,Qwen2.5-32B-Instruct,0,game_183
Qwen2.5-32B-Instruct__noise00__game_184,185,2026-02-12T07:48:33.847693,vn,True,30,30,agent1,VLLMQwen32B,một người hợp tác,0.0,60,1.0,0.0,0,,"H,H,H,H,H,H,H,H,H,H,H,H,H,H,H,H,H,H,H,H,H,H,H,H,H,H,H,H,H,H","H,H,H,H,H,H,H,H,H,H,H,H,H,H,H,H,H,H,H,H,H,H,H,H,H,H,H,H,H,H",agent2,VLLMQwen32B,một người hợp tác,0.0,60,1.0,0.0,0,,"H,H,H,H,H,H,H,H,H,H,H,H,H,H,H,H,H,H,H,H,H,H,H,H,H,H,H,H,H,H","H,H,H,H,H,H,H,H,H,H,H,H,H,H,H,H,H,H,H,H,H,H,H,H,H,H,H,H,H,H",0.9474,1.0,0.6111,Qwen2.5-32B-Instruct,0,game_184
Qwen2.5-32B-Instruct__noise00__game_186,187,2026-02-12T07:51:46.972371,vn,True,30,30,agent1,VLLMQwen32B,một người ích kỷ,0.0,232,0.0,1.0,0,,"P,P,P,P,P,P,P,P,P,P,P,P,P,P,P,P,P,P,P,P,P,P,P,P,P,P,P,P,P,P","P,P,P,P,P,P,P,P,P,P,P,P,P,P,P,P,P,P,P,P,P,P,P,P,P,P,P,P,P,P",agent2,VLLMQwen32B,một người hợp tác,0.0,242,0.0333,0.9667,0,,"H,P,P,P,P,P,P,P,P,P,P,P,P,P,P,P,P,P,P,P,P,P,P,P,P,P,P,P,P,P","H,P,P,P,P,P,P,P,P,P,P,P,P,P,P,P,P,P,P,P,P,P,P,P,P,P,P,P,P,P",0.9474,1.0,0.2222,Qwen2.5-32B-Instruct,0,game_186
Qwen2.5-32B-Instruct__noise00__game_185,186,2026-02-12T07:51:48.809947,vn,True,30,30,agent1,VLLMQwen32B,một người hợp tác,0.0,300,1.0,0.0,0,,"H,H,H,H,H,H,H,H,H,H,H,H,H,H,H,H,H,H,H,H,H,H,H,H,H,H,H,H,H,H","H,H,H,H,H,H,H,H,H,H,H,H,H,H,H,H,H,H,H,H,H,H,H,H,H,H,H,H,H,H",agent2,VLLMQwen32B,một người ích kỷ,0.0,0,0.0,1.0,0,,"P,P,P,P,P,P,P,P,P,P,P,P,P,P,P,P,P,P,P,P,P,P,P,P,P,P,P,P,P,P","P,P,P,P,P,P,P,P,P,P,P,P,P,P,P,P,P,P,P,P,P,P,P,P,P,P,P,P,P,P",0.9737,1.0,0.5556,Qwen2.5-32B-Instruct,0,game_185
Qwen2.5-32B-Instruct__noise00__game_187,188,2026-02-12T07:52:52.372026,vn,True,30,30,agent1,VLLMQwen32B,một người ích kỷ,0.0,240,0.0,1.0,0,,"P,P,P,P,P,P,P,P,P,P,P,P,P,P,P,P,P,P,P,P,P,P,P,P,P,P,P,P,P,P","P,P,P,P,P,P,P,P,P,P,P,P,P,P,P,P,P,P,P,P,P,P,P,P,P,P,P,P,P,P",agent2,VLLMQwen32B,một người ích kỷ,0.0,240,0.0,1.0,0,,"P,P,P,P,P,P,P,P,P,P,P,P,P,P,P,P,P,P,P,P,P,P,P,P,P,P,P,P,P,P","P,P,P,P,P,P,P,P,P,P,P,P,P,P,P,P,P,P,P,P,P,P,P,P,P,P,P,P,P,P",0.9474,1.0,0.4444,Qwen2.5-32B-Instruct,0,game_187
Qwen2.5-32B-Instruct__noise00__game_188,189,2026-02-12T07:53:30.080976,vn,True,30,30,agent1,VLLMQwen32B,một người hợp tác,0.0,60,1.0,0.0,0,,"H,H,H,H,H,H,H,H,H,H,H,H,H,H,H,H,H,H,H,H,H,H,H,H,H,H,H,H,H,H","H,H,H,H,H,H,H,H,H,H,H,H,H,H,H,H,H,H,H,H,H,H,H,H,H,H,H,H,H,H",agent2,VLLMQwen32B,một người hợp tác,0.0,60,1.0,0.0,0,,"H,H,H,H,H,H,H,H,H,H,H,H,H,H,H,H,H,H,H,H,H,H,H,H,H,H,H,H,H,H","H,H,H,H,H,H,H,H,H,H,H,H,H,H,H,H,H,H,H,H,H,H,H,H,H,H,H,H,H,H",0.9474,1.0,0.6111,Qwen2.5-32B-Instruct,0,game_188
Qwen2.5-32B-Instruct__noise00__game_189,190,2026-02-12T07:57:02.590882,vn,True,30,30,agent1,VLLMQwen32B,một người hợp tác,0.0,242,0.0333,0.9667,0,,"H,P,P,P,P,P,P,P,P,P,P,P,P,P,P,P,P,P,P,P,P,P,P,P,P,P,P,P,P,P","H,P,P,P,P,P,P,P,P,P,P,P,P,P,P,P,P,P,P,P,P,P,P,P,P,P,P,P,P,P",agent2,VLLMQwen32B,một người ích kỷ,0.0,232,0.0,1.0,0,,"P,P,P,P,P,P,P,P,P,P,P,P,P,P,P,P,P,P,P,P,P,P,P,P,P,P,P,P,P,P","P,P,P,P,P,P,P,P,P,P,P,P,P,P,P,P,P,P,P,P,P,P,P,P,P,P,P,P,P,P",0.9474,1.0,0.2222,Qwen2.5-32B-Instruct,0,game_189
Qwen2.5-32B-Instruct__noise00__game_190,191,2026-02-12T07:57:07.229072,vn,True,30,30,agent1,VLLMQwen32B,một người ích kỷ,0.0,192,0.0,1.0,0,,"P,P,P,P,P,P,P,P,P,P,P,P,P,P,P,P,P,P,P,P,P,P,P,P,P,P,P,P,P,P","P,P,P,P,P,P,P,P,P,P,P,P,P,P,P,P,P,P,P,P,P,P,P,P,P,P,P,P,P,P",agent2,VLLMQwen32B,một người hợp tác,0.0,252,0.2,0.8,0,,"H,P,P,P,P,P,P,P,P,P,P,P,P,P,P,P,P,P,P,P,P,P,P,P,P,H,H,H,H,H","H,P,P,P,P,P,P,P,P,P,P,P,P,P,P,P,P,P,P,P,P,P,P,P,P,H,H,H,H,H",0.9737,1.0,0.1667,Qwen2.5-32B-Instruct,0,game_190
Qwen2.5-32B-Instruct__noise00__game_191,192,2026-02-12T07:58:20.223074,vn,True,30,30,agent1,VLLMQwen32B,một người ích kỷ,0.0,240,0.0,1.0,0,,"P,P,P,P,P,P,P,P,P,P,P,P,P,P,P,P,P,P,P,P,P,P,P,P,P,P,P,P,P,P","P,P,P,P,P,P,P,P,P,P,P,P,P,P,P,P,P,P,P,P,P,P,P,P,P,P,P,P,P,P",agent2,VLLMQwen32B,một người ích kỷ,0.0,240,0.0,1.0,0,,"P,P,P,P,P,P,P,P,P,P,P,P,P,P,P,P,P,P,P,P,P,P,P,P,P,P,P,P,P,P","P,P,P,P,P,P,P,P,P,P,P,P,P,P,P,P,P,P,P,P,P,P,P,P,P,P,P,P,P,P",0.9474,1.0,0.4444,Qwen2.5-32B-Instruct,0,game_191
Qwen2.5-32B-Instruct__noise00__game_192,193,2026-02-12T07:58:29.827563,vn,True,30,30,agent1,VLLMQwen32B,một người hợp tác,0.0,60,1.0,0.0,0,,"H,H,H,H,H,H,H,H,H,H,H,H,H,H,H,H,H,H,H,H,H,H,H,H,H,H,H,H,H,H","H,H,H,H,H,H,H,H,H,H,H,H,H,H,H,H,H,H,H,H,H,H,H,H,H,H,H,H,H,H",agent2,VLLMQwen32B,một người hợp tác,0.0,60,1.0,0.0,0,,"H,H,H,H,H,H,H,H,H,H,H,H,H,H,H,H,H,H,H,H,H,H,H,H,H,H,H,H,H,H","H,H,H,H,H,H,H,H,H,H,H,H,H,H,H,H,H,H,H,H,H,H,H,H,H,H,H,H,H,H",0.9474,1.0,0.6111,Qwen2.5-32B-Instruct,0,game_192
Qwen2.5-32B-Instruct__noise00__game_193,194,2026-02-12T08:02:24.256857,vn,True,30,30,agent1,VLLMQwen32B,một người hợp tác,0.0,300,1.0,0.0,0,,"H,H,H,H,H,H,H,H,H,H,H,H,H,H,H,H,H,H,H,H,H,H,H,H,H,H,H,H,H,H","H,H,H,H,H,H,H,H,H,H,H,H,H,H,H,H,H,H,H,H,H,H,H,H,H,H,H,H,H,H",agent2,VLLMQwen32B,một người ích kỷ,0.0,0,0.0,1.0,0,,"P,P,P,P,P,P,P,P,P,P,P,P,P,P,P,P,P,P,P,P,P,P,P,P,P,P,P,P,P,P","P,P,P,P,P,P,P,P,P,P,P,P,P,P,P,P,P,P,P,P,P,P,P,P,P,P,P,P,P,P",0.9737,1.0,0.5556,Qwen2.5-32B-Instruct,0,game_193
Qwen2.5-32B-Instruct__noise00__game_194,195,2026-02-12T08:02:42.858537,vn,True,30,30,agent1,VLLMQwen32B,một người ích kỷ,0.0,0,0.0,1.0,0,,"P,P,P,P,P,P,P,P,P,P,P,P,P,P,P,P,P,P,P,P,P,P,P,P,P,P,P,P,P,P","P,P,P,P,P,P,P,P,P,P,P,P,P,P,P,P,P,P,P,P,P,P,P,P,P,P,P,P,P,P",agent2,VLLMQwen32B,một người hợp tác,0.0,300,1.0,0.0,0,,"H,H,H,H,H,H,H,H,H,H,H,H,H,H,H,H,H,H,H,H,H,H,H,H,H,H,H,H,H,H","H,H,H,H,H,H,H,H,H,H,H,H,H,H,H,H,H,H,H,H,H,H,H,H,H,H,H,H,H,H",0.9737,1.0,0.5,Qwen2.5-32B-Instruct,0,game_194
Qwen2.5-32B-Instruct__noise00__game_196,197,2026-02-12T08:03:32.832217,vn,True,30,30,agent1,VLLMQwen32B,một người hợp tác,0.0,60,1.0,0.0,0,,"H,H,H,H,H,H,H,H,H,H,H,H,H,H,H,H,H,H,H,H,H,H,H,H,H,H,H,H,H,H","H,H,H,H,H,H,H,H,H,H,H,H,H,H,H,H,H,H,H,H,H,H,H,H,H,H,H,H,H,H",agent2,VLLMQwen32B,một người hợp tác,0.0,60,1.0,0.0,0,,"H,H,H,H,H,H,H,H,H,H,H,H,H,H,H,H,H,H,H,H,H,H,H,H,H,H,H,H,H,H","H,H,H,H,H,H,H,H,H,H,H,H,H,H,H,H,H,H,H,H,H,H,H,H,H,H,H,H,H,H",0.9474,1.0,0.6111,Qwen2.5-32B-Instruct,0,game_196
Qwen2.5-32B-Instruct__noise00__game_195,196,2026-02-12T08:03:36.390907,vn,True,30,30,agent1,VLLMQwen32B,một người ích kỷ,0.0,240,0.0,1.0,0,,"P,P,P,P,P,P,P,P,P,P,P,P,P,P,P,P,P,P,P,P,P,P,P,P,P,P,P,P,P,P","P,P,P,P,P,P,P,P,P,P,P,P,P,P,P,P,P,P,P,P,P,P,P,P,P,P,P,P,P,P",agent2,VLLMQwen32B,một người ích kỷ,0.0,240,0.0,1.0,0,,"P,P,P,P,P,P,P,P,P,P,P,P,P,P,P,P,P,P,P,P,P,P,P,P,P,P,P,P,P,P","P,P,P,P,P,P,P,P,P,P,P,P,P,P,P,P,P,P,P,P,P,P,P,P,P,P,P,P,P,P",0.9474,1.0,0.4444,Qwen2.5-32B-Instruct,0,game_195
Qwen2.5-32B-Instruct__noise00__game_197,198,2026-02-12T08:08:02.393426,vn,True,30,30,agent1,VLLMQwen32B,một người hợp tác,0.0,300,1.0,0.0,0,,"H,H,H,H,H,H,H,H,H,H,H,H,H,H,H,H,H,H,H,H,H,H,H,H,H,H,H,H,H,H","H,H,H,H,H,H,H,H,H,H,H,H,H,H,H,H,H,H,H,H,H,H,H,H,H,H,H,H,H,H",agent2,VLLMQwen32B,một người ích kỷ,0.0,0,0.0,1.0,0,,"P,P,P,P,P,P,P,P,P,P,P,P,P,P,P,P,P,P,P,P,P,P,P,P,P,P,P,P,P,P","P,P,P,P,P,P,P,P,P,P,P,P,P,P,P,P,P,P,P,P,P,P,P,P,P,P,P,P,P,P",0.9737,1.0,0.5556,Qwen2.5-32B-Instruct,0,game_197
Qwen2.5-32B-Instruct__noise00__game_198,199,2026-02-12T08:08:19.230241,vn,True,30,30,agent1,VLLMQwen32B,một người ích kỷ,0.0,0,0.0,1.0,0,,"P,P,P,P,P,P,P,P,P,P,P,P,P,P,P,P,P,P,P,P,P,P,P,P,P,P,P,P,P,P","P,P,P,P,P,P,P,P,P,P,P,P,P,P,P,P,P,P,P,P,P,P,P,P,P,P,P,P,P,P",agent2,VLLMQwen32B,một người hợp tác,0.0,300,1.0,0.0,0,,"H,H,H,H,H,H,H,H,H,H,H,H,H,H,H,H,H,H,H,H,H,H,H,H,H,H,H,H,H,H","H,H,H,H,H,H,H,H,H,H,H,H,H,H,H,H,H,H,H,H,H,H,H,H,H,H,H,H,H,H",0.9737,1.0,0.5,Qwen2.5-32B-Instruct,0,game_198
Qwen2.5-32B-Instruct__noise00__game_199,200,2026-02-12T08:08:34.204388,vn,True,30,30,agent1,VLLMQwen32B,một người ích kỷ,0.0,240,0.0,1.0,0,,"P,P,P,P,P,P,P,P,P,P,P,P,P,P,P,P,P,P,P,P,P,P,P,P,P,P,P,P,P,P","P,P,P,P,P,P,P,P,P,P,P,P,P,P,P,P,P,P,P,P,P,P,P,P,P,P,P,P,P,P",agent2,VLLMQwen32B,một người ích kỷ,0.0,240,0.0,1.0,0,,"P,P,P,P,P,P,P,P,P,P,P,P,P,P,P,P,P,P,P,P,P,P,P,P,P,P,P,P,P,P","P,P,P,P,P,P,P,P,P,P,P,P,P,P,P,P,P,P,P,P,P,P,P,P,P,P,P,P,P,P",0.9474,1.0,0.4444,Qwen2.5-32B-Instruct,0,game_199
Qwen2.5-32B-Instruct__noise00__game_200,201,2026-02-12T08:08:41.069177,it,True,30,30,agent1,VLLMQwen32B,cooperativo,0.0,60,1.0,0.0,0,,"C,C,C,C,C,C,C,C,C,C,C,C,C,C,C,C,C,C,C,C,C,C,C,C,C,C,C,C,C,C","C,C,C,C,C,C,C,C,C,C,C,C,C,C,C,C,C,C,C,C,C,C,C,C,C,C,C,C,C,C",agent2,VLLMQwen32B,cooperativo,0.0,60,1.0,0.0,0,,"C,C,C,C,C,C,C,C,C,C,C,C,C,C,C,C,C,C,C,C,C,C,C,C,C,C,C,C,C,C","C,C,C,C,C,C,C,C,C,C,C,C,C,C,C,C,C,C,C,C,C,C,C,C,C,C,C,C,C,C",1.0,1.0,0.5556,Qwen2.5-32B-Instruct,0,game_200
Qwen2.5-32B-Instruct__noise00__game_201,202,2026-02-12T08:12:46.740974,it,True,30,30,agent1,VLLMQwen32B,cooperativo,0.0,246,0.1,0.9,0,,"C,C,C,T,T,T,T,T,T,T,T,T,T,T,T,T,T,T,T,T,T,T,T,T,T,T,T,T,T,T","C,C,C,T,T,T,T,T,T,T,T,T,T,T,T,T,T,T,T,T,T,T,T,T,T,T,T,T,T,T",agent2,VLLMQwen32B,egoista,0.0,216,0.0,1.0,0,,"T,T,T,T,T,T,T,T,T,T,T,T,T,T,T,T,T,T,T,T,T,T,T,T,T,T,T,T,T,T","T,T,T,T,T,T,T,T,T,T,T,T,T,T,T,T,T,T,T,T,T,T,T,T,T,T,T,T,T,T",1.0,1.0,0.1667,Qwen2.5-32B-Instruct,0,game_201
Qwen2.5-32B-Instruct__noise00__game_202,203,2026-02-12T08:13:22.651468,it,True,30,30,agent1,VLLMQwen32B,egoista,0.0,0,0.0,1.0,0,,"T,T,T,T,T,T,T,T,T,T,T,T,T,T,T,T,T,T,T,T,T,T,T,T,T,T,T,T,T,T","T,T,T,T,T,T,T,T,T,T,T,T,T,T,T,T,T,T,T,T,T,T,T,T,T,T,T,T,T,T",agent2,VLLMQwen32B,cooperativo,0.0,300,1.0,0.0,0,,"C,C,C,C,C,C,C,C,C,C,C,C,C,C,C,C,C,C,C,C,C,C,C,C,C,C,C,C,C,C","C,C,C,C,C,C,C,C,C,C,C,C,C,C,C,C,C,C,C,C,C,C,C,C,C,C,C,C,C,C",1.0,1.0,0.5,Qwen2.5-32B-Instruct,0,game_202
Qwen2.5-32B-Instruct__noise00__game_203,204,2026-02-12T08:13:23.289809,it,True,30,30,agent1,VLLMQwen32B,egoista,0.0,240,0.0,1.0,0,,"T,T,T,T,T,T,T,T,T,T,T,T,T,T,T,T,T,T,T,T,T,T,T,T,T,T,T,T,T,T","T,T,T,T,T,T,T,T,T,T,T,T,T,T,T,T,T,T,T,T,T,T,T,T,T,T,T,T,T,T",agent2,VLLMQwen32B,egoista,0.0,240,0.0,1.0,0,,"T,T,T,T,T,T,T,T,T,T,T,T,T,T,T,T,T,T,T,T,T,T,T,T,T,T,T,T,T,T","T,T,T,T,T,T,T,T,T,T,T,T,T,T,T,T,T,T,T,T,T,T,T,T,T,T,T,T,T,T",1.0,1.0,0.5,Qwen2.5-32B-Instruct,0,game_203
Qwen2.5-32B-Instruct__noise00__game_204,205,2026-02-12T08:13:29.765327,it,True,30,30,agent1,VLLMQwen32B,cooperativo,0.0,60,1.0,0.0,0,,"C,C,C,C,C,C,C,C,C,C,C,C,C,C,C,C,C,C,C,C,C,C,C,C,C,C,C,C,C,C","C,C,C,C,C,C,C,C,C,C,C,C,C,C,C,C,C,C,C,C,C,C,C,C,C,C,C,C,C,C",agent2,VLLMQwen32B,cooperativo,0.0,60,1.0,0.0,0,,"C,C,C,C,C,C,C,C,C,C,C,C,C,C,C,C,C,C,C,C,C,C,C,C,C,C,C,C,C,C","C,C,C,C,C,C,C,C,C,C,C,C,C,C,C,C,C,C,C,C,C,C,C,C,C,C,C,C,C,C",1.0,1.0,0.5556,Qwen2.5-32B-Instruct,0,game_204
Qwen2.5-32B-Instruct__noise00__game_205,206,2026-02-12T08:17:30.028101,it,True,30,30,agent1,VLLMQwen32B,cooperativo,0.0,248,0.1333,0.8667,0,,"C,C,C,C,T,T,T,T,T,T,T,T,T,T,T,T,T,T,T,T,T,T,T,T,T,T,T,T,T,T","C,C,C,C,T,T,T,T,T,T,T,T,T,T,T,T,T,T,T,T,T,T,T,T,T,T,T,T,T,T",agent2,VLLMQwen32B,egoista,0.0,208,0.0,1.0,0,,"T,T,T,T,T,T,T,T,T,T,T,T,T,T,T,T,T,T,T,T,T,T,T,T,T,T,T,T,T,T","T,T,T,T,T,T,T,T,T,T,T,T,T,T,T,T,T,T,T,T,T,T,T,T,T,T,T,T,T,T",1.0,1.0,0.2222,Qwen2.5-32B-Instruct,0,game_205
Qwen2.5-32B-Instruct__noise00__game_207,208,2026-02-12T08:18:05.450598,it,True,30,30,agent1,VLLMQwen32B,egoista,0.0,240,0.0,1.0,0,,"T,T,T,T,T,T,T,T,T,T,T,T,T,T,T,T,T,T,T,T,T,T,T,T,T,T,T,T,T,T","T,T,T,T,T,T,T,T,T,T,T,T,T,T,T,T,T,T,T,T,T,T,T,T,T,T,T,T,T,T",agent2,VLLMQwen32B,egoista,0.0,240,0.0,1.0,0,,"T,T,T,T,T,T,T,T,T,T,T,T,T,T,T,T,T,T,T,T,T,T,T,T,T,T,T,T,T,T","T,T,T,T,T,T,T,T,T,T,T,T,T,T,T,T,T,T,T,T,T,T,T,T,T,T,T,T,T,T",1.0,1.0,0.5,Qwen2.5-32B-Instruct,0,game_207
Qwen2.5-32B-Instruct__noise00__game_206,207,2026-02-12T08:18:20.876560,it,True,30,30,agent1,VLLMQwen32B,egoista,0.0,0,0.0,1.0,0,,"T,T,T,T,T,T,T,T,T,T,T,T,T,T,T,T,T,T,T,T,T,T,T,T,T,T,T,T,T,T","T,T,T,T,T,T,T,T,T,T,T,T,T,T,T,T,T,T,T,T,T,T,T,T,T,T,T,T,T,T",agent2,VLLMQwen32B,cooperativo,0.0,300,1.0,0.0,0,,"C,C,C,C,C,C,C,C,C,C,C,C,C,C,C,C,C,C,C,C,C,C,C,C,C,C,C,C,C,C","C,C,C,C,C,C,C,C,C,C,C,C,C,C,C,C,C,C,C,C,C,C,C,C,C,C,C,C,C,C",1.0,1.0,0.5,Qwen2.5-32B-Instruct,0,game_206
Qwen2.5-32B-Instruct__noise00__game_208,209,2026-02-12T08:18:29.431318,it,True,30,30,agent1,VLLMQwen32B,cooperativo,0.0,60,1.0,0.0,0,,"C,C,C,C,C,C,C,C,C,C,C,C,C,C,C,C,C,C,C,C,C,C,C,C,C,C,C,C,C,C","C,C,C,C,C,C,C,C,C,C,C,C,C,C,C,C,C,C,C,C,C,C,C,C,C,C,C,C,C,C",agent2,VLLMQwen32B,cooperativo,0.0,60,1.0,0.0,0,,"C,C,C,C,C,C,C,C,C,C,C,C,C,C,C,C,C,C,C,C,C,C,C,C,C,C,C,C,C,C","C,C,C,C,C,C,C,C,C,C,C,C,C,C,C,C,C,C,C,C,C,C,C,C,C,C,C,C,C,C",1.0,1.0,0.5556,Qwen2.5-32B-Instruct,0,game_208
Qwen2.5-32B-Instruct__noise00__game_210,211,2026-02-12T08:22:32.023233,it,True,30,30,agent1,VLLMQwen32B,egoista,0.0,0,0.0,1.0,0,,"T,T,T,T,T,T,T,T,T,T,T,T,T,T,T,T,T,T,T,T,T,T,T,T,T,T,T,T,T,T","T,T,T,T,T,T,T,T,T,T,T,T,T,T,T,T,T,T,T,T,T,T,T,T,T,T,T,T,T,T",agent2,VLLMQwen32B,cooperativo,0.0,300,1.0,0.0,0,,"C,C,C,C,C,C,C,C,C,C,C,C,C,C,C,C,C,C,C,C,C,C,C,C,C,C,C,C,C,C","C,C,C,C,C,C,C,C,C,C,C,C,C,C,C,C,C,C,C,C,C,C,C,C,C,C,C,C,C,C",1.0,1.0,0.5,Qwen2.5-32B-Instruct,0,game_210
Qwen2.5-32B-Instruct__noise00__game_209,210,2026-02-12T08:22:33.888673,it,True,30,30,agent1,VLLMQwen32B,cooperativo,0.0,300,1.0,0.0,0,,"C,C,C,C,C,C,C,C,C,C,C,C,C,C,C,C,C,C,C,C,C,C,C,C,C,C,C,C,C,C","C,C,C,C,C,C,C,C,C,C,C,C,C,C,C,C,C,C,C,C,C,C,C,C,C,C,C,C,C,C",agent2,VLLMQwen32B,egoista,0.0,0,0.0,1.0,0,,"T,T,T,T,T,T,T,T,T,T,T,T,T,T,T,T,T,T,T,T,T,T,T,T,T,T,T,T,T,T","T,T,T,T,T,T,T,T,T,T,T,T,T,T,T,T,T,T,T,T,T,T,T,T,T,T,T,T,T,T",1.0,1.0,0.5,Qwen2.5-32B-Instruct,0,game_209
Qwen2.5-32B-Instruct__noise00__game_211,212,2026-02-12T08:22:49.256140,it,True,30,30,agent1,VLLMQwen32B,egoista,0.0,240,0.0,1.0,0,,"T,T,T,T,T,T,T,T,T,T,T,T,T,T,T,T,T,T,T,T,T,T,T,T,T,T,T,T,T,T","T,T,T,T,T,T,T,T,T,T,T,T,T,T,T,T,T,T,T,T,T,T,T,T,T,T,T,T,T,T",agent2,VLLMQwen32B,egoista,0.0,240,0.0,1.0,0,,"T,T,T,T,T,T,T,T,T,T,T,T,T,T,T,T,T,T,T,T,T,T,T,T,T,T,T,T,T,T","T,T,T,T,T,T,T,T,T,T,T,T,T,T,T,T,T,T,T,T,T,T,T,T,T,T,T,T,T,T",1.0,1.0,0.5556,Qwen2.5-32B-Instruct,0,game_211
Qwen2.5-32B-Instruct__noise00__game_212,213,2026-02-12T08:23:19.258046,it,True,30,30,agent1,VLLMQwen32B,cooperativo,0.0,60,1.0,0.0,0,,"C,C,C,C,C,C,C,C,C,C,C,C,C,C,C,C,C,C,C,C,C,C,C,C,C,C,C,C,C,C","C,C,C,C,C,C,C,C,C,C,C,C,C,C,C,C,C,C,C,C,C,C,C,C,C,C,C,C,C,C",agent2,VLLMQwen32B,cooperativo,0.0,60,1.0,0.0,0,,"C,C,C,C,C,C,C,C,C,C,C,C,C,C,C,C,C,C,C,C,C,C,C,C,C,C,C,C,C,C","C,C,C,C,C,C,C,C,C,C,C,C,C,C,C,C,C,C,C,C,C,C,C,C,C,C,C,C,C,C",1.0,1.0,0.5556,Qwen2.5-32B-Instruct,0,game_212
Qwen2.5-32B-Instruct__noise00__game_213,214,2026-02-12T08:27:11.976752,it,True,30,30,agent1,VLLMQwen32B,cooperativo,0.0,300,1.0,0.0,0,,"C,C,C,C,C,C,C,C,C,C,C,C,C,C,C,C,C,C,C,C,C,C,C,C,C,C,C,C,C,C","C,C,C,C,C,C,C,C,C,C,C,C,C,C,C,C,C,C,C,C,C,C,C,C,C,C,C,C,C,C",agent2,VLLMQwen32B,egoista,0.0,0,0.0,1.0,0,,"T,T,T,T,T,T,T,T,T,T,T,T,T,T,T,T,T,T,T,T,T,T,T,T,T,T,T,T,T,T","T,T,T,T,T,T,T,T,T,T,T,T,T,T,T,T,T,T,T,T,T,T,T,T,T,T,T,T,T,T",1.0,1.0,0.5,Qwen2.5-32B-Instruct,0,game_213
Qwen2.5-32B-Instruct__noise00__game_214,215,2026-02-12T08:27:21.548994,it,True,30,30,agent1,VLLMQwen32B,egoista,0.0,232,0.0,1.0,0,,"T,T,T,T,T,T,T,T,T,T,T,T,T,T,T,T,T,T,T,T,T,T,T,T,T,T,T,T,T,T","T,T,T,T,T,T,T,T,T,T,T,T,T,T,T,T,T,T,T,T,T,T,T,T,T,T,T,T,T,T",agent2,VLLMQwen32B,cooperativo,0.0,242,0.0333,0.9667,0,,"C,T,T,T,T,T,T,T,T,T,T,T,T,T,T,T,T,T,T,T,T,T,T,T,T,T,T,T,T,T","C,T,T,T,T,T,T,T,T,T,T,T,T,T,T,T,T,T,T,T,T,T,T,T,T,T,T,T,T,T",1.0,1.0,0.2222,Qwen2.5-32B-Instruct,0,game_214
Qwen2.5-32B-Instruct__noise00__game_215,216,2026-02-12T08:27:33.795533,it,True,30,30,agent1,VLLMQwen32B,egoista,0.0,240,0.0,1.0,0,,"T,T,T,T,T,T,T,T,T,T,T,T,T,T,T,T,T,T,T,T,T,T,T,T,T,T,T,T,T,T","T,T,T,T,T,T,T,T,T,T,T,T,T,T,T,T,T,T,T,T,T,T,T,T,T,T,T,T,T,T",agent2,VLLMQwen32B,egoista,0.0,240,0.0,1.0,0,,"T,T,T,T,T,T,T,T,T,T,T,T,T,T,T,T,T,T,T,T,T,T,T,T,T,T,T,T,T,T","T,T,T,T,T,T,T,T,T,T,T,T,T,T,T,T,T,T,T,T,T,T,T,T,T,T,T,T,T,T",1.0,1.0,0.5556,Qwen2.5-32B-Instruct,0,game_215
Qwen2.5-32B-Instruct__noise00__game_216,217,2026-02-12T08:28:20.799985,it,True,30,30,agent1,VLLMQwen32B,cooperativo,0.0,60,1.0,0.0,0,,"C,C,C,C,C,C,C,C,C,C,C,C,C,C,C,C,C,C,C,C,C,C,C,C,C,C,C,C,C,C","C,C,C,C,C,C,C,C,C,C,C,C,C,C,C,C,C,C,C,C,C,C,C,C,C,C,C,C,C,C",agent2,VLLMQwen32B,cooperativo,0.0,60,1.0,0.0,0,,"C,C,C,C,C,C,C,C,C,C,C,C,C,C,C,C,C,C,C,C,C,C,C,C,C,C,C,C,C,C","C,C,C,C,C,C,C,C,C,C,C,C,C,C,C,C,C,C,C,C,C,C,C,C,C,C,C,C,C,C",1.0,1.0,0.5556,Qwen2.5-32B-Instruct,0,game_216
Qwen2.5-32B-Instruct__noise00__game_217,218,2026-02-12T08:32:01.234675,it,True,30,30,agent1,VLLMQwen32B,cooperativo,0.0,244,0.0667,0.9333,0,,"C,C,T,T,T,T,T,T,T,T,T,T,T,T,T,T,T,T,T,T,T,T,T,T,T,T,T,T,T,T","C,C,T,T,T,T,T,T,T,T,T,T,T,T,T,T,T,T,T,T,T,T,T,T,T,T,T,T,T,T",agent2,VLLMQwen32B,egoista,0.0,224,0.0,1.0,0,,"T,T,T,T,T,T,T,T,T,T,T,T,T,T,T,T,T,T,T,T,T,T,T,T,T,T,T,T,T,T","T,T,T,T,T,T,T,T,T,T,T,T,T,T,T,T,T,T,T,T,T,T,T,T,T,T,T,T,T,T",1.0,1.0,0.1667,Qwen2.5-32B-Instruct,0,game_217
Qwen2.5-32B-Instruct__noise00__game_218,219,2026-02-12T08:32:06.170855,it,True,30,30,agent1,VLLMQwen32B,egoista,0.0,232,0.0,1.0,0,,"T,T,T,T,T,T,T,T,T,T,T,T,T,T,T,T,T,T,T,T,T,T,T,T,T,T,T,T,T,T","T,T,T,T,T,T,T,T,T,T,T,T,T,T,T,T,T,T,T,T,T,T,T,T,T,T,T,T,T,T",agent2,VLLMQwen32B,cooperativo,0.0,242,0.0333,0.9667,0,,"C,T,T,T,T,T,T,T,T,T,T,T,T,T,T,T,T,T,T,T,T,T,T,T,T,T,T,T,T,T","C,T,T,T,T,T,T,T,T,T,T,T,T,T,T,T,T,T,T,T,T,T,T,T,T,T,T,T,T,T",1.0,1.0,0.2222,Qwen2.5-32B-Instruct,0,game_218
Qwen2.5-32B-Instruct__noise00__game_219,220,2026-02-12T08:32:11.131084,it,True,30,30,agent1,VLLMQwen32B,egoista,0.0,240,0.0,1.0,0,,"T,T,T,T,T,T,T,T,T,T,T,T,T,T,T,T,T,T,T,T,T,T,T,T,T,T,T,T,T,T","T,T,T,T,T,T,T,T,T,T,T,T,T,T,T,T,T,T,T,T,T,T,T,T,T,T,T,T,T,T",agent2,VLLMQwen32B,egoista,0.0,240,0.0,1.0,0,,"T,T,T,T,T,T,T,T,T,T,T,T,T,T,T,T,T,T,T,T,T,T,T,T,T,T,T,T,T,T","T,T,T,T,T,T,T,T,T,T,T,T,T,T,T,T,T,T,T,T,T,T,T,T,T,T,T,T,T,T",1.0,1.0,0.5,Qwen2.5-32B-Instruct,0,game_219
Qwen2.5-32B-Instruct__noise00__game_220,221,2026-02-12T08:33:20.748418,it,True,30,30,agent1,VLLMQwen32B,cooperativo,0.0,60,1.0,0.0,0,,"C,C,C,C,C,C,C,C,C,C,C,C,C,C,C,C,C,C,C,C,C,C,C,C,C,C,C,C,C,C","C,C,C,C,C,C,C,C,C,C,C,C,C,C,C,C,C,C,C,C,C,C,C,C,C,C,C,C,C,C",agent2,VLLMQwen32B,cooperativo,0.0,60,1.0,0.0,0,,"C,C,C,C,C,C,C,C,C,C,C,C,C,C,C,C,C,C,C,C,C,C,C,C,C,C,C,C,C,C","C,C,C,C,C,C,C,C,C,C,C,C,C,C,C,C,C,C,C,C,C,C,C,C,C,C,C,C,C,C",1.0,1.0,0.5556,Qwen2.5-32B-Instruct,0,game_220
Qwen2.5-32B-Instruct__noise00__game_221,222,2026-02-12T08:36:49.954037,it,True,30,30,agent1,VLLMQwen32B,cooperativo,0.0,260,0.3333,0.6667,0,,"C,C,C,C,C,C,C,C,C,C,T,T,T,T,T,T,T,T,T,T,T,T,T,T,T,T,T,T,T,T","C,C,C,C,C,C,C,C,C,C,T,T,T,T,T,T,T,T,T,T,T,T,T,T,T,T,T,T,T,T",agent2,VLLMQwen32B,egoista,0.0,160,0.0,1.0,0,,"T,T,T,T,T,T,T,T,T,T,T,T,T,T,T,T,T,T,T,T,T,T,T,T,T,T,T,T,T,T","T,T,T,T,T,T,T,T,T,T,T,T,T,T,T,T,T,T,T,T,T,T,T,T,T,T,T,T,T,T",1.0,1.0,0.2778,Qwen2.5-32B-Instruct,0,game_221
Qwen2.5-32B-Instruct__noise00__game_223,224,2026-02-12T08:36:52.177952,it,True,30,30,agent1,VLLMQwen32B,egoista,0.0,240,0.0,1.0,0,,"T,T,T,T,T,T,T,T,T,T,T,T,T,T,T,T,T,T,T,T,T,T,T,T,T,T,T,T,T,T","T,T,T,T,T,T,T,T,T,T,T,T,T,T,T,T,T,T,T,T,T,T,T,T,T,T,T,T,T,T",agent2,VLLMQwen32B,egoista,0.0,240,0.0,1.0,0,,"T,T,T,T,T,T,T,T,T,T,T,T,T,T,T,T,T,T,T,T,T,T,T,T,T,T,T,T,T,T","T,T,T,T,T,T,T,T,T,T,T,T,T,T,T,T,T,T,T,T,T,T,T,T,T,T,T,T,T,T",1.0,1.0,0.5278,Qwen2.5-32B-Instruct,0,game_223
Qwen2.5-32B-Instruct__noise00__game_222,223,2026-02-12T08:37:02.687512,it,True,30,30,agent1,VLLMQwen32B,egoista,0.0,0,0.0,1.0,0,,"T,T,T,T,T,T,T,T,T,T,T,T,T,T,T,T,T,T,T,T,T,T,T,T,T,T,T,T,T,T","T,T,T,T,T,T,T,T,T,T,T,T,T,T,T,T,T,T,T,T,T,T,T,T,T,T,T,T,T,T",agent2,VLLMQwen32B,cooperativo,0.0,300,1.0,0.0,0,,"C,C,C,C,C,C,C,C,C,C,C,C,C,C,C,C,C,C,C,C,C,C,C,C,C,C,C,C,C,C","C,C,C,C,C,C,C,C,C,C,C,C,C,C,C,C,C,C,C,C,C,C,C,C,C,C,C,C,C,C",1.0,1.0,0.5,Qwen2.5-32B-Instruct,0,game_222
Qwen2.5-32B-Instruct__noise00__game_224,225,2026-02-12T08:38:31.338513,it,True,30,30,agent1,VLLMQwen32B,cooperativo,0.0,60,1.0,0.0,0,,"C,C,C,C,C,C,C,C,C,C,C,C,C,C,C,C,C,C,C,C,C,C,C,C,C,C,C,C,C,C","C,C,C,C,C,C,C,C,C,C,C,C,C,C,C,C,C,C,C,C,C,C,C,C,C,C,C,C,C,C",agent2,VLLMQwen32B,cooperativo,0.0,60,1.0,0.0,0,,"C,C,C,C,C,C,C,C,C,C,C,C,C,C,C,C,C,C,C,C,C,C,C,C,C,C,C,C,C,C","C,C,C,C,C,C,C,C,C,C,C,C,C,C,C,C,C,C,C,C,C,C,C,C,C,C,C,C,C,C",1.0,1.0,0.5556,Qwen2.5-32B-Instruct,0,game_224
Qwen2.5-32B-Instruct__noise00__game_225,226,2026-02-12T08:41:42.921649,it,True,30,30,agent1,VLLMQwen32B,cooperativo,0.0,300,1.0,0.0,0,,"C,C,C,C,C,C,C,C,C,C,C,C,C,C,C,C,C,C,C,C,C,C,C,C,C,C,C,C,C,C","C,C,C,C,C,C,C,C,C,C,C,C,C,C,C,C,C,C,C,C,C,C,C,C,C,C,C,C,C,C",agent2,VLLMQwen32B,egoista,0.0,0,0.0,1.0,0,,"T,T,T,T,T,T,T,T,T,T,T,T,T,T,T,T,T,T,T,T,T,T,T,T,T,T,T,T,T,T","T,T,T,T,T,T,T,T,T,T,T,T,T,T,T,T,T,T,T,T,T,T,T,T,T,T,T,T,T,T",1.0,1.0,0.5,Qwen2.5-32B-Instruct,0,game_225
Qwen2.5-32B-Instruct__noise00__game_226,227,2026-02-12T08:41:46.750599,it,True,30,30,agent1,VLLMQwen32B,egoista,0.0,0,0.0,1.0,0,,"T,T,T,T,T,T,T,T,T,T,T,T,T,T,T,T,T,T,T,T,T,T,T,T,T,T,T,T,T,T","T,T,T,T,T,T,T,T,T,T,T,T,T,T,T,T,T,T,T,T,T,T,T,T,T,T,T,T,T,T",agent2,VLLMQwen32B,cooperativo,0.0,300,1.0,0.0,0,,"C,C,C,C,C,C,C,C,C,C,C,C,C,C,C,C,C,C,C,C,C,C,C,C,C,C,C,C,C,C","C,C,C,C,C,C,C,C,C,C,C,C,C,C,C,C,C,C,C,C,C,C,C,C,C,C,C,C,C,C",1.0,1.0,0.5,Qwen2.5-32B-Instruct,0,game_226
Qwen2.5-32B-Instruct__noise00__game_227,228,2026-02-12T08:41:48.904046,it,True,30,30,agent1,VLLMQwen32B,egoista,0.0,240,0.0,1.0,0,,"T,T,T,T,T,T,T,T,T,T,T,T,T,T,T,T,T,T,T,T,T,T,T,T,T,T,T,T,T,T","T,T,T,T,T,T,T,T,T,T,T,T,T,T,T,T,T,T,T,T,T,T,T,T,T,T,T,T,T,T",agent2,VLLMQwen32B,egoista,0.0,240,0.0,1.0,0,,"T,T,T,T,T,T,T,T,T,T,T,T,T,T,T,T,T,T,T,T,T,T,T,T,T,T,T,T,T,T","T,T,T,T,T,T,T,T,T,T,T,T,T,T,T,T,T,T,T,T,T,T,T,T,T,T,T,T,T,T",1.0,1.0,0.5,Qwen2.5-32B-Instruct,0,game_227
Qwen2.5-32B-Instruct__noise00__game_228,229,2026-02-12T08:43:35.129525,it,True,30,30,agent1,VLLMQwen32B,cooperativo,0.0,60,1.0,0.0,0,,"C,C,C,C,C,C,C,C,C,C,C,C,C,C,C,C,C,C,C,C,C,C,C,C,C,C,C,C,C,C","C,C,C,C,C,C,C,C,C,C,C,C,C,C,C,C,C,C,C,C,C,C,C,C,C,C,C,C,C,C",agent2,VLLMQwen32B,cooperativo,0.0,60,1.0,0.0,0,,"C,C,C,C,C,C,C,C,C,C,C,C,C,C,C,C,C,C,C,C,C,C,C,C,C,C,C,C,C,C","C,C,C,C,C,C,C,C,C,C,C,C,C,C,C,C,C,C,C,C,C,C,C,C,C,C,C,C,C,C",1.0,1.0,0.5278,Qwen2.5-32B-Instruct,0,game_228
Qwen2.5-32B-Instruct__noise00__game_229,230,2026-02-12T08:46:31.130113,it,True,30,30,agent1,VLLMQwen32B,cooperativo,0.0,300,1.0,0.0,0,,"C,C,C,C,C,C,C,C,C,C,C,C,C,C,C,C,C,C,C,C,C,C,C,C,C,C,C,C,C,C","C,C,C,C,C,C,C,C,C,C,C,C,C,C,C,C,C,C,C,C,C,C,C,C,C,C,C,C,C,C",agent2,VLLMQwen32B,egoista,0.0,0,0.0,1.0,0,,"T,T,T,T,T,T,T,T,T,T,T,T,T,T,T,T,T,T,T,T,T,T,T,T,T,T,T,T,T,T","T,T,T,T,T,T,T,T,T,T,T,T,T,T,T,T,T,T,T,T,T,T,T,T,T,T,T,T,T,T",1.0,1.0,0.5,Qwen2.5-32B-Instruct,0,game_229
Qwen2.5-32B-Instruct__noise00__game_231,232,2026-02-12T08:46:33.767448,it,True,30,30,agent1,VLLMQwen32B,egoista,0.0,240,0.0,1.0,0,,"T,T,T,T,T,T,T,T,T,T,T,T,T,T,T,T,T,T,T,T,T,T,T,T,T,T,T,T,T,T","T,T,T,T,T,T,T,T,T,T,T,T,T,T,T,T,T,T,T,T,T,T,T,T,T,T,T,T,T,T",agent2,VLLMQwen32B,egoista,0.0,240,0.0,1.0,0,,"T,T,T,T,T,T,T,T,T,T,T,T,T,T,T,T,T,T,T,T,T,T,T,T,T,T,T,T,T,T","T,T,T,T,T,T,T,T,T,T,T,T,T,T,T,T,T,T,T,T,T,T,T,T,T,T,T,T,T,T",1.0,1.0,0.5,Qwen2.5-32B-Instruct,0,game_231
Qwen2.5-32B-Instruct__noise00__game_230,231,2026-02-12T08:46:49.376625,it,True,30,30,agent1,VLLMQwen32B,egoista,0.0,0,0.0,1.0,0,,"T,T,T,T,T,T,T,T,T,T,T,T,T,T,T,T,T,T,T,T,T,T,T,T,T,T,T,T,T,T","T,T,T,T,T,T,T,T,T,T,T,T,T,T,T,T,T,T,T,T,T,T,T,T,T,T,T,T,T,T",agent2,VLLMQwen32B,cooperativo,0.0,300,1.0,0.0,0,,"C,C,C,C,C,C,C,C,C,C,C,C,C,C,C,C,C,C,C,C,C,C,C,C,C,C,C,C,C,C","C,C,C,C,C,C,C,C,C,C,C,C,C,C,C,C,C,C,C,C,C,C,C,C,C,C,C,C,C,C",1.0,1.0,0.5,Qwen2.5-32B-Instruct,0,game_230
Qwen2.5-32B-Instruct__noise00__game_232,233,2026-02-12T08:48:38.831154,it,True,30,30,agent1,VLLMQwen32B,cooperativo,0.0,60,1.0,0.0,0,,"C,C,C,C,C,C,C,C,C,C,C,C,C,C,C,C,C,C,C,C,C,C,C,C,C,C,C,C,C,C","C,C,C,C,C,C,C,C,C,C,C,C,C,C,C,C,C,C,C,C,C,C,C,C,C,C,C,C,C,C",agent2,VLLMQwen32B,cooperativo,0.0,60,1.0,0.0,0,,"C,C,C,C,C,C,C,C,C,C,C,C,C,C,C,C,C,C,C,C,C,C,C,C,C,C,C,C,C,C","C,C,C,C,C,C,C,C,C,C,C,C,C,C,C,C,C,C,C,C,C,C,C,C,C,C,C,C,C,C",1.0,1.0,0.5556,Qwen2.5-32B-Instruct,0,game_232
Qwen2.5-32B-Instruct__noise00__game_233,234,2026-02-12T08:51:15.978169,it,True,30,30,agent1,VLLMQwen32B,cooperativo,0.0,300,1.0,0.0,0,,"C,C,C,C,C,C,C,C,C,C,C,C,C,C,C,C,C,C,C,C,C,C,C,C,C,C,C,C,C,C","C,C,C,C,C,C,C,C,C,C,C,C,C,C,C,C,C,C,C,C,C,C,C,C,C,C,C,C,C,C",agent2,VLLMQwen32B,egoista,0.0,0,0.0,1.0,0,,"T,T,T,T,T,T,T,T,T,T,T,T,T,T,T,T,T,T,T,T,T,T,T,T,T,T,T,T,T,T","T,T,T,T,T,T,T,T,T,T,T,T,T,T,T,T,T,T,T,T,T,T,T,T,T,T,T,T,T,T",1.0,1.0,0.5,Qwen2.5-32B-Instruct,0,game_233
Qwen2.5-32B-Instruct__noise00__game_234,235,2026-02-12T08:51:28.405398,it,True,30,30,agent1,VLLMQwen32B,egoista,0.0,0,0.0,1.0,0,,"T,T,T,T,T,T,T,T,T,T,T,T,T,T,T,T,T,T,T,T,T,T,T,T,T,T,T,T,T,T","T,T,T,T,T,T,T,T,T,T,T,T,T,T,T,T,T,T,T,T,T,T,T,T,T,T,T,T,T,T",agent2,VLLMQwen32B,cooperativo,0.0,300,1.0,0.0,0,,"C,C,C,C,C,C,C,C,C,C,C,C,C,C,C,C,C,C,C,C,C,C,C,C,C,C,C,C,C,C","C,C,C,C,C,C,C,C,C,C,C,C,C,C,C,C,C,C,C,C,C,C,C,C,C,C,C,C,C,C",1.0,1.0,0.5,Qwen2.5-32B-Instruct,0,game_234
Qwen2.5-32B-Instruct__noise00__game_235,236,2026-02-12T08:51:49.198900,it,True,30,30,agent1,VLLMQwen32B,egoista,0.0,240,0.0,1.0,0,,"T,T,T,T,T,T,T,T,T,T,T,T,T,T,T,T,T,T,T,T,T,T,T,T,T,T,T,T,T,T","T,T,T,T,T,T,T,T,T,T,T,T,T,T,T,T,T,T,T,T,T,T,T,T,T,T,T,T,T,T",agent2,VLLMQwen32B,egoista,0.0,240,0.0,1.0,0,,"T,T,T,T,T,T,T,T,T,T,T,T,T,T,T,T,T,T,T,T,T,T,T,T,T,T,T,T,T,T","T,T,T,T,T,T,T,T,T,T,T,T,T,T,T,T,T,T,T,T,T,T,T,T,T,T,T,T,T,T",1.0,1.0,0.5,Qwen2.5-32B-Instruct,0,game_235
Qwen2.5-32B-Instruct__noise00__game_236,237,2026-02-12T08:53:32.507395,it,True,30,30,agent1,VLLMQwen32B,cooperativo,0.0,60,1.0,0.0,0,,"C,C,C,C,C,C,C,C,C,C,C,C,C,C,C,C,C,C,C,C,C,C,C,C,C,C,C,C,C,C","C,C,C,C,C,C,C,C,C,C,C,C,C,C,C,C,C,C,C,C,C,C,C,C,C,C,C,C,C,C",agent2,VLLMQwen32B,cooperativo,0.0,60,1.0,0.0,0,,"C,C,C,C,C,C,C,C,C,C,C,C,C,C,C,C,C,C,C,C,C,C,C,C,C,C,C,C,C,C","C,C,C,C,C,C,C,C,C,C,C,C,C,C,C,C,C,C,C,C,C,C,C,C,C,C,C,C,C,C",1.0,1.0,0.5556,Qwen2.5-32B-Instruct,0,game_236
Qwen2.5-32B-Instruct__noise00__game_237,238,2026-02-12T08:56:15.762604,it,True,30,30,agent1,VLLMQwen32B,cooperativo,0.0,260,0.3333,0.6667,0,,"C,C,C,C,C,C,C,C,C,C,T,T,T,T,T,T,T,T,T,T,T,T,T,T,T,T,T,T,T,T","C,C,C,C,C,C,C,C,C,C,T,T,T,T,T,T,T,T,T,T,T,T,T,T,T,T,T,T,T,T",agent2,VLLMQwen32B,egoista,0.0,160,0.0,1.0,0,,"T,T,T,T,T,T,T,T,T,T,T,T,T,T,T,T,T,T,T,T,T,T,T,T,T,T,T,T,T,T","T,T,T,T,T,T,T,T,T,T,T,T,T,T,T,T,T,T,T,T,T,T,T,T,T,T,T,T,T,T",1.0,1.0,0.3056,Qwen2.5-32B-Instruct,0,game_237
Qwen2.5-32B-Instruct__noise00__game_239,240,2026-02-12T08:56:24.896048,it,True,30,30,agent1,VLLMQwen32B,egoista,0.0,240,0.0,1.0,0,,"T,T,T,T,T,T,T,T,T,T,T,T,T,T,T,T,T,T,T,T,T,T,T,T,T,T,T,T,T,T","T,T,T,T,T,T,T,T,T,T,T,T,T,T,T,T,T,T,T,T,T,T,T,T,T,T,T,T,T,T",agent2,VLLMQwen32B,egoista,0.0,240,0.0,1.0,0,,"T,T,T,T,T,T,T,T,T,T,T,T,T,T,T,T,T,T,T,T,T,T,T,T,T,T,T,T,T,T","T,T,T,T,T,T,T,T,T,T,T,T,T,T,T,T,T,T,T,T,T,T,T,T,T,T,T,T,T,T",1.0,1.0,0.5,Qwen2.5-32B-Instruct,0,game_239
Qwen2.5-32B-Instruct__noise00__game_238,239,2026-02-12T08:56:25.499630,it,True,30,30,agent1,VLLMQwen32B,egoista,0.0,0,0.0,1.0,0,,"T,T,T,T,T,T,T,T,T,T,T,T,T,T,T,T,T,T,T,T,T,T,T,T,T,T,T,T,T,T","T,T,T,T,T,T,T,T,T,T,T,T,T,T,T,T,T,T,T,T,T,T,T,T,T,T,T,T,T,T",agent2,VLLMQwen32B,cooperativo,0.0,300,1.0,0.0,0,,"C,C,C,C,C,C,C,C,C,C,C,C,C,C,C,C,C,C,C,C,C,C,C,C,C,C,C,C,C,C","C,C,C,C,C,C,C,C,C,C,C,C,C,C,C,C,C,C,C,C,C,C,C,C,C,C,C,C,C,C",1.0,1.0,0.5,Qwen2.5-32B-Instruct,0,game_238
Qwen2.5-32B-Instruct__noise05__game_1,2,2026-02-12T04:16:15.235811,en,True,30,30,agent1,VLLMQwen32B,cooperative,0.05,296,0.9333,0.0667,2,"8,26","C,C,C,C,C,C,C,D,C,C,C,C,C,C,C,C,C,C,C,C,C,C,C,C,C,D,C,C,C,C","C,C,C,C,C,C,C,C,C,C,C,C,C,C,C,C,C,C,C,C,C,C,C,C,C,C,C,C,C,C",agent2,VLLMQwen32B,selfish,0.05,16,0.0,1.0,0,,"D,D,D,D,D,D,D,D,D,D,D,D,D,D,D,D,D,D,D,D,D,D,D,D,D,D,D,D,D,D","D,D,D,D,D,D,D,D,D,D,D,D,D,D,D,D,D,D,D,D,D,D,D,D,D,D,D,D,D,D",1.0,1.0,0.2222,Qwen2.5-32B-Instruct,5,game_1
Qwen2.5-32B-Instruct__noise05__game_3,4,2026-02-12T04:16:17.428845,en,True,30,30,agent1,VLLMQwen32B,selfish,0.05,244,0.0667,0.9333,2,"5,6","D,D,D,D,C,C,D,D,D,D,D,D,D,D,D,D,D,D,D,D,D,D,D,D,D,D,D,D,D,D","D,D,D,D,D,D,D,D,D,D,D,D,D,D,D,D,D,D,D,D,D,D,D,D,D,D,D,D,D,D",agent2,VLLMQwen32B,selfish,0.05,224,0.0,1.0,0,,"D,D,D,D,D,D,D,D,D,D,D,D,D,D,D,D,D,D,D,D,D,D,D,D,D,D,D,D,D,D","D,D,D,D,D,D,D,D,D,D,D,D,D,D,D,D,D,D,D,D,D,D,D,D,D,D,D,D,D,D",1.0,1.0,0.1944,Qwen2.5-32B-Instruct,5,game_3
Qwen2.5-32B-Instruct__noise05__game_2,3,2026-02-12T04:16:22.042825,en,True,30,30,agent1,VLLMQwen32B,selfish,0.05,16,0.0,1.0,0,,"D,D,D,D,D,D,D,D,D,D,D,D,D,D,D,D,D,D,D,D,D,D,D,D,D,D,D,D,D,D","D,D,D,D,D,D,D,D,D,D,D,D,D,D,D,D,D,D,D,D,D,D,D,D,D,D,D,D,D,D",agent2,VLLMQwen32B,cooperative,0.05,296,0.9333,0.0667,2,"14,15","C,C,C,C,C,C,C,C,C,C,C,C,C,D,D,C,C,C,C,C,C,C,C,C,C,C,C,C,C,C","C,C,C,C,C,C,C,C,C,C,C,C,C,C,C,C,C,C,C,C,C,C,C,C,C,C,C,C,C,C",1.0,1.0,0.3056,Qwen2.5-32B-Instruct,5,game_2
Qwen2.5-32B-Instruct__noise05__game_0,1,2026-02-12T04:16:25.509012,en,True,30,30,agent1,VLLMQwen32B,cooperative,0.05,64,0.9333,0.0667,2,"21,24","C,C,C,C,C,C,C,C,C,C,C,C,C,C,C,C,C,C,C,C,D,C,C,D,C,C,C,C,C,C","C,C,C,C,C,C,C,C,C,C,C,C,C,C,C,C,C,C,C,C,C,C,C,C,C,C,C,C,C,C",agent2,VLLMQwen32B,cooperative,0.05,74,0.9667,0.0333,1,4,"C,C,C,D,C,C,C,C,C,C,C,C,C,C,C,C,C,C,C,C,C,C,C,C,C,C,C,C,C,C","C,C,C,C,C,C,C,C,C,C,C,C,C,C,C,C,C,C,C,C,C,C,C,C,C,C,C,C,C,C",1.0,1.0,0.1111,Qwen2.5-32B-Instruct,5,game_0
Qwen2.5-32B-Instruct__noise05__game_4,5,2026-02-12T04:20:24.863225,en,True,30,30,agent1,VLLMQwen32B,cooperative,0.05,80,0.9333,0.0667,2,"19,26","C,C,C,C,C,C,C,C,C,C,C,C,C,C,C,C,C,C,D,C,C,C,C,C,C,D,C,C,C,C","C,C,C,C,C,C,C,C,C,C,C,C,C,C,C,C,C,C,C,C,C,C,C,C,C,C,C,C,C,C",agent2,VLLMQwen32B,cooperative,0.05,70,0.9,0.1,3,"7,8,22","C,C,C,C,C,C,D,D,C,C,C,C,C,C,C,C,C,C,C,C,C,D,C,C,C,C,C,C,C,C","C,C,C,C,C,C,C,C,C,C,C,C,C,C,C,C,C,C,C,C,C,C,C,C,C,C,C,C,C,C",1.0,1.0,0.1944,Qwen2.5-32B-Instruct,5,game_4
Qwen2.5-32B-Instruct__noise05__game_6,7,2026-02-12T04:20:32.513715,en,True,30,30,agent1,VLLMQwen32B,selfish,0.05,216,0.0,1.0,0,,"D,D,D,D,D,D,D,D,D,D,D,D,D,D,D,D,D,D,D,D,D,D,D,D,D,D,D,D,D,D","D,D,D,D,D,D,D,D,D,D,D,D,D,D,D,D,D,D,D,D,D,D,D,D,D,D,D,D,D,D",agent2,VLLMQwen32B,cooperative,0.05,246,0.1,0.9,1,10,"C,D,C,D,D,D,D,D,D,C,D,D,D,D,D,D,D,D,D,D,D,D,D,D,D,D,D,D,D,D","C,D,C,D,D,D,D,D,D,D,D,D,D,D,D,D,D,D,D,D,D,D,D,D,D,D,D,D,D,D",1.0,1.0,0.2222,Qwen2.5-32B-Instruct,5,game_6
Qwen2.5-32B-Instruct__noise05__game_5,6,2026-02-12T04:20:36.079282,en,True,30,30,agent1,VLLMQwen32B,cooperative,0.05,282,0.9667,0.0333,1,22,"C,C,C,C,C,C,C,C,C,C,C,C,C,C,C,C,C,C,C,C,C,D,C,C,C,C,C,C,C,C","C,C,C,C,C,C,C,C,C,C,C,C,C,C,C,C,C,C,C,C,C,C,C,C,C,C,C,C,C,C",agent2,VLLMQwen32B,selfish,0.05,12,0.0667,0.9333,2,"2,5","D,C,D,D,C,D,D,D,D,D,D,D,D,D,D,D,D,D,D,D,D,D,D,D,D,D,D,D,D,D","D,D,D,D,D,D,D,D,D,D,D,D,D,D,D,D,D,D,D,D,D,D,D,D,D,D,D,D,D,D",1.0,1.0,0.1111,Qwen2.5-32B-Instruct,5,game_5
Qwen2.5-32B-Instruct__noise05__game_7,8,2026-02-12T04:20:50.688030,en,True,30,30,agent1,VLLMQwen32B,selfish,0.05,234,0.0333,0.9667,1,10,"D,D,D,D,D,D,D,D,D,C,D,D,D,D,D,D,D,D,D,D,D,D,D,D,D,D,D,D,D,D","D,D,D,D,D,D,D,D,D,D,D,D,D,D,D,D,D,D,D,D,D,D,D,D,D,D,D,D,D,D",agent2,VLLMQwen32B,selfish,0.05,234,0.0333,0.9667,1,17,"D,D,D,D,D,D,D,D,D,D,D,D,D,D,D,D,C,D,D,D,D,D,D,D,D,D,D,D,D,D","D,D,D,D,D,D,D,D,D,D,D,D,D,D,D,D,D,D,D,D,D,D,D,D,D,D,D,D,D,D",1.0,1.0,0.1667,Qwen2.5-32B-Instruct,5,game_7
Qwen2.5-32B-Instruct__noise05__game_8,9,2026-02-12T04:24:43.739141,en,True,30,30,agent1,VLLMQwen32B,cooperative,0.05,66,0.9667,0.0333,1,21,"C,C,C,C,C,C,C,C,C,C,C,C,C,C,C,C,C,C,C,C,D,C,C,C,C,C,C,C,C,C","C,C,C,C,C,C,C,C,C,C,C,C,C,C,C,C,C,C,C,C,C,C,C,C,C,C,C,C,C,C",agent2,VLLMQwen32B,cooperative,0.05,66,0.9667,0.0333,1,22,"C,C,C,C,C,C,C,C,C,C,C,C,C,C,C,C,C,C,C,C,C,D,C,C,C,C,C,C,C,C","C,C,C,C,C,C,C,C,C,C,C,C,C,C,C,C,C,C,C,C,C,C,C,C,C,C,C,C,C,C",1.0,1.0,0.2778,Qwen2.5-32B-Instruct,5,game_8
Qwen2.5-32B-Instruct__noise05__game_10,11,2026-02-12T04:24:55.809515,en,True,30,30,agent1,VLLMQwen32B,selfish,0.05,228,0.0667,0.9333,2,"17,23","D,D,D,D,D,D,D,D,D,D,D,D,D,D,D,D,C,D,D,D,D,D,C,D,D,D,D,D,D,D","D,D,D,D,D,D,D,D,D,D,D,D,D,D,D,D,D,D,D,D,D,D,D,D,D,D,D,D,D,D",agent2,VLLMQwen32B,cooperative,0.05,228,0.0667,0.9333,1,21,"C,D,D,D,D,D,D,D,D,D,D,D,D,D,D,D,D,D,D,D,C,D,D,D,D,D,D,D,D,D","C,D,D,D,D,D,D,D,D,D,D,D,D,D,D,D,D,D,D,D,D,D,D,D,D,D,D,D,D,D",1.0,1.0,0.1111,Qwen2.5-32B-Instruct,5,game_10
Qwen2.5-32B-Instruct__noise05__game_9,10,2026-02-12T04:24:56.731479,en,True,30,30,agent1,VLLMQwen32B,cooperative,0.05,262,0.3667,0.6333,3,"4,12,14","C,C,C,D,C,D,D,D,D,D,D,C,D,C,D,D,D,D,D,D,D,D,C,D,C,D,C,C,C,D","C,C,C,C,C,D,D,D,D,D,D,D,D,D,D,D,D,D,D,D,D,D,C,D,C,D,C,C,C,D",agent2,VLLMQwen32B,selfish,0.05,152,0.0,1.0,0,,"D,D,D,D,D,D,D,D,D,D,D,D,D,D,D,D,D,D,D,D,D,D,D,D,D,D,D,D,D,D","D,D,D,D,D,D,D,D,D,D,D,D,D,D,D,D,D,D,D,D,D,D,D,D,D,D,D,D,D,D",1.0,1.0,0.1667,Qwen2.5-32B-Instruct,5,game_9
Qwen2.5-32B-Instruct__noise05__game_11,12,2026-02-12T04:25:12.936488,en,True,30,30,agent1,VLLMQwen32B,selfish,0.05,234,0.0333,0.9667,1,12,"D,D,D,D,D,D,D,D,D,D,D,C,D,D,D,D,D,D,D,D,D,D,D,D,D,D,D,D,D,D","D,D,D,D,D,D,D,D,D,D,D,D,D,D,D,D,D,D,D,D,D,D,D,D,D,D,D,D,D,D",agent2,VLLMQwen32B,selfish,0.05,234,0.0333,0.9667,1,21,"D,D,D,D,D,D,D,D,D,D,D,D,D,D,D,D,D,D,D,D,C,D,D,D,D,D,D,D,D,D","D,D,D,D,D,D,D,D,D,D,D,D,D,D,D,D,D,D,D,D,D,D,D,D,D,D,D,D,D,D",1.0,1.0,0.1667,Qwen2.5-32B-Instruct,5,game_11
Qwen2.5-32B-Instruct__noise05__game_12,13,2026-02-12T04:28:57.678067,en,True,30,30,agent1,VLLMQwen32B,cooperative,0.05,64,0.9333,0.0667,2,"1,4","D,C,C,D,C,C,C,C,C,C,C,C,C,C,C,C,C,C,C,C,C,C,C,C,C,C,C,C,C,C","C,C,C,C,C,C,C,C,C,C,C,C,C,C,C,C,C,C,C,C,C,C,C,C,C,C,C,C,C,C",agent2,VLLMQwen32B,cooperative,0.05,74,0.9667,0.0333,1,2,"C,D,C,C,C,C,C,C,C,C,C,C,C,C,C,C,C,C,C,C,C,C,C,C,C,C,C,C,C,C","C,C,C,C,C,C,C,C,C,C,C,C,C,C,C,C,C,C,C,C,C,C,C,C,C,C,C,C,C,C",1.0,1.0,0.0,Qwen2.5-32B-Instruct,5,game_12
Qwen2.5-32B-Instruct__noise05__game_13,14,2026-02-12T04:29:10.105429,en,True,30,30,agent1,VLLMQwen32B,cooperative,0.05,288,0.9333,0.0667,2,"10,11","C,C,C,C,C,C,C,C,C,D,D,C,C,C,C,C,C,C,C,C,C,C,C,C,C,C,C,C,C,C","C,C,C,C,C,C,C,C,C,C,C,C,C,C,C,C,C,C,C,C,C,C,C,C,C,C,C,C,C,C",agent2,VLLMQwen32B,selfish,0.05,18,0.0333,0.9667,1,10,"D,D,D,D,D,D,D,D,D,C,D,D,D,D,D,D,D,D,D,D,D,D,D,D,D,D,D,D,D,D","D,D,D,D,D,D,D,D,D,D,D,D,D,D,D,D,D,D,D,D,D,D,D,D,D,D,D,D,D,D",1.0,1.0,0.1111,Qwen2.5-32B-Instruct,5,game_13
Qwen2.5-32B-Instruct__noise05__game_14,15,2026-02-12T04:29:15.140280,en,True,30,30,agent1,VLLMQwen32B,selfish,0.05,18,0.0333,0.9667,1,11,"D,D,D,D,D,D,D,D,D,D,C,D,D,D,D,D,D,D,D,D,D,D,D,D,D,D,D,D,D,D","D,D,D,D,D,D,D,D,D,D,D,D,D,D,D,D,D,D,D,D,D,D,D,D,D,D,D,D,D,D",agent2,VLLMQwen32B,cooperative,0.05,288,0.9333,0.0667,1,24,"C,D,C,C,C,C,C,C,C,C,C,C,C,C,C,C,C,C,C,C,C,C,C,D,C,C,C,C,C,C","C,D,C,C,C,C,C,C,C,C,C,C,C,C,C,C,C,C,C,C,C,C,C,C,C,C,C,C,C,C",1.0,1.0,0.0556,Qwen2.5-32B-Instruct,5,game_14
Qwen2.5-32B-Instruct__noise05__game_15,16,2026-02-12T04:29:45.515231,en,True,30,30,agent1,VLLMQwen32B,selfish,0.05,238,0.1,0.9,3,"2,12,28","D,C,D,D,D,D,D,D,D,D,D,C,D,D,D,D,D,D,D,D,D,D,D,D,D,D,D,C,D,D","D,D,D,D,D,D,D,D,D,D,D,D,D,D,D,D,D,D,D,D,D,D,D,D,D,D,D,D,D,D",agent2,VLLMQwen32B,selfish,0.05,218,0.0333,0.9667,1,28,"D,D,D,D,D,D,D,D,D,D,D,D,D,D,D,D,D,D,D,D,D,D,D,D,D,D,D,C,D,D","D,D,D,D,D,D,D,D,D,D,D,D,D,D,D,D,D,D,D,D,D,D,D,D,D,D,D,D,D,D",1.0,1.0,0.1667,Qwen2.5-32B-Instruct,5,game_15
Qwen2.5-32B-Instruct__noise05__game_16,17,2026-02-12T04:33:21.721358,en,True,30,30,agent1,VLLMQwen32B,cooperative,0.05,60,1.0,0.0,0,,"C,C,C,C,C,C,C,C,C,C,C,C,C,C,C,C,C,C,C,C,C,C,C,C,C,C,C,C,C,C","C,C,C,C,C,C,C,C,C,C,C,C,C,C,C,C,C,C,C,C,C,C,C,C,C,C,C,C,C,C",agent2,VLLMQwen32B,cooperative,0.05,60,1.0,0.0,0,,"C,C,C,C,C,C,C,C,C,C,C,C,C,C,C,C,C,C,C,C,C,C,C,C,C,C,C,C,C,C","C,C,C,C,C,C,C,C,C,C,C,C,C,C,C,C,C,C,C,C,C,C,C,C,C,C,C,C,C,C",1.0,1.0,0.6111,Qwen2.5-32B-Instruct,5,game_16
Qwen2.5-32B-Instruct__noise05__game_17,18,2026-02-12T04:33:23.483868,en,True,30,30,agent1,VLLMQwen32B,cooperative,0.05,284,1.0,0.0,0,,"C,C,C,C,C,C,C,C,C,C,C,C,C,C,C,C,C,C,C,C,C,C,C,C,C,C,C,C,C,C","C,C,C,C,C,C,C,C,C,C,C,C,C,C,C,C,C,C,C,C,C,C,C,C,C,C,C,C,C,C",agent2,VLLMQwen32B,selfish,0.05,4,0.0667,0.9333,2,"4,6","D,D,D,C,D,C,D,D,D,D,D,D,D,D,D,D,D,D,D,D,D,D,D,D,D,D,D,D,D,D","D,D,D,D,D,D,D,D,D,D,D,D,D,D,D,D,D,D,D,D,D,D,D,D,D,D,D,D,D,D",1.0,1.0,0.1944,Qwen2.5-32B-Instruct,5,game_17
Qwen2.5-32B-Instruct__noise05__game_18,19,2026-02-12T04:33:43.663076,en,True,30,30,agent1,VLLMQwen32B,selfish,0.05,184,0.0,1.0,0,,"D,D,D,D,D,D,D,D,D,D,D,D,D,D,D,D,D,D,D,D,D,D,D,D,D,D,D,D,D,D","D,D,D,D,D,D,D,D,D,D,D,D,D,D,D,D,D,D,D,D,D,D,D,D,D,D,D,D,D,D",agent2,VLLMQwen32B,cooperative,0.05,254,0.2333,0.7667,4,"9,12,13,30","C,D,D,D,D,D,D,D,C,D,D,C,C,D,D,D,D,D,D,D,D,D,D,D,D,D,C,C,C,D","C,D,D,D,D,D,D,D,D,D,D,D,D,D,D,D,D,D,D,D,D,D,D,D,D,D,C,C,C,C",1.0,1.0,0.2222,Qwen2.5-32B-Instruct,5,game_18
Qwen2.5-32B-Instruct__noise05__game_19,20,2026-02-12T04:34:18.629184,en,True,30,30,agent1,VLLMQwen32B,selfish,0.05,236,0.0667,0.9333,2,"1,2","C,C,D,D,D,D,D,D,D,D,D,D,D,D,D,D,D,D,D,D,D,D,D,D,D,D,D,D,D,D","D,D,D,D,D,D,D,D,D,D,D,D,D,D,D,D,D,D,D,D,D,D,D,D,D,D,D,D,D,D",agent2,VLLMQwen32B,selfish,0.05,226,0.0333,0.9667,1,25,"D,D,D,D,D,D,D,D,D,D,D,D,D,D,D,D,D,D,D,D,D,D,D,D,C,D,D,D,D,D","D,D,D,D,D,D,D,D,D,D,D,D,D,D,D,D,D,D,D,D,D,D,D,D,D,D,D,D,D,D",1.0,1.0,0.1111,Qwen2.5-32B-Instruct,5,game_19
Qwen2.5-32B-Instruct__noise05__game_20,21,2026-02-12T04:37:31.302538,en,True,30,30,agent1,VLLMQwen32B,cooperative,0.05,74,0.9667,0.0333,1,20,"C,C,C,C,C,C,C,C,C,C,C,C,C,C,C,C,C,C,C,D,C,C,C,C,C,C,C,C,C,C","C,C,C,C,C,C,C,C,C,C,C,C,C,C,C,C,C,C,C,C,C,C,C,C,C,C,C,C,C,C",agent2,VLLMQwen32B,cooperative,0.05,64,0.9333,0.0667,2,"14,27","C,C,C,C,C,C,C,C,C,C,C,C,C,D,C,C,C,C,C,C,C,C,C,C,C,C,D,C,C,C","C,C,C,C,C,C,C,C,C,C,C,C,C,C,C,C,C,C,C,C,C,C,C,C,C,C,C,C,C,C",1.0,1.0,0.2222,Qwen2.5-32B-Instruct,5,game_20
Qwen2.5-32B-Instruct__noise05__game_21,22,2026-02-12T04:37:53.357344,en,True,30,30,agent1,VLLMQwen32B,cooperative,0.05,238,0.1,0.9,2,"2,29","C,D,C,D,D,D,D,D,D,D,D,D,D,D,D,D,D,D,D,D,D,D,D,D,D,D,D,D,C,D","C,C,C,D,D,D,D,D,D,D,D,D,D,D,D,D,D,D,D,D,D,D,D,D,D,D,D,D,D,D",agent2,VLLMQwen32B,selfish,0.05,218,0.0333,0.9667,1,22,"D,D,D,D,D,D,D,D,D,D,D,D,D,D,D,D,D,D,D,D,D,C,D,D,D,D,D,D,D,D","D,D,D,D,D,D,D,D,D,D,D,D,D,D,D,D,D,D,D,D,D,D,D,D,D,D,D,D,D,D",1.0,1.0,0.1111,Qwen2.5-32B-Instruct,5,game_21
Qwen2.5-32B-Instruct__noise05__game_22,23,2026-02-12T04:38:12.448056,en,True,30,30,agent1,VLLMQwen32B,selfish,0.05,12,0.0667,0.9333,2,"5,18","D,D,D,D,C,D,D,D,D,D,D,D,D,D,D,D,D,C,D,D,D,D,D,D,D,D,D,D,D,D","D,D,D,D,D,D,D,D,D,D,D,D,D,D,D,D,D,D,D,D,D,D,D,D,D,D,D,D,D,D",agent2,VLLMQwen32B,cooperative,0.05,282,0.9667,0.0333,0,,"C,D,C,C,C,C,C,C,C,C,C,C,C,C,C,C,C,C,C,C,C,C,C,C,C,C,C,C,C,C","C,D,C,C,C,C,C,C,C,C,C,C,C,C,C,C,C,C,C,C,C,C,C,C,C,C,C,C,C,C",1.0,1.0,0.0556,Qwen2.5-32B-Instruct,5,game_22
Qwen2.5-32B-Instruct__noise05__game_23,24,2026-02-12T04:38:43.011618,en,True,30,30,agent1,VLLMQwen32B,selfish,0.05,216,0.0,1.0,0,,"D,D,D,D,D,D,D,D,D,D,D,D,D,D,D,D,D,D,D,D,D,D,D,D,D,D,D,D,D,D","D,D,D,D,D,D,D,D,D,D,D,D,D,D,D,D,D,D,D,D,D,D,D,D,D,D,D,D,D,D",agent2,VLLMQwen32B,selfish,0.05,246,0.1,0.9,3,"2,9,14","D,C,D,D,D,D,D,D,C,D,D,D,D,C,D,D,D,D,D,D,D,D,D,D,D,D,D,D,D,D","D,D,D,D,D,D,D,D,D,D,D,D,D,D,D,D,D,D,D,D,D,D,D,D,D,D,D,D,D,D",1.0,1.0,0.2222,Qwen2.5-32B-Instruct,5,game_23
Qwen2.5-32B-Instruct__noise05__game_24,25,2026-02-12T04:41:46.868959,en,True,30,30,agent1,VLLMQwen32B,cooperative,0.05,56,0.9333,0.0667,2,"5,12","C,C,C,C,D,C,C,C,C,C,C,D,C,C,C,C,C,C,C,C,C,C,C,C,C,C,C,C,C,C","C,C,C,C,C,C,C,C,C,C,C,C,C,C,C,C,C,C,C,C,C,C,C,C,C,C,C,C,C,C",agent2,VLLMQwen32B,cooperative,0.05,76,1.0,0.0,0,,"C,C,C,C,C,C,C,C,C,C,C,C,C,C,C,C,C,C,C,C,C,C,C,C,C,C,C,C,C,C","C,C,C,C,C,C,C,C,C,C,C,C,C,C,C,C,C,C,C,C,C,C,C,C,C,C,C,C,C,C",1.0,1.0,0.2222,Qwen2.5-32B-Instruct,5,game_24
Qwen2.5-32B-Instruct__noise05__game_25,26,2026-02-12T04:42:20.766253,en,True,30,30,agent1,VLLMQwen32B,cooperative,0.05,238,0.2333,0.7667,1,1,"D,C,D,D,D,D,D,D,D,D,C,C,C,D,D,D,D,D,D,D,D,D,D,D,D,D,C,C,C,D","C,C,D,D,D,D,D,D,D,D,C,C,C,D,D,D,D,D,D,D,D,D,D,D,D,D,C,C,C,D",agent2,VLLMQwen32B,selfish,0.05,188,0.0667,0.9333,2,"10,26","D,D,D,D,D,D,D,D,D,C,D,D,D,D,D,D,D,D,D,D,D,D,D,D,D,C,D,D,D,D","D,D,D,D,D,D,D,D,D,D,D,D,D,D,D,D,D,D,D,D,D,D,D,D,D,D,D,D,D,D",1.0,1.0,0.1111,Qwen2.5-32B-Instruct,5,game_25
Qwen2.5-32B-Instruct__noise05__game_26,27,2026-02-12T04:42:42.139605,en,True,30,30,agent1,VLLMQwen32B,selfish,0.05,14,0.1,0.9,3,"6,8,25","D,D,D,D,D,C,D,C,D,D,D,D,D,D,D,D,D,D,D,D,D,D,D,D,C,D,D,D,D,D","D,D,D,D,D,D,D,D,D,D,D,D,D,D,D,D,D,D,D,D,D,D,D,D,D,D,D,D,D,D",agent2,VLLMQwen32B,cooperative,0.05,274,0.9667,0.0333,1,1,"D,C,C,C,C,C,C,C,C,C,C,C,C,C,C,C,C,C,C,C,C,C,C,C,C,C,C,C,C,C","C,C,C,C,C,C,C,C,C,C,C,C,C,C,C,C,C,C,C,C,C,C,C,C,C,C,C,C,C,C",1.0,1.0,0.0,Qwen2.5-32B-Instruct,5,game_26
Qwen2.5-32B-Instruct__noise05__game_27,28,2026-02-12T04:43:06.658005,en,True,30,30,agent1,VLLMQwen32B,selfish,0.05,242,0.0333,0.9667,1,18,"D,D,D,D,D,D,D,D,D,D,D,D,D,D,D,D,D,C,D,D,D,D,D,D,D,D,D,D,D,D","D,D,D,D,D,D,D,D,D,D,D,D,D,D,D,D,D,D,D,D,D,D,D,D,D,D,D,D,D,D",agent2,VLLMQwen32B,selfish,0.05,232,0.0,1.0,0,,"D,D,D,D,D,D,D,D,D,D,D,D,D,D,D,D,D,D,D,D,D,D,D,D,D,D,D,D,D,D","D,D,D,D,D,D,D,D,D,D,D,D,D,D,D,D,D,D,D,D,D,D,D,D,D,D,D,D,D,D",1.0,1.0,0.3056,Qwen2.5-32B-Instruct,5,game_27
Qwen2.5-32B-Instruct__noise05__game_28,29,2026-02-12T04:46:10.482914,en,True,30,30,agent1,VLLMQwen32B,cooperative,0.05,62,0.9,0.1,3,"12,16,22","C,C,C,C,C,C,C,C,C,C,C,D,C,C,C,D,C,C,C,C,C,D,C,C,C,C,C,C,C,C","C,C,C,C,C,C,C,C,C,C,C,C,C,C,C,C,C,C,C,C,C,C,C,C,C,C,C,C,C,C",agent2,VLLMQwen32B,cooperative,0.05,82,0.9667,0.0333,1,25,"C,C,C,C,C,C,C,C,C,C,C,C,C,C,C,C,C,C,C,C,C,C,C,C,D,C,C,C,C,C","C,C,C,C,C,C,C,C,C,C,C,C,C,C,C,C,C,C,C,C,C,C,C,C,C,C,C,C,C,C",1.0,1.0,0.1667,Qwen2.5-32B-Instruct,5,game_28
Qwen2.5-32B-Instruct__noise05__game_29,30,2026-02-12T04:46:33.946554,en,True,30,30,agent1,VLLMQwen32B,cooperative,0.05,288,0.9333,0.0667,2,"25,30","C,C,C,C,C,C,C,C,C,C,C,C,C,C,C,C,C,C,C,C,C,C,C,C,D,C,C,C,C,D","C,C,C,C,C,C,C,C,C,C,C,C,C,C,C,C,C,C,C,C,C,C,C,C,C,C,C,C,C,C",agent2,VLLMQwen32B,selfish,0.05,18,0.0333,0.9667,1,24,"D,D,D,D,D,D,D,D,D,D,D,D,D,D,D,D,D,D,D,D,D,D,D,C,D,D,D,D,D,D","D,D,D,D,D,D,D,D,D,D,D,D,D,D,D,D,D,D,D,D,D,D,D,D,D,D,D,D,D,D",1.0,1.0,0.3333,Qwen2.5-32B-Instruct,5,game_29
Qwen2.5-32B-Instruct__noise05__game_30,31,2026-02-12T04:47:05.965352,en,True,30,30,agent1,VLLMQwen32B,selfish,0.05,82,0.0333,0.9667,1,11,"D,D,D,D,D,D,D,D,D,D,C,D,D,D,D,D,D,D,D,D,D,D,D,D,D,D,D,D,D,D","D,D,D,D,D,D,D,D,D,D,D,D,D,D,D,D,D,D,D,D,D,D,D,D,D,D,D,D,D,D",agent2,VLLMQwen32B,cooperative,0.05,272,0.6667,0.3333,3,"5,19,30","C,D,D,D,C,D,D,D,D,D,C,C,C,C,C,C,C,C,D,C,C,C,C,C,C,C,C,C,C,D","C,D,D,D,D,D,D,D,D,D,C,C,C,C,C,C,C,C,C,C,C,C,C,C,C,C,C,C,C,C",1.0,1.0,0.0556,Qwen2.5-32B-Instruct,5,game_30
Qwen2.5-32B-Instruct__noise05__game_31,32,2026-02-12T04:47:32.347710,en,True,30,30,agent1,VLLMQwen32B,selfish,0.05,220,0.0667,0.9333,2,"27,30","D,D,D,D,D,D,D,D,D,D,D,D,D,D,D,D,D,D,D,D,D,D,D,D,D,D,C,D,D,C","D,D,D,D,D,D,D,D,D,D,D,D,D,D,D,D,D,D,D,D,D,D,D,D,D,D,D,D,D,D",agent2,VLLMQwen32B,selfish,0.05,230,0.1,0.9,3,"1,5,22","C,D,D,D,C,D,D,D,D,D,D,D,D,D,D,D,D,D,D,D,D,C,D,D,D,D,D,D,D,D","D,D,D,D,D,D,D,D,D,D,D,D,D,D,D,D,D,D,D,D,D,D,D,D,D,D,D,D,D,D",1.0,1.0,0.1389,Qwen2.5-32B-Instruct,5,game_31
Qwen2.5-32B-Instruct__noise05__game_32,33,2026-02-12T04:50:32.029367,en,True,30,30,agent1,VLLMQwen32B,cooperative,0.05,64,0.9333,0.0667,2,"9,13","C,C,C,C,C,C,C,C,D,C,C,C,D,C,C,C,C,C,C,C,C,C,C,C,C,C,C,C,C,C","C,C,C,C,C,C,C,C,C,C,C,C,C,C,C,C,C,C,C,C,C,C,C,C,C,C,C,C,C,C",agent2,VLLMQwen32B,cooperative,0.05,74,0.9667,0.0333,1,1,"D,C,C,C,C,C,C,C,C,C,C,C,C,C,C,C,C,C,C,C,C,C,C,C,C,C,C,C,C,C","C,C,C,C,C,C,C,C,C,C,C,C,C,C,C,C,C,C,C,C,C,C,C,C,C,C,C,C,C,C",1.0,1.0,0.1111,Qwen2.5-32B-Instruct,5,game_32
Qwen2.5-32B-Instruct__noise05__game_33,34,2026-02-12T04:50:53.462536,en,True,30,30,agent1,VLLMQwen32B,cooperative,0.05,284,1.0,0.0,0,,"C,C,C,C,C,C,C,C,C,C,C,C,C,C,C,C,C,C,C,C,C,C,C,C,C,C,C,C,C,C","C,C,C,C,C,C,C,C,C,C,C,C,C,C,C,C,C,C,C,C,C,C,C,C,C,C,C,C,C,C",agent2,VLLMQwen32B,selfish,0.05,4,0.0667,0.9333,2,"13,16","D,D,D,D,D,D,D,D,D,D,D,D,C,D,D,C,D,D,D,D,D,D,D,D,D,D,D,D,D,D","D,D,D,D,D,D,D,D,D,D,D,D,D,D,D,D,D,D,D,D,D,D,D,D,D,D,D,D,D,D",1.0,1.0,0.3056,Qwen2.5-32B-Instruct,5,game_33
Qwen2.5-32B-Instruct__noise05__game_34,35,2026-02-12T04:51:29.165357,en,True,30,30,agent1,VLLMQwen32B,selfish,0.05,8,0.0,1.0,0,,"D,D,D,D,D,D,D,D,D,D,D,D,D,D,D,D,D,D,D,D,D,D,D,D,D,D,D,D,D,D","D,D,D,D,D,D,D,D,D,D,D,D,D,D,D,D,D,D,D,D,D,D,D,D,D,D,D,D,D,D",agent2,VLLMQwen32B,cooperative,0.05,298,0.9667,0.0333,2,"2,3","C,C,D,C,C,C,C,C,C,C,C,C,C,C,C,C,C,C,C,C,C,C,C,C,C,C,C,C,C,C","C,D,C,C,C,C,C,C,C,C,C,C,C,C,C,C,C,C,C,C,C,C,C,C,C,C,C,C,C,C",1.0,1.0,0.1667,Qwen2.5-32B-Instruct,5,game_34
Qwen2.5-32B-Instruct__noise05__game_35,36,2026-02-12T04:51:52.542074,en,True,30,30,agent1,VLLMQwen32B,selfish,0.05,232,0.0,1.0,0,,"D,D,D,D,D,D,D,D,D,D,D,D,D,D,D,D,D,D,D,D,D,D,D,D,D,D,D,D,D,D","D,D,D,D,D,D,D,D,D,D,D,D,D,D,D,D,D,D,D,D,D,D,D,D,D,D,D,D,D,D",agent2,VLLMQwen32B,selfish,0.05,242,0.0333,0.9667,1,19,"D,D,D,D,D,D,D,D,D,D,D,D,D,D,D,D,D,D,C,D,D,D,D,D,D,D,D,D,D,D","D,D,D,D,D,D,D,D,D,D,D,D,D,D,D,D,D,D,D,D,D,D,D,D,D,D,D,D,D,D",1.0,1.0,0.3333,Qwen2.5-32B-Instruct,5,game_35
Qwen2.5-32B-Instruct__noise05__game_36,37,2026-02-12T04:55:02.391470,en,True,30,30,agent1,VLLMQwen32B,cooperative,0.05,58,0.9667,0.0333,1,28,"C,C,C,C,C,C,C,C,C,C,C,C,C,C,C,C,C,C,C,C,C,C,C,C,C,C,C,D,C,C","C,C,C,C,C,C,C,C,C,C,C,C,C,C,C,C,C,C,C,C,C,C,C,C,C,C,C,C,C,C",agent2,VLLMQwen32B,cooperative,0.05,68,1.0,0.0,0,,"C,C,C,C,C,C,C,C,C,C,C,C,C,C,C,C,C,C,C,C,C,C,C,C,C,C,C,C,C,C","C,C,C,C,C,C,C,C,C,C,C,C,C,C,C,C,C,C,C,C,C,C,C,C,C,C,C,C,C,C",1.0,1.0,0.3889,Qwen2.5-32B-Instruct,5,game_36
Qwen2.5-32B-Instruct__noise05__game_37,38,2026-02-12T04:55:28.836387,en,True,30,30,agent1,VLLMQwen32B,cooperative,0.05,248,0.2667,0.7333,2,"1,17","D,C,D,D,D,D,D,D,D,D,D,D,D,D,D,D,C,C,D,D,D,D,D,D,C,C,C,C,C,D","C,C,D,D,D,D,D,D,D,D,D,D,D,D,D,D,D,C,D,D,D,D,D,D,C,C,C,C,C,D",agent2,VLLMQwen32B,selfish,0.05,178,0.0333,0.9667,1,17,"D,D,D,D,D,D,D,D,D,D,D,D,D,D,D,D,C,D,D,D,D,D,D,D,D,D,D,D,D,D","D,D,D,D,D,D,D,D,D,D,D,D,D,D,D,D,D,D,D,D,D,D,D,D,D,D,D,D,D,D",1.0,1.0,0.0556,Qwen2.5-32B-Instruct,5,game_37
Qwen2.5-32B-Instruct__noise05__game_38,39,2026-02-12T04:55:50.749778,en,True,30,30,agent1,VLLMQwen32B,selfish,0.05,28,0.0667,0.9333,2,"23,25","D,D,D,D,D,D,D,D,D,D,D,D,D,D,D,D,D,D,D,D,D,D,C,D,C,D,D,D,D,D","D,D,D,D,D,D,D,D,D,D,D,D,D,D,D,D,D,D,D,D,D,D,D,D,D,D,D,D,D,D",agent2,VLLMQwen32B,cooperative,0.05,278,0.9,0.1,2,"10,13","C,D,C,C,C,C,C,C,C,D,C,C,D,C,C,C,C,C,C,C,C,C,C,C,C,C,C,C,C,C","C,D,C,C,C,C,C,C,C,C,C,C,C,C,C,C,C,C,C,C,C,C,C,C,C,C,C,C,C,C",1.0,1.0,0.1389,Qwen2.5-32B-Instruct,5,game_38
Qwen2.5-32B-Instruct__noise05__game_39,40,2026-02-12T04:56:08.910645,en,True,30,30,agent1,VLLMQwen32B,selfish,0.05,214,0.1,0.9,3,"13,14,26","D,D,D,D,D,D,D,D,D,D,D,D,C,C,D,D,D,D,D,D,D,D,D,D,D,C,D,D,D,D","D,D,D,D,D,D,D,D,D,D,D,D,D,D,D,D,D,D,D,D,D,D,D,D,D,D,D,D,D,D",agent2,VLLMQwen32B,selfish,0.05,224,0.1333,0.8667,4,"14,17,24,26","D,D,D,D,D,D,D,D,D,D,D,D,D,C,D,D,C,D,D,D,D,D,D,C,D,C,D,D,D,D","D,D,D,D,D,D,D,D,D,D,D,D,D,D,D,D,D,D,D,D,D,D,D,D,D,D,D,D,D,D",1.0,1.0,0.1111,Qwen2.5-32B-Instruct,5,game_39
Qwen2.5-32B-Instruct__noise05__game_40,41,2026-02-12T05:00:03.215964,fr,True,30,30,agent1,VLLMQwen32B,coopératif,0.05,72,0.9333,0.0667,2,"12,13","C,C,C,C,C,C,C,C,C,C,C,T,T,C,C,C,C,C,C,C,C,C,C,C,C,C,C,C,C,C","C,C,C,C,C,C,C,C,C,C,C,C,C,C,C,C,C,C,C,C,C,C,C,C,C,C,C,C,C,C",agent2,VLLMQwen32B,coopératif,0.05,72,0.9333,0.0667,2,"3,21","C,C,T,C,C,C,C,C,C,C,C,C,C,C,C,C,C,C,C,C,T,C,C,C,C,C,C,C,C,C","C,C,C,C,C,C,C,C,C,C,C,C,C,C,C,C,C,C,C,C,C,C,C,C,C,C,C,C,C,C",1.0,1.0,0.0556,Qwen2.5-32B-Instruct,5,game_40
Qwen2.5-32B-Instruct__noise05__game_41,42,2026-02-12T05:00:19.997724,fr,True,30,30,agent1,VLLMQwen32B,coopératif,0.05,220,0.0667,0.9333,2,"1,17","T,T,C,T,T,T,T,T,T,T,T,T,T,T,T,T,C,T,T,T,T,T,T,T,T,T,T,T,T,T","C,T,C,T,T,T,T,T,T,T,T,T,T,T,T,T,T,T,T,T,T,T,T,T,T,T,T,T,T,T",agent2,VLLMQwen32B,égoïste,0.05,230,0.1,0.9,3,"2,22,26","T,C,T,T,T,T,T,T,T,T,T,T,T,T,T,T,T,T,T,T,T,C,T,T,T,C,T,T,T,T","T,T,T,T,T,T,T,T,T,T,T,T,T,T,T,T,T,T,T,T,T,T,T,T,T,T,T,T,T,T",1.0,1.0,0.0,Qwen2.5-32B-Instruct,5,game_41
Qwen2.5-32B-Instruct__noise05__game_42,43,2026-02-12T05:01:05.324885,fr,True,30,30,agent1,VLLMQwen32B,égoïste,0.05,10,0.0333,0.9667,1,18,"T,T,T,T,T,T,T,T,T,T,T,T,T,T,T,T,T,C,T,T,T,T,T,T,T,T,T,T,T,T","T,T,T,T,T,T,T,T,T,T,T,T,T,T,T,T,T,T,T,T,T,T,T,T,T,T,T,T,T,T",agent2,VLLMQwen32B,coopératif,0.05,290,0.9667,0.0333,0,,"C,T,C,C,C,C,C,C,C,C,C,C,C,C,C,C,C,C,C,C,C,C,C,C,C,C,C,C,C,C","C,T,C,C,C,C,C,C,C,C,C,C,C,C,C,C,C,C,C,C,C,C,C,C,C,C,C,C,C,C",1.0,0.9524,0.0556,Qwen2.5-32B-Instruct,5,game_42
Qwen2.5-32B-Instruct__noise05__game_43,44,2026-02-12T05:01:24.600139,fr,True,30,30,agent1,VLLMQwen32B,égoïste,0.05,240,0.0,1.0,0,,"T,T,T,T,T,T,T,T,T,T,T,T,T,T,T,T,T,T,T,T,T,T,T,T,T,T,T,T,T,T","T,T,T,T,T,T,T,T,T,T,T,T,T,T,T,T,T,T,T,T,T,T,T,T,T,T,T,T,T,T",agent2,VLLMQwen32B,égoïste,0.05,240,0.0,1.0,0,,"T,T,T,T,T,T,T,T,T,T,T,T,T,T,T,T,T,T,T,T,T,T,T,T,T,T,T,T,T,T","T,T,T,T,T,T,T,T,T,T,T,T,T,T,T,T,T,T,T,T,T,T,T,T,T,T,T,T,T,T",1.0,1.0,0.5,Qwen2.5-32B-Instruct,5,game_43
Qwen2.5-32B-Instruct__noise05__game_44,45,2026-02-12T05:04:55.543378,fr,True,30,30,agent1,VLLMQwen32B,coopératif,0.05,70,0.9,0.1,3,"9,18,22","C,C,C,C,C,C,C,C,T,C,C,C,C,C,C,C,C,T,C,C,C,T,C,C,C,C,C,C,C,C","C,C,C,C,C,C,C,C,C,C,C,C,C,C,C,C,C,C,C,C,C,C,C,C,C,C,C,C,C,C",agent2,VLLMQwen32B,coopératif,0.05,80,0.9333,0.0667,2,"12,20","C,C,C,C,C,C,C,C,C,C,C,T,C,C,C,C,C,C,C,T,C,C,C,C,C,C,C,C,C,C","C,C,C,C,C,C,C,C,C,C,C,C,C,C,C,C,C,C,C,C,C,C,C,C,C,C,C,C,C,C",1.0,1.0,0.1667,Qwen2.5-32B-Instruct,5,game_44
Qwen2.5-32B-Instruct__noise05__game_45,46,2026-02-12T05:05:23.311594,fr,True,30,30,agent1,VLLMQwen32B,coopératif,0.05,270,0.9,0.1,2,"6,16","C,T,C,C,C,T,C,C,C,C,C,C,C,C,C,T,C,C,C,C,C,C,C,C,C,C,C,C,C,C","C,T,C,C,C,C,C,C,C,C,C,C,C,C,C,C,C,C,C,C,C,C,C,C,C,C,C,C,C,C",agent2,VLLMQwen32B,égoïste,0.05,30,0.1,0.9,3,"2,27,28","T,C,T,T,T,T,T,T,T,T,T,T,T,T,T,T,T,T,T,T,T,T,T,T,T,T,C,C,T,T","T,T,T,T,T,T,T,T,T,T,T,T,T,T,T,T,T,T,T,T,T,T,T,T,T,T,T,T,T,T",1.0,1.0,0.1389,Qwen2.5-32B-Instruct,5,game_45
Qwen2.5-32B-Instruct__noise05__game_47,48,2026-02-12T05:06:10.899634,fr,True,30,30,agent1,VLLMQwen32B,égoïste,0.05,220,0.0667,0.9333,2,"2,9","T,C,T,T,T,T,T,T,C,T,T,T,T,T,T,T,T,T,T,T,T,T,T,T,T,T,T,T,T,T","T,T,T,T,T,T,T,T,T,T,T,T,T,T,T,T,T,T,T,T,T,T,T,T,T,T,T,T,T,T",agent2,VLLMQwen32B,égoïste,0.05,230,0.1,0.9,3,"5,14,15","T,T,T,T,C,T,T,T,T,T,T,T,T,C,C,T,T,T,T,T,T,T,T,T,T,T,T,T,T,T","T,T,T,T,T,T,T,T,T,T,T,T,T,T,T,T,T,T,T,T,T,T,T,T,T,T,T,T,T,T",1.0,1.0,0.0,Qwen2.5-32B-Instruct,5,game_47
Qwen2.5-32B-Instruct__noise05__game_46,47,2026-02-12T05:06:15.440927,fr,True,30,30,agent1,VLLMQwen32B,égoïste,0.05,16,0.1333,0.8667,4,"3,9,18,19","T,T,C,T,T,T,T,T,C,T,T,T,T,T,T,T,T,C,C,T,T,T,T,T,T,T,T,T,T,T","T,T,T,T,T,T,T,T,T,T,T,T,T,T,T,T,T,T,T,T,T,T,T,T,T,T,T,T,T,T",agent2,VLLMQwen32B,coopératif,0.05,266,0.9667,0.0333,1,30,"C,C,C,C,C,C,C,C,C,C,C,C,C,C,C,C,C,C,C,C,C,C,C,C,C,C,C,C,C,T","C,C,C,C,C,C,C,C,C,C,C,C,C,C,C,C,C,C,C,C,C,C,C,C,C,C,C,C,C,C",1.0,0.9762,0.2222,Qwen2.5-32B-Instruct,5,game_46
Qwen2.5-32B-Instruct__noise05__game_48,49,2026-02-12T05:10:06.552171,fr,True,30,30,agent1,VLLMQwen32B,coopératif,0.05,54,0.9,0.1,3,"11,26,28","C,C,C,C,C,C,C,C,C,C,T,C,C,C,C,C,C,C,C,C,C,C,C,C,C,T,C,T,C,C","C,C,C,C,C,C,C,C,C,C,C,C,C,C,C,C,C,C,C,C,C,C,C,C,C,C,C,C,C,C",agent2,VLLMQwen32B,coopératif,0.05,84,1.0,0.0,0,,"C,C,C,C,C,C,C,C,C,C,C,C,C,C,C,C,C,C,C,C,C,C,C,C,C,C,C,C,C,C","C,C,C,C,C,C,C,C,C,C,C,C,C,C,C,C,C,C,C,C,C,C,C,C,C,C,C,C,C,C",1.0,1.0,0.2222,Qwen2.5-32B-Instruct,5,game_48
Qwen2.5-32B-Instruct__noise05__game_49,50,2026-02-12T05:10:34.102895,fr,True,30,30,agent1,VLLMQwen32B,coopératif,0.05,290,0.9667,0.0333,1,18,"C,C,C,C,C,C,C,C,C,C,C,C,C,C,C,C,C,T,C,C,C,C,C,C,C,C,C,C,C,C","C,C,C,C,C,C,C,C,C,C,C,C,C,C,C,C,C,C,C,C,C,C,C,C,C,C,C,C,C,C",agent2,VLLMQwen32B,égoïste,0.05,10,0.0333,0.9667,1,1,"C,T,T,T,T,T,T,T,T,T,T,T,T,T,T,T,T,T,T,T,T,T,T,T,T,T,T,T,T,T","T,T,T,T,T,T,T,T,T,T,T,T,T,T,T,T,T,T,T,T,T,T,T,T,T,T,T,T,T,T",1.0,1.0,0.0556,Qwen2.5-32B-Instruct,5,game_49
Qwen2.5-32B-Instruct__noise05__game_51,52,2026-02-12T05:11:03.926932,fr,True,30,30,agent1,VLLMQwen32B,égoïste,0.05,234,0.0333,0.9667,1,18,"T,T,T,T,T,T,T,T,T,T,T,T,T,T,T,T,T,C,T,T,T,T,T,T,T,T,T,T,T,T","T,T,T,T,T,T,T,T,T,T,T,T,T,T,T,T,T,T,T,T,T,T,T,T,T,T,T,T,T,T",agent2,VLLMQwen32B,égoïste,0.05,234,0.0333,0.9667,1,25,"T,T,T,T,T,T,T,T,T,T,T,T,T,T,T,T,T,T,T,T,T,T,T,T,C,T,T,T,T,T","T,T,T,T,T,T,T,T,T,T,T,T,T,T,T,T,T,T,T,T,T,T,T,T,T,T,T,T,T,T",1.0,1.0,0.2222,Qwen2.5-32B-Instruct,5,game_51
Qwen2.5-32B-Instruct__noise05__game_50,51,2026-02-12T05:11:32.197949,fr,True,30,30,agent1,VLLMQwen32B,égoïste,0.05,14,0.1,0.9,3,"1,22,25","C,T,T,T,T,T,T,T,T,T,T,T,T,T,T,T,T,T,T,T,T,C,T,T,C,T,T,T,T,T","T,T,T,T,T,T,T,T,T,T,T,T,T,T,T,T,T,T,T,T,T,T,T,T,T,T,T,T,T,T",agent2,VLLMQwen32B,coopératif,0.05,274,0.9667,0.0333,1,29,"C,C,C,C,C,C,C,C,C,C,C,C,C,C,C,C,C,C,C,C,C,C,C,C,C,C,C,C,T,C","C,C,C,C,C,C,C,C,C,C,C,C,C,C,C,C,C,C,C,C,C,C,C,C,C,C,C,C,C,C",1.0,0.9762,0.1111,Qwen2.5-32B-Instruct,5,game_50
Qwen2.5-32B-Instruct__noise05__game_52,53,2026-02-12T05:15:07.686920,fr,True,30,30,agent1,VLLMQwen32B,coopératif,0.05,58,0.9667,0.0333,1,5,"C,C,C,C,T,C,C,C,C,C,C,C,C,C,C,C,C,C,C,C,C,C,C,C,C,C,C,C,C,C","C,C,C,C,C,C,C,C,C,C,C,C,C,C,C,C,C,C,C,C,C,C,C,C,C,C,C,C,C,C",agent2,VLLMQwen32B,coopératif,0.05,68,1.0,0.0,0,,"C,C,C,C,C,C,C,C,C,C,C,C,C,C,C,C,C,C,C,C,C,C,C,C,C,C,C,C,C,C","C,C,C,C,C,C,C,C,C,C,C,C,C,C,C,C,C,C,C,C,C,C,C,C,C,C,C,C,C,C",1.0,1.0,0.2222,Qwen2.5-32B-Instruct,5,game_52
Qwen2.5-32B-Instruct__noise05__game_53,54,2026-02-12T05:15:13.983505,fr,True,30,30,agent1,VLLMQwen32B,coopératif,0.05,266,0.9667,0.0333,1,26,"C,C,C,C,C,C,C,C,C,C,C,C,C,C,C,C,C,C,C,C,C,C,C,C,C,T,C,C,C,C","C,C,C,C,C,C,C,C,C,C,C,C,C,C,C,C,C,C,C,C,C,C,C,C,C,C,C,C,C,C",agent2,VLLMQwen32B,égoïste,0.05,16,0.1333,0.8667,4,"4,7,18,26","T,T,T,C,T,T,C,T,T,T,T,T,T,T,T,T,T,C,T,T,T,T,T,T,T,C,T,T,T,T","T,T,T,T,T,T,T,T,T,T,T,T,T,T,T,T,T,T,T,T,T,T,T,T,T,T,T,T,T,T",1.0,1.0,0.1667,Qwen2.5-32B-Instruct,5,game_53
Qwen2.5-32B-Instruct__noise05__game_55,56,2026-02-12T05:16:19.760850,fr,True,30,30,agent1,VLLMQwen32B,égoïste,0.05,224,0.0,1.0,0,,"T,T,T,T,T,T,T,T,T,T,T,T,T,T,T,T,T,T,T,T,T,T,T,T,T,T,T,T,T,T","T,T,T,T,T,T,T,T,T,T,T,T,T,T,T,T,T,T,T,T,T,T,T,T,T,T,T,T,T,T",agent2,VLLMQwen32B,égoïste,0.05,244,0.0667,0.9333,2,"10,19","T,T,T,T,T,T,T,T,T,C,T,T,T,T,T,T,T,T,C,T,T,T,T,T,T,T,T,T,T,T","T,T,T,T,T,T,T,T,T,T,T,T,T,T,T,T,T,T,T,T,T,T,T,T,T,T,T,T,T,T",1.0,1.0,0.2778,Qwen2.5-32B-Instruct,5,game_55
Qwen2.5-32B-Instruct__noise05__game_54,55,2026-02-12T05:16:26.510426,fr,True,30,30,agent1,VLLMQwen32B,égoïste,0.05,18,0.0333,0.9667,1,14,"T,T,T,T,T,T,T,T,T,T,T,T,T,C,T,T,T,T,T,T,T,T,T,T,T,T,T,T,T,T","T,T,T,T,T,T,T,T,T,T,T,T,T,T,T,T,T,T,T,T,T,T,T,T,T,T,T,T,T,T",agent2,VLLMQwen32B,coopératif,0.05,288,0.9333,0.0667,1,4,"C,T,T,C,C,C,C,C,C,C,C,C,C,C,C,C,C,C,C,C,C,C,C,C,C,C,C,C,C,C","C,T,T,T,C,C,C,C,C,C,C,C,C,C,C,C,C,C,C,C,C,C,C,C,C,C,C,C,C,C",1.0,0.9048,0.0556,Qwen2.5-32B-Instruct,5,game_54
Qwen2.5-32B-Instruct__noise05__game_56,57,2026-02-12T05:19:55.232115,fr,True,30,30,agent1,VLLMQwen32B,coopératif,0.05,80,0.9333,0.0667,2,"22,28","C,C,C,C,C,C,C,C,C,C,C,C,C,C,C,C,C,C,C,C,C,T,C,C,C,C,C,T,C,C","C,C,C,C,C,C,C,C,C,C,C,C,C,C,C,C,C,C,C,C,C,C,C,C,C,C,C,C,C,C",agent2,VLLMQwen32B,coopératif,0.05,70,0.9,0.1,3,"5,14,15","C,C,C,C,T,C,C,C,C,C,C,C,C,T,T,C,C,C,C,C,C,C,C,C,C,C,C,C,C,C","C,C,C,C,C,C,C,C,C,C,C,C,C,C,C,C,C,C,C,C,C,C,C,C,C,C,C,C,C,C",1.0,1.0,0.1111,Qwen2.5-32B-Instruct,5,game_56
Qwen2.5-32B-Instruct__noise05__game_57,58,2026-02-12T05:20:27.322052,fr,True,30,30,agent1,VLLMQwen32B,coopératif,0.05,292,1.0,0.0,0,,"C,C,C,C,C,C,C,C,C,C,C,C,C,C,C,C,C,C,C,C,C,C,C,C,C,C,C,C,C,C","C,C,C,C,C,C,C,C,C,C,C,C,C,C,C,C,C,C,C,C,C,C,C,C,C,C,C,C,C,C",agent2,VLLMQwen32B,égoïste,0.05,2,0.0333,0.9667,1,26,"T,T,T,T,T,T,T,T,T,T,T,T,T,T,T,T,T,T,T,T,T,T,T,T,T,C,T,T,T,T","T,T,T,T,T,T,T,T,T,T,T,T,T,T,T,T,T,T,T,T,T,T,T,T,T,T,T,T,T,T",1.0,1.0,0.4444,Qwen2.5-32B-Instruct,5,game_57
Qwen2.5-32B-Instruct__noise05__game_58,59,2026-02-12T05:20:53.943855,fr,True,30,30,agent1,VLLMQwen32B,égoïste,0.05,232,0.0,1.0,0,,"T,T,T,T,T,T,T,T,T,T,T,T,T,T,T,T,T,T,T,T,T,T,T,T,T,T,T,T,T,T","T,T,T,T,T,T,T,T,T,T,T,T,T,T,T,T,T,T,T,T,T,T,T,T,T,T,T,T,T,T",agent2,VLLMQwen32B,coopératif,0.05,242,0.0333,0.9667,0,,"C,T,T,T,T,T,T,T,T,T,T,T,T,T,T,T,T,T,T,T,T,T,T,T,T,T,T,T,T,T","C,T,T,T,T,T,T,T,T,T,T,T,T,T,T,T,T,T,T,T,T,T,T,T,T,T,T,T,T,T",1.0,1.0,0.2222,Qwen2.5-32B-Instruct,5,game_58
Qwen2.5-32B-Instruct__noise05__game_59,60,2026-02-12T05:21:40.156944,fr,True,30,30,agent1,VLLMQwen32B,égoïste,0.05,218,0.0333,0.9667,1,4,"T,T,T,C,T,T,T,T,T,T,T,T,T,T,T,T,T,T,T,T,T,T,T,T,T,T,T,T,T,T","T,T,T,T,T,T,T,T,T,T,T,T,T,T,T,T,T,T,T,T,T,T,T,T,T,T,T,T,T,T",agent2,VLLMQwen32B,égoïste,0.05,238,0.1,0.9,3,"2,6,14","T,C,T,T,T,C,T,T,T,T,T,T,T,C,T,T,T,T,T,T,T,T,T,T,T,T,T,T,T,T","T,T,T,T,T,T,T,T,T,T,T,T,T,T,T,T,T,T,T,T,T,T,T,T,T,T,T,T,T,T",1.0,1.0,0.0,Qwen2.5-32B-Instruct,5,game_59
Qwen2.5-32B-Instruct__noise05__game_60,61,2026-02-12T05:24:48.493597,fr,True,30,30,agent1,VLLMQwen32B,coopératif,0.05,76,1.0,0.0,0,,"C,C,C,C,C,C,C,C,C,C,C,C,C,C,C,C,C,C,C,C,C,C,C,C,C,C,C,C,C,C","C,C,C,C,C,C,C,C,C,C,C,C,C,C,C,C,C,C,C,C,C,C,C,C,C,C,C,C,C,C",agent2,VLLMQwen32B,coopératif,0.05,56,0.9333,0.0667,2,"13,19","C,C,C,C,C,C,C,C,C,C,C,C,T,C,C,C,C,C,T,C,C,C,C,C,C,C,C,C,C,C","C,C,C,C,C,C,C,C,C,C,C,C,C,C,C,C,C,C,C,C,C,C,C,C,C,C,C,C,C,C",1.0,1.0,0.2778,Qwen2.5-32B-Instruct,5,game_60
Qwen2.5-32B-Instruct__noise05__game_61,62,2026-02-12T05:25:42.599756,fr,True,30,30,agent1,VLLMQwen32B,coopératif,0.05,274,0.9667,0.0333,1,16,"C,C,C,C,C,C,C,C,C,C,C,C,C,C,C,T,C,C,C,C,C,C,C,C,C,C,C,C,C,C","C,C,C,C,C,C,C,C,C,C,C,C,C,C,C,C,C,C,C,C,C,C,C,C,C,C,C,C,C,C",agent2,VLLMQwen32B,égoïste,0.05,14,0.1,0.9,3,"18,20,29","T,T,T,T,T,T,T,T,T,T,T,T,T,T,T,T,T,C,T,C,T,T,T,T,T,T,T,T,C,T","T,T,T,T,T,T,T,T,T,T,T,T,T,T,T,T,T,T,T,T,T,T,T,T,T,T,T,T,T,T",1.0,1.0,0.1667,Qwen2.5-32B-Instruct,5,game_61
Qwen2.5-32B-Instruct__noise05__game_62,63,2026-02-12T05:26:01.241645,fr,True,30,30,agent1,VLLMQwen32B,égoïste,0.05,194,0.0333,0.9667,1,25,"T,T,T,T,T,T,T,T,T,T,T,T,T,T,T,T,T,T,T,T,T,T,T,T,C,T,T,T,T,T","T,T,T,T,T,T,T,T,T,T,T,T,T,T,T,T,T,T,T,T,T,T,T,T,T,T,T,T,T,T",agent2,VLLMQwen32B,coopératif,0.05,244,0.2,0.8,0,,"C,T,T,T,T,T,T,T,T,T,T,T,T,T,T,T,T,T,T,T,T,T,T,T,T,C,C,C,C,C","C,T,T,T,T,T,T,T,T,T,T,T,T,T,T,T,T,T,T,T,T,T,T,T,T,C,C,C,C,C",1.0,1.0,0.1111,Qwen2.5-32B-Instruct,5,game_62
Qwen2.5-32B-Instruct__noise05__game_63,64,2026-02-12T05:26:26.681531,fr,True,30,30,agent1,VLLMQwen32B,égoïste,0.05,228,0.0667,0.9333,2,"19,25","T,T,T,T,T,T,T,T,T,T,T,T,T,T,T,T,T,T,C,T,T,T,T,T,C,T,T,T,T,T","T,T,T,T,T,T,T,T,T,T,T,T,T,T,T,T,T,T,T,T,T,T,T,T,T,T,T,T,T,T",agent2,VLLMQwen32B,égoïste,0.05,228,0.0667,0.9333,2,"20,21","T,T,T,T,T,T,T,T,T,T,T,T,T,T,T,T,T,T,T,C,C,T,T,T,T,T,T,T,T,T","T,T,T,T,T,T,T,T,T,T,T,T,T,T,T,T,T,T,T,T,T,T,T,T,T,T,T,T,T,T",1.0,1.0,0.1667,Qwen2.5-32B-Instruct,5,game_63
Qwen2.5-32B-Instruct__noise05__game_64,65,2026-02-12T05:29:51.515621,fr,True,30,30,agent1,VLLMQwen32B,coopératif,0.05,50,0.8333,0.1667,5,"2,14,19,20,30","C,T,C,C,C,C,C,C,C,C,C,C,C,T,C,C,C,C,T,T,C,C,C,C,C,C,C,C,C,T","C,C,C,C,C,C,C,C,C,C,C,C,C,C,C,C,C,C,C,C,C,C,C,C,C,C,C,C,C,C",agent2,VLLMQwen32B,coopératif,0.05,100,1.0,0.0,0,,"C,C,C,C,C,C,C,C,C,C,C,C,C,C,C,C,C,C,C,C,C,C,C,C,C,C,C,C,C,C","C,C,C,C,C,C,C,C,C,C,C,C,C,C,C,C,C,C,C,C,C,C,C,C,C,C,C,C,C,C",1.0,1.0,0.1389,Qwen2.5-32B-Instruct,5,game_64
Qwen2.5-32B-Instruct__noise05__game_66,67,2026-02-12T05:30:47.232811,fr,True,30,30,agent1,VLLMQwen32B,égoïste,0.05,226,0.0333,0.9667,1,4,"T,T,T,C,T,T,T,T,T,T,T,T,T,T,T,T,T,T,T,T,T,T,T,T,T,T,T,T,T,T","T,T,T,T,T,T,T,T,T,T,T,T,T,T,T,T,T,T,T,T,T,T,T,T,T,T,T,T,T,T",agent2,VLLMQwen32B,coopératif,0.05,236,0.0667,0.9333,1,20,"C,T,T,T,T,T,T,T,T,T,T,T,T,T,T,T,T,T,T,C,T,T,T,T,T,T,T,T,T,T","C,T,T,T,T,T,T,T,T,T,T,T,T,T,T,T,T,T,T,T,T,T,T,T,T,T,T,T,T,T",1.0,1.0,0.0,Qwen2.5-32B-Instruct,5,game_66
Qwen2.5-32B-Instruct__noise05__game_65,66,2026-02-12T05:30:53.728849,fr,True,30,30,agent1,VLLMQwen32B,coopératif,0.05,282,0.9667,0.0333,1,15,"C,C,C,C,C,C,C,C,C,C,C,C,C,C,T,C,C,C,C,C,C,C,C,C,C,C,C,C,C,C","C,C,C,C,C,C,C,C,C,C,C,C,C,C,C,C,C,C,C,C,C,C,C,C,C,C,C,C,C,C",agent2,VLLMQwen32B,égoïste,0.05,12,0.0667,0.9333,2,"4,10","T,T,T,C,T,T,T,T,T,C,T,T,T,T,T,T,T,T,T,T,T,T,T,T,T,T,T,T,T,T","T,T,T,T,T,T,T,T,T,T,T,T,T,T,T,T,T,T,T,T,T,T,T,T,T,T,T,T,T,T",1.0,1.0,0.0556,Qwen2.5-32B-Instruct,5,game_65
Qwen2.5-32B-Instruct__noise05__game_67,68,2026-02-12T05:31:22.157689,fr,True,30,30,agent1,VLLMQwen32B,égoïste,0.05,232,0.0,1.0,0,,"T,T,T,T,T,T,T,T,T,T,T,T,T,T,T,T,T,T,T,T,T,T,T,T,T,T,T,T,T,T","T,T,T,T,T,T,T,T,T,T,T,T,T,T,T,T,T,T,T,T,T,T,T,T,T,T,T,T,T,T",agent2,VLLMQwen32B,égoïste,0.05,242,0.0333,0.9667,1,22,"T,T,T,T,T,T,T,T,T,T,T,T,T,T,T,T,T,T,T,T,T,C,T,T,T,T,T,T,T,T","T,T,T,T,T,T,T,T,T,T,T,T,T,T,T,T,T,T,T,T,T,T,T,T,T,T,T,T,T,T",1.0,1.0,0.3333,Qwen2.5-32B-Instruct,5,game_67
Qwen2.5-32B-Instruct__noise05__game_68,69,2026-02-12T05:35:04.886553,fr,True,30,30,agent1,VLLMQwen32B,coopératif,0.05,70,0.9,0.1,3,"11,13,26","C,C,C,C,C,C,C,C,C,C,T,C,T,C,C,C,C,C,C,C,C,C,C,C,C,T,C,C,C,C","C,C,C,C,C,C,C,C,C,C,C,C,C,C,C,C,C,C,C,C,C,C,C,C,C,C,C,C,C,C",agent2,VLLMQwen32B,coopératif,0.05,80,0.9333,0.0667,2,"25,28","C,C,C,C,C,C,C,C,C,C,C,C,C,C,C,C,C,C,C,C,C,C,C,C,T,C,C,T,C,C","C,C,C,C,C,C,C,C,C,C,C,C,C,C,C,C,C,C,C,C,C,C,C,C,C,C,C,C,C,C",1.0,1.0,0.1667,Qwen2.5-32B-Instruct,5,game_68
Qwen2.5-32B-Instruct__noise05__game_70,71,2026-02-12T05:35:52.400768,fr,True,30,30,agent1,VLLMQwen32B,égoïste,0.05,226,0.0333,0.9667,1,26,"T,T,T,T,T,T,T,T,T,T,T,T,T,T,T,T,T,T,T,T,T,T,T,T,T,C,T,T,T,T","T,T,T,T,T,T,T,T,T,T,T,T,T,T,T,T,T,T,T,T,T,T,T,T,T,T,T,T,T,T",agent2,VLLMQwen32B,coopératif,0.05,236,0.0667,0.9333,1,28,"C,T,T,T,T,T,T,T,T,T,T,T,T,T,T,T,T,T,T,T,T,T,T,T,T,T,T,C,T,T","C,T,T,T,T,T,T,T,T,T,T,T,T,T,T,T,T,T,T,T,T,T,T,T,T,T,T,T,T,T",1.0,1.0,0.2222,Qwen2.5-32B-Instruct,5,game_70
Qwen2.5-32B-Instruct__noise05__game_69,70,2026-02-12T05:35:59.552267,fr,True,30,30,agent1,VLLMQwen32B,coopératif,0.05,282,0.9667,0.0333,1,27,"C,C,C,C,C,C,C,C,C,C,C,C,C,C,C,C,C,C,C,C,C,C,C,C,C,C,T,C,C,C","C,C,C,C,C,C,C,C,C,C,C,C,C,C,C,C,C,C,C,C,C,C,C,C,C,C,C,C,C,C",agent2,VLLMQwen32B,égoïste,0.05,12,0.0667,0.9333,2,"3,23","T,T,C,T,T,T,T,T,T,T,T,T,T,T,T,T,T,T,T,T,T,T,C,T,T,T,T,T,T,T","T,T,T,T,T,T,T,T,T,T,T,T,T,T,T,T,T,T,T,T,T,T,T,T,T,T,T,T,T,T",1.0,1.0,0.1111,Qwen2.5-32B-Instruct,5,game_69
Qwen2.5-32B-Instruct__noise05__game_71,72,2026-02-12T05:36:05.857122,fr,True,30,30,agent1,VLLMQwen32B,égoïste,0.05,236,0.0667,0.9333,2,"15,25","T,T,T,T,T,T,T,T,T,T,T,T,T,T,C,T,T,T,T,T,T,T,T,T,C,T,T,T,T,T","T,T,T,T,T,T,T,T,T,T,T,T,T,T,T,T,T,T,T,T,T,T,T,T,T,T,T,T,T,T",agent2,VLLMQwen32B,égoïste,0.05,226,0.0333,0.9667,1,27,"T,T,T,T,T,T,T,T,T,T,T,T,T,T,T,T,T,T,T,T,T,T,T,T,T,T,C,T,T,T","T,T,T,T,T,T,T,T,T,T,T,T,T,T,T,T,T,T,T,T,T,T,T,T,T,T,T,T,T,T",1.0,1.0,0.2222,Qwen2.5-32B-Instruct,5,game_71
Qwen2.5-32B-Instruct__noise05__game_72,73,2026-02-12T05:40:03.549622,fr,True,30,30,agent1,VLLMQwen32B,coopératif,0.05,80,0.9333,0.0667,2,"3,22","C,C,T,C,C,C,C,C,C,C,C,C,C,C,C,C,C,C,C,C,C,T,C,C,C,C,C,C,C,C","C,C,C,C,C,C,C,C,C,C,C,C,C,C,C,C,C,C,C,C,C,C,C,C,C,C,C,C,C,C",agent2,VLLMQwen32B,coopératif,0.05,70,0.9,0.1,3,"8,10,29","C,C,C,C,C,C,C,T,C,T,C,C,C,C,C,C,C,C,C,C,C,C,C,C,C,C,C,C,T,C","C,C,C,C,C,C,C,C,C,C,C,C,C,C,C,C,C,C,C,C,C,C,C,C,C,C,C,C,C,C",1.0,1.0,0.0,Qwen2.5-32B-Instruct,5,game_72
Qwen2.5-32B-Instruct__noise05__game_75,76,2026-02-12T05:40:49.389440,fr,True,30,30,agent1,VLLMQwen32B,égoïste,0.05,234,0.1667,0.8333,5,"9,21,25,26,30","T,T,T,T,T,T,T,T,C,T,T,T,T,T,T,T,T,T,T,T,C,T,T,T,C,C,T,T,T,C","T,T,T,T,T,T,T,T,T,T,T,T,T,T,T,T,T,T,T,T,T,T,T,T,T,T,T,T,T,T",agent2,VLLMQwen32B,égoïste,0.05,204,0.0667,0.9333,2,"1,26","C,T,T,T,T,T,T,T,T,T,T,T,T,T,T,T,T,T,T,T,T,T,T,T,T,C,T,T,T,T","T,T,T,T,T,T,T,T,T,T,T,T,T,T,T,T,T,T,T,T,T,T,T,T,T,T,T,T,T,T",1.0,1.0,0.1111,Qwen2.5-32B-Instruct,5,game_75
Qwen2.5-32B-Instruct__noise05__game_73,74,2026-02-12T05:40:54.228731,fr,True,30,30,agent1,VLLMQwen32B,coopératif,0.05,298,0.9667,0.0333,1,18,"C,C,C,C,C,C,C,C,C,C,C,C,C,C,C,C,C,T,C,C,C,C,C,C,C,C,C,C,C,C","C,C,C,C,C,C,C,C,C,C,C,C,C,C,C,C,C,C,C,C,C,C,C,C,C,C,C,C,C,C",agent2,VLLMQwen32B,égoïste,0.05,8,0.0,1.0,0,,"T,T,T,T,T,T,T,T,T,T,T,T,T,T,T,T,T,T,T,T,T,T,T,T,T,T,T,T,T,T","T,T,T,T,T,T,T,T,T,T,T,T,T,T,T,T,T,T,T,T,T,T,T,T,T,T,T,T,T,T",1.0,1.0,0.2778,Qwen2.5-32B-Instruct,5,game_73
Qwen2.5-32B-Instruct__noise05__game_74,75,2026-02-12T05:41:14.924562,fr,True,30,30,agent1,VLLMQwen32B,égoïste,0.05,178,0.0333,0.9667,1,29,"T,T,T,T,T,T,T,T,T,T,T,T,T,T,T,T,T,T,T,T,T,T,T,T,T,T,T,T,C,T","T,T,T,T,T,T,T,T,T,T,T,T,T,T,T,T,T,T,T,T,T,T,T,T,T,T,T,T,T,T",agent2,VLLMQwen32B,coopératif,0.05,248,0.2667,0.7333,2,"21,23","C,T,T,T,T,T,T,T,T,T,T,T,T,T,T,T,T,T,T,T,C,T,C,T,T,C,C,C,C,C","C,T,T,T,T,T,T,T,T,T,T,T,T,T,T,T,T,T,T,T,T,T,T,T,T,C,C,C,C,C",1.0,1.0,0.1111,Qwen2.5-32B-Instruct,5,game_74
Qwen2.5-32B-Instruct__noise05__game_76,77,2026-02-12T05:45:08.492039,fr,True,30,30,agent1,VLLMQwen32B,coopératif,0.05,70,0.9,0.1,3,"7,16,30","C,C,C,C,C,C,T,C,C,C,C,C,C,C,C,T,C,C,C,C,C,C,C,C,C,C,C,C,C,T","C,C,C,C,C,C,C,C,C,C,C,C,C,C,C,C,C,C,C,C,C,C,C,C,C,C,C,C,C,C",agent2,VLLMQwen32B,coopératif,0.05,80,0.9333,0.0667,2,"6,15","C,C,C,C,C,T,C,C,C,C,C,C,C,C,T,C,C,C,C,C,C,C,C,C,C,C,C,C,C,C","C,C,C,C,C,C,C,C,C,C,C,C,C,C,C,C,C,C,C,C,C,C,C,C,C,C,C,C,C,C",1.0,1.0,0.0556,Qwen2.5-32B-Instruct,5,game_76
Qwen2.5-32B-Instruct__noise05__game_77,78,2026-02-12T05:45:30.576060,fr,True,30,30,agent1,VLLMQwen32B,coopératif,0.05,242,0.1667,0.8333,1,22,"C,C,C,T,T,T,T,T,T,T,T,T,T,T,T,T,T,T,T,T,T,C,T,T,T,T,T,T,C,T","C,C,C,T,T,T,T,T,T,T,T,T,T,T,T,T,T,T,T,T,T,T,T,T,T,T,T,T,C,T",agent2,VLLMQwen32B,égoïste,0.05,202,0.0333,0.9667,1,5,"T,T,T,T,C,T,T,T,T,T,T,T,T,T,T,T,T,T,T,T,T,T,T,T,T,T,T,T,T,T","T,T,T,T,T,T,T,T,T,T,T,T,T,T,T,T,T,T,T,T,T,T,T,T,T,T,T,T,T,T",1.0,1.0,0.0556,Qwen2.5-32B-Instruct,5,game_77
Qwen2.5-32B-Instruct__noise05__game_78,79,2026-02-12T05:46:10.059910,fr,True,30,30,agent1,VLLMQwen32B,égoïste,0.05,4,0.0667,0.9333,2,"2,26","T,C,T,T,T,T,T,T,T,T,T,T,T,T,T,T,T,T,T,T,T,T,T,T,T,C,T,T,T,T","T,T,T,T,T,T,T,T,T,T,T,T,T,T,T,T,T,T,T,T,T,T,T,T,T,T,T,T,T,T",agent2,VLLMQwen32B,coopératif,0.05,284,1.0,0.0,0,,"C,C,C,C,C,C,C,C,C,C,C,C,C,C,C,C,C,C,C,C,C,C,C,C,C,C,C,C,C,C","C,C,C,C,C,C,C,C,C,C,C,C,C,C,C,C,C,C,C,C,C,C,C,C,C,C,C,C,C,C",1.0,0.9286,0.1111,Qwen2.5-32B-Instruct,5,game_78
Qwen2.5-32B-Instruct__noise05__game_79,80,2026-02-12T05:46:19.412334,fr,True,30,30,agent1,VLLMQwen32B,égoïste,0.05,242,0.0333,0.9667,1,29,"T,T,T,T,T,T,T,T,T,T,T,T,T,T,T,T,T,T,T,T,T,T,T,T,T,T,T,T,C,T","T,T,T,T,T,T,T,T,T,T,T,T,T,T,T,T,T,T,T,T,T,T,T,T,T,T,T,T,T,T",agent2,VLLMQwen32B,égoïste,0.05,232,0.0,1.0,0,,"T,T,T,T,T,T,T,T,T,T,T,T,T,T,T,T,T,T,T,T,T,T,T,T,T,T,T,T,T,T","T,T,T,T,T,T,T,T,T,T,T,T,T,T,T,T,T,T,T,T,T,T,T,T,T,T,T,T,T,T",1.0,1.0,0.3333,Qwen2.5-32B-Instruct,5,game_79
Qwen2.5-32B-Instruct__noise05__game_81,82,2026-02-12T05:49:46.660336,ar,True,30,30,agent1,VLLMQwen32B,متعاون,0.05,282,0.8333,0.1667,2,"6,10","ت,ت,ت,ت,ت,خ,ت,ت,ت,خ,ت,ت,ت,ت,ت,ت,ت,ت,ت,ت,ت,ت,ت,ت,ت,ت,ت,خ,خ,خ","ت,ت,ت,ت,ت,ت,ت,ت,ت,ت,ت,ت,ت,ت,ت,ت,ت,ت,ت,ت,ت,ت,ت,ت,ت,ت,ت,خ,خ,خ",agent2,VLLMQwen32B,أناني,0.05,42,0.0333,0.9667,1,2,"خ,ت,خ,خ,خ,خ,خ,خ,خ,خ,خ,خ,خ,خ,خ,خ,خ,خ,خ,خ,خ,خ,خ,خ,خ,خ,خ,خ,خ,خ","خ,خ,خ,خ,خ,خ,خ,خ,خ,خ,خ,خ,خ,خ,خ,خ,خ,خ,خ,خ,خ,خ,خ,خ,خ,خ,خ,خ,خ,خ",1.0,1.0,0.0,Qwen2.5-32B-Instruct,5,game_81
Qwen2.5-32B-Instruct__noise05__game_80,81,2026-02-12T05:50:29.535963,ar,True,30,30,agent1,VLLMQwen32B,متعاون,0.05,66,0.9667,0.0333,1,25,"ت,ت,ت,ت,ت,ت,ت,ت,ت,ت,ت,ت,ت,ت,ت,ت,ت,ت,ت,ت,ت,ت,ت,ت,خ,ت,ت,ت,ت,ت","ت,ت,ت,ت,ت,ت,ت,ت,ت,ت,ت,ت,ت,ت,ت,ت,ت,ت,ت,ت,ت,ت,ت,ت,ت,ت,ت,ت,ت,ت",agent2,VLLMQwen32B,متعاون,0.05,66,0.9667,0.0333,1,15,"ت,ت,ت,ت,ت,ت,ت,ت,ت,ت,ت,ت,ت,ت,خ,ت,ت,ت,ت,ت,ت,ت,ت,ت,ت,ت,ت,ت,ت,ت","ت,ت,ت,ت,ت,ت,ت,ت,ت,ت,ت,ت,ت,ت,ت,ت,ت,ت,ت,ت,ت,ت,ت,ت,ت,ت,ت,ت,ت,ت",1.0,1.0,0.2778,Qwen2.5-32B-Instruct,5,game_80
Qwen2.5-32B-Instruct__noise05__game_82,83,2026-02-12T05:51:04.077009,ar,True,30,30,agent1,VLLMQwen32B,أناني,0.05,12,0.0667,0.9333,2,"5,19","خ,خ,خ,خ,ت,خ,خ,خ,خ,خ,خ,خ,خ,خ,خ,خ,خ,خ,ت,خ,خ,خ,خ,خ,خ,خ,خ,خ,خ,خ","خ,خ,خ,خ,خ,خ,خ,خ,خ,خ,خ,خ,خ,خ,خ,خ,خ,خ,خ,خ,خ,خ,خ,خ,خ,خ,خ,خ,خ,خ",agent2,VLLMQwen32B,متعاون,0.05,282,0.9667,0.0333,1,8,"ت,ت,ت,ت,ت,ت,ت,خ,ت,ت,ت,ت,ت,ت,ت,ت,ت,ت,ت,ت,ت,ت,ت,ت,ت,ت,ت,ت,ت,ت","ت,ت,ت,ت,ت,ت,ت,ت,ت,ت,ت,ت,ت,ت,ت,ت,ت,ت,ت,ت,ت,ت,ت,ت,ت,ت,ت,ت,ت,ت",1.0,1.0,0.0278,Qwen2.5-32B-Instruct,5,game_82
Qwen2.5-32B-Instruct__noise05__game_83,84,2026-02-12T05:51:13.909650,ar,True,30,30,agent1,VLLMQwen32B,أناني,0.05,234,0.0333,0.9667,1,25,"خ,خ,خ,خ,خ,خ,خ,خ,خ,خ,خ,خ,خ,خ,خ,خ,خ,خ,خ,خ,خ,خ,خ,خ,ت,خ,خ,خ,خ,خ","خ,خ,خ,خ,خ,خ,خ,خ,خ,خ,خ,خ,خ,خ,خ,خ,خ,خ,خ,خ,خ,خ,خ,خ,خ,خ,خ,خ,خ,خ",agent2,VLLMQwen32B,أناني,0.05,234,0.0333,0.9667,1,24,"خ,خ,خ,خ,خ,خ,خ,خ,خ,خ,خ,خ,خ,خ,خ,خ,خ,خ,خ,خ,خ,خ,خ,ت,خ,خ,خ,خ,خ,خ","خ,خ,خ,خ,خ,خ,خ,خ,خ,خ,خ,خ,خ,خ,خ,خ,خ,خ,خ,خ,خ,خ,خ,خ,خ,خ,خ,خ,خ,خ",1.0,1.0,0.3333,Qwen2.5-32B-Instruct,5,game_83
Qwen2.5-32B-Instruct__noise05__game_84,85,2026-02-12T05:53:49.475392,ar,True,30,30,agent1,VLLMQwen32B,متعاون,0.05,60,1.0,0.0,0,,"ت,ت,ت,ت,ت,ت,ت,ت,ت,ت,ت,ت,ت,ت,ت,ت,ت,ت,ت,ت,ت,ت,ت,ت,ت,ت,ت,ت,ت,ت","ت,ت,ت,ت,ت,ت,ت,ت,ت,ت,ت,ت,ت,ت,ت,ت,ت,ت,ت,ت,ت,ت,ت,ت,ت,ت,ت,ت,ت,ت",agent2,VLLMQwen32B,متعاون,0.05,60,1.0,0.0,0,,"ت,ت,ت,ت,ت,ت,ت,ت,ت,ت,ت,ت,ت,ت,ت,ت,ت,ت,ت,ت,ت,ت,ت,ت,ت,ت,ت,ت,ت,ت","ت,ت,ت,ت,ت,ت,ت,ت,ت,ت,ت,ت,ت,ت,ت,ت,ت,ت,ت,ت,ت,ت,ت,ت,ت,ت,ت,ت,ت,ت",1.0,1.0,0.6667,Qwen2.5-32B-Instruct,5,game_84
Qwen2.5-32B-Instruct__noise05__game_85,86,2026-02-12T05:55:35.256934,ar,True,30,30,agent1,VLLMQwen32B,متعاون,0.05,244,0.2,0.8,2,"5,15","ت,ت,ت,خ,ت,خ,خ,خ,خ,خ,خ,خ,خ,خ,ت,خ,خ,خ,خ,خ,خ,خ,خ,خ,خ,خ,ت,خ,خ,خ","ت,ت,ت,خ,خ,خ,خ,خ,خ,خ,خ,خ,خ,خ,خ,خ,خ,خ,خ,خ,خ,خ,خ,خ,خ,خ,ت,خ,خ,خ",agent2,VLLMQwen32B,أناني,0.05,194,0.0333,0.9667,1,14,"خ,خ,خ,خ,خ,خ,خ,خ,خ,خ,خ,خ,خ,ت,خ,خ,خ,خ,خ,خ,خ,خ,خ,خ,خ,خ,خ,خ,خ,خ","خ,خ,خ,خ,خ,خ,خ,خ,خ,خ,خ,خ,خ,خ,خ,خ,خ,خ,خ,خ,خ,خ,خ,خ,خ,خ,خ,خ,خ,خ",1.0,1.0,0.1389,Qwen2.5-32B-Instruct,5,game_85
Qwen2.5-32B-Instruct__noise05__game_86,87,2026-02-12T05:56:06.207468,ar,True,30,30,agent1,VLLMQwen32B,أناني,0.05,24,0.0,1.0,0,,"خ,خ,خ,خ,خ,خ,خ,خ,خ,خ,خ,خ,خ,خ,خ,خ,خ,خ,خ,خ,خ,خ,خ,خ,خ,خ,خ,خ,خ,خ","خ,خ,خ,خ,خ,خ,خ,خ,خ,خ,خ,خ,خ,خ,خ,خ,خ,خ,خ,خ,خ,خ,خ,خ,خ,خ,خ,خ,خ,خ",agent2,VLLMQwen32B,متعاون,0.05,294,0.9,0.1,4,"2,3,14,30","ت,ت,ت,خ,ت,ت,ت,ت,ت,ت,ت,ت,ت,خ,ت,ت,ت,ت,ت,ت,ت,ت,ت,ت,ت,ت,ت,ت,ت,خ","ت,خ,خ,خ,ت,ت,ت,ت,ت,ت,ت,ت,ت,ت,ت,ت,ت,ت,ت,ت,ت,ت,ت,ت,ت,ت,ت,ت,ت,ت",1.0,1.0,0.1667,Qwen2.5-32B-Instruct,5,game_86
Qwen2.5-32B-Instruct__noise05__game_87,88,2026-02-12T05:56:23.935358,ar,True,30,30,agent1,VLLMQwen32B,أناني,0.05,240,0.0,1.0,0,,"خ,خ,خ,خ,خ,خ,خ,خ,خ,خ,خ,خ,خ,خ,خ,خ,خ,خ,خ,خ,خ,خ,خ,خ,خ,خ,خ,خ,خ,خ","خ,خ,خ,خ,خ,خ,خ,خ,خ,خ,خ,خ,خ,خ,خ,خ,خ,خ,خ,خ,خ,خ,خ,خ,خ,خ,خ,خ,خ,خ",agent2,VLLMQwen32B,أناني,0.05,240,0.0,1.0,0,,"خ,خ,خ,خ,خ,خ,خ,خ,خ,خ,خ,خ,خ,خ,خ,خ,خ,خ,خ,خ,خ,خ,خ,خ,خ,خ,خ,خ,خ,خ","خ,خ,خ,خ,خ,خ,خ,خ,خ,خ,خ,خ,خ,خ,خ,خ,خ,خ,خ,خ,خ,خ,خ,خ,خ,خ,خ,خ,خ,خ",1.0,1.0,0.5556,Qwen2.5-32B-Instruct,5,game_87
Qwen2.5-32B-Instruct__noise05__game_88,89,2026-02-12T05:58:29.991018,ar,True,30,30,agent1,VLLMQwen32B,متعاون,0.05,56,0.9333,0.0667,2,"1,7","خ,ت,ت,ت,ت,ت,خ,ت,ت,ت,ت,ت,ت,ت,ت,ت,ت,ت,ت,ت,ت,ت,ت,ت,ت,ت,ت,ت,ت,ت","ت,ت,ت,ت,ت,ت,ت,ت,ت,ت,ت,ت,ت,ت,ت,ت,ت,ت,ت,ت,ت,ت,ت,ت,ت,ت,ت,ت,ت,ت",agent2,VLLMQwen32B,متعاون,0.05,76,1.0,0.0,0,,"ت,ت,ت,ت,ت,ت,ت,ت,ت,ت,ت,ت,ت,ت,ت,ت,ت,ت,ت,ت,ت,ت,ت,ت,ت,ت,ت,ت,ت,ت","ت,ت,ت,ت,ت,ت,ت,ت,ت,ت,ت,ت,ت,ت,ت,ت,ت,ت,ت,ت,ت,ت,ت,ت,ت,ت,ت,ت,ت,ت",1.0,1.0,0.2778,Qwen2.5-32B-Instruct,5,game_88
Qwen2.5-32B-Instruct__noise05__game_90,91,2026-02-12T06:01:06.148549,ar,True,30,30,agent1,VLLMQwen32B,أناني,0.05,196,0.0667,0.9333,2,"22,30","خ,خ,خ,خ,خ,خ,خ,خ,خ,خ,خ,خ,خ,خ,خ,خ,خ,خ,خ,خ,خ,ت,خ,خ,خ,خ,خ,خ,خ,ت","خ,خ,خ,خ,خ,خ,خ,خ,خ,خ,خ,خ,خ,خ,خ,خ,خ,خ,خ,خ,خ,خ,خ,خ,خ,خ,خ,خ,خ,خ",agent2,VLLMQwen32B,متعاون,0.05,236,0.2,0.8,2,"18,20","ت,خ,خ,خ,خ,خ,خ,خ,خ,خ,خ,خ,خ,خ,خ,خ,خ,ت,خ,ت,خ,خ,خ,خ,خ,خ,خ,ت,ت,ت","ت,خ,خ,خ,خ,خ,خ,خ,خ,خ,خ,خ,خ,خ,خ,خ,خ,خ,خ,خ,خ,خ,خ,خ,خ,خ,خ,ت,ت,ت",1.0,1.0,0.1111,Qwen2.5-32B-Instruct,5,game_90
Qwen2.5-32B-Instruct__noise05__game_91,92,2026-02-12T06:01:32.554091,ar,True,30,30,agent1,VLLMQwen32B,أناني,0.05,240,0.0,1.0,0,,"خ,خ,خ,خ,خ,خ,خ,خ,خ,خ,خ,خ,خ,خ,خ,خ,خ,خ,خ,خ,خ,خ,خ,خ,خ,خ,خ,خ,خ,خ","خ,خ,خ,خ,خ,خ,خ,خ,خ,خ,خ,خ,خ,خ,خ,خ,خ,خ,خ,خ,خ,خ,خ,خ,خ,خ,خ,خ,خ,خ",agent2,VLLMQwen32B,أناني,0.05,240,0.0,1.0,0,,"خ,خ,خ,خ,خ,خ,خ,خ,خ,خ,خ,خ,خ,خ,خ,خ,خ,خ,خ,خ,خ,خ,خ,خ,خ,خ,خ,خ,خ,خ","خ,خ,خ,خ,خ,خ,خ,خ,خ,خ,خ,خ,خ,خ,خ,خ,خ,خ,خ,خ,خ,خ,خ,خ,خ,خ,خ,خ,خ,خ",1.0,1.0,0.5556,Qwen2.5-32B-Instruct,5,game_91
Qwen2.5-32B-Instruct__noise05__game_89,90,2026-02-12T06:02:02.233874,ar,True,30,30,agent1,VLLMQwen32B,متعاون,0.05,240,0.1333,0.8667,1,5,"ت,ت,ت,خ,ت,خ,خ,خ,خ,خ,خ,خ,خ,خ,خ,خ,خ,خ,خ,خ,خ,خ,خ,خ,خ,خ,خ,خ,خ,خ","ت,ت,ت,خ,خ,خ,خ,خ,خ,خ,خ,خ,خ,خ,خ,خ,خ,خ,خ,خ,خ,خ,خ,خ,خ,خ,خ,خ,خ,خ",agent2,VLLMQwen32B,أناني,0.05,210,0.0333,0.9667,1,25,"خ,خ,خ,خ,خ,خ,خ,خ,خ,خ,خ,خ,خ,خ,خ,خ,خ,خ,خ,خ,خ,خ,خ,خ,ت,خ,خ,خ,خ,خ","خ,خ,خ,خ,خ,خ,خ,خ,خ,خ,خ,خ,خ,خ,خ,خ,خ,خ,خ,خ,خ,خ,خ,خ,خ,خ,خ,خ,خ,خ",1.0,1.0,0.25,Qwen2.5-32B-Instruct,5,game_89
Qwen2.5-32B-Instruct__noise05__game_92,93,2026-02-12T06:03:06.147650,ar,True,30,30,agent1,VLLMQwen32B,متعاون,0.05,74,0.9667,0.0333,1,19,"ت,ت,ت,ت,ت,ت,ت,ت,ت,ت,ت,ت,ت,ت,ت,ت,ت,ت,خ,ت,ت,ت,ت,ت,ت,ت,ت,ت,ت,ت","ت,ت,ت,ت,ت,ت,ت,ت,ت,ت,ت,ت,ت,ت,ت,ت,ت,ت,ت,ت,ت,ت,ت,ت,ت,ت,ت,ت,ت,ت",agent2,VLLMQwen32B,متعاون,0.05,64,0.9333,0.0667,2,"19,20","ت,ت,ت,ت,ت,ت,ت,ت,ت,ت,ت,ت,ت,ت,ت,ت,ت,ت,خ,خ,ت,ت,ت,ت,ت,ت,ت,ت,ت,ت","ت,ت,ت,ت,ت,ت,ت,ت,ت,ت,ت,ت,ت,ت,ت,ت,ت,ت,ت,ت,ت,ت,ت,ت,ت,ت,ت,ت,ت,ت",1.0,1.0,0.2222,Qwen2.5-32B-Instruct,5,game_92
Qwen2.5-32B-Instruct__noise05__game_93,94,2026-02-12T06:06:02.676753,ar,True,30,30,agent1,VLLMQwen32B,متعاون,0.05,274,0.8333,0.1667,1,22,"ت,خ,خ,خ,خ,ت,ت,ت,ت,ت,ت,ت,ت,ت,ت,ت,ت,ت,ت,ت,ت,خ,ت,ت,ت,ت,ت,ت,ت,ت","ت,خ,خ,خ,خ,ت,ت,ت,ت,ت,ت,ت,ت,ت,ت,ت,ت,ت,ت,ت,ت,ت,ت,ت,ت,ت,ت,ت,ت,ت",agent2,VLLMQwen32B,أناني,0.05,44,0.0667,0.9333,2,"5,14","خ,خ,خ,خ,ت,خ,خ,خ,خ,خ,خ,خ,خ,ت,خ,خ,خ,خ,خ,خ,خ,خ,خ,خ,خ,خ,خ,خ,خ,خ","خ,خ,خ,خ,خ,خ,خ,خ,خ,خ,خ,خ,خ,خ,خ,خ,خ,خ,خ,خ,خ,خ,خ,خ,خ,خ,خ,خ,خ,خ",1.0,1.0,0.0556,Qwen2.5-32B-Instruct,5,game_93
Qwen2.5-32B-Instruct__noise05__game_94,95,2026-02-12T06:06:40.976092,ar,True,30,30,agent1,VLLMQwen32B,أناني,0.05,76,0.0667,0.9333,2,"3,22","خ,خ,ت,خ,خ,خ,خ,خ,خ,خ,خ,خ,خ,خ,خ,خ,خ,خ,خ,خ,خ,ت,خ,خ,خ,خ,خ,خ,خ,خ","خ,خ,خ,خ,خ,خ,خ,خ,خ,خ,خ,خ,خ,خ,خ,خ,خ,خ,خ,خ,خ,خ,خ,خ,خ,خ,خ,خ,خ,خ",agent2,VLLMQwen32B,متعاون,0.05,266,0.7,0.3,0,,"ت,خ,خ,خ,خ,خ,خ,خ,خ,خ,ت,ت,ت,ت,ت,ت,ت,ت,ت,ت,ت,ت,ت,ت,ت,ت,ت,ت,ت,ت","ت,خ,خ,خ,خ,خ,خ,خ,خ,خ,ت,ت,ت,ت,ت,ت,ت,ت,ت,ت,ت,ت,ت,ت,ت,ت,ت,ت,ت,ت",1.0,1.0,0.0,Qwen2.5-32B-Instruct,5,game_94
Qwen2.5-32B-Instruct__noise05__game_95,96,2026-02-12T06:07:06.964897,ar,True,30,30,agent1,VLLMQwen32B,أناني,0.05,224,0.0,1.0,0,,"خ,خ,خ,خ,خ,خ,خ,خ,خ,خ,خ,خ,خ,خ,خ,خ,خ,خ,خ,خ,خ,خ,خ,خ,خ,خ,خ,خ,خ,خ","خ,خ,خ,خ,خ,خ,خ,خ,خ,خ,خ,خ,خ,خ,خ,خ,خ,خ,خ,خ,خ,خ,خ,خ,خ,خ,خ,خ,خ,خ",agent2,VLLMQwen32B,أناني,0.05,244,0.0667,0.9333,2,"15,19","خ,خ,خ,خ,خ,خ,خ,خ,خ,خ,خ,خ,خ,خ,ت,خ,خ,خ,ت,خ,خ,خ,خ,خ,خ,خ,خ,خ,خ,خ","خ,خ,خ,خ,خ,خ,خ,خ,خ,خ,خ,خ,خ,خ,خ,خ,خ,خ,خ,خ,خ,خ,خ,خ,خ,خ,خ,خ,خ,خ",1.0,1.0,0.3333,Qwen2.5-32B-Instruct,5,game_95
Qwen2.5-32B-Instruct__noise05__game_96,97,2026-02-12T06:08:23.968962,ar,True,30,30,agent1,VLLMQwen32B,متعاون,0.05,60,1.0,0.0,0,,"ت,ت,ت,ت,ت,ت,ت,ت,ت,ت,ت,ت,ت,ت,ت,ت,ت,ت,ت,ت,ت,ت,ت,ت,ت,ت,ت,ت,ت,ت","ت,ت,ت,ت,ت,ت,ت,ت,ت,ت,ت,ت,ت,ت,ت,ت,ت,ت,ت,ت,ت,ت,ت,ت,ت,ت,ت,ت,ت,ت",agent2,VLLMQwen32B,متعاون,0.05,60,1.0,0.0,0,,"ت,ت,ت,ت,ت,ت,ت,ت,ت,ت,ت,ت,ت,ت,ت,ت,ت,ت,ت,ت,ت,ت,ت,ت,ت,ت,ت,ت,ت,ت","ت,ت,ت,ت,ت,ت,ت,ت,ت,ت,ت,ت,ت,ت,ت,ت,ت,ت,ت,ت,ت,ت,ت,ت,ت,ت,ت,ت,ت,ت",1.0,1.0,0.6667,Qwen2.5-32B-Instruct,5,game_96
Qwen2.5-32B-Instruct__noise05__game_97,98,2026-02-12T06:10:33.406891,ar,True,30,30,agent1,VLLMQwen32B,متعاون,0.05,284,1.0,0.0,0,,"ت,ت,ت,ت,ت,ت,ت,ت,ت,ت,ت,ت,ت,ت,ت,ت,ت,ت,ت,ت,ت,ت,ت,ت,ت,ت,ت,ت,ت,ت","ت,ت,ت,ت,ت,ت,ت,ت,ت,ت,ت,ت,ت,ت,ت,ت,ت,ت,ت,ت,ت,ت,ت,ت,ت,ت,ت,ت,ت,ت",agent2,VLLMQwen32B,أناني,0.05,4,0.0667,0.9333,2,"6,11","خ,خ,خ,خ,خ,ت,خ,خ,خ,خ,ت,خ,خ,خ,خ,خ,خ,خ,خ,خ,خ,خ,خ,خ,خ,خ,خ,خ,خ,خ","خ,خ,خ,خ,خ,خ,خ,خ,خ,خ,خ,خ,خ,خ,خ,خ,خ,خ,خ,خ,خ,خ,خ,خ,خ,خ,خ,خ,خ,خ",1.0,1.0,0.2222,Qwen2.5-32B-Instruct,5,game_97
Qwen2.5-32B-Instruct__noise05__game_98,99,2026-02-12T06:12:01.119851,ar,True,30,30,agent1,VLLMQwen32B,أناني,0.05,170,0.0333,0.9667,1,10,"خ,خ,خ,خ,خ,خ,خ,خ,خ,ت,خ,خ,خ,خ,خ,خ,خ,خ,خ,خ,خ,خ,خ,خ,خ,خ,خ,خ,خ,خ","خ,خ,خ,خ,خ,خ,خ,خ,خ,خ,خ,خ,خ,خ,خ,خ,خ,خ,خ,خ,خ,خ,خ,خ,خ,خ,خ,خ,خ,خ",agent2,VLLMQwen32B,متعاون,0.05,250,0.3,0.7,1,6,"ت,ت,ت,ت,ت,خ,خ,خ,خ,خ,خ,خ,خ,خ,خ,خ,خ,خ,خ,خ,خ,خ,خ,خ,خ,خ,ت,ت,ت,ت","ت,ت,ت,ت,ت,ت,خ,خ,خ,خ,خ,خ,خ,خ,خ,خ,خ,خ,خ,خ,خ,خ,خ,خ,خ,خ,ت,ت,ت,ت",1.0,1.0,0.0556,Qwen2.5-32B-Instruct,5,game_98
Qwen2.5-32B-Instruct__noise05__game_99,100,2026-02-12T06:12:07.331428,ar,True,30,30,agent1,VLLMQwen32B,أناني,0.05,236,0.0667,0.9333,2,"12,17","خ,خ,خ,خ,خ,خ,خ,خ,خ,خ,خ,ت,خ,خ,خ,خ,ت,خ,خ,خ,خ,خ,خ,خ,خ,خ,خ,خ,خ,خ","خ,خ,خ,خ,خ,خ,خ,خ,خ,خ,خ,خ,خ,خ,خ,خ,خ,خ,خ,خ,خ,خ,خ,خ,خ,خ,خ,خ,خ,خ",agent2,VLLMQwen32B,أناني,0.05,226,0.0333,0.9667,1,27,"خ,خ,خ,خ,خ,خ,خ,خ,خ,خ,خ,خ,خ,خ,خ,خ,خ,خ,خ,خ,خ,خ,خ,خ,خ,خ,ت,خ,خ,خ","خ,خ,خ,خ,خ,خ,خ,خ,خ,خ,خ,خ,خ,خ,خ,خ,خ,خ,خ,خ,خ,خ,خ,خ,خ,خ,خ,خ,خ,خ",1.0,1.0,0.2222,Qwen2.5-32B-Instruct,5,game_99
Qwen2.5-32B-Instruct__noise05__game_100,101,2026-02-12T06:13:18.280718,ar,True,30,30,agent1,VLLMQwen32B,متعاون,0.05,64,0.9333,0.0667,2,"22,27","ت,ت,ت,ت,ت,ت,ت,ت,ت,ت,ت,ت,ت,ت,ت,ت,ت,ت,ت,ت,ت,خ,ت,ت,ت,ت,خ,ت,ت,ت","ت,ت,ت,ت,ت,ت,ت,ت,ت,ت,ت,ت,ت,ت,ت,ت,ت,ت,ت,ت,ت,ت,ت,ت,ت,ت,ت,ت,ت,ت",agent2,VLLMQwen32B,متعاون,0.05,74,0.9667,0.0333,1,14,"ت,ت,ت,ت,ت,ت,ت,ت,ت,ت,ت,ت,ت,خ,ت,ت,ت,ت,ت,ت,ت,ت,ت,ت,ت,ت,ت,ت,ت,ت","ت,ت,ت,ت,ت,ت,ت,ت,ت,ت,ت,ت,ت,ت,ت,ت,ت,ت,ت,ت,ت,ت,ت,ت,ت,ت,ت,ت,ت,ت",1.0,1.0,0.3611,Qwen2.5-32B-Instruct,5,game_100
Qwen2.5-32B-Instruct__noise05__game_101,102,2026-02-12T06:15:33.075367,ar,True,30,30,agent1,VLLMQwen32B,متعاون,0.05,258,0.3,0.7,0,,"ت,ت,ت,خ,خ,خ,خ,خ,خ,خ,خ,خ,خ,خ,خ,خ,خ,خ,خ,خ,خ,خ,خ,خ,ت,ت,ت,ت,ت,ت","ت,ت,ت,خ,خ,خ,خ,خ,خ,خ,خ,خ,خ,خ,خ,خ,خ,خ,خ,خ,خ,خ,خ,خ,ت,ت,ت,ت,ت,ت",agent2,VLLMQwen32B,أناني,0.05,168,0.0,1.0,0,,"خ,خ,خ,خ,خ,خ,خ,خ,خ,خ,خ,خ,خ,خ,خ,خ,خ,خ,خ,خ,خ,خ,خ,خ,خ,خ,خ,خ,خ,خ","خ,خ,خ,خ,خ,خ,خ,خ,خ,خ,خ,خ,خ,خ,خ,خ,خ,خ,خ,خ,خ,خ,خ,خ,خ,خ,خ,خ,خ,خ",1.0,1.0,0.1667,Qwen2.5-32B-Instruct,5,game_101
Qwen2.5-32B-Instruct__noise05__game_102,103,2026-02-12T06:16:39.211407,ar,True,30,30,agent1,VLLMQwen32B,أناني,0.05,2,0.0333,0.9667,1,7,"خ,خ,خ,خ,خ,خ,ت,خ,خ,خ,خ,خ,خ,خ,خ,خ,خ,خ,خ,خ,خ,خ,خ,خ,خ,خ,خ,خ,خ,خ","خ,خ,خ,خ,خ,خ,خ,خ,خ,خ,خ,خ,خ,خ,خ,خ,خ,خ,خ,خ,خ,خ,خ,خ,خ,خ,خ,خ,خ,خ",agent2,VLLMQwen32B,متعاون,0.05,292,1.0,0.0,0,,"ت,ت,ت,ت,ت,ت,ت,ت,ت,ت,ت,ت,ت,ت,ت,ت,ت,ت,ت,ت,ت,ت,ت,ت,ت,ت,ت,ت,ت,ت","ت,ت,ت,ت,ت,ت,ت,ت,ت,ت,ت,ت,ت,ت,ت,ت,ت,ت,ت,ت,ت,ت,ت,ت,ت,ت,ت,ت,ت,ت",1.0,1.0,0.1667,Qwen2.5-32B-Instruct,5,game_102
Qwen2.5-32B-Instruct__noise05__game_103,104,2026-02-12T06:17:35.176468,ar,True,30,30,agent1,VLLMQwen32B,أناني,0.05,226,0.0333,0.9667,1,16,"خ,خ,خ,خ,خ,خ,خ,خ,خ,خ,خ,خ,خ,خ,خ,ت,خ,خ,خ,خ,خ,خ,خ,خ,خ,خ,خ,خ,خ,خ","خ,خ,خ,خ,خ,خ,خ,خ,خ,خ,خ,خ,خ,خ,خ,خ,خ,خ,خ,خ,خ,خ,خ,خ,خ,خ,خ,خ,خ,خ",agent2,VLLMQwen32B,أناني,0.05,236,0.0667,0.9333,2,"3,30","خ,خ,ت,خ,خ,خ,خ,خ,خ,خ,خ,خ,خ,خ,خ,خ,خ,خ,خ,خ,خ,خ,خ,خ,خ,خ,خ,خ,خ,ت","خ,خ,خ,خ,خ,خ,خ,خ,خ,خ,خ,خ,خ,خ,خ,خ,خ,خ,خ,خ,خ,خ,خ,خ,خ,خ,خ,خ,خ,خ",1.0,1.0,0.1667,Qwen2.5-32B-Instruct,5,game_103
Qwen2.5-32B-Instruct__noise05__game_104,105,2026-02-12T06:19:03.331845,ar,True,30,30,agent1,VLLMQwen32B,متعاون,0.05,58,0.9667,0.0333,1,26,"ت,ت,ت,ت,ت,ت,ت,ت,ت,ت,ت,ت,ت,ت,ت,ت,ت,ت,ت,ت,ت,ت,ت,ت,ت,خ,ت,ت,ت,ت","ت,ت,ت,ت,ت,ت,ت,ت,ت,ت,ت,ت,ت,ت,ت,ت,ت,ت,ت,ت,ت,ت,ت,ت,ت,ت,ت,ت,ت,ت",agent2,VLLMQwen32B,متعاون,0.05,68,1.0,0.0,0,,"ت,ت,ت,ت,ت,ت,ت,ت,ت,ت,ت,ت,ت,ت,ت,ت,ت,ت,ت,ت,ت,ت,ت,ت,ت,ت,ت,ت,ت,ت","ت,ت,ت,ت,ت,ت,ت,ت,ت,ت,ت,ت,ت,ت,ت,ت,ت,ت,ت,ت,ت,ت,ت,ت,ت,ت,ت,ت,ت,ت",1.0,1.0,0.3889,Qwen2.5-32B-Instruct,5,game_104
Qwen2.5-32B-Instruct__noise05__game_105,106,2026-02-12T06:20:13.857160,ar,True,30,30,agent1,VLLMQwen32B,متعاون,0.05,266,0.9667,0.0333,0,,"ت,خ,ت,ت,ت,ت,ت,ت,ت,ت,ت,ت,ت,ت,ت,ت,ت,ت,ت,ت,ت,ت,ت,ت,ت,ت,ت,ت,ت,ت","ت,خ,ت,ت,ت,ت,ت,ت,ت,ت,ت,ت,ت,ت,ت,ت,ت,ت,ت,ت,ت,ت,ت,ت,ت,ت,ت,ت,ت,ت",agent2,VLLMQwen32B,أناني,0.05,16,0.1333,0.8667,4,"5,10,24,26","خ,خ,خ,خ,ت,خ,خ,خ,خ,ت,خ,خ,خ,خ,خ,خ,خ,خ,خ,خ,خ,خ,خ,ت,خ,ت,خ,خ,خ,خ","خ,خ,خ,خ,خ,خ,خ,خ,خ,خ,خ,خ,خ,خ,خ,خ,خ,خ,خ,خ,خ,خ,خ,خ,خ,خ,خ,خ,خ,خ",1.0,1.0,0.0,Qwen2.5-32B-Instruct,5,game_105
Qwen2.5-32B-Instruct__noise05__game_106,107,2026-02-12T06:21:31.188692,ar,True,30,30,agent1,VLLMQwen32B,أناني,0.05,72,0.0,1.0,0,,"خ,خ,خ,خ,خ,خ,خ,خ,خ,خ,خ,خ,خ,خ,خ,خ,خ,خ,خ,خ,خ,خ,خ,خ,خ,خ,خ,خ,خ,خ","خ,خ,خ,خ,خ,خ,خ,خ,خ,خ,خ,خ,خ,خ,خ,خ,خ,خ,خ,خ,خ,خ,خ,خ,خ,خ,خ,خ,خ,خ",agent2,VLLMQwen32B,متعاون,0.05,282,0.7,0.3,1,21,"ت,خ,خ,خ,خ,خ,خ,خ,خ,ت,ت,ت,ت,ت,ت,ت,ت,ت,ت,ت,خ,ت,ت,ت,ت,ت,ت,ت,ت,ت","ت,خ,خ,خ,خ,خ,خ,خ,خ,ت,ت,ت,ت,ت,ت,ت,ت,ت,ت,ت,ت,ت,ت,ت,ت,ت,ت,ت,ت,ت",1.0,1.0,0.1667,Qwen2.5-32B-Instruct,5,game_106
Qwen2.5-32B-Instruct__noise05__game_107,108,2026-02-12T06:22:26.932141,ar,True,30,30,agent1,VLLMQwen32B,أناني,0.05,240,0.0,1.0,0,,"خ,خ,خ,خ,خ,خ,خ,خ,خ,خ,خ,خ,خ,خ,خ,خ,خ,خ,خ,خ,خ,خ,خ,خ,خ,خ,خ,خ,خ,خ","خ,خ,خ,خ,خ,خ,خ,خ,خ,خ,خ,خ,خ,خ,خ,خ,خ,خ,خ,خ,خ,خ,خ,خ,خ,خ,خ,خ,خ,خ",agent2,VLLMQwen32B,أناني,0.05,240,0.0,1.0,0,,"خ,خ,خ,خ,خ,خ,خ,خ,خ,خ,خ,خ,خ,خ,خ,خ,خ,خ,خ,خ,خ,خ,خ,خ,خ,خ,خ,خ,خ,خ","خ,خ,خ,خ,خ,خ,خ,خ,خ,خ,خ,خ,خ,خ,خ,خ,خ,خ,خ,خ,خ,خ,خ,خ,خ,خ,خ,خ,خ,خ",1.0,1.0,0.5556,Qwen2.5-32B-Instruct,5,game_107
Qwen2.5-32B-Instruct__noise05__game_108,109,2026-02-12T06:24:04.998370,ar,True,30,30,agent1,VLLMQwen32B,متعاون,0.05,60,1.0,0.0,0,,"ت,ت,ت,ت,ت,ت,ت,ت,ت,ت,ت,ت,ت,ت,ت,ت,ت,ت,ت,ت,ت,ت,ت,ت,ت,ت,ت,ت,ت,ت","ت,ت,ت,ت,ت,ت,ت,ت,ت,ت,ت,ت,ت,ت,ت,ت,ت,ت,ت,ت,ت,ت,ت,ت,ت,ت,ت,ت,ت,ت",agent2,VLLMQwen32B,متعاون,0.05,60,1.0,0.0,0,,"ت,ت,ت,ت,ت,ت,ت,ت,ت,ت,ت,ت,ت,ت,ت,ت,ت,ت,ت,ت,ت,ت,ت,ت,ت,ت,ت,ت,ت,ت","ت,ت,ت,ت,ت,ت,ت,ت,ت,ت,ت,ت,ت,ت,ت,ت,ت,ت,ت,ت,ت,ت,ت,ت,ت,ت,ت,ت,ت,ت",1.0,1.0,0.6111,Qwen2.5-32B-Instruct,5,game_108
Qwen2.5-32B-Instruct__noise05__game_109,110,2026-02-12T06:26:27.966478,ar,True,30,30,agent1,VLLMQwen32B,متعاون,0.05,238,0.1,0.9,2,"23,27","ت,خ,خ,خ,خ,خ,خ,خ,خ,خ,خ,خ,خ,خ,خ,خ,خ,خ,خ,خ,خ,خ,ت,خ,خ,خ,خ,ت,خ,خ","ت,خ,خ,خ,خ,خ,خ,خ,خ,خ,خ,خ,خ,خ,خ,خ,خ,خ,خ,خ,خ,خ,خ,خ,خ,خ,ت,ت,خ,خ",agent2,VLLMQwen32B,أناني,0.05,218,0.0333,0.9667,1,3,"خ,خ,ت,خ,خ,خ,خ,خ,خ,خ,خ,خ,خ,خ,خ,خ,خ,خ,خ,خ,خ,خ,خ,خ,خ,خ,خ,خ,خ,خ","خ,خ,خ,خ,خ,خ,خ,خ,خ,خ,خ,خ,خ,خ,خ,خ,خ,خ,خ,خ,خ,خ,خ,خ,خ,خ,خ,خ,خ,خ",1.0,1.0,0.0,Qwen2.5-32B-Instruct,5,game_109
Qwen2.5-32B-Instruct__noise05__game_110,111,2026-02-12T06:26:36.832000,ar,True,30,30,agent1,VLLMQwen32B,أناني,0.05,40,0.1333,0.8667,4,"13,14,19,26","خ,خ,خ,خ,خ,خ,خ,خ,خ,خ,خ,خ,ت,ت,خ,خ,خ,خ,ت,خ,خ,خ,خ,خ,خ,ت,خ,خ,خ,خ","خ,خ,خ,خ,خ,خ,خ,خ,خ,خ,خ,خ,خ,خ,خ,خ,خ,خ,خ,خ,خ,خ,خ,خ,خ,خ,خ,خ,خ,خ",agent2,VLLMQwen32B,متعاون,0.05,260,0.8667,0.1333,2,"3,6","ت,خ,ت,خ,خ,ت,خ,ت,ت,ت,ت,ت,ت,ت,ت,ت,ت,ت,ت,ت,ت,ت,ت,ت,ت,ت,ت,ت,ت,ت","ت,خ,خ,خ,خ,خ,خ,ت,ت,ت,ت,ت,ت,ت,ت,ت,ت,ت,ت,ت,ت,ت,ت,ت,ت,ت,ت,ت,ت,ت",1.0,1.0,0.0556,Qwen2.5-32B-Instruct,5,game_110
Qwen2.5-32B-Instruct__noise05__game_111,112,2026-02-12T06:27:40.943060,ar,True,30,30,agent1,VLLMQwen32B,أناني,0.05,220,0.0667,0.9333,2,"4,29","خ,خ,خ,ت,خ,خ,خ,خ,خ,خ,خ,خ,خ,خ,خ,خ,خ,خ,خ,خ,خ,خ,خ,خ,خ,خ,خ,خ,ت,خ","خ,خ,خ,خ,خ,خ,خ,خ,خ,خ,خ,خ,خ,خ,خ,خ,خ,خ,خ,خ,خ,خ,خ,خ,خ,خ,خ,خ,خ,خ",agent2,VLLMQwen32B,أناني,0.05,230,0.1,0.9,3,"20,22,27","خ,خ,خ,خ,خ,خ,خ,خ,خ,خ,خ,خ,خ,خ,خ,خ,خ,خ,خ,ت,خ,ت,خ,خ,خ,خ,ت,خ,خ,خ","خ,خ,خ,خ,خ,خ,خ,خ,خ,خ,خ,خ,خ,خ,خ,خ,خ,خ,خ,خ,خ,خ,خ,خ,خ,خ,خ,خ,خ,خ",1.0,1.0,0.1111,Qwen2.5-32B-Instruct,5,game_111
Qwen2.5-32B-Instruct__noise05__game_112,113,2026-02-12T06:28:40.257273,ar,True,30,30,agent1,VLLMQwen32B,متعاون,0.05,70,0.9,0.1,3,"6,9,10","ت,ت,ت,ت,ت,خ,ت,ت,خ,خ,ت,ت,ت,ت,ت,ت,ت,ت,ت,ت,ت,ت,ت,ت,ت,ت,ت,ت,ت,ت","ت,ت,ت,ت,ت,ت,ت,ت,ت,ت,ت,ت,ت,ت,ت,ت,ت,ت,ت,ت,ت,ت,ت,ت,ت,ت,ت,ت,ت,ت",agent2,VLLMQwen32B,متعاون,0.05,80,0.9333,0.0667,2,"9,19","ت,ت,ت,ت,ت,ت,ت,ت,خ,ت,ت,ت,ت,ت,ت,ت,ت,ت,خ,ت,ت,ت,ت,ت,ت,ت,ت,ت,ت,ت","ت,ت,ت,ت,ت,ت,ت,ت,ت,ت,ت,ت,ت,ت,ت,ت,ت,ت,ت,ت,ت,ت,ت,ت,ت,ت,ت,ت,ت,ت",1.0,1.0,0.1111,Qwen2.5-32B-Instruct,5,game_112
Qwen2.5-32B-Instruct__noise05__game_113,114,2026-02-12T06:30:55.596995,ar,True,30,30,agent1,VLLMQwen32B,متعاون,0.05,268,0.8667,0.1333,4,"8,16,25,27","ت,ت,ت,ت,ت,ت,ت,خ,ت,ت,ت,ت,ت,ت,ت,خ,ت,ت,ت,ت,ت,ت,ت,ت,خ,ت,خ,ت,ت,ت","ت,ت,ت,ت,ت,ت,ت,ت,ت,ت,ت,ت,ت,ت,ت,ت,ت,ت,ت,ت,ت,ت,ت,ت,ت,ت,ت,ت,ت,ت",agent2,VLLMQwen32B,أناني,0.05,38,0.1,0.9,3,"5,21,28","خ,خ,خ,خ,ت,خ,خ,خ,خ,خ,خ,خ,خ,خ,خ,خ,خ,خ,خ,خ,ت,خ,خ,خ,خ,خ,خ,ت,خ,خ","خ,خ,خ,خ,خ,خ,خ,خ,خ,خ,خ,خ,خ,خ,خ,خ,خ,خ,خ,خ,خ,خ,خ,خ,خ,خ,خ,خ,خ,خ",1.0,1.0,0.0556,Qwen2.5-32B-Instruct,5,game_113
Qwen2.5-32B-Instruct__noise05__game_114,115,2026-02-12T06:31:41.228036,ar,True,30,30,agent1,VLLMQwen32B,أناني,0.05,28,0.0667,0.9333,2,"2,27","خ,ت,خ,خ,خ,خ,خ,خ,خ,خ,خ,خ,خ,خ,خ,خ,خ,خ,خ,خ,خ,خ,خ,خ,خ,خ,ت,خ,خ,خ","خ,خ,خ,خ,خ,خ,خ,خ,خ,خ,خ,خ,خ,خ,خ,خ,خ,خ,خ,خ,خ,خ,خ,خ,خ,خ,خ,خ,خ,خ",agent2,VLLMQwen32B,متعاون,0.05,278,0.9,0.1,2,"13,29","ت,خ,ت,ت,ت,ت,ت,ت,ت,ت,ت,ت,خ,ت,ت,ت,ت,ت,ت,ت,ت,ت,ت,ت,ت,ت,ت,ت,خ,ت","ت,خ,ت,ت,ت,ت,ت,ت,ت,ت,ت,ت,ت,ت,ت,ت,ت,ت,ت,ت,ت,ت,ت,ت,ت,ت,ت,ت,ت,ت",1.0,1.0,0.1111,Qwen2.5-32B-Instruct,5,game_114
Qwen2.5-32B-Instruct__noise05__game_115,116,2026-02-12T06:32:34.057949,ar,True,30,30,agent1,VLLMQwen32B,أناني,0.05,226,0.0333,0.9667,1,20,"خ,خ,خ,خ,خ,خ,خ,خ,خ,خ,خ,خ,خ,خ,خ,خ,خ,خ,خ,ت,خ,خ,خ,خ,خ,خ,خ,خ,خ,خ","خ,خ,خ,خ,خ,خ,خ,خ,خ,خ,خ,خ,خ,خ,خ,خ,خ,خ,خ,خ,خ,خ,خ,خ,خ,خ,خ,خ,خ,خ",agent2,VLLMQwen32B,أناني,0.05,236,0.0667,0.9333,2,"10,13","خ,خ,خ,خ,خ,خ,خ,خ,خ,ت,خ,خ,ت,خ,خ,خ,خ,خ,خ,خ,خ,خ,خ,خ,خ,خ,خ,خ,خ,خ","خ,خ,خ,خ,خ,خ,خ,خ,خ,خ,خ,خ,خ,خ,خ,خ,خ,خ,خ,خ,خ,خ,خ,خ,خ,خ,خ,خ,خ,خ",1.0,1.0,0.1667,Qwen2.5-32B-Instruct,5,game_115
Qwen2.5-32B-Instruct__noise05__game_116,117,2026-02-12T06:33:35.319726,ar,True,30,30,agent1,VLLMQwen32B,متعاون,0.05,68,1.0,0.0,0,,"ت,ت,ت,ت,ت,ت,ت,ت,ت,ت,ت,ت,ت,ت,ت,ت,ت,ت,ت,ت,ت,ت,ت,ت,ت,ت,ت,ت,ت,ت","ت,ت,ت,ت,ت,ت,ت,ت,ت,ت,ت,ت,ت,ت,ت,ت,ت,ت,ت,ت,ت,ت,ت,ت,ت,ت,ت,ت,ت,ت",agent2,VLLMQwen32B,متعاون,0.05,58,0.9667,0.0333,1,28,"ت,ت,ت,ت,ت,ت,ت,ت,ت,ت,ت,ت,ت,ت,ت,ت,ت,ت,ت,ت,ت,ت,ت,ت,ت,ت,ت,خ,ت,ت","ت,ت,ت,ت,ت,ت,ت,ت,ت,ت,ت,ت,ت,ت,ت,ت,ت,ت,ت,ت,ت,ت,ت,ت,ت,ت,ت,ت,ت,ت",1.0,1.0,0.4722,Qwen2.5-32B-Instruct,5,game_116
Qwen2.5-32B-Instruct__noise05__game_117,118,2026-02-12T06:35:47.453588,ar,True,30,30,agent1,VLLMQwen32B,متعاون,0.05,234,0.1667,0.8333,2,"20,28","ت,ت,خ,خ,خ,خ,خ,خ,خ,خ,خ,خ,خ,خ,خ,خ,خ,خ,خ,ت,خ,خ,خ,خ,خ,خ,خ,ت,ت,خ","ت,ت,خ,خ,خ,خ,خ,خ,خ,خ,خ,خ,خ,خ,خ,خ,خ,خ,خ,خ,خ,خ,خ,خ,خ,خ,خ,خ,ت,خ",agent2,VLLMQwen32B,أناني,0.05,204,0.0667,0.9333,2,"15,28","خ,خ,خ,خ,خ,خ,خ,خ,خ,خ,خ,خ,خ,خ,ت,خ,خ,خ,خ,خ,خ,خ,خ,خ,خ,خ,خ,ت,خ,خ","خ,خ,خ,خ,خ,خ,خ,خ,خ,خ,خ,خ,خ,خ,خ,خ,خ,خ,خ,خ,خ,خ,خ,خ,خ,خ,خ,خ,خ,خ",1.0,1.0,0.1667,Qwen2.5-32B-Instruct,5,game_117
Qwen2.5-32B-Instruct__noise05__game_118,119,2026-02-12T06:36:35.211025,ar,True,30,30,agent1,VLLMQwen32B,أناني,0.05,28,0.0667,0.9333,2,"10,27","خ,خ,خ,خ,خ,خ,خ,خ,خ,ت,خ,خ,خ,خ,خ,خ,خ,خ,خ,خ,خ,خ,خ,خ,خ,خ,ت,خ,خ,خ","خ,خ,خ,خ,خ,خ,خ,خ,خ,خ,خ,خ,خ,خ,خ,خ,خ,خ,خ,خ,خ,خ,خ,خ,خ,خ,خ,خ,خ,خ",agent2,VLLMQwen32B,متعاون,0.05,278,0.9,0.1,2,"4,17","ت,خ,ت,خ,ت,ت,ت,ت,ت,ت,ت,ت,ت,ت,ت,ت,خ,ت,ت,ت,ت,ت,ت,ت,ت,ت,ت,ت,ت,ت","ت,خ,ت,ت,ت,ت,ت,ت,ت,ت,ت,ت,ت,ت,ت,ت,ت,ت,ت,ت,ت,ت,ت,ت,ت,ت,ت,ت,ت,ت",1.0,1.0,0.0556,Qwen2.5-32B-Instruct,5,game_118
Qwen2.5-32B-Instruct__noise05__game_120,121,2026-02-12T06:37:54.733273,cn,True,30,30,agent1,VLLMQwen32B,合作型的,0.05,72,0.9333,0.0667,2,"18,28","合,合,合,合,合,合,合,合,合,合,合,合,合,合,合,合,合,背,合,合,合,合,合,合,合,合,合,背,合,合","合,合,合,合,合,合,合,合,合,合,合,合,合,合,合,合,合,合,合,合,合,合,合,合,合,合,合,合,合,合",agent2,VLLMQwen32B,合作型的,0.05,72,0.9333,0.0667,2,"17,29","合,合,合,合,合,合,合,合,合,合,合,合,合,合,合,合,背,合,合,合,合,合,合,合,合,合,合,合,背,合","合,合,合,合,合,合,合,合,合,合,合,合,合,合,合,合,合,合,合,合,合,合,合,合,合,合,合,合,合,合",1.0,1.0,0.2222,Qwen2.5-32B-Instruct,5,game_120
Qwen2.5-32B-Instruct__noise05__game_119,120,2026-02-12T06:37:58.023109,ar,True,30,30,agent1,VLLMQwen32B,أناني,0.05,226,0.0333,0.9667,1,6,"خ,خ,خ,خ,خ,ت,خ,خ,خ,خ,خ,خ,خ,خ,خ,خ,خ,خ,خ,خ,خ,خ,خ,خ,خ,خ,خ,خ,خ,خ","خ,خ,خ,خ,خ,خ,خ,خ,خ,خ,خ,خ,خ,خ,خ,خ,خ,خ,خ,خ,خ,خ,خ,خ,خ,خ,خ,خ,خ,خ",agent2,VLLMQwen32B,أناني,0.05,236,0.0667,0.9333,2,"13,29","خ,خ,خ,خ,خ,خ,خ,خ,خ,خ,خ,خ,ت,خ,خ,خ,خ,خ,خ,خ,خ,خ,خ,خ,خ,خ,خ,خ,ت,خ","خ,خ,خ,خ,خ,خ,خ,خ,خ,خ,خ,خ,خ,خ,خ,خ,خ,خ,خ,خ,خ,خ,خ,خ,خ,خ,خ,خ,خ,خ",1.0,1.0,0.0,Qwen2.5-32B-Instruct,5,game_119
Qwen2.5-32B-Instruct__noise05__game_121,122,2026-02-12T06:39:56.023034,cn,True,30,30,agent1,VLLMQwen32B,合作型的,0.05,276,0.8667,0.1333,4,"5,7,9,12","合,合,合,合,背,合,背,合,背,合,合,背,合,合,合,合,合,合,合,合,合,合,合,合,合,合,合,合,合,合","合,合,合,合,合,合,合,合,合,合,合,合,合,合,合,合,合,合,合,合,合,合,合,合,合,合,合,合,合,合",agent2,VLLMQwen32B,自私型的,0.05,36,0.0667,0.9333,2,"1,22","合,背,背,背,背,背,背,背,背,背,背,背,背,背,背,背,背,背,背,背,背,合,背,背,背,背,背,背,背,背","背,背,背,背,背,背,背,背,背,背,背,背,背,背,背,背,背,背,背,背,背,背,背,背,背,背,背,背,背,背",1.0,1.0,0.0556,Qwen2.5-32B-Instruct,5,game_121
Qwen2.5-32B-Instruct__noise05__game_122,123,2026-02-12T06:40:35.227372,cn,True,30,30,agent1,VLLMQwen32B,自私型的,0.05,56,0.0,1.0,0,,"背,背,背,背,背,背,背,背,背,背,背,背,背,背,背,背,背,背,背,背,背,背,背,背,背,背,背,背,背,背","背,背,背,背,背,背,背,背,背,背,背,背,背,背,背,背,背,背,背,背,背,背,背,背,背,背,背,背,背,背",agent2,VLLMQwen32B,合作型的,0.05,286,0.7667,0.2333,3,"1,5,21","背,背,合,合,背,合,合,合,合,合,合,合,合,合,合,合,合,合,合,合,背,合,合,合,合,合,合,背,背,背","合,背,合,合,合,合,合,合,合,合,合,合,合,合,合,合,合,合,合,合,合,合,合,合,合,合,合,背,背,背",1.0,1.0,0.1667,Qwen2.5-32B-Instruct,5,game_122
Qwen2.5-32B-Instruct__noise05__game_123,124,2026-02-12T06:41:58.798292,cn,True,30,30,agent1,VLLMQwen32B,自私型的,0.05,246,0.1,0.9,3,"13,15,27","背,背,背,背,背,背,背,背,背,背,背,背,合,背,合,背,背,背,背,背,背,背,背,背,背,背,合,背,背,背","背,背,背,背,背,背,背,背,背,背,背,背,背,背,背,背,背,背,背,背,背,背,背,背,背,背,背,背,背,背",agent2,VLLMQwen32B,自私型的,0.05,216,0.0,1.0,0,,"背,背,背,背,背,背,背,背,背,背,背,背,背,背,背,背,背,背,背,背,背,背,背,背,背,背,背,背,背,背","背,背,背,背,背,背,背,背,背,背,背,背,背,背,背,背,背,背,背,背,背,背,背,背,背,背,背,背,背,背",1.0,1.0,0.2222,Qwen2.5-32B-Instruct,5,game_123
Qwen2.5-32B-Instruct__noise05__game_124,125,2026-02-12T06:42:13.192659,cn,True,30,30,agent1,VLLMQwen32B,合作型的,0.05,66,0.9667,0.0333,1,9,"合,合,合,合,合,合,合,合,背,合,合,合,合,合,合,合,合,合,合,合,合,合,合,合,合,合,合,合,合,合","合,合,合,合,合,合,合,合,合,合,合,合,合,合,合,合,合,合,合,合,合,合,合,合,合,合,合,合,合,合",agent2,VLLMQwen32B,合作型的,0.05,66,0.9667,0.0333,1,11,"合,合,合,合,合,合,合,合,合,合,背,合,合,合,合,合,合,合,合,合,合,合,合,合,合,合,合,合,合,合","合,合,合,合,合,合,合,合,合,合,合,合,合,合,合,合,合,合,合,合,合,合,合,合,合,合,合,合,合,合",1.0,1.0,0.1667,Qwen2.5-32B-Instruct,5,game_124
Qwen2.5-32B-Instruct__noise05__game_125,126,2026-02-12T06:44:09.075455,cn,True,30,30,agent1,VLLMQwen32B,合作型的,0.05,292,0.8667,0.1333,2,"22,27","合,合,合,合,合,合,合,合,合,合,合,合,合,合,合,合,合,合,合,合,合,背,合,合,合,合,背,合,背,背","合,合,合,合,合,合,合,合,合,合,合,合,合,合,合,合,合,合,合,合,合,合,合,合,合,合,合,合,背,背",agent2,VLLMQwen32B,自私型的,0.05,32,0.0,1.0,0,,"背,背,背,背,背,背,背,背,背,背,背,背,背,背,背,背,背,背,背,背,背,背,背,背,背,背,背,背,背,背","背,背,背,背,背,背,背,背,背,背,背,背,背,背,背,背,背,背,背,背,背,背,背,背,背,背,背,背,背,背",1.0,1.0,0.4444,Qwen2.5-32B-Instruct,5,game_125
Qwen2.5-32B-Instruct__noise05__game_126,127,2026-02-12T06:44:39.568750,cn,True,30,30,agent1,VLLMQwen32B,自私型的,0.05,28,0.0667,0.9333,2,"5,22","背,背,背,背,合,背,背,背,背,背,背,背,背,背,背,背,背,背,背,背,背,合,背,背,背,背,背,背,背,背","背,背,背,背,背,背,背,背,背,背,背,背,背,背,背,背,背,背,背,背,背,背,背,背,背,背,背,背,背,背",agent2,VLLMQwen32B,合作型的,0.05,278,0.9,0.1,2,"13,29","合,合,合,合,合,合,合,合,合,合,合,合,背,合,合,合,合,合,合,合,合,合,合,合,合,合,合,合,背,背","合,合,合,合,合,合,合,合,合,合,合,合,合,合,合,合,合,合,合,合,合,合,合,合,合,合,合,合,合,背",1.0,1.0,0.0556,Qwen2.5-32B-Instruct,5,game_126
Qwen2.5-32B-Instruct__noise05__game_128,129,2026-02-12T06:46:10.377288,cn,True,30,30,agent1,VLLMQwen32B,合作型的,0.05,74,0.9667,0.0333,1,8,"合,合,合,合,合,合,合,背,合,合,合,合,合,合,合,合,合,合,合,合,合,合,合,合,合,合,合,合,合,合","合,合,合,合,合,合,合,合,合,合,合,合,合,合,合,合,合,合,合,合,合,合,合,合,合,合,合,合,合,合",agent2,VLLMQwen32B,合作型的,0.05,64,0.9333,0.0667,2,"10,24","合,合,合,合,合,合,合,合,合,背,合,合,合,合,合,合,合,合,合,合,合,合,合,背,合,合,合,合,合,合","合,合,合,合,合,合,合,合,合,合,合,合,合,合,合,合,合,合,合,合,合,合,合,合,合,合,合,合,合,合",1.0,1.0,0.0556,Qwen2.5-32B-Instruct,5,game_128
Qwen2.5-32B-Instruct__noise05__game_127,128,2026-02-12T06:46:10.400909,cn,True,30,30,agent1,VLLMQwen32B,自私型的,0.05,218,0.0333,0.9667,1,23,"背,背,背,背,背,背,背,背,背,背,背,背,背,背,背,背,背,背,背,背,背,背,合,背,背,背,背,背,背,背","背,背,背,背,背,背,背,背,背,背,背,背,背,背,背,背,背,背,背,背,背,背,背,背,背,背,背,背,背,背",agent2,VLLMQwen32B,自私型的,0.05,238,0.1,0.9,3,"2,9,29","背,合,背,背,背,背,背,背,合,背,背,背,背,背,背,背,背,背,背,背,背,背,背,背,背,背,背,背,合,背","背,背,背,背,背,背,背,背,背,背,背,背,背,背,背,背,背,背,背,背,背,背,背,背,背,背,背,背,背,背",1.0,1.0,0.1111,Qwen2.5-32B-Instruct,5,game_127
Qwen2.5-32B-Instruct__noise05__game_129,130,2026-02-12T06:48:17.101317,cn,True,30,30,agent1,VLLMQwen32B,合作型的,0.05,286,0.9,0.1,3,"17,18,22","合,合,合,合,合,合,合,合,合,合,合,合,合,合,合,合,背,背,合,合,合,背,合,合,合,合,合,合,合,合","合,合,合,合,合,合,合,合,合,合,合,合,合,合,合,合,合,合,合,合,合,合,合,合,合,合,合,合,合,合",agent2,VLLMQwen32B,自私型的,0.05,26,0.0333,0.9667,1,11,"背,背,背,背,背,背,背,背,背,背,合,背,背,背,背,背,背,背,背,背,背,背,背,背,背,背,背,背,背,背","背,背,背,背,背,背,背,背,背,背,背,背,背,背,背,背,背,背,背,背,背,背,背,背,背,背,背,背,背,背",1.0,1.0,0.2222,Qwen2.5-32B-Instruct,5,game_129
Qwen2.5-32B-Instruct__noise05__game_130,131,2026-02-12T06:48:42.554401,cn,True,30,30,agent1,VLLMQwen32B,自私型的,0.05,18,0.0333,0.9667,1,17,"背,背,背,背,背,背,背,背,背,背,背,背,背,背,背,背,合,背,背,背,背,背,背,背,背,背,背,背,背,背","背,背,背,背,背,背,背,背,背,背,背,背,背,背,背,背,背,背,背,背,背,背,背,背,背,背,背,背,背,背",agent2,VLLMQwen32B,合作型的,0.05,288,0.9333,0.0667,2,"23,27","合,合,合,合,合,合,合,合,合,合,合,合,合,合,合,合,合,合,合,合,合,合,背,合,合,合,背,合,合,合","合,合,合,合,合,合,合,合,合,合,合,合,合,合,合,合,合,合,合,合,合,合,合,合,合,合,合,合,合,合",1.0,1.0,0.2778,Qwen2.5-32B-Instruct,5,game_130
Qwen2.5-32B-Instruct__noise05__game_132,133,2026-02-12T06:50:16.065962,cn,True,30,30,agent1,VLLMQwen32B,合作型的,0.05,74,0.9667,0.0333,1,8,"合,合,合,合,合,合,合,背,合,合,合,合,合,合,合,合,合,合,合,合,合,合,合,合,合,合,合,合,合,合","合,合,合,合,合,合,合,合,合,合,合,合,合,合,合,合,合,合,合,合,合,合,合,合,合,合,合,合,合,合",agent2,VLLMQwen32B,合作型的,0.05,64,0.9333,0.0667,2,"2,24","合,背,合,合,合,合,合,合,合,合,合,合,合,合,合,合,合,合,合,合,合,合,合,背,合,合,合,合,合,合","合,合,合,合,合,合,合,合,合,合,合,合,合,合,合,合,合,合,合,合,合,合,合,合,合,合,合,合,合,合",1.0,1.0,0.1111,Qwen2.5-32B-Instruct,5,game_132
Qwen2.5-32B-Instruct__noise05__game_131,132,2026-02-12T06:50:20.973522,cn,True,30,30,agent1,VLLMQwen32B,自私型的,0.05,216,0.0,1.0,0,,"背,背,背,背,背,背,背,背,背,背,背,背,背,背,背,背,背,背,背,背,背,背,背,背,背,背,背,背,背,背","背,背,背,背,背,背,背,背,背,背,背,背,背,背,背,背,背,背,背,背,背,背,背,背,背,背,背,背,背,背",agent2,VLLMQwen32B,自私型的,0.05,246,0.1,0.9,3,"3,8,28","背,背,合,背,背,背,背,合,背,背,背,背,背,背,背,背,背,背,背,背,背,背,背,背,背,背,背,合,背,背","背,背,背,背,背,背,背,背,背,背,背,背,背,背,背,背,背,背,背,背,背,背,背,背,背,背,背,背,背,背",1.0,1.0,0.1667,Qwen2.5-32B-Instruct,5,game_131
Qwen2.5-32B-Instruct__noise05__game_133,134,2026-02-12T06:52:23.772031,cn,True,30,30,agent1,VLLMQwen32B,合作型的,0.05,280,0.9333,0.0667,2,"2,26","合,背,合,合,合,合,合,合,合,合,合,合,合,合,合,合,合,合,合,合,合,合,合,合,合,背,合,合,合,合","合,合,合,合,合,合,合,合,合,合,合,合,合,合,合,合,合,合,合,合,合,合,合,合,合,合,合,合,合,合",agent2,VLLMQwen32B,自私型的,0.05,20,0.0667,0.9333,2,"5,18","背,背,背,背,合,背,背,背,背,背,背,背,背,背,背,背,背,合,背,背,背,背,背,背,背,背,背,背,背,背","背,背,背,背,背,背,背,背,背,背,背,背,背,背,背,背,背,背,背,背,背,背,背,背,背,背,背,背,背,背",1.0,1.0,0.0833,Qwen2.5-32B-Instruct,5,game_133
Qwen2.5-32B-Instruct__noise05__game_134,135,2026-02-12T06:52:40.976441,cn,True,30,30,agent1,VLLMQwen32B,自私型的,0.05,10,0.0333,0.9667,1,9,"背,背,背,背,背,背,背,背,合,背,背,背,背,背,背,背,背,背,背,背,背,背,背,背,背,背,背,背,背,背","背,背,背,背,背,背,背,背,背,背,背,背,背,背,背,背,背,背,背,背,背,背,背,背,背,背,背,背,背,背",agent2,VLLMQwen32B,合作型的,0.05,290,0.9667,0.0333,1,15,"合,合,合,合,合,合,合,合,合,合,合,合,合,合,背,合,合,合,合,合,合,合,合,合,合,合,合,合,合,合","合,合,合,合,合,合,合,合,合,合,合,合,合,合,合,合,合,合,合,合,合,合,合,合,合,合,合,合,合,合",1.0,1.0,0.1111,Qwen2.5-32B-Instruct,5,game_134
Qwen2.5-32B-Instruct__noise05__game_135,136,2026-02-12T06:54:37.955497,cn,True,30,30,agent1,VLLMQwen32B,自私型的,0.05,240,0.0,1.0,0,,"背,背,背,背,背,背,背,背,背,背,背,背,背,背,背,背,背,背,背,背,背,背,背,背,背,背,背,背,背,背","背,背,背,背,背,背,背,背,背,背,背,背,背,背,背,背,背,背,背,背,背,背,背,背,背,背,背,背,背,背",agent2,VLLMQwen32B,自私型的,0.05,240,0.0,1.0,0,,"背,背,背,背,背,背,背,背,背,背,背,背,背,背,背,背,背,背,背,背,背,背,背,背,背,背,背,背,背,背","背,背,背,背,背,背,背,背,背,背,背,背,背,背,背,背,背,背,背,背,背,背,背,背,背,背,背,背,背,背",1.0,1.0,0.4722,Qwen2.5-32B-Instruct,5,game_135
Qwen2.5-32B-Instruct__noise05__game_136,137,2026-02-12T06:54:42.548870,cn,True,30,30,agent1,VLLMQwen32B,合作型的,0.05,78,0.9,0.1,3,"21,23,27","合,合,合,合,合,合,合,合,合,合,合,合,合,合,合,合,合,合,合,合,背,合,背,合,合,合,背,合,合,合","合,合,合,合,合,合,合,合,合,合,合,合,合,合,合,合,合,合,合,合,合,合,合,合,合,合,合,合,合,合",agent2,VLLMQwen32B,合作型的,0.05,78,0.9,0.1,3,"16,26,29","合,合,合,合,合,合,合,合,合,合,合,合,合,合,合,背,合,合,合,合,合,合,合,合,合,背,合,合,背,合","合,合,合,合,合,合,合,合,合,合,合,合,合,合,合,合,合,合,合,合,合,合,合,合,合,合,合,合,合,合",1.0,1.0,0.3333,Qwen2.5-32B-Instruct,5,game_136
Qwen2.5-32B-Instruct__noise05__game_137,138,2026-02-12T06:56:24.659699,cn,True,30,30,agent1,VLLMQwen32B,合作型的,0.05,280,0.9333,0.0667,3,"16,29,30","合,合,合,合,合,合,合,合,合,合,合,合,合,合,合,背,合,合,合,合,合,合,合,合,合,合,合,合,背,合","合,合,合,合,合,合,合,合,合,合,合,合,合,合,合,合,合,合,合,合,合,合,合,合,合,合,合,合,合,背",agent2,VLLMQwen32B,自私型的,0.05,20,0.0667,0.9333,2,"11,14","背,背,背,背,背,背,背,背,背,背,合,背,背,合,背,背,背,背,背,背,背,背,背,背,背,背,背,背,背,背","背,背,背,背,背,背,背,背,背,背,背,背,背,背,背,背,背,背,背,背,背,背,背,背,背,背,背,背,背,背",1.0,1.0,0.2778,Qwen2.5-32B-Instruct,5,game_137
Qwen2.5-32B-Instruct__noise05__game_138,139,2026-02-12T06:56:38.991044,cn,True,30,30,agent1,VLLMQwen32B,自私型的,0.05,24,0.0,1.0,0,,"背,背,背,背,背,背,背,背,背,背,背,背,背,背,背,背,背,背,背,背,背,背,背,背,背,背,背,背,背,背","背,背,背,背,背,背,背,背,背,背,背,背,背,背,背,背,背,背,背,背,背,背,背,背,背,背,背,背,背,背",agent2,VLLMQwen32B,合作型的,0.05,294,0.9,0.1,3,"3,28,30","合,合,背,合,合,合,合,合,合,合,合,合,合,合,合,合,合,合,合,合,合,合,合,合,合,合,合,背,背,合","合,合,合,合,合,合,合,合,合,合,合,合,合,合,合,合,合,合,合,合,合,合,合,合,合,合,合,合,背,背",1.0,1.0,0.2222,Qwen2.5-32B-Instruct,5,game_138
Qwen2.5-32B-Instruct__noise05__game_139,140,2026-02-12T06:58:48.852552,cn,True,30,30,agent1,VLLMQwen32B,自私型的,0.05,228,0.0667,0.9333,2,"2,21","背,合,背,背,背,背,背,背,背,背,背,背,背,背,背,背,背,背,背,背,合,背,背,背,背,背,背,背,背,背","背,背,背,背,背,背,背,背,背,背,背,背,背,背,背,背,背,背,背,背,背,背,背,背,背,背,背,背,背,背",agent2,VLLMQwen32B,自私型的,0.05,228,0.0667,0.9333,2,"13,28","背,背,背,背,背,背,背,背,背,背,背,背,合,背,背,背,背,背,背,背,背,背,背,背,背,背,背,合,背,背","背,背,背,背,背,背,背,背,背,背,背,背,背,背,背,背,背,背,背,背,背,背,背,背,背,背,背,背,背,背",1.0,1.0,0.0556,Qwen2.5-32B-Instruct,5,game_139
Qwen2.5-32B-Instruct__noise05__game_140,141,2026-02-12T06:58:51.296937,cn,True,30,30,agent1,VLLMQwen32B,合作型的,0.05,84,1.0,0.0,0,,"合,合,合,合,合,合,合,合,合,合,合,合,合,合,合,合,合,合,合,合,合,合,合,合,合,合,合,合,合,合","合,合,合,合,合,合,合,合,合,合,合,合,合,合,合,合,合,合,合,合,合,合,合,合,合,合,合,合,合,合",agent2,VLLMQwen32B,合作型的,0.05,54,0.9,0.1,3,"11,22,26","合,合,合,合,合,合,合,合,合,合,背,合,合,合,合,合,合,合,合,合,合,背,合,合,合,背,合,合,合,合","合,合,合,合,合,合,合,合,合,合,合,合,合,合,合,合,合,合,合,合,合,合,合,合,合,合,合,合,合,合",1.0,1.0,0.3056,Qwen2.5-32B-Instruct,5,game_140
Qwen2.5-32B-Instruct__noise05__game_141,142,2026-02-12T07:00:30.386946,cn,True,30,30,agent1,VLLMQwen32B,合作型的,0.05,284,1.0,0.0,0,,"合,合,合,合,合,合,合,合,合,合,合,合,合,合,合,合,合,合,合,合,合,合,合,合,合,合,合,合,合,合","合,合,合,合,合,合,合,合,合,合,合,合,合,合,合,合,合,合,合,合,合,合,合,合,合,合,合,合,合,合",agent2,VLLMQwen32B,自私型的,0.05,4,0.0667,0.9333,2,"15,18","背,背,背,背,背,背,背,背,背,背,背,背,背,背,合,背,背,合,背,背,背,背,背,背,背,背,背,背,背,背","背,背,背,背,背,背,背,背,背,背,背,背,背,背,背,背,背,背,背,背,背,背,背,背,背,背,背,背,背,背",1.0,1.0,0.3889,Qwen2.5-32B-Instruct,5,game_141
Qwen2.5-32B-Instruct__noise05__game_142,143,2026-02-12T07:00:47.096252,cn,True,30,30,agent1,VLLMQwen32B,自私型的,0.05,2,0.0333,0.9667,1,2,"背,合,背,背,背,背,背,背,背,背,背,背,背,背,背,背,背,背,背,背,背,背,背,背,背,背,背,背,背,背","背,背,背,背,背,背,背,背,背,背,背,背,背,背,背,背,背,背,背,背,背,背,背,背,背,背,背,背,背,背",agent2,VLLMQwen32B,合作型的,0.05,292,1.0,0.0,0,,"合,合,合,合,合,合,合,合,合,合,合,合,合,合,合,合,合,合,合,合,合,合,合,合,合,合,合,合,合,合","合,合,合,合,合,合,合,合,合,合,合,合,合,合,合,合,合,合,合,合,合,合,合,合,合,合,合,合,合,合",1.0,1.0,0.1667,Qwen2.5-32B-Instruct,5,game_142
Qwen2.5-32B-Instruct__noise05__game_143,144,2026-02-12T07:02:50.805300,cn,True,30,30,agent1,VLLMQwen32B,自私型的,0.05,238,0.1,0.9,3,"14,29,30","背,背,背,背,背,背,背,背,背,背,背,背,背,合,背,背,背,背,背,背,背,背,背,背,背,背,背,背,合,合","背,背,背,背,背,背,背,背,背,背,背,背,背,背,背,背,背,背,背,背,背,背,背,背,背,背,背,背,背,背",agent2,VLLMQwen32B,自私型的,0.05,218,0.0333,0.9667,1,17,"背,背,背,背,背,背,背,背,背,背,背,背,背,背,背,背,合,背,背,背,背,背,背,背,背,背,背,背,背,背","背,背,背,背,背,背,背,背,背,背,背,背,背,背,背,背,背,背,背,背,背,背,背,背,背,背,背,背,背,背",1.0,1.0,0.1667,Qwen2.5-32B-Instruct,5,game_143
Qwen2.5-32B-Instruct__noise05__game_144,145,2026-02-12T07:02:53.406854,cn,True,30,30,agent1,VLLMQwen32B,合作型的,0.05,64,0.9333,0.0667,2,"6,20","合,合,合,合,合,背,合,合,合,合,合,合,合,合,合,合,合,合,合,背,合,合,合,合,合,合,合,合,合,合","合,合,合,合,合,合,合,合,合,合,合,合,合,合,合,合,合,合,合,合,合,合,合,合,合,合,合,合,合,合",agent2,VLLMQwen32B,合作型的,0.05,74,0.9667,0.0333,1,22,"合,合,合,合,合,合,合,合,合,合,合,合,合,合,合,合,合,合,合,合,合,背,合,合,合,合,合,合,合,合","合,合,合,合,合,合,合,合,合,合,合,合,合,合,合,合,合,合,合,合,合,合,合,合,合,合,合,合,合,合",1.0,1.0,0.1111,Qwen2.5-32B-Instruct,5,game_144
Qwen2.5-32B-Instruct__noise05__game_145,146,2026-02-12T07:04:38.453820,cn,True,30,30,agent1,VLLMQwen32B,合作型的,0.05,286,0.9,0.1,3,"10,11,18","合,合,合,合,合,合,合,合,合,背,背,合,合,合,合,合,合,背,合,合,合,合,合,合,合,合,合,合,合,合","合,合,合,合,合,合,合,合,合,合,合,合,合,合,合,合,合,合,合,合,合,合,合,合,合,合,合,合,合,合",agent2,VLLMQwen32B,自私型的,0.05,26,0.0333,0.9667,1,25,"背,背,背,背,背,背,背,背,背,背,背,背,背,背,背,背,背,背,背,背,背,背,背,背,合,背,背,背,背,背","背,背,背,背,背,背,背,背,背,背,背,背,背,背,背,背,背,背,背,背,背,背,背,背,背,背,背,背,背,背",1.0,1.0,0.1667,Qwen2.5-32B-Instruct,5,game_145
Qwen2.5-32B-Instruct__noise05__game_146,147,2026-02-12T07:04:46.685840,cn,True,30,30,agent1,VLLMQwen32B,自私型的,0.05,42,0.0333,0.9667,1,8,"背,背,背,背,背,背,背,合,背,背,背,背,背,背,背,背,背,背,背,背,背,背,背,背,背,背,背,背,背,背","背,背,背,背,背,背,背,背,背,背,背,背,背,背,背,背,背,背,背,背,背,背,背,背,背,背,背,背,背,背",agent2,VLLMQwen32B,合作型的,0.05,282,0.8333,0.1667,3,"8,18,22","合,合,合,合,合,合,合,背,合,合,合,合,合,合,合,合,合,背,合,合,合,背,合,合,合,合,合,背,合,背","合,合,合,合,合,合,合,合,合,合,合,合,合,合,合,合,合,合,合,合,合,合,合,合,合,合,合,背,合,背",0.9868,1.0,0.0833,Qwen2.5-32B-Instruct,5,game_146
Qwen2.5-32B-Instruct__noise05__game_148,149,2026-02-12T07:06:58.583787,cn,True,30,30,agent1,VLLMQwen32B,合作型的,0.05,84,1.0,0.0,0,,"合,合,合,合,合,合,合,合,合,合,合,合,合,合,合,合,合,合,合,合,合,合,合,合,合,合,合,合,合,合","合,合,合,合,合,合,合,合,合,合,合,合,合,合,合,合,合,合,合,合,合,合,合,合,合,合,合,合,合,合",agent2,VLLMQwen32B,合作型的,0.05,54,0.9,0.1,3,"2,25,26","合,背,合,合,合,合,合,合,合,合,合,合,合,合,合,合,合,合,合,合,合,合,合,合,背,背,合,合,合,合","合,合,合,合,合,合,合,合,合,合,合,合,合,合,合,合,合,合,合,合,合,合,合,合,合,合,合,合,合,合",1.0,1.0,0.1667,Qwen2.5-32B-Instruct,5,game_148
Qwen2.5-32B-Instruct__noise05__game_147,148,2026-02-12T07:07:06.507105,cn,True,30,30,agent1,VLLMQwen32B,自私型的,0.05,244,0.0667,0.9333,2,"4,20","背,背,背,合,背,背,背,背,背,背,背,背,背,背,背,背,背,背,背,合,背,背,背,背,背,背,背,背,背,背","背,背,背,背,背,背,背,背,背,背,背,背,背,背,背,背,背,背,背,背,背,背,背,背,背,背,背,背,背,背",agent2,VLLMQwen32B,自私型的,0.05,224,0.0,1.0,0,,"背,背,背,背,背,背,背,背,背,背,背,背,背,背,背,背,背,背,背,背,背,背,背,背,背,背,背,背,背,背","背,背,背,背,背,背,背,背,背,背,背,背,背,背,背,背,背,背,背,背,背,背,背,背,背,背,背,背,背,背",1.0,1.0,0.1667,Qwen2.5-32B-Instruct,5,game_147
Qwen2.5-32B-Instruct__noise05__game_150,151,2026-02-12T07:08:51.160110,cn,True,30,30,agent1,VLLMQwen32B,自私型的,0.05,26,0.0333,0.9667,1,26,"背,背,背,背,背,背,背,背,背,背,背,背,背,背,背,背,背,背,背,背,背,背,背,背,背,合,背,背,背,背","背,背,背,背,背,背,背,背,背,背,背,背,背,背,背,背,背,背,背,背,背,背,背,背,背,背,背,背,背,背",agent2,VLLMQwen32B,合作型的,0.05,286,0.9,0.1,2,"22,29","合,合,合,合,合,合,合,合,合,合,合,合,合,合,合,合,合,合,合,合,合,背,合,合,合,合,合,背,合,背","合,合,合,合,合,合,合,合,合,合,合,合,合,合,合,合,合,合,合,合,合,合,合,合,合,合,合,背,背,背",1.0,1.0,0.4167,Qwen2.5-32B-Instruct,5,game_150
Qwen2.5-32B-Instruct__noise05__game_149,150,2026-02-12T07:08:59.712614,cn,True,30,30,agent1,VLLMQwen32B,合作型的,0.05,262,0.7667,0.2333,7,"1,2,5,12,15,16,27","背,背,合,合,背,合,合,合,合,合,合,背,合,合,背,背,合,合,合,合,合,合,合,合,合,合,背,合,合,合","合,合,合,合,合,合,合,合,合,合,合,合,合,合,合,合,合,合,合,合,合,合,合,合,合,合,合,合,合,合",agent2,VLLMQwen32B,自私型的,0.05,62,0.1,0.9,3,"1,4,13","合,背,背,合,背,背,背,背,背,背,背,背,合,背,背,背,背,背,背,背,背,背,背,背,背,背,背,背,背,背","背,背,背,背,背,背,背,背,背,背,背,背,背,背,背,背,背,背,背,背,背,背,背,背,背,背,背,背,背,背",1.0,1.0,0.0,Qwen2.5-32B-Instruct,5,game_149
Qwen2.5-32B-Instruct__noise05__game_151,152,2026-02-12T07:11:01.101610,cn,True,30,30,agent1,VLLMQwen32B,自私型的,0.05,220,0.0667,0.9333,2,"4,19","背,背,背,合,背,背,背,背,背,背,背,背,背,背,背,背,背,背,合,背,背,背,背,背,背,背,背,背,背,背","背,背,背,背,背,背,背,背,背,背,背,背,背,背,背,背,背,背,背,背,背,背,背,背,背,背,背,背,背,背",agent2,VLLMQwen32B,自私型的,0.05,230,0.1,0.9,3,"9,12,29","背,背,背,背,背,背,背,背,合,背,背,合,背,背,背,背,背,背,背,背,背,背,背,背,背,背,背,背,合,背","背,背,背,背,背,背,背,背,背,背,背,背,背,背,背,背,背,背,背,背,背,背,背,背,背,背,背,背,背,背",1.0,1.0,0.0556,Qwen2.5-32B-Instruct,5,game_151
Qwen2.5-32B-Instruct__noise05__game_152,153,2026-02-12T07:11:17.505505,cn,True,30,30,agent1,VLLMQwen32B,合作型的,0.05,60,1.0,0.0,0,,"合,合,合,合,合,合,合,合,合,合,合,合,合,合,合,合,合,合,合,合,合,合,合,合,合,合,合,合,合,合","合,合,合,合,合,合,合,合,合,合,合,合,合,合,合,合,合,合,合,合,合,合,合,合,合,合,合,合,合,合",agent2,VLLMQwen32B,合作型的,0.05,60,1.0,0.0,0,,"合,合,合,合,合,合,合,合,合,合,合,合,合,合,合,合,合,合,合,合,合,合,合,合,合,合,合,合,合,合","合,合,合,合,合,合,合,合,合,合,合,合,合,合,合,合,合,合,合,合,合,合,合,合,合,合,合,合,合,合",1.0,1.0,0.5556,Qwen2.5-32B-Instruct,5,game_152
Qwen2.5-32B-Instruct__noise05__game_153,154,2026-02-12T07:12:48.897141,cn,True,30,30,agent1,VLLMQwen32B,合作型的,0.05,270,0.9,0.1,1,11,"合,合,合,合,合,合,合,合,合,合,背,合,合,合,合,合,合,合,合,合,合,合,合,合,合,合,合,合,背,背","合,合,合,合,合,合,合,合,合,合,合,合,合,合,合,合,合,合,合,合,合,合,合,合,合,合,合,合,背,背",agent2,VLLMQwen32B,自私型的,0.05,30,0.1,0.9,3,"20,23,26","背,背,背,背,背,背,背,背,背,背,背,背,背,背,背,背,背,背,背,合,背,背,合,背,背,合,背,背,背,背","背,背,背,背,背,背,背,背,背,背,背,背,背,背,背,背,背,背,背,背,背,背,背,背,背,背,背,背,背,背",1.0,1.0,0.2222,Qwen2.5-32B-Instruct,5,game_153
Qwen2.5-32B-Instruct__noise05__game_154,155,2026-02-12T07:13:03.792869,cn,True,30,30,agent1,VLLMQwen32B,自私型的,0.05,4,0.0667,0.9333,2,"5,11","背,背,背,背,合,背,背,背,背,背,合,背,背,背,背,背,背,背,背,背,背,背,背,背,背,背,背,背,背,背","背,背,背,背,背,背,背,背,背,背,背,背,背,背,背,背,背,背,背,背,背,背,背,背,背,背,背,背,背,背",agent2,VLLMQwen32B,合作型的,0.05,284,1.0,0.0,0,,"合,合,合,合,合,合,合,合,合,合,合,合,合,合,合,合,合,合,合,合,合,合,合,合,合,合,合,合,合,合","合,合,合,合,合,合,合,合,合,合,合,合,合,合,合,合,合,合,合,合,合,合,合,合,合,合,合,合,合,合",1.0,1.0,0.1667,Qwen2.5-32B-Instruct,5,game_154
Qwen2.5-32B-Instruct__noise05__game_155,156,2026-02-12T07:15:03.671096,cn,True,30,30,agent1,VLLMQwen32B,自私型的,0.05,238,0.1,0.9,3,"3,4,19","背,背,合,合,背,背,背,背,背,背,背,背,背,背,背,背,背,背,合,背,背,背,背,背,背,背,背,背,背,背","背,背,背,背,背,背,背,背,背,背,背,背,背,背,背,背,背,背,背,背,背,背,背,背,背,背,背,背,背,背",agent2,VLLMQwen32B,自私型的,0.05,218,0.0333,0.9667,1,20,"背,背,背,背,背,背,背,背,背,背,背,背,背,背,背,背,背,背,背,合,背,背,背,背,背,背,背,背,背,背","背,背,背,背,背,背,背,背,背,背,背,背,背,背,背,背,背,背,背,背,背,背,背,背,背,背,背,背,背,背",1.0,1.0,0.0556,Qwen2.5-32B-Instruct,5,game_155
Qwen2.5-32B-Instruct__noise05__game_156,157,2026-02-12T07:15:38.270741,cn,True,30,30,agent1,VLLMQwen32B,合作型的,0.05,70,0.9,0.1,3,"9,14,15","合,合,合,合,合,合,合,合,背,合,合,合,合,背,背,合,合,合,合,合,合,合,合,合,合,合,合,合,合,合","合,合,合,合,合,合,合,合,合,合,合,合,合,合,合,合,合,合,合,合,合,合,合,合,合,合,合,合,合,合",agent2,VLLMQwen32B,合作型的,0.05,80,0.9333,0.0667,2,"22,25","合,合,合,合,合,合,合,合,合,合,合,合,合,合,合,合,合,合,合,合,合,背,合,合,背,合,合,合,合,合","合,合,合,合,合,合,合,合,合,合,合,合,合,合,合,合,合,合,合,合,合,合,合,合,合,合,合,合,合,合",1.0,1.0,0.2222,Qwen2.5-32B-Instruct,5,game_156
Qwen2.5-32B-Instruct__noise05__game_157,158,2026-02-12T07:16:53.772603,cn,True,30,30,agent1,VLLMQwen32B,合作型的,0.05,280,0.9333,0.0667,2,"6,13","合,合,合,合,合,背,合,合,合,合,合,合,背,合,合,合,合,合,合,合,合,合,合,合,合,合,合,合,合,合","合,合,合,合,合,合,合,合,合,合,合,合,合,合,合,合,合,合,合,合,合,合,合,合,合,合,合,合,合,合",agent2,VLLMQwen32B,自私型的,0.05,20,0.0667,0.9333,2,"14,16","背,背,背,背,背,背,背,背,背,背,背,背,背,合,背,合,背,背,背,背,背,背,背,背,背,背,背,背,背,背","背,背,背,背,背,背,背,背,背,背,背,背,背,背,背,背,背,背,背,背,背,背,背,背,背,背,背,背,背,背",1.0,1.0,0.1111,Qwen2.5-32B-Instruct,5,game_157
Qwen2.5-32B-Instruct__noise05__game_158,159,2026-02-12T07:17:02.133723,cn,True,30,30,agent1,VLLMQwen32B,自私型的,0.05,4,0.0667,0.9333,2,"12,26","背,背,背,背,背,背,背,背,背,背,背,合,背,背,背,背,背,背,背,背,背,背,背,背,背,合,背,背,背,背","背,背,背,背,背,背,背,背,背,背,背,背,背,背,背,背,背,背,背,背,背,背,背,背,背,背,背,背,背,背",agent2,VLLMQwen32B,合作型的,0.05,284,1.0,0.0,0,,"合,合,合,合,合,合,合,合,合,合,合,合,合,合,合,合,合,合,合,合,合,合,合,合,合,合,合,合,合,合","合,合,合,合,合,合,合,合,合,合,合,合,合,合,合,合,合,合,合,合,合,合,合,合,合,合,合,合,合,合",1.0,1.0,0.3333,Qwen2.5-32B-Instruct,5,game_158
Qwen2.5-32B-Instruct__noise05__game_159,160,2026-02-12T07:18:48.144264,cn,True,30,30,agent1,VLLMQwen32B,自私型的,0.05,234,0.0333,0.9667,1,4,"背,背,背,合,背,背,背,背,背,背,背,背,背,背,背,背,背,背,背,背,背,背,背,背,背,背,背,背,背,背","背,背,背,背,背,背,背,背,背,背,背,背,背,背,背,背,背,背,背,背,背,背,背,背,背,背,背,背,背,背",agent2,VLLMQwen32B,自私型的,0.05,234,0.0333,0.9667,1,19,"背,背,背,背,背,背,背,背,背,背,背,背,背,背,背,背,背,背,合,背,背,背,背,背,背,背,背,背,背,背","背,背,背,背,背,背,背,背,背,背,背,背,背,背,背,背,背,背,背,背,背,背,背,背,背,背,背,背,背,背",1.0,1.0,0.0833,Qwen2.5-32B-Instruct,5,game_159
Qwen2.5-32B-Instruct__noise05__game_160,161,2026-02-12T07:20:48.474309,vn,True,30,30,agent1,VLLMQwen32B,một người hợp tác,0.05,64,0.9333,0.0667,2,"8,19","H,H,H,H,H,H,H,P,H,H,H,H,H,H,H,H,H,H,P,H,H,H,H,H,H,H,H,H,H,H","H,H,H,H,H,H,H,H,H,H,H,H,H,H,H,H,H,H,H,H,H,H,H,H,H,H,H,H,H,H",agent2,VLLMQwen32B,một người hợp tác,0.05,74,0.9667,0.0333,1,13,"H,H,H,H,H,H,H,H,H,H,H,H,P,H,H,H,H,H,H,H,H,H,H,H,H,H,H,H,H,H","H,H,H,H,H,H,H,H,H,H,H,H,H,H,H,H,H,H,H,H,H,H,H,H,H,H,H,H,H,H",0.9474,1.0,0.1111,Qwen2.5-32B-Instruct,5,game_160
Qwen2.5-32B-Instruct__noise05__game_162,163,2026-02-12T07:22:26.056282,vn,True,30,30,agent1,VLLMQwen32B,một người ích kỷ,0.05,26,0.0333,0.9667,1,5,"P,P,P,P,H,P,P,P,P,P,P,P,P,P,P,P,P,P,P,P,P,P,P,P,P,P,P,P,P,P","P,P,P,P,P,P,P,P,P,P,P,P,P,P,P,P,P,P,P,P,P,P,P,P,P,P,P,P,P,P",agent2,VLLMQwen32B,một người hợp tác,0.05,286,0.9,0.1,3,"3,20,22","H,H,P,H,H,H,H,H,H,H,H,H,H,H,H,H,H,H,H,P,H,P,H,H,H,H,H,H,H,H","H,H,H,H,H,H,H,H,H,H,H,H,H,H,H,H,H,H,H,H,H,H,H,H,H,H,H,H,H,H",0.9737,1.0,0.0,Qwen2.5-32B-Instruct,5,game_162
Qwen2.5-32B-Instruct__noise05__game_161,162,2026-02-12T07:22:29.547877,vn,True,30,30,agent1,VLLMQwen32B,một người hợp tác,0.05,294,0.9,0.1,3,"12,18,22","H,H,H,H,H,H,H,H,H,H,H,P,H,H,H,H,H,P,H,H,H,P,H,H,H,H,H,H,H,H","H,H,H,H,H,H,H,H,H,H,H,H,H,H,H,H,H,H,H,H,H,H,H,H,H,H,H,H,H,H",agent2,VLLMQwen32B,một người ích kỷ,0.05,24,0.0,1.0,0,,"P,P,P,P,P,P,P,P,P,P,P,P,P,P,P,P,P,P,P,P,P,P,P,P,P,P,P,P,P,P","P,P,P,P,P,P,P,P,P,P,P,P,P,P,P,P,P,P,P,P,P,P,P,P,P,P,P,P,P,P",0.9737,1.0,0.3333,Qwen2.5-32B-Instruct,5,game_161
Qwen2.5-32B-Instruct__noise05__game_163,164,2026-02-12T07:24:50.785076,vn,True,30,30,agent1,VLLMQwen32B,một người ích kỷ,0.05,242,0.0333,0.9667,1,18,"P,P,P,P,P,P,P,P,P,P,P,P,P,P,P,P,P,H,P,P,P,P,P,P,P,P,P,P,P,P","P,P,P,P,P,P,P,P,P,P,P,P,P,P,P,P,P,P,P,P,P,P,P,P,P,P,P,P,P,P",agent2,VLLMQwen32B,một người ích kỷ,0.05,232,0.0,1.0,0,,"P,P,P,P,P,P,P,P,P,P,P,P,P,P,P,P,P,P,P,P,P,P,P,P,P,P,P,P,P,P","P,P,P,P,P,P,P,P,P,P,P,P,P,P,P,P,P,P,P,P,P,P,P,P,P,P,P,P,P,P",0.9474,1.0,0.3333,Qwen2.5-32B-Instruct,5,game_163
Qwen2.5-32B-Instruct__noise05__game_164,165,2026-02-12T07:26:00.843107,vn,True,30,30,agent1,VLLMQwen32B,một người hợp tác,0.05,76,1.0,0.0,0,,"H,H,H,H,H,H,H,H,H,H,H,H,H,H,H,H,H,H,H,H,H,H,H,H,H,H,H,H,H,H","H,H,H,H,H,H,H,H,H,H,H,H,H,H,H,H,H,H,H,H,H,H,H,H,H,H,H,H,H,H",agent2,VLLMQwen32B,một người hợp tác,0.05,56,0.9333,0.0667,2,"1,24","P,H,H,H,H,H,H,H,H,H,H,H,H,H,H,H,H,H,H,H,H,H,H,P,H,H,H,H,H,H","H,H,H,H,H,H,H,H,H,H,H,H,H,H,H,H,H,H,H,H,H,H,H,H,H,H,H,H,H,H",0.9474,1.0,0.2222,Qwen2.5-32B-Instruct,5,game_164
Qwen2.5-32B-Instruct__noise05__game_166,167,2026-02-12T07:27:55.803794,vn,True,30,30,agent1,VLLMQwen32B,một người ích kỷ,0.05,12,0.0667,0.9333,2,"25,27","P,P,P,P,P,P,P,P,P,P,P,P,P,P,P,P,P,P,P,P,P,P,P,P,H,P,H,P,P,P","P,P,P,P,P,P,P,P,P,P,P,P,P,P,P,P,P,P,P,P,P,P,P,P,P,P,P,P,P,P",agent2,VLLMQwen32B,một người hợp tác,0.05,282,0.9667,0.0333,1,7,"H,H,H,H,H,H,P,H,H,H,H,H,H,H,H,H,H,H,H,H,H,H,H,H,H,H,H,H,H,H","H,H,H,H,H,H,H,H,H,H,H,H,H,H,H,H,H,H,H,H,H,H,H,H,H,H,H,H,H,H",0.9605,1.0,0.1944,Qwen2.5-32B-Instruct,5,game_166
Qwen2.5-32B-Instruct__noise05__game_165,166,2026-02-12T07:28:01.204294,vn,True,30,30,agent1,VLLMQwen32B,một người hợp tác,0.05,278,0.9,0.1,3,"13,19,25","H,H,H,H,H,H,H,H,H,H,H,H,P,H,H,H,H,H,P,H,H,H,H,H,P,H,H,H,H,H","H,H,H,H,H,H,H,H,H,H,H,H,H,H,H,H,H,H,H,H,H,H,H,H,H,H,H,H,H,H",agent2,VLLMQwen32B,một người ích kỷ,0.05,28,0.0667,0.9333,2,"14,29","P,P,P,P,P,P,P,P,P,P,P,P,P,H,P,P,P,P,P,P,P,P,P,P,P,P,P,P,H,P","P,P,P,P,P,P,P,P,P,P,P,P,P,P,P,P,P,P,P,P,P,P,P,P,P,P,P,P,P,P",0.9474,1.0,0.3333,Qwen2.5-32B-Instruct,5,game_165
Qwen2.5-32B-Instruct__noise05__game_167,168,2026-02-12T07:30:57.137964,vn,True,30,30,agent1,VLLMQwen32B,một người ích kỷ,0.05,212,0.0667,0.9333,2,"10,22","P,P,P,P,P,P,P,P,P,H,P,P,P,P,P,P,P,P,P,P,P,H,P,P,P,P,P,P,P,P","P,P,P,P,P,P,P,P,P,P,P,P,P,P,P,P,P,P,P,P,P,P,P,P,P,P,P,P,P,P",agent2,VLLMQwen32B,một người ích kỷ,0.05,232,0.1333,0.8667,4,"14,23,24,27","P,P,P,P,P,P,P,P,P,P,P,P,P,H,P,P,P,P,P,P,P,P,H,H,P,P,H,P,P,P","P,P,P,P,P,P,P,P,P,P,P,P,P,P,P,P,P,P,P,P,P,P,P,P,P,P,P,P,P,P",0.9474,1.0,0.1111,Qwen2.5-32B-Instruct,5,game_167
Qwen2.5-32B-Instruct__noise05__game_168,169,2026-02-12T07:31:18.911943,vn,True,30,30,agent1,VLLMQwen32B,một người hợp tác,0.05,66,0.9667,0.0333,1,24,"H,H,H,H,H,H,H,H,H,H,H,H,H,H,H,H,H,H,H,H,H,H,H,P,H,H,H,H,H,H","H,H,H,H,H,H,H,H,H,H,H,H,H,H,H,H,H,H,H,H,H,H,H,H,H,H,H,H,H,H",agent2,VLLMQwen32B,một người hợp tác,0.05,66,0.9667,0.0333,1,18,"H,H,H,H,H,H,H,H,H,H,H,H,H,H,H,H,H,P,H,H,H,H,H,H,H,H,H,H,H,H","H,H,H,H,H,H,H,H,H,H,H,H,H,H,H,H,H,H,H,H,H,H,H,H,H,H,H,H,H,H",0.9474,1.0,0.2778,Qwen2.5-32B-Instruct,5,game_168
Qwen2.5-32B-Instruct__noise05__game_169,170,2026-02-12T07:33:07.461290,vn,True,30,30,agent1,VLLMQwen32B,một người hợp tác,0.05,290,0.9667,0.0333,1,24,"H,H,H,H,H,H,H,H,H,H,H,H,H,H,H,H,H,H,H,H,H,H,H,P,H,H,H,H,H,H","H,H,H,H,H,H,H,H,H,H,H,H,H,H,H,H,H,H,H,H,H,H,H,H,H,H,H,H,H,H",agent2,VLLMQwen32B,một người ích kỷ,0.05,10,0.0333,0.9667,1,28,"P,P,P,P,P,P,P,P,P,P,P,P,P,P,P,P,P,P,P,P,P,P,P,P,P,P,P,H,P,P","P,P,P,P,P,P,P,P,P,P,P,P,P,P,P,P,P,P,P,P,P,P,P,P,P,P,P,P,P,P",0.9474,1.0,0.3333,Qwen2.5-32B-Instruct,5,game_169
Qwen2.5-32B-Instruct__noise05__game_170,171,2026-02-12T07:33:20.722511,vn,True,30,30,agent1,VLLMQwen32B,một người ích kỷ,0.05,10,0.0333,0.9667,1,28,"P,P,P,P,P,P,P,P,P,P,P,P,P,P,P,P,P,P,P,P,P,P,P,P,P,P,P,H,P,P","P,P,P,P,P,P,P,P,P,P,P,P,P,P,P,P,P,P,P,P,P,P,P,P,P,P,P,P,P,P",agent2,VLLMQwen32B,một người hợp tác,0.05,290,0.9667,0.0333,1,6,"H,H,H,H,H,P,H,H,H,H,H,H,H,H,H,H,H,H,H,H,H,H,H,H,H,H,H,H,H,H","H,H,H,H,H,H,H,H,H,H,H,H,H,H,H,H,H,H,H,H,H,H,H,H,H,H,H,H,H,H",0.9474,1.0,0.1944,Qwen2.5-32B-Instruct,5,game_170
Qwen2.5-32B-Instruct__noise05__game_172,173,2026-02-12T07:36:33.348912,vn,True,30,30,agent1,VLLMQwen32B,một người hợp tác,0.05,54,0.9,0.1,3,"6,14,27","H,H,H,H,H,P,H,H,H,H,H,H,H,P,H,H,H,H,H,H,H,H,H,H,H,H,P,H,H,H","H,H,H,H,H,H,H,H,H,H,H,H,H,H,H,H,H,H,H,H,H,H,H,H,H,H,H,H,H,H",agent2,VLLMQwen32B,một người hợp tác,0.05,84,1.0,0.0,0,,"H,H,H,H,H,H,H,H,H,H,H,H,H,H,H,H,H,H,H,H,H,H,H,H,H,H,H,H,H,H","H,H,H,H,H,H,H,H,H,H,H,H,H,H,H,H,H,H,H,H,H,H,H,H,H,H,H,H,H,H",0.9474,1.0,0.1389,Qwen2.5-32B-Instruct,5,game_172
Qwen2.5-32B-Instruct__noise05__game_171,172,2026-02-12T07:36:39.200605,vn,True,30,30,agent1,VLLMQwen32B,một người ích kỷ,0.05,238,0.1,0.9,3,"12,17,26","P,P,P,P,P,P,P,P,P,P,P,H,P,P,P,P,H,P,P,P,P,P,P,P,P,H,P,P,P,P","P,P,P,P,P,P,P,P,P,P,P,P,P,P,P,P,P,P,P,P,P,P,P,P,P,P,P,P,P,P",agent2,VLLMQwen32B,một người ích kỷ,0.05,218,0.0333,0.9667,1,9,"P,P,P,P,P,P,P,P,H,P,P,P,P,P,P,P,P,P,P,P,P,P,P,P,P,P,P,P,P,P","P,P,P,P,P,P,P,P,P,P,P,P,P,P,P,P,P,P,P,P,P,P,P,P,P,P,P,P,P,P",0.9474,1.0,0.1389,Qwen2.5-32B-Instruct,5,game_171
Qwen2.5-32B-Instruct__noise05__game_173,174,2026-02-12T07:38:25.805778,vn,True,30,30,agent1,VLLMQwen32B,một người hợp tác,0.05,284,1.0,0.0,0,,"H,H,H,H,H,H,H,H,H,H,H,H,H,H,H,H,H,H,H,H,H,H,H,H,H,H,H,H,H,H","H,H,H,H,H,H,H,H,H,H,H,H,H,H,H,H,H,H,H,H,H,H,H,H,H,H,H,H,H,H",agent2,VLLMQwen32B,một người ích kỷ,0.05,4,0.0667,0.9333,2,"10,20","P,P,P,P,P,P,P,P,P,H,P,P,P,P,P,P,P,P,P,H,P,P,P,P,P,P,P,P,P,P","P,P,P,P,P,P,P,P,P,P,P,P,P,P,P,P,P,P,P,P,P,P,P,P,P,P,P,P,P,P",0.9737,1.0,0.3056,Qwen2.5-32B-Instruct,5,game_173
Qwen2.5-32B-Instruct__noise05__game_174,175,2026-02-12T07:39:00.392093,vn,True,30,30,agent1,VLLMQwen32B,một người ích kỷ,0.05,26,0.0333,0.9667,1,21,"P,P,P,P,P,P,P,P,P,P,P,P,P,P,P,P,P,P,P,P,H,P,P,P,P,P,P,P,P,P","P,P,P,P,P,P,P,P,P,P,P,P,P,P,P,P,P,P,P,P,P,P,P,P,P,P,P,P,P,P",agent2,VLLMQwen32B,một người hợp tác,0.05,286,0.9,0.1,3,"9,26,28","H,H,H,H,H,H,H,H,P,H,H,H,H,H,H,H,H,H,H,H,H,H,H,H,H,P,H,P,H,H","H,H,H,H,H,H,H,H,H,H,H,H,H,H,H,H,H,H,H,H,H,H,H,H,H,H,H,H,H,H",0.9474,1.0,0.2222,Qwen2.5-32B-Instruct,5,game_174
Qwen2.5-32B-Instruct__noise05__game_176,177,2026-02-12T07:41:37.971524,vn,True,30,30,agent1,VLLMQwen32B,một người hợp tác,0.05,68,1.0,0.0,0,,"H,H,H,H,H,H,H,H,H,H,H,H,H,H,H,H,H,H,H,H,H,H,H,H,H,H,H,H,H,H","H,H,H,H,H,H,H,H,H,H,H,H,H,H,H,H,H,H,H,H,H,H,H,H,H,H,H,H,H,H",agent2,VLLMQwen32B,một người hợp tác,0.05,58,0.9667,0.0333,1,18,"H,H,H,H,H,H,H,H,H,H,H,H,H,H,H,H,H,P,H,H,H,H,H,H,H,H,H,H,H,H","H,H,H,H,H,H,H,H,H,H,H,H,H,H,H,H,H,H,H,H,H,H,H,H,H,H,H,H,H,H",0.9474,1.0,0.4167,Qwen2.5-32B-Instruct,5,game_176
Qwen2.5-32B-Instruct__noise05__game_175,176,2026-02-12T07:41:51.564521,vn,True,30,30,agent1,VLLMQwen32B,một người ích kỷ,0.05,234,0.0333,0.9667,1,2,"P,H,P,P,P,P,P,P,P,P,P,P,P,P,P,P,P,P,P,P,P,P,P,P,P,P,P,P,P,P","P,P,P,P,P,P,P,P,P,P,P,P,P,P,P,P,P,P,P,P,P,P,P,P,P,P,P,P,P,P",agent2,VLLMQwen32B,một người ích kỷ,0.05,234,0.0333,0.9667,1,24,"P,P,P,P,P,P,P,P,P,P,P,P,P,P,P,P,P,P,P,P,P,P,P,H,P,P,P,P,P,P","P,P,P,P,P,P,P,P,P,P,P,P,P,P,P,P,P,P,P,P,P,P,P,P,P,P,P,P,P,P",0.9474,1.0,0.1111,Qwen2.5-32B-Instruct,5,game_175
Qwen2.5-32B-Instruct__noise05__game_177,178,2026-02-12T07:43:48.054119,vn,True,30,30,agent1,VLLMQwen32B,một người hợp tác,0.05,290,0.9667,0.0333,1,11,"H,H,H,H,H,H,H,H,H,H,P,H,H,H,H,H,H,H,H,H,H,H,H,H,H,H,H,H,H,H","H,H,H,H,H,H,H,H,H,H,H,H,H,H,H,H,H,H,H,H,H,H,H,H,H,H,H,H,H,H",agent2,VLLMQwen32B,một người ích kỷ,0.05,10,0.0333,0.9667,1,25,"P,P,P,P,P,P,P,P,P,P,P,P,P,P,P,P,P,P,P,P,P,P,P,P,H,P,P,P,P,P","P,P,P,P,P,P,P,P,P,P,P,P,P,P,P,P,P,P,P,P,P,P,P,P,P,P,P,P,P,P",0.9737,1.0,0.2222,Qwen2.5-32B-Instruct,5,game_177
Qwen2.5-32B-Instruct__noise05__game_178,179,2026-02-12T07:44:26.005216,vn,True,30,30,agent1,VLLMQwen32B,một người ích kỷ,0.05,0,0.0,1.0,0,,"P,P,P,P,P,P,P,P,P,P,P,P,P,P,P,P,P,P,P,P,P,P,P,P,P,P,P,P,P,P","P,P,P,P,P,P,P,P,P,P,P,P,P,P,P,P,P,P,P,P,P,P,P,P,P,P,P,P,P,P",agent2,VLLMQwen32B,một người hợp tác,0.05,300,1.0,0.0,0,,"H,H,H,H,H,H,H,H,H,H,H,H,H,H,H,H,H,H,H,H,H,H,H,H,H,H,H,H,H,H","H,H,H,H,H,H,H,H,H,H,H,H,H,H,H,H,H,H,H,H,H,H,H,H,H,H,H,H,H,H",0.9737,1.0,0.5,Qwen2.5-32B-Instruct,5,game_178
Qwen2.5-32B-Instruct__noise05__game_180,181,2026-02-12T07:47:07.768842,vn,True,30,30,agent1,VLLMQwen32B,một người hợp tác,0.05,82,0.9667,0.0333,1,8,"H,H,H,H,H,H,H,P,H,H,H,H,H,H,H,H,H,H,H,H,H,H,H,H,H,H,H,H,H,H","H,H,H,H,H,H,H,H,H,H,H,H,H,H,H,H,H,H,H,H,H,H,H,H,H,H,H,H,H,H",agent2,VLLMQwen32B,một người hợp tác,0.05,62,0.9,0.1,3,"2,14,18","H,P,H,H,H,H,H,H,H,H,H,H,H,P,H,H,H,P,H,H,H,H,H,H,H,H,H,H,H,H","H,H,H,H,H,H,H,H,H,H,H,H,H,H,H,H,H,H,H,H,H,H,H,H,H,H,H,H,H,H",0.9474,1.0,0.1111,Qwen2.5-32B-Instruct,5,game_180
Qwen2.5-32B-Instruct__noise05__game_179,180,2026-02-12T07:47:23.812889,vn,True,30,30,agent1,VLLMQwen32B,một người ích kỷ,0.05,232,0.0,1.0,0,,"P,P,P,P,P,P,P,P,P,P,P,P,P,P,P,P,P,P,P,P,P,P,P,P,P,P,P,P,P,P","P,P,P,P,P,P,P,P,P,P,P,P,P,P,P,P,P,P,P,P,P,P,P,P,P,P,P,P,P,P",agent2,VLLMQwen32B,một người ích kỷ,0.05,242,0.0333,0.9667,1,15,"P,P,P,P,P,P,P,P,P,P,P,P,P,P,H,P,P,P,P,P,P,P,P,P,P,P,P,P,P,P","P,P,P,P,P,P,P,P,P,P,P,P,P,P,P,P,P,P,P,P,P,P,P,P,P,P,P,P,P,P",0.9474,1.0,0.2778,Qwen2.5-32B-Instruct,5,game_179
Qwen2.5-32B-Instruct__noise05__game_181,182,2026-02-12T07:49:31.542711,vn,True,30,30,agent1,VLLMQwen32B,một người hợp tác,0.05,286,0.9,0.1,3,"2,6,30","H,P,H,H,H,P,H,H,H,H,H,H,H,H,H,H,H,H,H,H,H,H,H,H,H,H,H,H,H,P","H,H,H,H,H,H,H,H,H,H,H,H,H,H,H,H,H,H,H,H,H,H,H,H,H,H,H,H,H,H",agent2,VLLMQwen32B,một người ích kỷ,0.05,26,0.0333,0.9667,1,12,"P,P,P,P,P,P,P,P,P,P,P,H,P,P,P,P,P,P,P,P,P,P,P,P,P,P,P,P,P,P","P,P,P,P,P,P,P,P,P,P,P,P,P,P,P,P,P,P,P,P,P,P,P,P,P,P,P,P,P,P",0.9737,1.0,0.0556,Qwen2.5-32B-Instruct,5,game_181
Qwen2.5-32B-Instruct__noise05__game_182,183,2026-02-12T07:49:44.451189,vn,True,30,30,agent1,VLLMQwen32B,một người ích kỷ,0.05,12,0.0667,0.9333,2,"10,16","P,P,P,P,P,P,P,P,P,H,P,P,P,P,P,H,P,P,P,P,P,P,P,P,P,P,P,P,P,P","P,P,P,P,P,P,P,P,P,P,P,P,P,P,P,P,P,P,P,P,P,P,P,P,P,P,P,P,P,P",agent2,VLLMQwen32B,một người hợp tác,0.05,282,0.9667,0.0333,1,28,"H,H,H,H,H,H,H,H,H,H,H,H,H,H,H,H,H,H,H,H,H,H,H,H,H,H,H,P,H,H","H,H,H,H,H,H,H,H,H,H,H,H,H,H,H,H,H,H,H,H,H,H,H,H,H,H,H,H,H,H",0.9474,1.0,0.1667,Qwen2.5-32B-Instruct,5,game_182
Qwen2.5-32B-Instruct__noise05__game_184,185,2026-02-12T07:52:28.995095,vn,True,30,30,agent1,VLLMQwen32B,một người hợp tác,0.05,60,0.8667,0.1333,4,"3,6,15,29","H,H,P,H,H,P,H,H,H,H,H,H,H,H,P,H,H,H,H,H,H,H,H,H,H,H,H,H,P,H","H,H,H,H,H,H,H,H,H,H,H,H,H,H,H,H,H,H,H,H,H,H,H,H,H,H,H,H,H,H",agent2,VLLMQwen32B,một người hợp tác,0.05,90,0.9667,0.0333,1,14,"H,H,H,H,H,H,H,H,H,H,H,H,H,P,H,H,H,H,H,H,H,H,H,H,H,H,H,H,H,H","H,H,H,H,H,H,H,H,H,H,H,H,H,H,H,H,H,H,H,H,H,H,H,H,H,H,H,H,H,H",0.9474,1.0,0.0556,Qwen2.5-32B-Instruct,5,game_184
Qwen2.5-32B-Instruct__noise05__game_183,184,2026-02-12T07:52:58.151334,vn,True,30,30,agent1,VLLMQwen32B,một người ích kỷ,0.05,242,0.0333,0.9667,1,14,"P,P,P,P,P,P,P,P,P,P,P,P,P,H,P,P,P,P,P,P,P,P,P,P,P,P,P,P,P,P","P,P,P,P,P,P,P,P,P,P,P,P,P,P,P,P,P,P,P,P,P,P,P,P,P,P,P,P,P,P",agent2,VLLMQwen32B,một người ích kỷ,0.05,232,0.0,1.0,0,,"P,P,P,P,P,P,P,P,P,P,P,P,P,P,P,P,P,P,P,P,P,P,P,P,P,P,P,P,P,P","P,P,P,P,P,P,P,P,P,P,P,P,P,P,P,P,P,P,P,P,P,P,P,P,P,P,P,P,P,P",0.9474,1.0,0.2778,Qwen2.5-32B-Instruct,5,game_183
Qwen2.5-32B-Instruct__noise05__game_185,186,2026-02-12T07:54:55.047421,vn,True,30,30,agent1,VLLMQwen32B,một người hợp tác,0.05,284,1.0,0.0,0,,"H,H,H,H,H,H,H,H,H,H,H,H,H,H,H,H,H,H,H,H,H,H,H,H,H,H,H,H,H,H","H,H,H,H,H,H,H,H,H,H,H,H,H,H,H,H,H,H,H,H,H,H,H,H,H,H,H,H,H,H",agent2,VLLMQwen32B,một người ích kỷ,0.05,4,0.0667,0.9333,2,"5,24","P,P,P,P,H,P,P,P,P,P,P,P,P,P,P,P,P,P,P,P,P,P,P,H,P,P,P,P,P,P","P,P,P,P,P,P,P,P,P,P,P,P,P,P,P,P,P,P,P,P,P,P,P,P,P,P,P,P,P,P",0.9737,1.0,0.2222,Qwen2.5-32B-Instruct,5,game_185
Qwen2.5-32B-Instruct__noise05__game_186,187,2026-02-12T07:55:02.965164,vn,True,30,30,agent1,VLLMQwen32B,một người ích kỷ,0.05,14,0.1,0.9,3,"7,9,15","P,P,P,P,P,P,H,P,H,P,P,P,P,P,H,P,P,P,P,P,P,P,P,P,P,P,P,P,P,P","P,P,P,P,P,P,P,P,P,P,P,P,P,P,P,P,P,P,P,P,P,P,P,P,P,P,P,P,P,P",agent2,VLLMQwen32B,một người hợp tác,0.05,274,0.9667,0.0333,1,17,"H,H,H,H,H,H,H,H,H,H,H,H,H,H,H,H,P,H,H,H,H,H,H,H,H,H,H,H,H,H","H,H,H,H,H,H,H,H,H,H,H,H,H,H,H,H,H,H,H,H,H,H,H,H,H,H,H,H,H,H",0.9737,1.0,0.2222,Qwen2.5-32B-Instruct,5,game_186
Qwen2.5-32B-Instruct__noise05__game_188,189,2026-02-12T07:58:07.253274,vn,True,30,30,agent1,VLLMQwen32B,một người hợp tác,0.05,88,0.9333,0.0667,2,"14,19","H,H,H,H,H,H,H,H,H,H,H,H,H,P,H,H,H,H,P,H,H,H,H,H,H,H,H,H,H,H","H,H,H,H,H,H,H,H,H,H,H,H,H,H,H,H,H,H,H,H,H,H,H,H,H,H,H,H,H,H",agent2,VLLMQwen32B,một người hợp tác,0.05,68,0.8667,0.1333,4,"1,4,12,17","P,H,H,P,H,H,H,H,H,H,H,P,H,H,H,H,P,H,H,H,H,H,H,H,H,H,H,H,H,H","H,H,H,H,H,H,H,H,H,H,H,H,H,H,H,H,H,H,H,H,H,H,H,H,H,H,H,H,H,H",0.9474,1.0,0.0833,Qwen2.5-32B-Instruct,5,game_188
Qwen2.5-32B-Instruct__noise05__game_187,188,2026-02-12T07:58:14.580304,vn,True,30,30,agent1,VLLMQwen32B,một người ích kỷ,0.05,226,0.0333,0.9667,1,26,"P,P,P,P,P,P,P,P,P,P,P,P,P,P,P,P,P,P,P,P,P,P,P,P,P,H,P,P,P,P","P,P,P,P,P,P,P,P,P,P,P,P,P,P,P,P,P,P,P,P,P,P,P,P,P,P,P,P,P,P",agent2,VLLMQwen32B,một người ích kỷ,0.05,236,0.0667,0.9333,2,"22,26","P,P,P,P,P,P,P,P,P,P,P,P,P,P,P,P,P,P,P,P,P,H,P,P,P,H,P,P,P,P","P,P,P,P,P,P,P,P,P,P,P,P,P,P,P,P,P,P,P,P,P,P,P,P,P,P,P,P,P,P",0.9474,1.0,0.2778,Qwen2.5-32B-Instruct,5,game_187
Qwen2.5-32B-Instruct__noise05__game_189,190,2026-02-12T08:00:15.515649,vn,True,30,30,agent1,VLLMQwen32B,một người hợp tác,0.05,296,0.9333,0.0667,2,"9,25","H,H,H,H,H,H,H,H,P,H,H,H,H,H,H,H,H,H,H,H,H,H,H,H,P,H,H,H,H,H","H,H,H,H,H,H,H,H,H,H,H,H,H,H,H,H,H,H,H,H,H,H,H,H,H,H,H,H,H,H",agent2,VLLMQwen32B,một người ích kỷ,0.05,16,0.0,1.0,0,,"P,P,P,P,P,P,P,P,P,P,P,P,P,P,P,P,P,P,P,P,P,P,P,P,P,P,P,P,P,P","P,P,P,P,P,P,P,P,P,P,P,P,P,P,P,P,P,P,P,P,P,P,P,P,P,P,P,P,P,P",0.9737,1.0,0.1667,Qwen2.5-32B-Instruct,5,game_189
Qwen2.5-32B-Instruct__noise05__game_190,191,2026-02-12T08:00:29.536252,vn,True,30,30,agent1,VLLMQwen32B,một người ích kỷ,0.05,12,0.0667,0.9333,2,"2,10","P,H,P,P,P,P,P,P,P,H,P,P,P,P,P,P,P,P,P,P,P,P,P,P,P,P,P,P,P,P","P,P,P,P,P,P,P,P,P,P,P,P,P,P,P,P,P,P,P,P,P,P,P,P,P,P,P,P,P,P",agent2,VLLMQwen32B,một người hợp tác,0.05,282,0.9667,0.0333,1,7,"H,H,H,H,H,H,P,H,H,H,H,H,H,H,H,H,H,H,H,H,H,H,H,H,H,H,H,H,H,H","H,H,H,H,H,H,H,H,H,H,H,H,H,H,H,H,H,H,H,H,H,H,H,H,H,H,H,H,H,H",0.9737,1.0,0.0278,Qwen2.5-32B-Instruct,5,game_190
Qwen2.5-32B-Instruct__noise05__game_192,193,2026-02-12T08:03:14.110106,vn,True,30,30,agent1,VLLMQwen32B,một người hợp tác,0.05,70,0.9,0.1,3,"20,27,28","H,H,H,H,H,H,H,H,H,H,H,H,H,H,H,H,H,H,H,P,H,H,H,H,H,H,P,P,H,H","H,H,H,H,H,H,H,H,H,H,H,H,H,H,H,H,H,H,H,H,H,H,H,H,H,H,H,H,H,H",agent2,VLLMQwen32B,một người hợp tác,0.05,80,0.9333,0.0667,2,"7,30","H,H,H,H,H,H,P,H,H,H,H,H,H,H,H,H,H,H,H,H,H,H,H,H,H,H,H,H,H,P","H,H,H,H,H,H,H,H,H,H,H,H,H,H,H,H,H,H,H,H,H,H,H,H,H,H,H,H,H,H",0.9474,1.0,0.1667,Qwen2.5-32B-Instruct,5,game_192
Qwen2.5-32B-Instruct__noise05__game_191,192,2026-02-12T08:03:49.538713,vn,True,30,30,agent1,VLLMQwen32B,một người ích kỷ,0.05,232,0.0,1.0,0,,"P,P,P,P,P,P,P,P,P,P,P,P,P,P,P,P,P,P,P,P,P,P,P,P,P,P,P,P,P,P","P,P,P,P,P,P,P,P,P,P,P,P,P,P,P,P,P,P,P,P,P,P,P,P,P,P,P,P,P,P",agent2,VLLMQwen32B,một người ích kỷ,0.05,242,0.0333,0.9667,1,22,"P,P,P,P,P,P,P,P,P,P,P,P,P,P,P,P,P,P,P,P,P,H,P,P,P,P,P,P,P,P","P,P,P,P,P,P,P,P,P,P,P,P,P,P,P,P,P,P,P,P,P,P,P,P,P,P,P,P,P,P",0.9474,1.0,0.3333,Qwen2.5-32B-Instruct,5,game_191
Qwen2.5-32B-Instruct__noise05__game_193,194,2026-02-12T08:05:45.583146,vn,True,30,30,agent1,VLLMQwen32B,một người hợp tác,0.05,298,0.9667,0.0333,1,28,"H,H,H,H,H,H,H,H,H,H,H,H,H,H,H,H,H,H,H,H,H,H,H,H,H,H,H,P,H,H","H,H,H,H,H,H,H,H,H,H,H,H,H,H,H,H,H,H,H,H,H,H,H,H,H,H,H,H,H,H",agent2,VLLMQwen32B,một người ích kỷ,0.05,8,0.0,1.0,0,,"P,P,P,P,P,P,P,P,P,P,P,P,P,P,P,P,P,P,P,P,P,P,P,P,P,P,P,P,P,P","P,P,P,P,P,P,P,P,P,P,P,P,P,P,P,P,P,P,P,P,P,P,P,P,P,P,P,P,P,P",0.9474,1.0,0.3889,Qwen2.5-32B-Instruct,5,game_193
Qwen2.5-32B-Instruct__noise05__game_194,195,2026-02-12T08:06:00.454394,vn,True,30,30,agent1,VLLMQwen32B,một người ích kỷ,0.05,18,0.0333,0.9667,1,22,"P,P,P,P,P,P,P,P,P,P,P,P,P,P,P,P,P,P,P,P,P,H,P,P,P,P,P,P,P,P","P,P,P,P,P,P,P,P,P,P,P,P,P,P,P,P,P,P,P,P,P,P,P,P,P,P,P,P,P,P",agent2,VLLMQwen32B,một người hợp tác,0.05,288,0.9333,0.0667,2,"4,15","H,H,H,P,H,H,H,H,H,H,H,H,H,H,P,H,H,H,H,H,H,H,H,H,H,H,H,H,H,H","H,H,H,H,H,H,H,H,H,H,H,H,H,H,H,H,H,H,H,H,H,H,H,H,H,H,H,H,H,H",0.9737,1.0,0.1111,Qwen2.5-32B-Instruct,5,game_194
Qwen2.5-32B-Instruct__noise05__game_195,196,2026-02-12T08:08:12.106951,vn,True,30,30,agent1,VLLMQwen32B,một người ích kỷ,0.05,246,0.1,0.9,3,"1,10,26","H,P,P,P,P,P,P,P,P,H,P,P,P,P,P,P,P,P,P,P,P,P,P,P,P,H,P,P,P,P","P,P,P,P,P,P,P,P,P,P,P,P,P,P,P,P,P,P,P,P,P,P,P,P,P,P,P,P,P,P",agent2,VLLMQwen32B,một người ích kỷ,0.05,216,0.0,1.0,0,,"P,P,P,P,P,P,P,P,P,P,P,P,P,P,P,P,P,P,P,P,P,P,P,P,P,P,P,P,P,P","P,P,P,P,P,P,P,P,P,P,P,P,P,P,P,P,P,P,P,P,P,P,P,P,P,P,P,P,P,P",0.9474,1.0,0.1111,Qwen2.5-32B-Instruct,5,game_195
Qwen2.5-32B-Instruct__noise05__game_196,197,2026-02-12T08:09:09.117882,vn,True,30,30,agent1,VLLMQwen32B,một người hợp tác,0.05,66,0.9667,0.0333,1,11,"H,H,H,H,H,H,H,H,H,H,P,H,H,H,H,H,H,H,H,H,H,H,H,H,H,H,H,H,H,H","H,H,H,H,H,H,H,H,H,H,H,H,H,H,H,H,H,H,H,H,H,H,H,H,H,H,H,H,H,H",agent2,VLLMQwen32B,một người hợp tác,0.05,66,0.9667,0.0333,1,5,"H,H,H,H,P,H,H,H,H,H,H,H,H,H,H,H,H,H,H,H,H,H,H,H,H,H,H,H,H,H","H,H,H,H,H,H,H,H,H,H,H,H,H,H,H,H,H,H,H,H,H,H,H,H,H,H,H,H,H,H",0.9474,1.0,0.0556,Qwen2.5-32B-Instruct,5,game_196
Qwen2.5-32B-Instruct__noise05__game_198,199,2026-02-12T08:11:03.142032,vn,True,30,30,agent1,VLLMQwen32B,một người ích kỷ,0.05,12,0.0667,0.9333,2,"1,16","H,P,P,P,P,P,P,P,P,P,P,P,P,P,P,H,P,P,P,P,P,P,P,P,P,P,P,P,P,P","P,P,P,P,P,P,P,P,P,P,P,P,P,P,P,P,P,P,P,P,P,P,P,P,P,P,P,P,P,P",agent2,VLLMQwen32B,một người hợp tác,0.05,282,0.9667,0.0333,1,4,"H,H,H,P,H,H,H,H,H,H,H,H,H,H,H,H,H,H,H,H,H,H,H,H,H,H,H,H,H,H","H,H,H,H,H,H,H,H,H,H,H,H,H,H,H,H,H,H,H,H,H,H,H,H,H,H,H,H,H,H",0.9737,1.0,0.0556,Qwen2.5-32B-Instruct,5,game_198
Qwen2.5-32B-Instruct__noise05__game_197,198,2026-02-12T08:11:20.689831,vn,True,30,30,agent1,VLLMQwen32B,một người hợp tác,0.05,272,0.9333,0.0667,2,"22,27","H,H,H,H,H,H,H,H,H,H,H,H,H,H,H,H,H,H,H,H,H,P,H,H,H,H,P,H,H,H","H,H,H,H,H,H,H,H,H,H,H,H,H,H,H,H,H,H,H,H,H,H,H,H,H,H,H,H,H,H",agent2,VLLMQwen32B,một người ích kỷ,0.05,22,0.1,0.9,3,"13,14,22","P,P,P,P,P,P,P,P,P,P,P,P,H,H,P,P,P,P,P,P,P,H,P,P,P,P,P,P,P,P","P,P,P,P,P,P,P,P,P,P,P,P,P,P,P,P,P,P,P,P,P,P,P,P,P,P,P,P,P,P",0.9737,1.0,0.2778,Qwen2.5-32B-Instruct,5,game_197
Qwen2.5-32B-Instruct__noise05__game_199,200,2026-02-12T08:13:37.189107,vn,True,30,30,agent1,VLLMQwen32B,một người ích kỷ,0.05,242,0.0333,0.9667,1,2,"P,H,P,P,P,P,P,P,P,P,P,P,P,P,P,P,P,P,P,P,P,P,P,P,P,P,P,P,P,P","P,P,P,P,P,P,P,P,P,P,P,P,P,P,P,P,P,P,P,P,P,P,P,P,P,P,P,P,P,P",agent2,VLLMQwen32B,một người ích kỷ,0.05,232,0.0,1.0,0,,"P,P,P,P,P,P,P,P,P,P,P,P,P,P,P,P,P,P,P,P,P,P,P,P,P,P,P,P,P,P","P,P,P,P,P,P,P,P,P,P,P,P,P,P,P,P,P,P,P,P,P,P,P,P,P,P,P,P,P,P",0.9474,1.0,0.2222,Qwen2.5-32B-Instruct,5,game_199
Qwen2.5-32B-Instruct__noise05__game_200,201,2026-02-12T08:14:06.170041,it,True,30,30,agent1,VLLMQwen32B,cooperativo,0.05,58,0.9667,0.0333,1,14,"C,C,C,C,C,C,C,C,C,C,C,C,C,T,C,C,C,C,C,C,C,C,C,C,C,C,C,C,C,C","C,C,C,C,C,C,C,C,C,C,C,C,C,C,C,C,C,C,C,C,C,C,C,C,C,C,C,C,C,C",agent2,VLLMQwen32B,cooperativo,0.05,68,1.0,0.0,0,,"C,C,C,C,C,C,C,C,C,C,C,C,C,C,C,C,C,C,C,C,C,C,C,C,C,C,C,C,C,C","C,C,C,C,C,C,C,C,C,C,C,C,C,C,C,C,C,C,C,C,C,C,C,C,C,C,C,C,C,C",1.0,1.0,0.3333,Qwen2.5-32B-Instruct,5,game_200
Qwen2.5-32B-Instruct__noise05__game_201,202,2026-02-12T08:15:57.962326,it,True,30,30,agent1,VLLMQwen32B,cooperativo,0.05,290,0.9667,0.0333,1,24,"C,C,C,C,C,C,C,C,C,C,C,C,C,C,C,C,C,C,C,C,C,C,C,T,C,C,C,C,C,C","C,C,C,C,C,C,C,C,C,C,C,C,C,C,C,C,C,C,C,C,C,C,C,C,C,C,C,C,C,C",agent2,VLLMQwen32B,egoista,0.05,10,0.0333,0.9667,1,22,"T,T,T,T,T,T,T,T,T,T,T,T,T,T,T,T,T,T,T,T,T,C,T,T,T,T,T,T,T,T","T,T,T,T,T,T,T,T,T,T,T,T,T,T,T,T,T,T,T,T,T,T,T,T,T,T,T,T,T,T",1.0,1.0,0.3333,Qwen2.5-32B-Instruct,5,game_201
Qwen2.5-32B-Instruct__noise05__game_202,203,2026-02-12T08:16:11.540255,it,True,30,30,agent1,VLLMQwen32B,egoista,0.05,12,0.0667,0.9333,2,"12,28","T,T,T,T,T,T,T,T,T,T,T,C,T,T,T,T,T,T,T,T,T,T,T,T,T,T,T,C,T,T","T,T,T,T,T,T,T,T,T,T,T,T,T,T,T,T,T,T,T,T,T,T,T,T,T,T,T,T,T,T",agent2,VLLMQwen32B,cooperativo,0.05,282,0.9667,0.0333,1,27,"C,C,C,C,C,C,C,C,C,C,C,C,C,C,C,C,C,C,C,C,C,C,C,C,C,C,T,C,C,C","C,C,C,C,C,C,C,C,C,C,C,C,C,C,C,C,C,C,C,C,C,C,C,C,C,C,C,C,C,C",1.0,1.0,0.2778,Qwen2.5-32B-Instruct,5,game_202
Qwen2.5-32B-Instruct__noise05__game_203,204,2026-02-12T08:18:34.150080,it,True,30,30,agent1,VLLMQwen32B,egoista,0.05,230,0.1,0.9,3,"17,19,23","T,T,T,T,T,T,T,T,T,T,T,T,T,T,T,T,C,T,C,T,T,T,C,T,T,T,T,T,T,T","T,T,T,T,T,T,T,T,T,T,T,T,T,T,T,T,T,T,T,T,T,T,T,T,T,T,T,T,T,T",agent2,VLLMQwen32B,egoista,0.05,220,0.0667,0.9333,2,"7,13","T,T,T,T,T,T,C,T,T,T,T,T,C,T,T,T,T,T,T,T,T,T,T,T,T,T,T,T,T,T","T,T,T,T,T,T,T,T,T,T,T,T,T,T,T,T,T,T,T,T,T,T,T,T,T,T,T,T,T,T",1.0,1.0,0.1389,Qwen2.5-32B-Instruct,5,game_203
Qwen2.5-32B-Instruct__noise05__game_204,205,2026-02-12T08:18:57.411851,it,True,30,30,agent1,VLLMQwen32B,cooperativo,0.05,80,0.9333,0.0667,2,"6,13","C,C,C,C,C,T,C,C,C,C,C,C,T,C,C,C,C,C,C,C,C,C,C,C,C,C,C,C,C,C","C,C,C,C,C,C,C,C,C,C,C,C,C,C,C,C,C,C,C,C,C,C,C,C,C,C,C,C,C,C",agent2,VLLMQwen32B,cooperativo,0.05,70,0.9,0.1,3,"21,22,26","C,C,C,C,C,C,C,C,C,C,C,C,C,C,C,C,C,C,C,C,T,T,C,C,C,T,C,C,C,C","C,C,C,C,C,C,C,C,C,C,C,C,C,C,C,C,C,C,C,C,C,C,C,C,C,C,C,C,C,C",1.0,1.0,0.0833,Qwen2.5-32B-Instruct,5,game_204
Qwen2.5-32B-Instruct__noise05__game_205,206,2026-02-12T08:20:38.707590,it,True,30,30,agent1,VLLMQwen32B,cooperativo,0.05,284,1.0,0.0,0,,"C,C,C,C,C,C,C,C,C,C,C,C,C,C,C,C,C,C,C,C,C,C,C,C,C,C,C,C,C,C","C,C,C,C,C,C,C,C,C,C,C,C,C,C,C,C,C,C,C,C,C,C,C,C,C,C,C,C,C,C",agent2,VLLMQwen32B,egoista,0.05,4,0.0667,0.9333,2,"4,11","T,T,T,C,T,T,T,T,T,T,C,T,T,T,T,T,T,T,T,T,T,T,T,T,T,T,T,T,T,T","T,T,T,T,T,T,T,T,T,T,T,T,T,T,T,T,T,T,T,T,T,T,T,T,T,T,T,T,T,T",1.0,1.0,0.1667,Qwen2.5-32B-Instruct,5,game_205
Qwen2.5-32B-Instruct__noise05__game_206,207,2026-02-12T08:21:12.455844,it,True,30,30,agent1,VLLMQwen32B,egoista,0.05,10,0.0333,0.9667,1,2,"T,C,T,T,T,T,T,T,T,T,T,T,T,T,T,T,T,T,T,T,T,T,T,T,T,T,T,T,T,T","T,T,T,T,T,T,T,T,T,T,T,T,T,T,T,T,T,T,T,T,T,T,T,T,T,T,T,T,T,T",agent2,VLLMQwen32B,cooperativo,0.05,290,0.9667,0.0333,1,10,"C,C,C,C,C,C,C,C,C,T,C,C,C,C,C,C,C,C,C,C,C,C,C,C,C,C,C,C,C,C","C,C,C,C,C,C,C,C,C,C,C,C,C,C,C,C,C,C,C,C,C,C,C,C,C,C,C,C,C,C",1.0,1.0,0.0556,Qwen2.5-32B-Instruct,5,game_206
Qwen2.5-32B-Instruct__noise05__game_207,208,2026-02-12T08:23:31.703067,it,True,30,30,agent1,VLLMQwen32B,egoista,0.05,234,0.0333,0.9667,1,12,"T,T,T,T,T,T,T,T,T,T,T,C,T,T,T,T,T,T,T,T,T,T,T,T,T,T,T,T,T,T","T,T,T,T,T,T,T,T,T,T,T,T,T,T,T,T,T,T,T,T,T,T,T,T,T,T,T,T,T,T",agent2,VLLMQwen32B,egoista,0.05,234,0.0333,0.9667,1,9,"T,T,T,T,T,T,T,T,C,T,T,T,T,T,T,T,T,T,T,T,T,T,T,T,T,T,T,T,T,T","T,T,T,T,T,T,T,T,T,T,T,T,T,T,T,T,T,T,T,T,T,T,T,T,T,T,T,T,T,T",1.0,1.0,0.0833,Qwen2.5-32B-Instruct,5,game_207
Qwen2.5-32B-Instruct__noise05__game_208,209,2026-02-12T08:23:53.358787,it,True,30,30,agent1,VLLMQwen32B,cooperativo,0.05,82,0.9667,0.0333,1,5,"C,C,C,C,T,C,C,C,C,C,C,C,C,C,C,C,C,C,C,C,C,C,C,C,C,C,C,C,C,C","C,C,C,C,C,C,C,C,C,C,C,C,C,C,C,C,C,C,C,C,C,C,C,C,C,C,C,C,C,C",agent2,VLLMQwen32B,cooperativo,0.05,62,0.9,0.1,3,"20,22,24","C,C,C,C,C,C,C,C,C,C,C,C,C,C,C,C,C,C,C,T,C,T,C,T,C,C,C,C,C,C","C,C,C,C,C,C,C,C,C,C,C,C,C,C,C,C,C,C,C,C,C,C,C,C,C,C,C,C,C,C",1.0,1.0,0.1667,Qwen2.5-32B-Instruct,5,game_208
Qwen2.5-32B-Instruct__noise05__game_209,210,2026-02-12T08:25:50.883466,it,True,30,30,agent1,VLLMQwen32B,cooperativo,0.05,268,0.8667,0.1333,1,4,"C,C,C,T,C,C,C,C,C,C,C,C,C,C,C,C,C,C,C,C,C,C,C,C,C,C,C,T,T,T","C,C,C,C,C,C,C,C,C,C,C,C,C,C,C,C,C,C,C,C,C,C,C,C,C,C,C,T,T,T",agent2,VLLMQwen32B,egoista,0.05,38,0.1,0.9,3,"2,9,30","T,C,T,T,T,T,T,T,C,T,T,T,T,T,T,T,T,T,T,T,T,T,T,T,T,T,T,T,T,C","T,T,T,T,T,T,T,T,T,T,T,T,T,T,T,T,T,T,T,T,T,T,T,T,T,T,T,T,T,T",1.0,1.0,0.1111,Qwen2.5-32B-Instruct,5,game_209
Qwen2.5-32B-Instruct__noise05__game_210,211,2026-02-12T08:26:03.987907,it,True,30,30,agent1,VLLMQwen32B,egoista,0.05,20,0.0667,0.9333,2,"2,30","T,C,T,T,T,T,T,T,T,T,T,T,T,T,T,T,T,T,T,T,T,T,T,T,T,T,T,T,T,C","T,T,T,T,T,T,T,T,T,T,T,T,T,T,T,T,T,T,T,T,T,T,T,T,T,T,T,T,T,T",agent2,VLLMQwen32B,cooperativo,0.05,280,0.9333,0.0667,2,"9,24","C,C,C,C,C,C,C,C,T,C,C,C,C,C,C,C,C,C,C,C,C,C,C,T,C,C,C,C,C,C","C,C,C,C,C,C,C,C,C,C,C,C,C,C,C,C,C,C,C,C,C,C,C,C,C,C,C,C,C,C",1.0,0.9524,0.0,Qwen2.5-32B-Instruct,5,game_210
Qwen2.5-32B-Instruct__noise05__game_211,212,2026-02-12T08:28:19.579618,it,True,30,30,agent1,VLLMQwen32B,egoista,0.05,246,0.1,0.9,3,"2,13,25","T,C,T,T,T,T,T,T,T,T,T,T,C,T,T,T,T,T,T,T,T,T,T,T,C,T,T,T,T,T","T,T,T,T,T,T,T,T,T,T,T,T,T,T,T,T,T,T,T,T,T,T,T,T,T,T,T,T,T,T",agent2,VLLMQwen32B,egoista,0.05,216,0.0,1.0,0,,"T,T,T,T,T,T,T,T,T,T,T,T,T,T,T,T,T,T,T,T,T,T,T,T,T,T,T,T,T,T","T,T,T,T,T,T,T,T,T,T,T,T,T,T,T,T,T,T,T,T,T,T,T,T,T,T,T,T,T,T",1.0,1.0,0.1667,Qwen2.5-32B-Instruct,5,game_211
Qwen2.5-32B-Instruct__noise05__game_212,213,2026-02-12T08:28:41.517326,it,True,30,30,agent1,VLLMQwen32B,cooperativo,0.05,64,0.9333,0.0667,2,"16,27","C,C,C,C,C,C,C,C,C,C,C,C,C,C,C,T,C,C,C,C,C,C,C,C,C,C,T,C,C,C","C,C,C,C,C,C,C,C,C,C,C,C,C,C,C,C,C,C,C,C,C,C,C,C,C,C,C,C,C,C",agent2,VLLMQwen32B,cooperativo,0.05,74,0.9667,0.0333,1,14,"C,C,C,C,C,C,C,C,C,C,C,C,C,T,C,C,C,C,C,C,C,C,C,C,C,C,C,C,C,C","C,C,C,C,C,C,C,C,C,C,C,C,C,C,C,C,C,C,C,C,C,C,C,C,C,C,C,C,C,C",1.0,1.0,0.3333,Qwen2.5-32B-Instruct,5,game_212
Qwen2.5-32B-Instruct__noise05__game_213,214,2026-02-12T08:30:59.721290,it,True,30,30,agent1,VLLMQwen32B,cooperativo,0.05,280,0.9333,0.0667,2,"14,17","C,C,C,C,C,C,C,C,C,C,C,C,C,T,C,C,T,C,C,C,C,C,C,C,C,C,C,C,C,C","C,C,C,C,C,C,C,C,C,C,C,C,C,C,C,C,C,C,C,C,C,C,C,C,C,C,C,C,C,C",agent2,VLLMQwen32B,egoista,0.05,20,0.0667,0.9333,2,"2,13","T,C,T,T,T,T,T,T,T,T,T,T,C,T,T,T,T,T,T,T,T,T,T,T,T,T,T,T,T,T","T,T,T,T,T,T,T,T,T,T,T,T,T,T,T,T,T,T,T,T,T,T,T,T,T,T,T,T,T,T",1.0,1.0,0.1111,Qwen2.5-32B-Instruct,5,game_213
Qwen2.5-32B-Instruct__noise05__game_214,215,2026-02-12T08:31:11.943908,it,True,30,30,agent1,VLLMQwen32B,egoista,0.05,12,0.0667,0.9333,2,"6,7","T,T,T,T,T,C,C,T,T,T,T,T,T,T,T,T,T,T,T,T,T,T,T,T,T,T,T,T,T,T","T,T,T,T,T,T,T,T,T,T,T,T,T,T,T,T,T,T,T,T,T,T,T,T,T,T,T,T,T,T",agent2,VLLMQwen32B,cooperativo,0.05,282,0.9667,0.0333,1,27,"C,C,C,C,C,C,C,C,C,C,C,C,C,C,C,C,C,C,C,C,C,C,C,C,C,C,T,C,C,C","C,C,C,C,C,C,C,C,C,C,C,C,C,C,C,C,C,C,C,C,C,C,C,C,C,C,C,C,C,C",1.0,1.0,0.1111,Qwen2.5-32B-Instruct,5,game_214
Qwen2.5-32B-Instruct__noise05__game_215,216,2026-02-12T08:33:01.217121,it,True,30,30,agent1,VLLMQwen32B,egoista,0.05,242,0.0333,0.9667,1,10,"T,T,T,T,T,T,T,T,T,C,T,T,T,T,T,T,T,T,T,T,T,T,T,T,T,T,T,T,T,T","T,T,T,T,T,T,T,T,T,T,T,T,T,T,T,T,T,T,T,T,T,T,T,T,T,T,T,T,T,T",agent2,VLLMQwen32B,egoista,0.05,232,0.0,1.0,0,,"T,T,T,T,T,T,T,T,T,T,T,T,T,T,T,T,T,T,T,T,T,T,T,T,T,T,T,T,T,T","T,T,T,T,T,T,T,T,T,T,T,T,T,T,T,T,T,T,T,T,T,T,T,T,T,T,T,T,T,T",1.0,1.0,0.1944,Qwen2.5-32B-Instruct,5,game_215
Qwen2.5-32B-Instruct__noise05__game_216,217,2026-02-12T08:33:36.019862,it,True,30,30,agent1,VLLMQwen32B,cooperativo,0.05,78,0.9,0.1,3,"4,21,23","C,C,C,T,C,C,C,C,C,C,C,C,C,C,C,C,C,C,C,C,T,C,T,C,C,C,C,C,C,C","C,C,C,C,C,C,C,C,C,C,C,C,C,C,C,C,C,C,C,C,C,C,C,C,C,C,C,C,C,C",agent2,VLLMQwen32B,cooperativo,0.05,78,0.9,0.1,3,"9,16,18","C,C,C,C,C,C,C,C,T,C,C,C,C,C,C,T,C,T,C,C,C,C,C,C,C,C,C,C,C,C","C,C,C,C,C,C,C,C,C,C,C,C,C,C,C,C,C,C,C,C,C,C,C,C,C,C,C,C,C,C",1.0,1.0,0.0833,Qwen2.5-32B-Instruct,5,game_216
Qwen2.5-32B-Instruct__noise05__game_217,218,2026-02-12T08:35:37.593545,it,True,30,30,agent1,VLLMQwen32B,cooperativo,0.05,288,0.8,0.2,1,18,"C,C,C,C,C,C,C,C,C,C,C,C,C,C,C,C,C,T,C,C,C,C,C,C,C,T,T,T,T,T","C,C,C,C,C,C,C,C,C,C,C,C,C,C,C,C,C,C,C,C,C,C,C,C,C,T,T,T,T,T",agent2,VLLMQwen32B,egoista,0.05,48,0.0,1.0,0,,"T,T,T,T,T,T,T,T,T,T,T,T,T,T,T,T,T,T,T,T,T,T,T,T,T,T,T,T,T,T","T,T,T,T,T,T,T,T,T,T,T,T,T,T,T,T,T,T,T,T,T,T,T,T,T,T,T,T,T,T",1.0,1.0,0.2778,Qwen2.5-32B-Instruct,5,game_217
Qwen2.5-32B-Instruct__noise05__game_218,219,2026-02-12T08:36:14.287519,it,True,30,30,agent1,VLLMQwen32B,egoista,0.05,4,0.0667,0.9333,2,"3,20","T,T,C,T,T,T,T,T,T,T,T,T,T,T,T,T,T,T,T,C,T,T,T,T,T,T,T,T,T,T","T,T,T,T,T,T,T,T,T,T,T,T,T,T,T,T,T,T,T,T,T,T,T,T,T,T,T,T,T,T",agent2,VLLMQwen32B,cooperativo,0.05,284,1.0,0.0,0,,"C,C,C,C,C,C,C,C,C,C,C,C,C,C,C,C,C,C,C,C,C,C,C,C,C,C,C,C,C,C","C,C,C,C,C,C,C,C,C,C,C,C,C,C,C,C,C,C,C,C,C,C,C,C,C,C,C,C,C,C",1.0,1.0,0.1667,Qwen2.5-32B-Instruct,5,game_218
Qwen2.5-32B-Instruct__noise05__game_219,220,2026-02-12T08:37:36.733706,it,True,30,30,agent1,VLLMQwen32B,egoista,0.05,242,0.0333,0.9667,1,22,"T,T,T,T,T,T,T,T,T,T,T,T,T,T,T,T,T,T,T,T,T,C,T,T,T,T,T,T,T,T","T,T,T,T,T,T,T,T,T,T,T,T,T,T,T,T,T,T,T,T,T,T,T,T,T,T,T,T,T,T",agent2,VLLMQwen32B,egoista,0.05,232,0.0,1.0,0,,"T,T,T,T,T,T,T,T,T,T,T,T,T,T,T,T,T,T,T,T,T,T,T,T,T,T,T,T,T,T","T,T,T,T,T,T,T,T,T,T,T,T,T,T,T,T,T,T,T,T,T,T,T,T,T,T,T,T,T,T",1.0,1.0,0.2778,Qwen2.5-32B-Instruct,5,game_219
Qwen2.5-32B-Instruct__noise05__game_220,221,2026-02-12T08:38:37.807562,it,True,30,30,agent1,VLLMQwen32B,cooperativo,0.05,76,1.0,0.0,0,,"C,C,C,C,C,C,C,C,C,C,C,C,C,C,C,C,C,C,C,C,C,C,C,C,C,C,C,C,C,C","C,C,C,C,C,C,C,C,C,C,C,C,C,C,C,C,C,C,C,C,C,C,C,C,C,C,C,C,C,C",agent2,VLLMQwen32B,cooperativo,0.05,56,0.9333,0.0667,2,"7,8","C,C,C,C,C,C,T,T,C,C,C,C,C,C,C,C,C,C,C,C,C,C,C,C,C,C,C,C,C,C","C,C,C,C,C,C,C,C,C,C,C,C,C,C,C,C,C,C,C,C,C,C,C,C,C,C,C,C,C,C",1.0,1.0,0.2222,Qwen2.5-32B-Instruct,5,game_220
Qwen2.5-32B-Instruct__noise05__game_221,222,2026-02-12T08:40:48.182344,it,True,30,30,agent1,VLLMQwen32B,cooperativo,0.05,266,0.9667,0.0333,1,3,"C,C,T,C,C,C,C,C,C,C,C,C,C,C,C,C,C,C,C,C,C,C,C,C,C,C,C,C,C,C","C,C,C,C,C,C,C,C,C,C,C,C,C,C,C,C,C,C,C,C,C,C,C,C,C,C,C,C,C,C",agent2,VLLMQwen32B,egoista,0.05,16,0.1333,0.8667,4,"1,2,9,11","C,C,T,T,T,T,T,T,C,T,C,T,T,T,T,T,T,T,T,T,T,T,T,T,T,T,T,T,T,T","T,T,T,T,T,T,T,T,T,T,T,T,T,T,T,T,T,T,T,T,T,T,T,T,T,T,T,T,T,T",1.0,1.0,0.0,Qwen2.5-32B-Instruct,5,game_221
Qwen2.5-32B-Instruct__noise05__game_222,223,2026-02-12T08:41:14.408075,it,True,30,30,agent1,VLLMQwen32B,egoista,0.05,2,0.0333,0.9667,1,7,"T,T,T,T,T,T,C,T,T,T,T,T,T,T,T,T,T,T,T,T,T,T,T,T,T,T,T,T,T,T","T,T,T,T,T,T,T,T,T,T,T,T,T,T,T,T,T,T,T,T,T,T,T,T,T,T,T,T,T,T",agent2,VLLMQwen32B,cooperativo,0.05,292,1.0,0.0,0,,"C,C,C,C,C,C,C,C,C,C,C,C,C,C,C,C,C,C,C,C,C,C,C,C,C,C,C,C,C,C","C,C,C,C,C,C,C,C,C,C,C,C,C,C,C,C,C,C,C,C,C,C,C,C,C,C,C,C,C,C",1.0,1.0,0.1667,Qwen2.5-32B-Instruct,5,game_222
Qwen2.5-32B-Instruct__noise05__game_223,224,2026-02-12T08:42:39.878857,it,True,30,30,agent1,VLLMQwen32B,egoista,0.05,220,0.0667,0.9333,2,"3,21","T,T,C,T,T,T,T,T,T,T,T,T,T,T,T,T,T,T,T,T,C,T,T,T,T,T,T,T,T,T","T,T,T,T,T,T,T,T,T,T,T,T,T,T,T,T,T,T,T,T,T,T,T,T,T,T,T,T,T,T",agent2,VLLMQwen32B,egoista,0.05,230,0.1,0.9,3,"9,16,18","T,T,T,T,T,T,T,T,C,T,T,T,T,T,T,C,T,C,T,T,T,T,T,T,T,T,T,T,T,T","T,T,T,T,T,T,T,T,T,T,T,T,T,T,T,T,T,T,T,T,T,T,T,T,T,T,T,T,T,T",1.0,1.0,0.0278,Qwen2.5-32B-Instruct,5,game_223
Qwen2.5-32B-Instruct__noise05__game_224,225,2026-02-12T08:43:35.833405,it,True,30,30,agent1,VLLMQwen32B,cooperativo,0.05,66,0.9667,0.0333,1,25,"C,C,C,C,C,C,C,C,C,C,C,C,C,C,C,C,C,C,C,C,C,C,C,C,T,C,C,C,C,C","C,C,C,C,C,C,C,C,C,C,C,C,C,C,C,C,C,C,C,C,C,C,C,C,C,C,C,C,C,C",agent2,VLLMQwen32B,cooperativo,0.05,66,0.9667,0.0333,1,18,"C,C,C,C,C,C,C,C,C,C,C,C,C,C,C,C,C,T,C,C,C,C,C,C,C,C,C,C,C,C","C,C,C,C,C,C,C,C,C,C,C,C,C,C,C,C,C,C,C,C,C,C,C,C,C,C,C,C,C,C",1.0,1.0,0.2778,Qwen2.5-32B-Instruct,5,game_224
Qwen2.5-32B-Instruct__noise05__game_225,226,2026-02-12T08:45:33.533464,it,True,30,30,agent1,VLLMQwen32B,cooperativo,0.05,268,1.0,0.0,0,,"C,C,C,C,C,C,C,C,C,C,C,C,C,C,C,C,C,C,C,C,C,C,C,C,C,C,C,C,C,C","C,C,C,C,C,C,C,C,C,C,C,C,C,C,C,C,C,C,C,C,C,C,C,C,C,C,C,C,C,C",agent2,VLLMQwen32B,egoista,0.05,8,0.1333,0.8667,4,"3,8,21,29","T,T,C,T,T,T,T,C,T,T,T,T,T,T,T,T,T,T,T,T,C,T,T,T,T,T,T,T,C,T","T,T,T,T,T,T,T,T,T,T,T,T,T,T,T,T,T,T,T,T,T,T,T,T,T,T,T,T,T,T",1.0,1.0,0.2222,Qwen2.5-32B-Instruct,5,game_225
Qwen2.5-32B-Instruct__noise05__game_226,227,2026-02-12T08:46:13.745322,it,True,30,30,agent1,VLLMQwen32B,egoista,0.05,12,0.0667,0.9333,2,"27,29","T,T,T,T,T,T,T,T,T,T,T,T,T,T,T,T,T,T,T,T,T,T,T,T,T,T,C,T,C,T","T,T,T,T,T,T,T,T,T,T,T,T,T,T,T,T,T,T,T,T,T,T,T,T,T,T,T,T,T,T",agent2,VLLMQwen32B,cooperativo,0.05,282,0.9667,0.0333,0,,"C,T,C,C,C,C,C,C,C,C,C,C,C,C,C,C,C,C,C,C,C,C,C,C,C,C,C,C,C,C","C,T,C,C,C,C,C,C,C,C,C,C,C,C,C,C,C,C,C,C,C,C,C,C,C,C,C,C,C,C",1.0,1.0,0.1667,Qwen2.5-32B-Instruct,5,game_226
Qwen2.5-32B-Instruct__noise05__game_227,228,2026-02-12T08:47:12.979707,it,True,30,30,agent1,VLLMQwen32B,egoista,0.05,224,0.0,1.0,0,,"T,T,T,T,T,T,T,T,T,T,T,T,T,T,T,T,T,T,T,T,T,T,T,T,T,T,T,T,T,T","T,T,T,T,T,T,T,T,T,T,T,T,T,T,T,T,T,T,T,T,T,T,T,T,T,T,T,T,T,T",agent2,VLLMQwen32B,egoista,0.05,244,0.0667,0.9333,2,"12,30","T,T,T,T,T,T,T,T,T,T,T,C,T,T,T,T,T,T,T,T,T,T,T,T,T,T,T,T,T,C","T,T,T,T,T,T,T,T,T,T,T,T,T,T,T,T,T,T,T,T,T,T,T,T,T,T,T,T,T,T",1.0,1.0,0.2222,Qwen2.5-32B-Instruct,5,game_227
Qwen2.5-32B-Instruct__noise05__game_228,229,2026-02-12T08:48:25.510614,it,True,30,30,agent1,VLLMQwen32B,cooperativo,0.05,78,0.9,0.1,3,"5,14,29","C,C,C,C,T,C,C,C,C,C,C,C,C,T,C,C,C,C,C,C,C,C,C,C,C,C,C,C,T,C","C,C,C,C,C,C,C,C,C,C,C,C,C,C,C,C,C,C,C,C,C,C,C,C,C,C,C,C,C,C",agent2,VLLMQwen32B,cooperativo,0.05,78,0.9,0.1,3,"7,21,25","C,C,C,C,C,C,T,C,C,C,C,C,C,C,C,C,C,C,C,C,T,C,C,C,T,C,C,C,C,C","C,C,C,C,C,C,C,C,C,C,C,C,C,C,C,C,C,C,C,C,C,C,C,C,C,C,C,C,C,C",1.0,1.0,0.0,Qwen2.5-32B-Instruct,5,game_228
Qwen2.5-32B-Instruct__noise05__game_229,230,2026-02-12T08:50:23.202212,it,True,30,30,agent1,VLLMQwen32B,cooperativo,0.05,288,0.9333,0.0667,2,"24,25","C,C,C,C,C,C,C,C,C,C,C,C,C,C,C,C,C,C,C,C,C,C,C,T,T,C,C,C,C,C","C,C,C,C,C,C,C,C,C,C,C,C,C,C,C,C,C,C,C,C,C,C,C,C,C,C,C,C,C,C",agent2,VLLMQwen32B,egoista,0.05,18,0.0333,0.9667,1,7,"T,T,T,T,T,T,C,T,T,T,T,T,T,T,T,T,T,T,T,T,T,T,T,T,T,T,T,T,T,T","T,T,T,T,T,T,T,T,T,T,T,T,T,T,T,T,T,T,T,T,T,T,T,T,T,T,T,T,T,T",1.0,1.0,0.1667,Qwen2.5-32B-Instruct,5,game_229
Qwen2.5-32B-Instruct__noise05__game_230,231,2026-02-12T08:51:13.757025,it,True,30,30,agent1,VLLMQwen32B,egoista,0.05,10,0.0333,0.9667,1,24,"T,T,T,T,T,T,T,T,T,T,T,T,T,T,T,T,T,T,T,T,T,T,T,C,T,T,T,T,T,T","T,T,T,T,T,T,T,T,T,T,T,T,T,T,T,T,T,T,T,T,T,T,T,T,T,T,T,T,T,T",agent2,VLLMQwen32B,cooperativo,0.05,290,0.9667,0.0333,1,16,"C,C,C,C,C,C,C,C,C,C,C,C,C,C,C,T,C,C,C,C,C,C,C,C,C,C,C,C,C,C","C,C,C,C,C,C,C,C,C,C,C,C,C,C,C,C,C,C,C,C,C,C,C,C,C,C,C,C,C,C",1.0,1.0,0.2778,Qwen2.5-32B-Instruct,5,game_230
Qwen2.5-32B-Instruct__noise05__game_231,232,2026-02-12T08:52:01.020593,it,True,30,30,agent1,VLLMQwen32B,egoista,0.05,234,0.0333,0.9667,1,25,"T,T,T,T,T,T,T,T,T,T,T,T,T,T,T,T,T,T,T,T,T,T,T,T,C,T,T,T,T,T","T,T,T,T,T,T,T,T,T,T,T,T,T,T,T,T,T,T,T,T,T,T,T,T,T,T,T,T,T,T",agent2,VLLMQwen32B,egoista,0.05,234,0.0333,0.9667,1,5,"T,T,T,T,C,T,T,T,T,T,T,T,T,T,T,T,T,T,T,T,T,T,T,T,T,T,T,T,T,T","T,T,T,T,T,T,T,T,T,T,T,T,T,T,T,T,T,T,T,T,T,T,T,T,T,T,T,T,T,T",1.0,1.0,0.1111,Qwen2.5-32B-Instruct,5,game_231
Qwen2.5-32B-Instruct__noise05__game_232,233,2026-02-12T08:53:22.833465,it,True,30,30,agent1,VLLMQwen32B,cooperativo,0.05,62,0.9,0.1,3,"12,13,17","C,C,C,C,C,C,C,C,C,C,C,T,T,C,C,C,T,C,C,C,C,C,C,C,C,C,C,C,C,C","C,C,C,C,C,C,C,C,C,C,C,C,C,C,C,C,C,C,C,C,C,C,C,C,C,C,C,C,C,C",agent2,VLLMQwen32B,cooperativo,0.05,82,0.9667,0.0333,1,6,"C,C,C,C,C,T,C,C,C,C,C,C,C,C,C,C,C,C,C,C,C,C,C,C,C,C,C,C,C,C","C,C,C,C,C,C,C,C,C,C,C,C,C,C,C,C,C,C,C,C,C,C,C,C,C,C,C,C,C,C",1.0,1.0,0.2222,Qwen2.5-32B-Instruct,5,game_232
Qwen2.5-32B-Instruct__noise05__game_233,234,2026-02-12T08:55:25.645721,it,True,30,30,agent1,VLLMQwen32B,cooperativo,0.05,268,1.0,0.0,0,,"C,C,C,C,C,C,C,C,C,C,C,C,C,C,C,C,C,C,C,C,C,C,C,C,C,C,C,C,C,C","C,C,C,C,C,C,C,C,C,C,C,C,C,C,C,C,C,C,C,C,C,C,C,C,C,C,C,C,C,C",agent2,VLLMQwen32B,egoista,0.05,8,0.1333,0.8667,4,"6,11,14,21","T,T,T,T,T,C,T,T,T,T,C,T,T,C,T,T,T,T,T,T,C,T,T,T,T,T,T,T,T,T","T,T,T,T,T,T,T,T,T,T,T,T,T,T,T,T,T,T,T,T,T,T,T,T,T,T,T,T,T,T",1.0,1.0,0.25,Qwen2.5-32B-Instruct,5,game_233
Qwen2.5-32B-Instruct__noise05__game_234,235,2026-02-12T08:55:54.856810,it,True,30,30,agent1,VLLMQwen32B,egoista,0.05,26,0.0333,0.9667,1,28,"T,T,T,T,T,T,T,T,T,T,T,T,T,T,T,T,T,T,T,T,T,T,T,T,T,T,T,C,T,T","T,T,T,T,T,T,T,T,T,T,T,T,T,T,T,T,T,T,T,T,T,T,T,T,T,T,T,T,T,T",agent2,VLLMQwen32B,cooperativo,0.05,286,0.9,0.1,3,"13,20,24","C,C,C,C,C,C,C,C,C,C,C,C,T,C,C,C,C,C,C,T,C,C,C,T,C,C,C,C,C,C","C,C,C,C,C,C,C,C,C,C,C,C,C,C,C,C,C,C,C,C,C,C,C,C,C,C,C,C,C,C",1.0,1.0,0.2222,Qwen2.5-32B-Instruct,5,game_234
Qwen2.5-32B-Instruct__noise05__game_235,236,2026-02-12T08:56:46.434141,it,True,30,30,agent1,VLLMQwen32B,egoista,0.05,224,0.0,1.0,0,,"T,T,T,T,T,T,T,T,T,T,T,T,T,T,T,T,T,T,T,T,T,T,T,T,T,T,T,T,T,T","T,T,T,T,T,T,T,T,T,T,T,T,T,T,T,T,T,T,T,T,T,T,T,T,T,T,T,T,T,T",agent2,VLLMQwen32B,egoista,0.05,244,0.0667,0.9333,2,"10,17","T,T,T,T,T,T,T,T,T,C,T,T,T,T,T,T,C,T,T,T,T,T,T,T,T,T,T,T,T,T","T,T,T,T,T,T,T,T,T,T,T,T,T,T,T,T,T,T,T,T,T,T,T,T,T,T,T,T,T,T",1.0,1.0,0.2778,Qwen2.5-32B-Instruct,5,game_235
Qwen2.5-32B-Instruct__noise05__game_236,237,2026-02-12T08:58:21.268258,it,True,30,30,agent1,VLLMQwen32B,cooperativo,0.05,72,0.9333,0.0667,2,"3,20","C,C,T,C,C,C,C,C,C,C,C,C,C,C,C,C,C,C,C,T,C,C,C,C,C,C,C,C,C,C","C,C,C,C,C,C,C,C,C,C,C,C,C,C,C,C,C,C,C,C,C,C,C,C,C,C,C,C,C,C",agent2,VLLMQwen32B,cooperativo,0.05,72,0.9333,0.0667,2,"19,25","C,C,C,C,C,C,C,C,C,C,C,C,C,C,C,C,C,C,T,C,C,C,C,C,T,C,C,C,C,C","C,C,C,C,C,C,C,C,C,C,C,C,C,C,C,C,C,C,C,C,C,C,C,C,C,C,C,C,C,C",1.0,1.0,0.1111,Qwen2.5-32B-Instruct,5,game_236
Qwen2.5-32B-Instruct__noise05__game_237,238,2026-02-12T08:59:45.507552,it,True,30,30,agent1,VLLMQwen32B,cooperativo,0.05,242,0.1667,0.8333,2,"4,21","C,C,C,T,C,T,T,T,T,T,T,T,T,T,T,T,T,T,T,T,C,T,T,T,T,T,T,T,T,T","C,C,C,C,C,T,T,T,T,T,T,T,T,T,T,T,T,T,T,T,T,T,T,T,T,T,T,T,T,T",agent2,VLLMQwen32B,egoista,0.05,202,0.0333,0.9667,1,27,"T,T,T,T,T,T,T,T,T,T,T,T,T,T,T,T,T,T,T,T,T,T,T,T,T,T,C,T,T,T","T,T,T,T,T,T,T,T,T,T,T,T,T,T,T,T,T,T,T,T,T,T,T,T,T,T,T,T,T,T",1.0,1.0,0.1944,Qwen2.5-32B-Instruct,5,game_237
Qwen2.5-32B-Instruct__noise05__game_238,239,2026-02-12T09:00:32.062017,it,True,30,30,agent1,VLLMQwen32B,egoista,0.05,12,0.0667,0.9333,2,"9,10","T,T,T,T,T,T,T,T,C,C,T,T,T,T,T,T,T,T,T,T,T,T,T,T,T,T,T,T,T,T","T,T,T,T,T,T,T,T,T,T,T,T,T,T,T,T,T,T,T,T,T,T,T,T,T,T,T,T,T,T",agent2,VLLMQwen32B,cooperativo,0.05,282,0.9667,0.0333,1,10,"C,C,C,C,C,C,C,C,C,T,C,C,C,C,C,C,C,C,C,C,C,C,C,C,C,C,C,C,C,C","C,C,C,C,C,C,C,C,C,C,C,C,C,C,C,C,C,C,C,C,C,C,C,C,C,C,C,C,C,C",1.0,1.0,0.1111,Qwen2.5-32B-Instruct,5,game_238
Qwen2.5-32B-Instruct__noise05__game_239,240,2026-02-12T09:01:06.713089,it,True,30,30,agent1,VLLMQwen32B,egoista,0.05,234,0.0333,0.9667,1,21,"T,T,T,T,T,T,T,T,T,T,T,T,T,T,T,T,T,T,T,T,C,T,T,T,T,T,T,T,T,T","T,T,T,T,T,T,T,T,T,T,T,T,T,T,T,T,T,T,T,T,T,T,T,T,T,T,T,T,T,T",agent2,VLLMQwen32B,egoista,0.05,234,0.0333,0.9667,1,20,"T,T,T,T,T,T,T,T,T,T,T,T,T,T,T,T,T,T,T,C,T,T,T,T,T,T,T,T,T,T","T,T,T,T,T,T,T,T,T,T,T,T,T,T,T,T,T,T,T,T,T,T,T,T,T,T,T,T,T,T",1.0,1.0,0.2222,Qwen2.5-32B-Instruct,5,game_239
Qwen2.5-32B-Instruct__noise20__game_0,1,2026-02-12T04:55:49.656403,en,True,30,30,agent1,VLLMQwen32B,cooperative,0.2,72,0.8,0.2,6,"4,7,9,19,26,28","C,C,C,D,C,C,D,C,D,C,C,C,C,C,C,C,C,C,D,C,C,C,C,C,C,D,C,D,C,C","C,C,C,C,C,C,C,C,C,C,C,C,C,C,C,C,C,C,C,C,C,C,C,C,C,C,C,C,C,C",agent2,VLLMQwen32B,cooperative,0.2,102,0.9,0.1,3,"5,9,26","C,C,C,C,D,C,C,C,D,C,C,C,C,C,C,C,C,C,C,C,C,C,C,C,C,D,C,C,C,C","C,C,C,C,C,C,C,C,C,C,C,C,C,C,C,C,C,C,C,C,C,C,C,C,C,C,C,C,C,C",1.0,1.0,0.1667,Qwen2.5-32B-Instruct,20,game_0
Qwen2.5-32B-Instruct__noise20__game_2,3,2026-02-12T04:55:55.226940,en,True,30,30,agent1,VLLMQwen32B,selfish,0.2,72,0.2667,0.7333,6,"1,2,6,16,22,25","C,C,C,C,C,D,D,D,D,D,D,D,D,D,D,C,D,D,D,D,D,C,D,D,C,D,D,D,D,D","D,D,C,C,C,C,D,D,D,D,D,D,D,D,D,D,D,D,D,D,D,D,D,D,D,D,D,D,D,D",agent2,VLLMQwen32B,cooperative,0.2,222,0.7667,0.2333,7,"10,21,22,24,25,26,28","C,C,C,C,C,C,C,C,C,D,C,C,C,C,C,C,C,C,C,C,D,D,C,D,D,D,C,D,C,C","C,C,C,C,C,C,C,C,C,C,C,C,C,C,C,C,C,C,C,C,C,C,C,C,C,C,C,C,C,C",1.0,1.0,0.1389,Qwen2.5-32B-Instruct,20,game_2
Qwen2.5-32B-Instruct__noise20__game_1,2,2026-02-12T04:56:00.425606,en,True,30,30,agent1,VLLMQwen32B,cooperative,0.2,242,0.8333,0.1667,5,"4,8,13,17,28","C,C,C,D,C,C,C,D,C,C,C,C,D,C,C,C,D,C,C,C,C,C,C,C,C,C,C,D,C,C","C,C,C,C,C,C,C,C,C,C,C,C,C,C,C,C,C,C,C,C,C,C,C,C,C,C,C,C,C,C",agent2,VLLMQwen32B,selfish,0.2,52,0.2,0.8,6,"4,5,13,15,17,24","D,D,D,C,C,D,D,D,D,D,D,D,C,D,C,D,C,D,D,D,D,D,D,C,D,D,D,D,D,D","D,D,D,D,D,D,D,D,D,D,D,D,D,D,D,D,D,D,D,D,D,D,D,D,D,D,D,D,D,D",1.0,1.0,0.0556,Qwen2.5-32B-Instruct,20,game_1
Qwen2.5-32B-Instruct__noise20__game_3,4,2026-02-12T04:56:24.390817,en,True,30,30,agent1,VLLMQwen32B,selfish,0.2,190,0.2333,0.7667,7,"2,5,8,18,23,29,30","D,C,D,D,C,D,D,C,D,D,D,D,D,D,D,D,D,C,D,D,D,D,C,D,D,D,D,D,C,C","D,D,D,D,D,D,D,D,D,D,D,D,D,D,D,D,D,D,D,D,D,D,D,D,D,D,D,D,D,D",agent2,VLLMQwen32B,selfish,0.2,200,0.2667,0.7333,8,"2,6,7,10,16,23,25,30","D,C,D,D,D,C,C,D,D,C,D,D,D,D,D,C,D,D,D,D,D,D,C,D,C,D,D,D,D,C","D,D,D,D,D,D,D,D,D,D,D,D,D,D,D,D,D,D,D,D,D,D,D,D,D,D,D,D,D,D",1.0,1.0,0.0,Qwen2.5-32B-Instruct,20,game_3
Qwen2.5-32B-Instruct__noise20__game_4,5,2026-02-12T05:00:24.115130,en,True,30,30,agent1,VLLMQwen32B,cooperative,0.2,66,0.7,0.3,9,"13,17,19,20,21,23,24,25,26","C,C,C,C,C,C,C,C,C,C,C,C,D,C,C,C,D,C,D,D,D,C,D,D,D,D,C,C,C,C","C,C,C,C,C,C,C,C,C,C,C,C,C,C,C,C,C,C,C,C,C,C,C,C,C,C,C,C,C,C",agent2,VLLMQwen32B,cooperative,0.2,126,0.9,0.1,3,"4,12,22","C,C,C,D,C,C,C,C,C,C,C,D,C,C,C,C,C,C,C,C,C,D,C,C,C,C,C,C,C,C","C,C,C,C,C,C,C,C,C,C,C,C,C,C,C,C,C,C,C,C,C,C,C,C,C,C,C,C,C,C",1.0,1.0,0.0556,Qwen2.5-32B-Instruct,20,game_4
Qwen2.5-32B-Instruct__noise20__game_5,6,2026-02-12T05:00:25.353878,en,True,30,30,agent1,VLLMQwen32B,cooperative,0.2,218,0.8333,0.1667,5,"6,11,14,20,29","C,C,C,C,C,D,C,C,C,C,D,C,C,D,C,C,C,C,C,D,C,C,C,C,C,C,C,C,D,C","C,C,C,C,C,C,C,C,C,C,C,C,C,C,C,C,C,C,C,C,C,C,C,C,C,C,C,C,C,C",agent2,VLLMQwen32B,selfish,0.2,58,0.3,0.7,9,"4,7,8,10,14,25,26,29,30","D,D,D,C,D,D,C,C,D,C,D,D,D,C,D,D,D,D,D,D,D,D,D,D,C,C,D,D,C,C","D,D,D,D,D,D,D,D,D,D,D,D,D,D,D,D,D,D,D,D,D,D,D,D,D,D,D,D,D,D",1.0,1.0,0.0556,Qwen2.5-32B-Instruct,20,game_5
Qwen2.5-32B-Instruct__noise20__game_6,7,2026-02-12T05:00:31.960619,en,True,30,30,agent1,VLLMQwen32B,selfish,0.2,48,0.1333,0.8667,4,"3,19,29,30","D,D,C,D,D,D,D,D,D,D,D,D,D,D,D,D,D,D,C,D,D,D,D,D,D,D,D,D,C,C","D,D,D,D,D,D,D,D,D,D,D,D,D,D,D,D,D,D,D,D,D,D,D,D,D,D,D,D,D,D",agent2,VLLMQwen32B,cooperative,0.2,258,0.8333,0.1667,3,"10,22,30","C,D,D,C,C,C,C,C,C,D,C,C,C,C,C,C,C,C,C,C,C,D,C,C,C,C,C,C,C,D","C,D,D,C,C,C,C,C,C,C,C,C,C,C,C,C,C,C,C,C,C,C,C,C,C,C,C,C,C,C",1.0,1.0,0.0,Qwen2.5-32B-Instruct,20,game_6
Qwen2.5-32B-Instruct__noise20__game_7,8,2026-02-12T05:00:37.683958,en,True,30,30,agent1,VLLMQwen32B,selfish,0.2,216,0.2667,0.7333,8,"2,3,5,9,10,15,19,21","D,C,C,D,C,D,D,D,C,C,D,D,D,D,C,D,D,D,C,D,C,D,D,D,D,D,D,D,D,D","D,D,D,D,D,D,D,D,D,D,D,D,D,D,D,D,D,D,D,D,D,D,D,D,D,D,D,D,D,D",agent2,VLLMQwen32B,selfish,0.2,186,0.1667,0.8333,5,"2,9,17,26,29","D,C,D,D,D,D,D,D,C,D,D,D,D,D,D,D,C,D,D,D,D,D,D,D,D,C,D,D,C,D","D,D,D,D,D,D,D,D,D,D,D,D,D,D,D,D,D,D,D,D,D,D,D,D,D,D,D,D,D,D",1.0,1.0,0.0556,Qwen2.5-32B-Instruct,20,game_7
Qwen2.5-32B-Instruct__noise20__game_8,9,2026-02-12T05:04:52.837882,en,True,30,30,agent1,VLLMQwen32B,cooperative,0.2,102,0.7667,0.2333,7,"3,6,12,14,19,25,28","C,C,D,C,C,D,C,C,C,C,C,D,C,D,C,C,C,C,D,C,C,C,C,C,D,C,C,D,C,C","C,C,C,C,C,C,C,C,C,C,C,C,C,C,C,C,C,C,C,C,C,C,C,C,C,C,C,C,C,C",agent2,VLLMQwen32B,cooperative,0.2,102,0.7667,0.2333,7,"8,9,10,11,26,29,30","C,C,C,C,C,C,C,D,D,D,D,C,C,C,C,C,C,C,C,C,C,C,C,C,C,D,C,C,D,D","C,C,C,C,C,C,C,C,C,C,C,C,C,C,C,C,C,C,C,C,C,C,C,C,C,C,C,C,C,C",1.0,1.0,0.0556,Qwen2.5-32B-Instruct,20,game_8
Qwen2.5-32B-Instruct__noise20__game_10,11,2026-02-12T05:04:55.508356,en,True,30,30,agent1,VLLMQwen32B,selfish,0.2,54,0.2333,0.7667,7,"4,16,23,25,26,27,29","D,D,D,C,D,D,D,D,D,D,D,D,D,D,D,C,D,D,D,D,D,D,C,D,C,C,C,D,C,D","D,D,D,D,D,D,D,D,D,D,D,D,D,D,D,D,D,D,D,D,D,D,D,D,D,D,D,D,D,D",agent2,VLLMQwen32B,cooperative,0.2,234,0.8333,0.1667,6,"2,7,15,25,26,28","C,C,C,C,C,C,D,C,C,C,C,C,C,C,D,C,C,C,C,C,C,C,C,C,D,D,C,D,C,C","C,D,C,C,C,C,C,C,C,C,C,C,C,C,C,C,C,C,C,C,C,C,C,C,C,C,C,C,C,C",1.0,1.0,0.0,Qwen2.5-32B-Instruct,20,game_10
Qwen2.5-32B-Instruct__noise20__game_9,10,2026-02-12T05:04:56.194850,en,True,30,30,agent1,VLLMQwen32B,cooperative,0.2,260,0.8667,0.1333,4,"2,6,9,27","C,D,C,C,C,D,C,C,D,C,C,C,C,C,C,C,C,C,C,C,C,C,C,C,C,C,D,C,C,C","C,C,C,C,C,C,C,C,C,C,C,C,C,C,C,C,C,C,C,C,C,C,C,C,C,C,C,C,C,C",agent2,VLLMQwen32B,selfish,0.2,40,0.1333,0.8667,4,"1,5,16,20","C,D,D,D,C,D,D,D,D,D,D,D,D,D,D,C,D,D,D,C,D,D,D,D,D,D,D,D,D,D","D,D,D,D,D,D,D,D,D,D,D,D,D,D,D,D,D,D,D,D,D,D,D,D,D,D,D,D,D,D",1.0,1.0,0.1111,Qwen2.5-32B-Instruct,20,game_9
Qwen2.5-32B-Instruct__noise20__game_11,12,2026-02-12T05:04:56.559187,en,True,30,30,agent1,VLLMQwen32B,selfish,0.2,216,0.1333,0.8667,4,"5,8,18,25","D,D,D,D,C,D,D,C,D,D,D,D,D,D,D,D,D,C,D,D,D,D,D,D,C,D,D,D,D,D","D,D,D,D,D,D,D,D,D,D,D,D,D,D,D,D,D,D,D,D,D,D,D,D,D,D,D,D,D,D",agent2,VLLMQwen32B,selfish,0.2,216,0.1333,0.8667,4,"9,18,24,28","D,D,D,D,D,D,D,D,C,D,D,D,D,D,D,D,D,C,D,D,D,D,D,C,D,D,D,C,D,D","D,D,D,D,D,D,D,D,D,D,D,D,D,D,D,D,D,D,D,D,D,D,D,D,D,D,D,D,D,D",1.0,1.0,0.0833,Qwen2.5-32B-Instruct,20,game_11
Qwen2.5-32B-Instruct__noise20__game_14,15,2026-02-12T05:09:22.520210,en,True,30,30,agent1,VLLMQwen32B,selfish,0.2,30,0.1,0.9,3,"3,6,25","D,D,C,D,D,C,D,D,D,D,D,D,D,D,D,D,D,D,D,D,D,D,D,D,C,D,D,D,D,D","D,D,D,D,D,D,D,D,D,D,D,D,D,D,D,D,D,D,D,D,D,D,D,D,D,D,D,D,D,D",agent2,VLLMQwen32B,cooperative,0.2,270,0.9,0.1,4,"2,4,17,30","C,C,C,D,C,C,C,C,C,C,C,C,C,C,C,C,D,C,C,C,C,C,C,C,C,C,C,C,C,D","C,D,C,C,C,C,C,C,C,C,C,C,C,C,C,C,C,C,C,C,C,C,C,C,C,C,C,C,C,C",1.0,1.0,0.1667,Qwen2.5-32B-Instruct,20,game_14
Qwen2.5-32B-Instruct__noise20__game_13,14,2026-02-12T05:09:22.772496,en,True,30,30,agent1,VLLMQwen32B,cooperative,0.2,206,0.7667,0.2333,7,"5,6,7,18,19,22,29","C,C,C,C,D,D,D,C,C,C,C,C,C,C,C,C,C,D,D,C,C,D,C,C,C,C,C,C,D,C","C,C,C,C,C,C,C,C,C,C,C,C,C,C,C,C,C,C,C,C,C,C,C,C,C,C,C,C,C,C",agent2,VLLMQwen32B,selfish,0.2,76,0.3333,0.6667,10,"4,7,8,9,10,15,17,21,28,30","D,D,D,C,D,D,C,C,C,C,D,D,D,D,C,D,C,D,D,D,C,D,D,D,D,D,D,C,D,C","D,D,D,D,D,D,D,D,D,D,D,D,D,D,D,D,D,D,D,D,D,D,D,D,D,D,D,D,D,D",1.0,1.0,0.0556,Qwen2.5-32B-Instruct,20,game_13
Qwen2.5-32B-Instruct__noise20__game_12,13,2026-02-12T05:09:23.461200,en,True,30,30,agent1,VLLMQwen32B,cooperative,0.2,86,0.7667,0.2333,7,"6,9,13,14,15,22,27","C,C,C,C,C,D,C,C,D,C,C,C,D,D,D,C,C,C,C,C,C,D,C,C,C,C,D,C,C,C","C,C,C,C,C,C,C,C,C,C,C,C,C,C,C,C,C,C,C,C,C,C,C,C,C,C,C,C,C,C",agent2,VLLMQwen32B,cooperative,0.2,106,0.8333,0.1667,5,"15,20,22,26,30","C,C,C,C,C,C,C,C,C,C,C,C,C,C,D,C,C,C,C,D,C,D,C,C,C,D,C,C,C,D","C,C,C,C,C,C,C,C,C,C,C,C,C,C,C,C,C,C,C,C,C,C,C,C,C,C,C,C,C,C",1.0,1.0,0.0556,Qwen2.5-32B-Instruct,20,game_12
Qwen2.5-32B-Instruct__noise20__game_15,16,2026-02-12T05:09:24.882975,en,True,30,30,agent1,VLLMQwen32B,selfish,0.2,194,0.1667,0.8333,5,"4,10,15,20,28","D,D,D,C,D,D,D,D,D,C,D,D,D,D,C,D,D,D,D,C,D,D,D,D,D,D,D,C,D,D","D,D,D,D,D,D,D,D,D,D,D,D,D,D,D,D,D,D,D,D,D,D,D,D,D,D,D,D,D,D",agent2,VLLMQwen32B,selfish,0.2,214,0.2333,0.7667,7,"1,14,15,20,23,24,30","C,D,D,D,D,D,D,D,D,D,D,D,D,C,C,D,D,D,D,C,D,D,C,C,D,D,D,D,D,C","D,D,D,D,D,D,D,D,D,D,D,D,D,D,D,D,D,D,D,D,D,D,D,D,D,D,D,D,D,D",1.0,1.0,0.0,Qwen2.5-32B-Instruct,20,game_15
Qwen2.5-32B-Instruct__noise20__game_17,18,2026-02-12T05:13:44.791496,en,True,30,30,agent1,VLLMQwen32B,cooperative,0.2,196,0.6,0.4,10,"1,3,7,10,12,17,18,21,25,27","D,C,D,C,C,C,D,C,C,D,C,D,C,C,C,C,D,D,C,C,D,C,C,C,D,C,D,C,D,D","C,C,C,C,C,C,C,C,C,C,C,C,C,C,C,C,C,C,C,C,C,C,C,C,C,C,C,C,D,D",agent2,VLLMQwen32B,selfish,0.2,116,0.3333,0.6667,10,"4,7,9,12,16,20,21,24,26,29","D,D,D,C,D,D,C,D,C,D,D,C,D,D,D,C,D,D,D,C,C,D,D,C,D,C,D,D,C,D","D,D,D,D,D,D,D,D,D,D,D,D,D,D,D,D,D,D,D,D,D,D,D,D,D,D,D,D,D,D",1.0,1.0,0.0,Qwen2.5-32B-Instruct,20,game_17
Qwen2.5-32B-Instruct__noise20__game_19,20,2026-02-12T05:13:46.779249,en,True,30,30,agent1,VLLMQwen32B,selfish,0.2,204,0.2,0.8,6,"9,11,18,19,21,22","D,D,D,D,D,D,D,D,C,D,C,D,D,D,D,D,D,C,C,D,C,C,D,D,D,D,D,D,D,D","D,D,D,D,D,D,D,D,D,D,D,D,D,D,D,D,D,D,D,D,D,D,D,D,D,D,D,D,D,D",agent2,VLLMQwen32B,selfish,0.2,204,0.2,0.8,6,"6,7,11,25,26,29","D,D,D,D,D,C,C,D,D,D,C,D,D,D,D,D,D,D,D,D,D,D,D,D,C,C,D,D,C,D","D,D,D,D,D,D,D,D,D,D,D,D,D,D,D,D,D,D,D,D,D,D,D,D,D,D,D,D,D,D",1.0,1.0,0.0556,Qwen2.5-32B-Instruct,20,game_19
Qwen2.5-32B-Instruct__noise20__game_16,17,2026-02-12T05:13:47.604434,en,True,30,30,agent1,VLLMQwen32B,cooperative,0.2,84,0.8667,0.1333,4,"17,20,24,25","C,C,C,C,C,C,C,C,C,C,C,C,C,C,C,C,D,C,C,D,C,C,C,D,D,C,C,C,C,C","C,C,C,C,C,C,C,C,C,C,C,C,C,C,C,C,C,C,C,C,C,C,C,C,C,C,C,C,C,C",agent2,VLLMQwen32B,cooperative,0.2,84,0.8667,0.1333,4,"5,17,22,23","C,C,C,C,D,C,C,C,C,C,C,C,C,C,C,C,D,C,C,C,C,D,D,C,C,C,C,C,C,C","C,C,C,C,C,C,C,C,C,C,C,C,C,C,C,C,C,C,C,C,C,C,C,C,C,C,C,C,C,C",1.0,1.0,0.1111,Qwen2.5-32B-Instruct,20,game_16
Qwen2.5-32B-Instruct__noise20__game_18,19,2026-02-12T05:13:49.384363,en,True,30,30,agent1,VLLMQwen32B,selfish,0.2,84,0.2,0.8,6,"2,6,12,13,15,20","D,C,D,D,D,C,D,D,D,D,D,C,C,D,C,D,D,D,D,C,D,D,D,D,D,D,D,D,D,D","D,D,D,D,D,D,D,D,D,D,D,D,D,D,D,D,D,D,D,D,D,D,D,D,D,D,D,D,D,D",agent2,VLLMQwen32B,cooperative,0.2,234,0.7,0.3,10,"2,5,10,14,19,20,23,26,27,30","C,C,C,C,D,C,C,C,C,D,C,C,C,D,C,C,C,C,D,D,C,C,D,C,C,D,D,C,C,D","C,D,C,C,C,C,C,C,C,C,C,C,C,C,C,C,C,C,C,C,C,C,C,C,C,C,C,C,C,C",1.0,1.0,0.1111,Qwen2.5-32B-Instruct,20,game_18
Qwen2.5-32B-Instruct__noise20__game_23,24,2026-02-12T05:18:11.595942,en,True,30,30,agent1,VLLMQwen32B,selfish,0.2,222,0.2333,0.7667,7,"3,5,6,16,19,21,24","D,D,C,D,C,C,D,D,D,D,D,D,D,D,D,C,D,D,C,D,C,D,D,C,D,D,D,D,D,D","D,D,D,D,D,D,D,D,D,D,D,D,D,D,D,D,D,D,D,D,D,D,D,D,D,D,D,D,D,D",agent2,VLLMQwen32B,selfish,0.2,192,0.1333,0.8667,4,"12,16,20,25","D,D,D,D,D,D,D,D,D,D,D,C,D,D,D,C,D,D,D,C,D,D,D,D,C,D,D,D,D,D","D,D,D,D,D,D,D,D,D,D,D,D,D,D,D,D,D,D,D,D,D,D,D,D,D,D,D,D,D,D",1.0,1.0,0.0,Qwen2.5-32B-Instruct,20,game_23
Qwen2.5-32B-Instruct__noise20__game_20,21,2026-02-12T05:18:12.254858,en,True,30,30,agent1,VLLMQwen32B,cooperative,0.2,108,0.8667,0.1333,4,"3,18,22,28","C,C,D,C,C,C,C,C,C,C,C,C,C,C,C,C,C,D,C,C,C,D,C,C,C,C,C,D,C,C","C,C,C,C,C,C,C,C,C,C,C,C,C,C,C,C,C,C,C,C,C,C,C,C,C,C,C,C,C,C",agent2,VLLMQwen32B,cooperative,0.2,78,0.7667,0.2333,7,"14,18,20,21,22,28,30","C,C,C,C,C,C,C,C,C,C,C,C,C,D,C,C,C,D,C,D,D,D,C,C,C,C,C,D,C,D","C,C,C,C,C,C,C,C,C,C,C,C,C,C,C,C,C,C,C,C,C,C,C,C,C,C,C,C,C,C",1.0,1.0,0.1667,Qwen2.5-32B-Instruct,20,game_20
Qwen2.5-32B-Instruct__noise20__game_21,22,2026-02-12T05:18:13.021321,en,True,30,30,agent1,VLLMQwen32B,cooperative,0.2,232,0.8,0.2,6,"3,17,20,22,24,26","C,C,D,C,C,C,C,C,C,C,C,C,C,C,C,C,D,C,C,D,C,D,C,D,C,D,C,C,C,C","C,C,C,C,C,C,C,C,C,C,C,C,C,C,C,C,C,C,C,C,C,C,C,C,C,C,C,C,C,C",agent2,VLLMQwen32B,selfish,0.2,62,0.2333,0.7667,7,"6,8,19,20,22,23,28","D,D,D,D,D,C,D,C,D,D,D,D,D,D,D,D,D,D,C,C,D,C,C,D,D,D,D,C,D,D","D,D,D,D,D,D,D,D,D,D,D,D,D,D,D,D,D,D,D,D,D,D,D,D,D,D,D,D,D,D",1.0,1.0,0.0833,Qwen2.5-32B-Instruct,20,game_21
Qwen2.5-32B-Instruct__noise20__game_22,23,2026-02-12T05:18:18.102792,en,True,30,30,agent1,VLLMQwen32B,selfish,0.2,50,0.3,0.7,9,"2,7,11,12,16,17,19,25,27","D,C,D,D,D,D,C,D,D,D,C,C,D,D,D,C,C,D,C,D,D,D,D,D,C,D,C,D,D,D","D,D,D,D,D,D,D,D,D,D,D,D,D,D,D,D,D,D,D,D,D,D,D,D,D,D,D,D,D,D",agent2,VLLMQwen32B,cooperative,0.2,220,0.8667,0.1333,3,"4,8,11","C,D,C,D,C,C,C,D,C,C,D,C,C,C,C,C,C,C,C,C,C,C,C,C,C,C,C,C,C,C","C,D,C,C,C,C,C,C,C,C,C,C,C,C,C,C,C,C,C,C,C,C,C,C,C,C,C,C,C,C",1.0,1.0,0.0556,Qwen2.5-32B-Instruct,20,game_22
Qwen2.5-32B-Instruct__noise20__game_25,26,2026-02-12T05:22:28.831801,en,True,30,30,agent1,VLLMQwen32B,cooperative,0.2,216,0.6667,0.3333,10,"1,6,7,10,12,17,19,21,22,29","D,C,C,C,C,D,D,C,C,D,C,D,C,C,C,C,D,C,D,C,D,D,C,C,C,C,C,C,D,C","C,C,C,C,C,C,C,C,C,C,C,C,C,C,C,C,C,C,C,C,C,C,C,C,C,C,C,C,C,C",agent2,VLLMQwen32B,selfish,0.2,96,0.2667,0.7333,8,"2,5,10,13,16,25,26,28","D,C,D,D,C,D,D,D,D,C,D,D,C,D,D,C,D,D,D,D,D,D,D,D,C,C,D,C,D,D","D,D,D,D,D,D,D,D,D,D,D,D,D,D,D,D,D,D,D,D,D,D,D,D,D,D,D,D,D,D",1.0,1.0,0.0833,Qwen2.5-32B-Instruct,20,game_25
Qwen2.5-32B-Instruct__noise20__game_24,25,2026-02-12T05:22:41.875531,en,True,30,30,agent1,VLLMQwen32B,cooperative,0.2,76,0.7333,0.2667,8,"2,7,8,11,12,18,22,29","C,D,C,C,C,C,D,D,C,C,D,D,C,C,C,C,C,D,C,C,C,D,C,C,C,C,C,C,D,C","C,C,C,C,C,C,C,C,C,C,C,C,C,C,C,C,C,C,C,C,C,C,C,C,C,C,C,C,C,C",agent2,VLLMQwen32B,cooperative,0.2,116,0.8667,0.1333,4,"7,10,18,26","C,C,C,C,C,C,D,C,C,D,C,C,C,C,C,C,C,D,C,C,C,C,C,C,C,D,C,C,C,C","C,C,C,C,C,C,C,C,C,C,C,C,C,C,C,C,C,C,C,C,C,C,C,C,C,C,C,C,C,C",1.0,1.0,0.0556,Qwen2.5-32B-Instruct,20,game_24
Qwen2.5-32B-Instruct__noise20__game_26,27,2026-02-12T05:22:48.496377,en,True,30,30,agent1,VLLMQwen32B,selfish,0.2,72,0.1333,0.8667,4,"6,9,13,16","D,D,D,D,D,C,D,D,C,D,D,D,C,D,D,C,D,D,D,D,D,D,D,D,D,D,D,D,D,D","D,D,D,D,D,D,D,D,D,D,D,D,D,D,D,D,D,D,D,D,D,D,D,D,D,D,D,D,D,D",agent2,VLLMQwen32B,cooperative,0.2,252,0.7333,0.2667,9,"2,4,6,8,10,12,23,26,27","C,C,C,D,C,D,C,D,C,D,C,D,C,C,C,C,C,C,C,C,C,C,D,C,C,D,D,C,C,C","C,D,C,C,C,C,C,C,C,C,C,C,C,C,C,C,C,C,C,C,C,C,C,C,C,C,C,C,C,C",1.0,1.0,0.0556,Qwen2.5-32B-Instruct,20,game_26
Qwen2.5-32B-Instruct__noise20__game_27,28,2026-02-12T05:22:56.936794,en,True,30,30,agent1,VLLMQwen32B,selfish,0.2,224,0.1333,0.8667,4,"6,9,20,27","D,D,D,D,D,C,D,D,C,D,D,D,D,D,D,D,D,D,D,C,D,D,D,D,D,D,C,D,D,D","D,D,D,D,D,D,D,D,D,D,D,D,D,D,D,D,D,D,D,D,D,D,D,D,D,D,D,D,D,D",agent2,VLLMQwen32B,selfish,0.2,214,0.1,0.9,3,"6,18,21","D,D,D,D,D,C,D,D,D,D,D,D,D,D,D,D,D,C,D,D,C,D,D,D,D,D,D,D,D,D","D,D,D,D,D,D,D,D,D,D,D,D,D,D,D,D,D,D,D,D,D,D,D,D,D,D,D,D,D,D",1.0,1.0,0.0556,Qwen2.5-32B-Instruct,20,game_27
Qwen2.5-32B-Instruct__noise20__game_28,29,2026-02-12T05:26:46.344337,en,True,30,30,agent1,VLLMQwen32B,cooperative,0.2,108,0.8667,0.1333,4,"2,4,8,16","C,D,C,D,C,C,C,D,C,C,C,C,C,C,C,D,C,C,C,C,C,C,C,C,C,C,C,C,C,C","C,C,C,C,C,C,C,C,C,C,C,C,C,C,C,C,C,C,C,C,C,C,C,C,C,C,C,C,C,C",agent2,VLLMQwen32B,cooperative,0.2,78,0.7667,0.2333,7,"8,10,15,19,23,25,30","C,C,C,C,C,C,C,D,C,D,C,C,C,C,D,C,C,C,D,C,C,C,D,C,D,C,C,C,C,D","C,C,C,C,C,C,C,C,C,C,C,C,C,C,C,C,C,C,C,C,C,C,C,C,C,C,C,C,C,C",1.0,1.0,0.0,Qwen2.5-32B-Instruct,20,game_28
Qwen2.5-32B-Instruct__noise20__game_29,30,2026-02-12T05:27:10.419063,en,True,30,30,agent1,VLLMQwen32B,cooperative,0.2,212,0.7333,0.2667,8,"1,2,13,14,15,24,29,30","D,D,C,C,C,C,C,C,C,C,C,C,D,D,D,C,C,C,C,C,C,C,C,D,C,C,C,C,D,D","C,C,C,C,C,C,C,C,C,C,C,C,C,C,C,C,C,C,C,C,C,C,C,C,C,C,C,C,C,C",agent2,VLLMQwen32B,selfish,0.2,82,0.3,0.7,9,"3,6,7,13,15,16,23,27,28","D,D,C,D,D,C,C,D,D,D,D,D,C,D,C,C,D,D,D,D,D,D,C,D,D,D,C,C,D,D","D,D,D,D,D,D,D,D,D,D,D,D,D,D,D,D,D,D,D,D,D,D,D,D,D,D,D,D,D,D",1.0,1.0,0.0,Qwen2.5-32B-Instruct,20,game_29
Qwen2.5-32B-Instruct__noise20__game_30,31,2026-02-12T05:27:17.123127,en,True,30,30,agent1,VLLMQwen32B,selfish,0.2,42,0.1667,0.8333,5,"14,15,20,23,28","D,D,D,D,D,D,D,D,D,D,D,D,D,C,C,D,D,D,D,C,D,D,C,D,D,D,D,C,D,D","D,D,D,D,D,D,D,D,D,D,D,D,D,D,D,D,D,D,D,D,D,D,D,D,D,D,D,D,D,D",agent2,VLLMQwen32B,cooperative,0.2,252,0.8667,0.1333,4,"1,3,9,17","D,C,D,C,C,C,C,C,D,C,C,C,C,C,C,C,D,C,C,C,C,C,C,C,C,C,C,C,C,C","C,C,C,C,C,C,C,C,C,C,C,C,C,C,C,C,C,C,C,C,C,C,C,C,C,C,C,C,C,C",1.0,1.0,0.1111,Qwen2.5-32B-Instruct,20,game_30
Qwen2.5-32B-Instruct__noise20__game_31,32,2026-02-12T05:27:18.564760,en,True,30,30,agent1,VLLMQwen32B,selfish,0.2,222,0.2333,0.7667,7,"6,16,19,20,25,27,29","D,D,D,D,D,C,D,D,D,D,D,D,D,D,D,C,D,D,C,C,D,D,D,D,C,D,C,D,C,D","D,D,D,D,D,D,D,D,D,D,D,D,D,D,D,D,D,D,D,D,D,D,D,D,D,D,D,D,D,D",agent2,VLLMQwen32B,selfish,0.2,192,0.1333,0.8667,4,"10,19,23,30","D,D,D,D,D,D,D,D,D,C,D,D,D,D,D,D,D,D,C,D,D,D,C,D,D,D,D,D,D,C","D,D,D,D,D,D,D,D,D,D,D,D,D,D,D,D,D,D,D,D,D,D,D,D,D,D,D,D,D,D",1.0,1.0,0.0556,Qwen2.5-32B-Instruct,20,game_31
Qwen2.5-32B-Instruct__noise20__game_32,33,2026-02-12T05:31:18.057865,en,True,30,30,agent1,VLLMQwen32B,cooperative,0.2,68,0.6,0.4,12,"1,2,4,10,13,15,16,17,19,23,24,30","D,D,C,D,C,C,C,C,C,D,C,C,D,C,D,D,D,C,D,C,C,C,D,D,C,C,C,C,C,D","C,C,C,C,C,C,C,C,C,C,C,C,C,C,C,C,C,C,C,C,C,C,C,C,C,C,C,C,C,C",agent2,VLLMQwen32B,cooperative,0.2,148,0.8667,0.1333,4,"1,2,20,23","D,D,C,C,C,C,C,C,C,C,C,C,C,C,C,C,C,C,C,D,C,C,D,C,C,C,C,C,C,C","C,C,C,C,C,C,C,C,C,C,C,C,C,C,C,C,C,C,C,C,C,C,C,C,C,C,C,C,C,C",1.0,1.0,0.0,Qwen2.5-32B-Instruct,20,game_32
Qwen2.5-32B-Instruct__noise20__game_35,36,2026-02-12T05:31:37.240197,en,True,30,30,agent1,VLLMQwen32B,selfish,0.2,216,0.1333,0.8667,4,"2,8,12,25","D,C,D,D,D,D,D,C,D,D,D,C,D,D,D,D,D,D,D,D,D,D,D,D,C,D,D,D,D,D","D,D,D,D,D,D,D,D,D,D,D,D,D,D,D,D,D,D,D,D,D,D,D,D,D,D,D,D,D,D",agent2,VLLMQwen32B,selfish,0.2,216,0.1333,0.8667,4,"9,12,14,15","D,D,D,D,D,D,D,D,C,D,D,C,D,C,C,D,D,D,D,D,D,D,D,D,D,D,D,D,D,D","D,D,D,D,D,D,D,D,D,D,D,D,D,D,D,D,D,D,D,D,D,D,D,D,D,D,D,D,D,D",1.0,1.0,0.0556,Qwen2.5-32B-Instruct,20,game_35
Qwen2.5-32B-Instruct__noise20__game_34,35,2026-02-12T05:31:44.721520,en,True,30,30,agent1,VLLMQwen32B,selfish,0.2,60,0.0667,0.9333,2,"19,24","D,D,D,D,D,D,D,D,D,D,D,D,D,D,D,D,D,D,C,D,D,D,D,C,D,D,D,D,D,D","D,D,D,D,D,D,D,D,D,D,D,D,D,D,D,D,D,D,D,D,D,D,D,D,D,D,D,D,D,D",agent2,VLLMQwen32B,cooperative,0.2,270,0.7667,0.2333,7,"5,8,10,11,13,17,30","C,C,C,C,D,C,C,D,C,D,D,C,D,C,C,C,D,C,C,C,C,C,C,C,C,C,C,C,C,D","C,C,C,C,C,C,C,C,C,C,C,C,C,C,C,C,C,C,C,C,C,C,C,C,C,C,C,C,C,C",1.0,1.0,0.1111,Qwen2.5-32B-Instruct,20,game_34
Qwen2.5-32B-Instruct__noise20__game_33,34,2026-02-12T05:31:45.220845,en,True,30,30,agent1,VLLMQwen32B,cooperative,0.2,242,0.7,0.3,8,"1,7,10,11,24,25,28,29","D,C,C,C,C,C,D,C,C,D,D,C,C,C,C,C,C,C,C,C,C,C,C,D,D,C,C,D,D,D","C,C,C,C,C,C,C,C,C,C,C,C,C,C,C,C,C,C,C,C,C,C,C,C,C,C,C,C,C,D",agent2,VLLMQwen32B,selfish,0.2,82,0.1667,0.8333,5,"2,4,16,19,27","D,C,D,C,D,D,D,D,D,D,D,D,D,D,D,C,D,D,C,D,D,D,D,D,D,D,C,D,D,D","D,D,D,D,D,D,D,D,D,D,D,D,D,D,D,D,D,D,D,D,D,D,D,D,D,D,D,D,D,D",1.0,1.0,0.0278,Qwen2.5-32B-Instruct,20,game_33
Qwen2.5-32B-Instruct__noise20__game_36,37,2026-02-12T05:35:39.744351,en,True,30,30,agent1,VLLMQwen32B,cooperative,0.2,134,0.7667,0.2333,7,"7,11,13,14,16,24,28","C,C,C,C,C,C,D,C,C,C,D,C,D,D,C,D,C,C,C,C,C,C,C,D,C,C,C,D,C,C","C,C,C,C,C,C,C,C,C,C,C,C,C,C,C,C,C,C,C,C,C,C,C,C,C,C,C,C,C,C",agent2,VLLMQwen32B,cooperative,0.2,94,0.6333,0.3667,11,"1,7,10,12,13,14,15,16,17,19,27","D,C,C,C,C,C,D,C,C,D,C,D,D,D,D,D,D,C,D,C,C,C,C,C,C,C,D,C,C,C","C,C,C,C,C,C,C,C,C,C,C,C,C,C,C,C,C,C,C,C,C,C,C,C,C,C,C,C,C,C",1.0,1.0,0.0278,Qwen2.5-32B-Instruct,20,game_36
Qwen2.5-32B-Instruct__noise20__game_39,40,2026-02-12T05:36:04.933950,en,True,30,30,agent1,VLLMQwen32B,selfish,0.2,198,0.2333,0.7667,7,"6,7,10,11,12,26,28","D,D,D,D,D,C,C,D,D,C,C,C,D,D,D,D,D,D,D,D,D,D,D,D,D,C,D,C,D,D","D,D,D,D,D,D,D,D,D,D,D,D,D,D,D,D,D,D,D,D,D,D,D,D,D,D,D,D,D,D",agent2,VLLMQwen32B,selfish,0.2,198,0.2333,0.7667,7,"5,13,16,18,22,28,30","D,D,D,D,C,D,D,D,D,D,D,D,C,D,D,C,D,C,D,D,D,C,D,D,D,D,D,C,D,C","D,D,D,D,D,D,D,D,D,D,D,D,D,D,D,D,D,D,D,D,D,D,D,D,D,D,D,D,D,D",1.0,1.0,0.0556,Qwen2.5-32B-Instruct,20,game_39
Qwen2.5-32B-Instruct__noise20__game_38,39,2026-02-12T05:36:06.752744,en,True,30,30,agent1,VLLMQwen32B,selfish,0.2,102,0.1,0.9,3,"7,10,16","D,D,D,D,D,D,C,D,D,C,D,D,D,D,D,C,D,D,D,D,D,D,D,D,D,D,D,D,D,D","D,D,D,D,D,D,D,D,D,D,D,D,D,D,D,D,D,D,D,D,D,D,D,D,D,D,D,D,D,D",agent2,VLLMQwen32B,cooperative,0.2,252,0.6,0.4,11,"5,7,12,13,16,17,20,23,24,25,26","C,D,C,C,D,C,D,C,C,C,C,D,D,C,C,D,D,C,C,D,C,C,D,D,D,D,C,C,C,C","C,D,C,C,C,C,C,C,C,C,C,C,C,C,C,C,C,C,C,C,C,C,C,C,C,C,C,C,C,C",1.0,1.0,0.0,Qwen2.5-32B-Instruct,20,game_38
Qwen2.5-32B-Instruct__noise20__game_37,38,2026-02-12T05:36:11.789397,en,True,30,30,agent1,VLLMQwen32B,cooperative,0.2,230,0.7667,0.2333,7,"2,3,5,11,16,18,22","C,D,D,C,D,C,C,C,C,C,D,C,C,C,C,D,C,D,C,C,C,D,C,C,C,C,C,C,C,C","C,C,C,C,C,C,C,C,C,C,C,C,C,C,C,C,C,C,C,C,C,C,C,C,C,C,C,C,C,C",agent2,VLLMQwen32B,selfish,0.2,70,0.2333,0.7667,7,"2,9,15,17,22,24,28","D,C,D,D,D,D,D,D,C,D,D,D,D,D,C,D,C,D,D,D,D,C,D,C,D,D,D,C,D,D","D,D,D,D,D,D,D,D,D,D,D,D,D,D,D,D,D,D,D,D,D,D,D,D,D,D,D,D,D,D",1.0,1.0,0.0556,Qwen2.5-32B-Instruct,20,game_37
Qwen2.5-32B-Instruct__noise20__game_40,41,2026-02-12T05:41:00.262537,fr,True,30,30,agent1,VLLMQwen32B,coopératif,0.2,68,0.8667,0.1333,4,"4,5,10,18","C,C,C,T,T,C,C,C,C,T,C,C,C,C,C,C,C,T,C,C,C,C,C,C,C,C,C,C,C,C","C,C,C,C,C,C,C,C,C,C,C,C,C,C,C,C,C,C,C,C,C,C,C,C,C,C,C,C,C,C",agent2,VLLMQwen32B,coopératif,0.2,88,0.9333,0.0667,2,"4,12","C,C,C,T,C,C,C,C,C,C,C,T,C,C,C,C,C,C,C,C,C,C,C,C,C,C,C,C,C,C","C,C,C,C,C,C,C,C,C,C,C,C,C,C,C,C,C,C,C,C,C,C,C,C,C,C,C,C,C,C",1.0,1.0,0.0556,Qwen2.5-32B-Instruct,20,game_40
Qwen2.5-32B-Instruct__noise20__game_41,42,2026-02-12T05:41:23.327361,fr,True,30,30,agent1,VLLMQwen32B,coopératif,0.2,178,0.3,0.7,7,"1,8,10,11,16,23,27","T,T,C,T,T,T,T,C,T,C,C,T,T,T,T,C,T,T,T,T,T,T,C,C,T,T,C,C,T,T","C,T,C,T,T,T,T,T,T,T,T,T,T,T,T,T,T,T,T,T,T,T,T,C,T,T,T,C,T,T",agent2,VLLMQwen32B,égoïste,0.2,188,0.3333,0.6667,10,"2,7,12,13,16,22,23,25,27,29","T,C,T,T,T,T,C,T,T,T,T,C,C,T,T,C,T,T,T,T,T,C,C,T,C,T,C,T,C,T","T,T,T,T,T,T,T,T,T,T,T,T,T,T,T,T,T,T,T,T,T,T,T,T,T,T,T,T,T,T",1.0,1.0,0.1111,Qwen2.5-32B-Instruct,20,game_41
Qwen2.5-32B-Instruct__noise20__game_43,44,2026-02-12T05:41:24.139843,fr,True,30,30,agent1,VLLMQwen32B,égoïste,0.2,212,0.2,0.8,6,"3,10,19,23,27,29","T,T,C,T,T,T,T,T,T,C,T,T,T,T,T,T,T,T,C,T,T,T,C,T,T,T,C,T,C,T","T,T,T,T,T,T,T,T,T,T,T,T,T,T,T,T,T,T,T,T,T,T,T,T,T,T,T,T,T,T",agent2,VLLMQwen32B,égoïste,0.2,202,0.1667,0.8333,5,"1,9,10,17,23","C,T,T,T,T,T,T,T,C,C,T,T,T,T,T,T,C,T,T,T,T,T,C,T,T,T,T,T,T,T","T,T,T,T,T,T,T,T,T,T,T,T,T,T,T,T,T,T,T,T,T,T,T,T,T,T,T,T,T,T",1.0,1.0,0.0556,Qwen2.5-32B-Instruct,20,game_43
Qwen2.5-32B-Instruct__noise20__game_42,43,2026-02-12T05:41:34.257033,fr,True,30,30,agent1,VLLMQwen32B,égoïste,0.2,74,0.1667,0.8333,5,"11,15,21,23,25","T,T,T,T,T,T,T,T,T,T,C,T,T,T,C,T,T,T,T,T,C,T,C,T,C,T,T,T,T,T","T,T,T,T,T,T,T,T,T,T,T,T,T,T,T,T,T,T,T,T,T,T,T,T,T,T,T,T,T,T",agent2,VLLMQwen32B,coopératif,0.2,244,0.7333,0.2667,8,"1,5,6,8,11,13,15,20","T,C,C,C,T,T,C,T,C,C,T,C,T,C,T,C,C,C,C,T,C,C,C,C,C,C,C,C,C,C","C,C,C,C,C,C,C,C,C,C,C,C,C,C,C,C,C,C,C,C,C,C,C,C,C,C,C,C,C,C",1.0,1.0,0.0556,Qwen2.5-32B-Instruct,20,game_42
Qwen2.5-32B-Instruct__noise20__game_44,45,2026-02-12T05:46:09.713711,fr,True,30,30,agent1,VLLMQwen32B,coopératif,0.2,120,0.8,0.2,6,"1,14,23,25,26,27","T,C,C,C,C,C,C,C,C,C,C,C,C,T,C,C,C,C,C,C,C,C,T,C,T,T,T,C,C,C","C,C,C,C,C,C,C,C,C,C,C,C,C,C,C,C,C,C,C,C,C,C,C,C,C,C,C,C,C,C",agent2,VLLMQwen32B,coopératif,0.2,90,0.7,0.3,8,"4,7,11,12,19,24,25,27","C,T,C,T,C,C,T,C,C,C,T,T,C,C,C,C,C,C,T,C,C,C,C,T,T,C,T,C,C,C","C,T,C,C,C,C,C,C,C,C,C,C,C,C,C,C,C,C,C,C,C,C,C,C,C,C,C,C,C,C",1.0,1.0,0.0,Qwen2.5-32B-Instruct,20,game_44
Qwen2.5-32B-Instruct__noise20__game_47,48,2026-02-12T05:46:34.266136,fr,True,30,30,agent1,VLLMQwen32B,égoïste,0.2,194,0.1667,0.8333,5,"4,10,12,17,27","T,T,T,C,T,T,T,T,T,C,T,C,T,T,T,T,C,T,T,T,T,T,T,T,T,T,C,T,T,T","T,T,T,T,T,T,T,T,T,T,T,T,T,T,T,T,T,T,T,T,T,T,T,T,T,T,T,T,T,T",agent2,VLLMQwen32B,égoïste,0.2,214,0.2333,0.7667,7,"1,10,12,13,20,21,30","C,T,T,T,T,T,T,T,T,C,T,C,C,T,T,T,T,T,T,C,C,T,T,T,T,T,T,T,T,C","T,T,T,T,T,T,T,T,T,T,T,T,T,T,T,T,T,T,T,T,T,T,T,T,T,T,T,T,T,T",1.0,1.0,0.0,Qwen2.5-32B-Instruct,20,game_47
Qwen2.5-32B-Instruct__noise20__game_45,46,2026-02-12T05:46:49.462922,fr,True,30,30,agent1,VLLMQwen32B,coopératif,0.2,240,0.8,0.2,6,"3,16,17,23,24,28","C,C,T,C,C,C,C,C,C,C,C,C,C,C,C,T,T,C,C,C,C,C,T,T,C,C,C,T,C,C","C,C,C,C,C,C,C,C,C,C,C,C,C,C,C,C,C,C,C,C,C,C,C,C,C,C,C,C,C,C",agent2,VLLMQwen32B,égoïste,0.2,60,0.2,0.8,6,"9,15,17,19,23,26","T,T,T,T,T,T,T,T,C,T,T,T,T,T,C,T,C,T,C,T,T,T,C,T,T,C,T,T,T,T","T,T,T,T,T,T,T,T,T,T,T,T,T,T,T,T,T,T,T,T,T,T,T,T,T,T,T,T,T,T",1.0,1.0,0.0,Qwen2.5-32B-Instruct,20,game_45
Qwen2.5-32B-Instruct__noise20__game_46,47,2026-02-12T05:46:51.667883,fr,True,30,30,agent1,VLLMQwen32B,égoïste,0.2,94,0.1,0.9,3,"4,8,13","T,T,T,C,T,T,T,C,T,T,T,T,C,T,T,T,T,T,T,T,T,T,T,T,T,T,T,T,T,T","T,T,T,T,T,T,T,T,T,T,T,T,T,T,T,T,T,T,T,T,T,T,T,T,T,T,T,T,T,T",agent2,VLLMQwen32B,coopératif,0.2,254,0.6333,0.3667,7,"1,5,13,15,16,21,25","T,C,T,T,C,T,T,T,C,C,C,C,T,C,T,T,C,C,C,C,T,C,C,C,T,C,C,C,C,C","C,C,T,T,T,T,T,T,C,C,C,C,C,C,C,C,C,C,C,C,C,C,C,C,C,C,C,C,C,C",1.0,1.0,0.0278,Qwen2.5-32B-Instruct,20,game_46
Qwen2.5-32B-Instruct__noise20__game_48,49,2026-02-12T05:51:02.603252,fr,True,30,30,agent1,VLLMQwen32B,coopératif,0.2,74,0.8333,0.1667,5,"1,4,8,13,25","T,C,C,T,C,C,C,T,C,C,C,C,T,C,C,C,C,C,C,C,C,C,C,C,T,C,C,C,C,C","C,C,C,C,C,C,C,C,C,C,C,C,C,C,C,C,C,C,C,C,C,C,C,C,C,C,C,C,C,C",agent2,VLLMQwen32B,coopératif,0.2,94,0.9,0.1,2,"25,26","C,T,C,C,C,C,C,C,C,C,C,C,C,C,C,C,C,C,C,C,C,C,C,C,T,T,C,C,C,C","C,T,C,C,C,C,C,C,C,C,C,C,C,C,C,C,C,C,C,C,C,C,C,C,C,C,C,C,C,C",1.0,1.0,0.0556,Qwen2.5-32B-Instruct,20,game_48
Qwen2.5-32B-Instruct__noise20__game_51,52,2026-02-12T05:52:01.188951,fr,True,30,30,agent1,VLLMQwen32B,égoïste,0.2,190,0.1,0.9,3,"5,22,26","T,T,T,T,C,T,T,T,T,T,T,T,T,T,T,T,T,T,T,T,T,C,T,T,T,C,T,T,T,T","T,T,T,T,T,T,T,T,T,T,T,T,T,T,T,T,T,T,T,T,T,T,T,T,T,T,T,T,T,T",agent2,VLLMQwen32B,égoïste,0.2,230,0.2333,0.7667,7,"4,8,13,15,17,20,28","T,T,T,C,T,T,T,C,T,T,T,T,C,T,C,T,C,T,T,C,T,T,T,T,T,T,T,C,T,T","T,T,T,T,T,T,T,T,T,T,T,T,T,T,T,T,T,T,T,T,T,T,T,T,T,T,T,T,T,T",1.0,1.0,0.0278,Qwen2.5-32B-Instruct,20,game_51
Qwen2.5-32B-Instruct__noise20__game_49,50,2026-02-12T05:52:02.653096,fr,True,30,30,agent1,VLLMQwen32B,coopératif,0.2,248,0.8,0.2,6,"4,9,13,21,24,30","C,C,C,T,C,C,C,C,T,C,C,C,T,C,C,C,C,C,C,C,T,C,C,T,C,C,C,C,C,T","C,C,C,C,C,C,C,C,C,C,C,C,C,C,C,C,C,C,C,C,C,C,C,C,C,C,C,C,C,C",agent2,VLLMQwen32B,égoïste,0.2,58,0.1667,0.8333,5,"3,10,13,15,23","T,T,C,T,T,T,T,T,T,C,T,T,C,T,C,T,T,T,T,T,T,T,C,T,T,T,T,T,T,T","T,T,T,T,T,T,T,T,T,T,T,T,T,T,T,T,T,T,T,T,T,T,T,T,T,T,T,T,T,T",1.0,1.0,0.1667,Qwen2.5-32B-Instruct,20,game_49
Qwen2.5-32B-Instruct__noise20__game_50,51,2026-02-12T05:52:03.475649,fr,True,30,30,agent1,VLLMQwen32B,égoïste,0.2,72,0.1333,0.8667,4,"4,8,26,29","T,T,T,C,T,T,T,C,T,T,T,T,T,T,T,T,T,T,T,T,T,T,T,T,T,C,T,T,C,T","T,T,T,T,T,T,T,T,T,T,T,T,T,T,T,T,T,T,T,T,T,T,T,T,T,T,T,T,T,T",agent2,VLLMQwen32B,coopératif,0.2,252,0.7333,0.2667,7,"3,5,9,11,22,24,28","C,T,C,T,C,C,T,C,T,C,T,C,C,C,C,C,C,C,C,C,C,T,C,T,C,C,C,T,C,C","C,T,T,T,T,C,T,C,C,C,C,C,C,C,C,C,C,C,C,C,C,C,C,C,C,C,C,C,C,C",1.0,0.9524,0.0556,Qwen2.5-32B-Instruct,20,game_50
Qwen2.5-32B-Instruct__noise20__game_52,53,2026-02-12T05:56:13.261807,fr,True,30,30,agent1,VLLMQwen32B,coopératif,0.2,112,0.8,0.2,5,"1,10,18,20,29","T,C,T,C,C,C,C,C,C,T,C,C,C,C,C,C,C,T,C,T,C,C,C,C,C,C,C,C,T,C","C,C,T,C,C,C,C,C,C,C,C,C,C,C,C,C,C,C,C,C,C,C,C,C,C,C,C,C,C,C",agent2,VLLMQwen32B,coopératif,0.2,92,0.7333,0.2667,7,"3,8,12,17,22,23,25","C,T,T,C,C,C,C,T,C,C,C,T,C,C,C,C,T,C,C,C,C,T,T,C,T,C,C,C,C,C","C,T,C,C,C,C,C,C,C,C,C,C,C,C,C,C,C,C,C,C,C,C,C,C,C,C,C,C,C,C",1.0,1.0,0.0278,Qwen2.5-32B-Instruct,20,game_52
Qwen2.5-32B-Instruct__noise20__game_55,56,2026-02-12T05:57:07.365057,fr,True,30,30,agent1,VLLMQwen32B,égoïste,0.2,204,0.2,0.8,6,"10,21,22,24,26,29","T,T,T,T,T,T,T,T,T,C,T,T,T,T,T,T,T,T,T,T,C,C,T,C,T,C,T,T,C,T","T,T,T,T,T,T,T,T,T,T,T,T,T,T,T,T,T,T,T,T,T,T,T,T,T,T,T,T,T,T",agent2,VLLMQwen32B,égoïste,0.2,204,0.2,0.8,6,"2,3,15,16,22,26","T,C,C,T,T,T,T,T,T,T,T,T,T,T,C,C,T,T,T,T,T,C,T,T,T,C,T,T,T,T","T,T,T,T,T,T,T,T,T,T,T,T,T,T,T,T,T,T,T,T,T,T,T,T,T,T,T,T,T,T",1.0,1.0,0.0556,Qwen2.5-32B-Instruct,20,game_55
Qwen2.5-32B-Instruct__noise20__game_53,54,2026-02-12T05:57:17.152216,fr,True,30,30,agent1,VLLMQwen32B,coopératif,0.2,206,0.7667,0.2333,7,"1,2,4,10,18,20,27","T,T,C,T,C,C,C,C,C,T,C,C,C,C,C,C,C,T,C,T,C,C,C,C,C,C,T,C,C,C","C,C,C,C,C,C,C,C,C,C,C,C,C,C,C,C,C,C,C,C,C,C,C,C,C,C,C,C,C,C",agent2,VLLMQwen32B,égoïste,0.2,76,0.3333,0.6667,10,"1,3,4,5,7,12,14,15,19,20","C,T,C,C,C,T,C,T,T,T,T,C,T,C,C,T,T,T,C,C,T,T,T,T,T,T,T,T,T,T","T,T,T,T,T,T,T,T,T,T,T,T,T,T,T,T,T,T,T,T,T,T,T,T,T,T,T,T,T,T",1.0,1.0,0.0,Qwen2.5-32B-Instruct,20,game_53
Qwen2.5-32B-Instruct__noise20__game_54,55,2026-02-12T05:57:23.486920,fr,True,30,30,agent1,VLLMQwen32B,égoïste,0.2,78,0.2333,0.7667,7,"4,12,16,17,25,27,29","T,T,T,C,T,T,T,T,T,T,T,C,T,T,T,C,C,T,T,T,T,T,T,T,C,T,C,T,C,T","T,T,T,T,T,T,T,T,T,T,T,T,T,T,T,T,T,T,T,T,T,T,T,T,T,T,T,T,T,T",agent2,VLLMQwen32B,coopératif,0.2,228,0.7333,0.2667,7,"4,5,11,15,16,18,30","C,T,C,T,T,C,C,C,C,C,T,C,C,C,T,T,C,T,C,C,C,C,C,C,C,C,C,C,C,T","C,T,C,C,C,C,C,C,C,C,C,C,C,C,C,C,C,C,C,C,C,C,C,C,C,C,C,C,C,C",1.0,0.9524,0.0,Qwen2.5-32B-Instruct,20,game_54
Qwen2.5-32B-Instruct__noise20__game_56,57,2026-02-12T06:01:28.685383,fr,True,30,30,agent1,VLLMQwen32B,coopératif,0.2,72,0.6667,0.3333,10,"2,5,6,10,11,14,17,19,23,28","C,T,C,C,T,T,C,C,C,T,T,C,C,T,C,C,T,C,T,C,C,C,T,C,C,C,C,T,C,C","C,C,C,C,C,C,C,C,C,C,C,C,C,C,C,C,C,C,C,C,C,C,C,C,C,C,C,C,C,C",agent2,VLLMQwen32B,coopératif,0.2,132,0.8667,0.1333,4,"3,4,15,28","C,C,T,T,C,C,C,C,C,C,C,C,C,C,T,C,C,C,C,C,C,C,C,C,C,C,C,T,C,C","C,C,C,C,C,C,C,C,C,C,C,C,C,C,C,C,C,C,C,C,C,C,C,C,C,C,C,C,C,C",1.0,1.0,0.0556,Qwen2.5-32B-Instruct,20,game_56
Qwen2.5-32B-Instruct__noise20__game_59,60,2026-02-12T06:02:32.864290,fr,True,30,30,agent1,VLLMQwen32B,égoïste,0.2,238,0.2333,0.7667,7,"5,9,13,17,22,26,30","T,T,T,T,C,T,T,T,C,T,T,T,C,T,T,T,C,T,T,T,T,C,T,T,T,C,T,T,T,C","T,T,T,T,T,T,T,T,T,T,T,T,T,T,T,T,T,T,T,T,T,T,T,T,T,T,T,T,T,T",agent2,VLLMQwen32B,égoïste,0.2,188,0.0667,0.9333,2,"6,24","T,T,T,T,T,C,T,T,T,T,T,T,T,T,T,T,T,T,T,T,T,T,T,C,T,T,T,T,T,T","T,T,T,T,T,T,T,T,T,T,T,T,T,T,T,T,T,T,T,T,T,T,T,T,T,T,T,T,T,T",1.0,1.0,0.0556,Qwen2.5-32B-Instruct,20,game_59
Qwen2.5-32B-Instruct__noise20__game_58,59,2026-02-12T06:02:34.742650,fr,True,30,30,agent1,VLLMQwen32B,égoïste,0.2,82,0.1667,0.8333,5,"7,14,16,28,29","T,T,T,T,T,T,C,T,T,T,T,T,T,C,T,C,T,T,T,T,T,T,T,T,T,T,T,C,C,T","T,T,T,T,T,T,T,T,T,T,T,T,T,T,T,T,T,T,T,T,T,T,T,T,T,T,T,T,T,T",agent2,VLLMQwen32B,coopératif,0.2,242,0.7,0.3,9,"3,4,6,13,21,22,23,25,27","C,T,C,T,C,T,C,C,C,C,C,C,T,C,C,C,C,C,C,C,T,T,T,C,T,C,T,C,C,C","C,T,T,C,C,C,C,C,C,C,C,C,C,C,C,C,C,C,C,C,C,C,C,C,C,C,C,C,C,C",1.0,0.9762,0.0,Qwen2.5-32B-Instruct,20,game_58
Qwen2.5-32B-Instruct__noise20__game_57,58,2026-02-12T06:02:37.282623,fr,True,30,30,agent1,VLLMQwen32B,coopératif,0.2,234,0.7,0.3,9,"1,4,7,8,13,23,24,25,29","T,C,C,T,C,C,T,T,C,C,C,C,T,C,C,C,C,C,C,C,C,C,T,T,T,C,C,C,T,C","C,C,C,C,C,C,C,C,C,C,C,C,C,C,C,C,C,C,C,C,C,C,C,C,C,C,C,C,C,C",agent2,VLLMQwen32B,égoïste,0.2,84,0.2,0.8,6,"5,6,8,10,23,26","T,T,T,T,C,C,T,C,T,C,T,T,T,T,T,T,T,T,T,T,T,T,C,T,T,C,T,T,T,T","T,T,T,T,T,T,T,T,T,T,T,T,T,T,T,T,T,T,T,T,T,T,T,T,T,T,T,T,T,T",1.0,1.0,0.0,Qwen2.5-32B-Instruct,20,game_57
Qwen2.5-32B-Instruct__noise20__game_60,61,2026-02-12T06:06:34.904823,fr,True,30,30,agent1,VLLMQwen32B,coopératif,0.2,68,0.8667,0.1333,4,"4,6,12,22","C,C,C,T,C,T,C,C,C,C,C,T,C,C,C,C,C,C,C,C,C,T,C,C,C,C,C,C,C,C","C,C,C,C,C,C,C,C,C,C,C,C,C,C,C,C,C,C,C,C,C,C,C,C,C,C,C,C,C,C",agent2,VLLMQwen32B,coopératif,0.2,88,0.9333,0.0667,2,"5,6","C,C,C,C,T,T,C,C,C,C,C,C,C,C,C,C,C,C,C,C,C,C,C,C,C,C,C,C,C,C","C,C,C,C,C,C,C,C,C,C,C,C,C,C,C,C,C,C,C,C,C,C,C,C,C,C,C,C,C,C",1.0,1.0,0.0556,Qwen2.5-32B-Instruct,20,game_60
Qwen2.5-32B-Instruct__noise20__game_63,64,2026-02-12T06:07:44.943094,fr,True,30,30,agent1,VLLMQwen32B,égoïste,0.2,186,0.1667,0.8333,5,"14,17,21,25,30","T,T,T,T,T,T,T,T,T,T,T,T,T,C,T,T,C,T,T,T,C,T,T,T,C,T,T,T,T,C","T,T,T,T,T,T,T,T,T,T,T,T,T,T,T,T,T,T,T,T,T,T,T,T,T,T,T,T,T,T",agent2,VLLMQwen32B,égoïste,0.2,216,0.2667,0.7333,8,"9,12,17,23,25,26,29,30","T,T,T,T,T,T,T,T,C,T,T,C,T,T,T,T,C,T,T,T,T,T,C,T,C,C,T,T,C,C","T,T,T,T,T,T,T,T,T,T,T,T,T,T,T,T,T,T,T,T,T,T,T,T,T,T,T,T,T,T",1.0,1.0,0.1111,Qwen2.5-32B-Instruct,20,game_63
Qwen2.5-32B-Instruct__noise20__game_61,62,2026-02-12T06:07:46.810292,fr,True,30,30,agent1,VLLMQwen32B,coopératif,0.2,204,0.2,0.8,7,"2,3,7,8,11,22,25","C,T,T,T,T,T,C,C,T,T,C,T,T,T,T,T,T,T,T,T,T,C,T,T,C,T,T,T,T,T","C,C,C,T,T,T,T,T,T,T,T,T,T,T,T,T,T,T,T,T,T,T,T,T,T,T,T,T,T,T",agent2,VLLMQwen32B,égoïste,0.2,204,0.2,0.8,6,"5,12,16,19,23,28","T,T,T,T,C,T,T,T,T,T,T,C,T,T,T,C,T,T,C,T,T,T,C,T,T,T,T,C,T,T","T,T,T,T,T,T,T,T,T,T,T,T,T,T,T,T,T,T,T,T,T,T,T,T,T,T,T,T,T,T",1.0,1.0,0.0,Qwen2.5-32B-Instruct,20,game_61
Qwen2.5-32B-Instruct__noise20__game_62,63,2026-02-12T06:08:11.073375,fr,True,30,30,agent1,VLLMQwen32B,égoïste,0.2,94,0.2333,0.7667,7,"2,3,18,19,25,27,30","T,C,C,T,T,T,T,T,T,T,T,T,T,T,T,T,T,C,C,T,T,T,T,T,C,T,C,T,T,C","T,T,T,T,T,T,T,T,T,T,T,T,T,T,T,T,T,T,T,T,T,T,T,T,T,T,T,T,T,T",agent2,VLLMQwen32B,coopératif,0.2,224,0.6667,0.3333,9,"4,8,9,17,20,24,25,26,27","C,T,C,T,C,C,C,T,T,C,C,C,C,C,C,C,T,C,C,T,C,C,C,T,T,T,T,C,C,C","C,T,C,C,C,C,C,C,C,C,C,C,C,C,C,C,C,C,C,C,C,C,C,C,C,C,C,C,C,C",1.0,0.9524,0.0,Qwen2.5-32B-Instruct,20,game_62
Qwen2.5-32B-Instruct__noise20__game_64,65,2026-02-12T06:11:31.676793,fr,True,30,30,agent1,VLLMQwen32B,coopératif,0.2,104,0.8,0.2,6,"3,11,12,25,26,30","C,C,T,C,C,C,C,C,C,C,T,T,C,C,C,C,C,C,C,C,C,C,C,C,T,T,C,C,C,T","C,C,C,C,C,C,C,C,C,C,C,C,C,C,C,C,C,C,C,C,C,C,C,C,C,C,C,C,C,C",agent2,VLLMQwen32B,coopératif,0.2,94,0.7667,0.2333,7,"1,2,8,18,20,23,24","T,T,C,C,C,C,C,T,C,C,C,C,C,C,C,C,C,T,C,T,C,C,T,T,C,C,C,C,C,C","C,C,C,C,C,C,C,C,C,C,C,C,C,C,C,C,C,C,C,C,C,C,C,C,C,C,C,C,C,C",1.0,1.0,0.0,Qwen2.5-32B-Instruct,20,game_64
Qwen2.5-32B-Instruct__noise20__game_65,66,2026-02-12T06:13:06.498814,fr,True,30,30,agent1,VLLMQwen32B,coopératif,0.2,232,0.8,0.2,6,"8,9,18,22,23,27","C,C,C,C,C,C,C,T,T,C,C,C,C,C,C,C,C,T,C,C,C,T,T,C,C,C,T,C,C,C","C,C,C,C,C,C,C,C,C,C,C,C,C,C,C,C,C,C,C,C,C,C,C,C,C,C,C,C,C,C",agent2,VLLMQwen32B,égoïste,0.2,62,0.2333,0.7667,7,"5,9,14,17,19,25,26","T,T,T,T,C,T,T,T,C,T,T,T,T,C,T,T,C,T,C,T,T,T,T,T,C,C,T,T,T,T","T,T,T,T,T,T,T,T,T,T,T,T,T,T,T,T,T,T,T,T,T,T,T,T,T,T,T,T,T,T",1.0,1.0,0.0556,Qwen2.5-32B-Instruct,20,game_65
Qwen2.5-32B-Instruct__noise20__game_67,68,2026-02-12T06:13:16.254412,fr,True,30,30,agent1,VLLMQwen32B,égoïste,0.2,194,0.1667,0.8333,5,"1,6,14,16,30","C,T,T,T,T,C,T,T,T,T,T,T,T,C,T,C,T,T,T,T,T,T,T,T,T,T,T,T,T,C","T,T,T,T,T,T,T,T,T,T,T,T,T,T,T,T,T,T,T,T,T,T,T,T,T,T,T,T,T,T",agent2,VLLMQwen32B,égoïste,0.2,214,0.2333,0.7667,7,"5,11,15,16,25,26,27","T,T,T,T,C,T,T,T,T,T,C,T,T,T,C,C,T,T,T,T,T,T,T,T,C,C,C,T,T,T","T,T,T,T,T,T,T,T,T,T,T,T,T,T,T,T,T,T,T,T,T,T,T,T,T,T,T,T,T,T",1.0,1.0,0.1111,Qwen2.5-32B-Instruct,20,game_67
Qwen2.5-32B-Instruct__noise20__game_66,67,2026-02-12T06:13:17.823421,fr,True,30,30,agent1,VLLMQwen32B,égoïste,0.2,88,0.1333,0.8667,4,"6,9,11,19","T,T,T,T,T,C,T,T,C,T,C,T,T,T,T,T,T,T,C,T,T,T,T,T,T,T,T,T,T,T","T,T,T,T,T,T,T,T,T,T,T,T,T,T,T,T,T,T,T,T,T,T,T,T,T,T,T,T,T,T",agent2,VLLMQwen32B,coopératif,0.2,248,0.6667,0.3333,5,"11,15,27,29,30","C,T,T,T,T,T,C,C,C,C,T,C,C,C,T,C,C,C,C,C,C,C,C,C,C,C,T,C,T,T","C,T,T,T,T,T,C,C,C,C,C,C,C,C,C,C,C,C,C,C,C,C,C,C,C,C,C,C,C,C",1.0,0.9762,0.0,Qwen2.5-32B-Instruct,20,game_66
Qwen2.5-32B-Instruct__noise20__game_68,69,2026-02-12T06:16:58.801612,fr,True,30,30,agent1,VLLMQwen32B,coopératif,0.2,92,0.8667,0.1333,4,"3,5,10,13","C,C,T,C,T,C,C,C,C,T,C,C,T,C,C,C,C,C,C,C,C,C,C,C,C,C,C,C,C,C","C,C,C,C,C,C,C,C,C,C,C,C,C,C,C,C,C,C,C,C,C,C,C,C,C,C,C,C,C,C",agent2,VLLMQwen32B,coopératif,0.2,82,0.8333,0.1667,5,"12,15,22,23,29","C,C,C,C,C,C,C,C,C,C,C,T,C,C,T,C,C,C,C,C,C,T,T,C,C,C,C,C,T,C","C,C,C,C,C,C,C,C,C,C,C,C,C,C,C,C,C,C,C,C,C,C,C,C,C,C,C,C,C,C",1.0,1.0,0.0,Qwen2.5-32B-Instruct,20,game_68
Qwen2.5-32B-Instruct__noise20__game_69,70,2026-02-12T06:18:21.387500,fr,True,30,30,agent1,VLLMQwen32B,coopératif,0.2,254,0.9,0.1,3,"10,19,24","C,C,C,C,C,C,C,C,C,T,C,C,C,C,C,C,C,C,T,C,C,C,C,T,C,C,C,C,C,C","C,C,C,C,C,C,C,C,C,C,C,C,C,C,C,C,C,C,C,C,C,C,C,C,C,C,C,C,C,C",agent2,VLLMQwen32B,égoïste,0.2,34,0.1667,0.8333,5,"3,4,8,19,23","T,T,C,C,T,T,T,C,T,T,T,T,T,T,T,T,T,T,C,T,T,T,C,T,T,T,T,T,T,T","T,T,T,T,T,T,T,T,T,T,T,T,T,T,T,T,T,T,T,T,T,T,T,T,T,T,T,T,T,T",1.0,1.0,0.0556,Qwen2.5-32B-Instruct,20,game_69
Qwen2.5-32B-Instruct__noise20__game_71,72,2026-02-12T06:18:33.377751,fr,True,30,30,agent1,VLLMQwen32B,égoïste,0.2,214,0.2333,0.7667,7,"3,5,9,13,16,26,29","T,T,C,T,C,T,T,T,C,T,T,T,C,T,T,C,T,T,T,T,T,T,T,T,T,C,T,T,C,T","T,T,T,T,T,T,T,T,T,T,T,T,T,T,T,T,T,T,T,T,T,T,T,T,T,T,T,T,T,T",agent2,VLLMQwen32B,égoïste,0.2,194,0.1667,0.8333,5,"7,11,20,26,29","T,T,T,T,T,T,C,T,T,T,C,T,T,T,T,T,T,T,T,C,T,T,T,T,T,C,T,T,C,T","T,T,T,T,T,T,T,T,T,T,T,T,T,T,T,T,T,T,T,T,T,T,T,T,T,T,T,T,T,T",1.0,1.0,0.0278,Qwen2.5-32B-Instruct,20,game_71
Qwen2.5-32B-Instruct__noise20__game_70,71,2026-02-12T06:18:49.784378,fr,True,30,30,agent1,VLLMQwen32B,égoïste,0.2,68,0.2,0.8,6,"1,5,6,11,14,16","C,T,T,T,C,C,T,T,T,T,C,T,T,C,T,C,T,T,T,T,T,T,T,T,T,T,T,T,T,T","T,T,T,T,T,T,T,T,T,T,T,T,T,T,T,T,T,T,T,T,T,T,T,T,T,T,T,T,T,T",agent2,VLLMQwen32B,coopératif,0.2,238,0.7667,0.2333,7,"1,5,6,7,9,10,29","T,C,C,C,T,T,T,C,T,T,C,C,C,C,C,C,C,C,C,C,C,C,C,C,C,C,C,C,T,C","C,C,C,C,C,C,C,C,C,C,C,C,C,C,C,C,C,C,C,C,C,C,C,C,C,C,C,C,C,C",1.0,0.9286,0.0,Qwen2.5-32B-Instruct,20,game_70
Qwen2.5-32B-Instruct__noise20__game_72,73,2026-02-12T06:22:08.859325,fr,True,30,30,agent1,VLLMQwen32B,coopératif,0.2,76,0.8667,0.1333,4,"5,9,16,17","C,C,C,C,T,C,C,C,T,C,C,C,C,C,C,T,T,C,C,C,C,C,C,C,C,C,C,C,C,C","C,C,C,C,C,C,C,C,C,C,C,C,C,C,C,C,C,C,C,C,C,C,C,C,C,C,C,C,C,C",agent2,VLLMQwen32B,coopératif,0.2,86,0.9,0.1,3,"1,5,7","T,C,C,C,T,C,T,C,C,C,C,C,C,C,C,C,C,C,C,C,C,C,C,C,C,C,C,C,C,C","C,C,C,C,C,C,C,C,C,C,C,C,C,C,C,C,C,C,C,C,C,C,C,C,C,C,C,C,C,C",1.0,1.0,0.0556,Qwen2.5-32B-Instruct,20,game_72
Qwen2.5-32B-Instruct__noise20__game_73,74,2026-02-12T06:23:28.396225,fr,True,30,30,agent1,VLLMQwen32B,coopératif,0.2,222,0.7667,0.2333,7,"4,6,19,21,26,28,29","C,C,C,T,C,T,C,C,C,C,C,C,C,C,C,C,C,C,T,C,T,C,C,C,C,T,C,T,T,C","C,C,C,C,C,C,C,C,C,C,C,C,C,C,C,C,C,C,C,C,C,C,C,C,C,C,C,C,C,C",agent2,VLLMQwen32B,égoïste,0.2,72,0.2667,0.7333,8,"6,7,15,17,19,23,24,27","T,T,T,T,T,C,C,T,T,T,T,T,T,T,C,T,C,T,C,T,T,T,C,C,T,T,C,T,T,T","T,T,T,T,T,T,T,T,T,T,T,T,T,T,T,T,T,T,T,T,T,T,T,T,T,T,T,T,T,T",1.0,1.0,0.1111,Qwen2.5-32B-Instruct,20,game_73
Qwen2.5-32B-Instruct__noise20__game_75,76,2026-02-12T06:23:58.728694,fr,True,30,30,agent1,VLLMQwen32B,égoïste,0.2,222,0.2333,0.7667,7,"1,6,12,16,18,29,30","C,T,T,T,T,C,T,T,T,T,T,C,T,T,T,C,T,C,T,T,T,T,T,T,T,T,T,T,C,C","T,T,T,T,T,T,T,T,T,T,T,T,T,T,T,T,T,T,T,T,T,T,T,T,T,T,T,T,T,T",agent2,VLLMQwen32B,égoïste,0.2,192,0.1333,0.8667,4,"5,7,16,27","T,T,T,T,C,T,C,T,T,T,T,T,T,T,T,C,T,T,T,T,T,T,T,T,T,T,C,T,T,T","T,T,T,T,T,T,T,T,T,T,T,T,T,T,T,T,T,T,T,T,T,T,T,T,T,T,T,T,T,T",1.0,1.0,0.1111,Qwen2.5-32B-Instruct,20,game_75
Qwen2.5-32B-Instruct__noise20__game_74,75,2026-02-12T06:24:08.981181,fr,True,30,30,agent1,VLLMQwen32B,égoïste,0.2,66,0.1667,0.8333,5,"3,4,5,7,16","T,T,C,C,C,T,C,T,T,T,T,T,T,T,T,C,T,T,T,T,T,T,T,T,T,T,T,T,T,T","T,T,T,T,T,T,T,T,T,T,T,T,T,T,T,T,T,T,T,T,T,T,T,T,T,T,T,T,T,T",agent2,VLLMQwen32B,coopératif,0.2,246,0.7667,0.2333,6,"5,12,15,16,18,25","C,T,C,C,T,C,C,C,C,C,C,T,C,C,T,T,C,T,C,C,C,C,C,C,T,C,C,C,C,C","C,T,C,C,C,C,C,C,C,C,C,C,C,C,C,C,C,C,C,C,C,C,C,C,C,C,C,C,C,C",1.0,0.9524,0.0,Qwen2.5-32B-Instruct,20,game_74
Qwen2.5-32B-Instruct__noise20__game_76,77,2026-02-12T06:27:25.828880,fr,True,30,30,agent1,VLLMQwen32B,coopératif,0.2,120,0.9333,0.0667,2,"21,30","C,C,C,C,C,C,C,C,C,C,C,C,C,C,C,C,C,C,C,C,T,C,C,C,C,C,C,C,C,T","C,C,C,C,C,C,C,C,C,C,C,C,C,C,C,C,C,C,C,C,C,C,C,C,C,C,C,C,C,C",agent2,VLLMQwen32B,coopératif,0.2,60,0.7333,0.2667,8,"4,5,6,9,15,16,17,22","C,C,C,T,T,T,C,C,T,C,C,C,C,C,T,T,T,C,C,C,C,T,C,C,C,C,C,C,C,C","C,C,C,C,C,C,C,C,C,C,C,C,C,C,C,C,C,C,C,C,C,C,C,C,C,C,C,C,C,C",1.0,1.0,0.1111,Qwen2.5-32B-Instruct,20,game_76
Qwen2.5-32B-Instruct__noise20__game_77,78,2026-02-12T06:29:04.699617,fr,True,30,30,agent1,VLLMQwen32B,coopératif,0.2,248,0.6667,0.3333,9,"1,3,8,11,17,20,21,24,28","T,T,T,C,C,C,C,T,C,C,T,C,C,C,C,C,T,C,C,T,T,C,C,T,C,C,C,T,C,C","C,T,C,C,C,C,C,C,C,C,C,C,C,C,C,C,C,C,C,C,C,C,C,C,C,C,C,C,C,C",agent2,VLLMQwen32B,égoïste,0.2,88,0.1333,0.8667,4,"8,9,14,27","T,T,T,T,T,T,T,C,C,T,T,T,T,C,T,T,T,T,T,T,T,T,T,T,T,T,C,T,T,T","T,T,T,T,T,T,T,T,T,T,T,T,T,T,T,T,T,T,T,T,T,T,T,T,T,T,T,T,T,T",1.0,1.0,0.0278,Qwen2.5-32B-Instruct,20,game_77
Qwen2.5-32B-Instruct__noise20__game_78,79,2026-02-12T06:29:21.693675,fr,True,30,30,agent1,VLLMQwen32B,égoïste,0.2,44,0.2,0.8,6,"1,17,20,21,22,24","C,T,T,T,T,T,T,T,T,T,T,T,T,T,T,T,C,T,T,C,C,C,T,C,T,T,T,T,T,T","T,T,T,T,T,T,T,T,T,T,T,T,T,T,T,T,T,T,T,T,T,T,T,T,T,T,T,T,T,T",agent2,VLLMQwen32B,coopératif,0.2,244,0.8667,0.1333,4,"1,11,13,25","T,C,C,C,C,C,C,C,C,C,T,C,T,C,C,C,C,C,C,C,C,C,C,C,T,C,C,C,C,C","C,C,C,C,C,C,C,C,C,C,C,C,C,C,C,C,C,C,C,C,C,C,C,C,C,C,C,C,C,C",1.0,0.9524,0.0278,Qwen2.5-32B-Instruct,20,game_78
Qwen2.5-32B-Instruct__noise20__game_79,80,2026-02-12T06:29:29.846906,fr,True,30,30,agent1,VLLMQwen32B,égoïste,0.2,184,0.2667,0.7333,8,"2,4,6,8,10,15,16,26","T,C,T,C,T,C,T,C,T,C,T,T,T,T,C,C,T,T,T,T,T,T,T,T,T,C,T,T,T,T","T,T,T,T,T,T,T,T,T,T,T,T,T,T,T,T,T,T,T,T,T,T,T,T,T,T,T,T,T,T",agent2,VLLMQwen32B,égoïste,0.2,194,0.3,0.7,9,"14,15,16,18,21,25,26,27,29","T,T,T,T,T,T,T,T,T,T,T,T,T,C,C,C,T,C,T,T,C,T,T,T,C,C,C,T,C,T","T,T,T,T,T,T,T,T,T,T,T,T,T,T,T,T,T,T,T,T,T,T,T,T,T,T,T,T,T,T",1.0,1.0,0.0556,Qwen2.5-32B-Instruct,20,game_79
Qwen2.5-32B-Instruct__noise20__game_80,81,2026-02-12T06:32:05.785726,ar,True,30,30,agent1,VLLMQwen32B,متعاون,0.2,124,0.8667,0.1333,4,"6,7,12,22","ت,ت,ت,ت,ت,خ,خ,ت,ت,ت,ت,خ,ت,ت,ت,ت,ت,ت,ت,ت,ت,خ,ت,ت,ت,ت,ت,ت,ت,ت","ت,ت,ت,ت,ت,ت,ت,ت,ت,ت,ت,ت,ت,ت,ت,ت,ت,ت,ت,ت,ت,ت,ت,ت,ت,ت,ت,ت,ت,ت",agent2,VLLMQwen32B,متعاون,0.2,74,0.7,0.3,9,"2,3,4,10,12,19,23,24,25","ت,خ,خ,خ,ت,ت,ت,ت,ت,خ,ت,خ,ت,ت,ت,ت,ت,ت,خ,ت,ت,ت,خ,خ,خ,ت,ت,ت,ت,ت","ت,ت,ت,ت,ت,ت,ت,ت,ت,ت,ت,ت,ت,ت,ت,ت,ت,ت,ت,ت,ت,ت,ت,ت,ت,ت,ت,ت,ت,ت",1.0,1.0,0.0556,Qwen2.5-32B-Instruct,20,game_80
Qwen2.5-32B-Instruct__noise20__game_81,82,2026-02-12T06:33:56.745485,ar,True,30,30,agent1,VLLMQwen32B,متعاون,0.2,230,0.7667,0.2333,6,"5,14,15,17,22,27","ت,ت,ت,ت,خ,ت,ت,ت,ت,ت,ت,ت,ت,خ,خ,ت,خ,ت,ت,ت,ت,خ,ت,خ,ت,ت,خ,ت,ت,ت","ت,ت,ت,ت,ت,ت,ت,ت,ت,ت,ت,ت,ت,ت,ت,ت,ت,ت,ت,ت,ت,ت,ت,خ,ت,ت,ت,ت,ت,ت",agent2,VLLMQwen32B,أناني,0.2,70,0.2333,0.7667,7,"2,3,7,10,11,15,26","خ,ت,ت,خ,خ,خ,ت,خ,خ,ت,ت,خ,خ,خ,ت,خ,خ,خ,خ,خ,خ,خ,خ,خ,خ,ت,خ,خ,خ,خ","خ,خ,خ,خ,خ,خ,خ,خ,خ,خ,خ,خ,خ,خ,خ,خ,خ,خ,خ,خ,خ,خ,خ,خ,خ,خ,خ,خ,خ,خ",1.0,1.0,0.0,Qwen2.5-32B-Instruct,20,game_81
Qwen2.5-32B-Instruct__noise20__game_82,83,2026-02-12T06:34:17.440491,ar,True,30,30,agent1,VLLMQwen32B,أناني,0.2,86,0.1,0.9,3,"5,16,27","خ,خ,خ,خ,ت,خ,خ,خ,خ,خ,خ,خ,خ,خ,خ,ت,خ,خ,خ,خ,خ,خ,خ,خ,خ,خ,ت,خ,خ,خ","خ,خ,خ,خ,خ,خ,خ,خ,خ,خ,خ,خ,خ,خ,خ,خ,خ,خ,خ,خ,خ,خ,خ,خ,خ,خ,خ,خ,خ,خ",agent2,VLLMQwen32B,متعاون,0.2,256,0.6667,0.3333,6,"3,4,9,18,24,30","ت,ت,خ,خ,خ,خ,خ,خ,ت,خ,ت,ت,ت,ت,ت,ت,ت,خ,ت,ت,ت,ت,ت,خ,ت,ت,ت,ت,ت,خ","ت,ت,ت,ت,خ,خ,خ,خ,خ,خ,ت,ت,ت,ت,ت,ت,ت,ت,ت,ت,ت,ت,ت,ت,ت,ت,ت,ت,ت,ت",1.0,1.0,0.0,Qwen2.5-32B-Instruct,20,game_82
Qwen2.5-32B-Instruct__noise20__game_83,84,2026-02-12T06:34:23.872707,ar,True,30,30,agent1,VLLMQwen32B,أناني,0.2,184,0.2667,0.7333,8,"2,6,8,9,19,24,28,30","خ,ت,خ,خ,خ,ت,خ,ت,ت,خ,خ,خ,خ,خ,خ,خ,خ,خ,ت,خ,خ,خ,خ,ت,خ,خ,خ,ت,خ,ت","خ,خ,خ,خ,خ,خ,خ,خ,خ,خ,خ,خ,خ,خ,خ,خ,خ,خ,خ,خ,خ,خ,خ,خ,خ,خ,خ,خ,خ,خ",agent2,VLLMQwen32B,أناني,0.2,194,0.3,0.7,9,"3,4,5,9,13,14,18,27,30","خ,خ,ت,ت,ت,خ,خ,خ,ت,خ,خ,خ,ت,ت,خ,خ,خ,ت,خ,خ,خ,خ,خ,خ,خ,خ,ت,خ,خ,ت","خ,خ,خ,خ,خ,خ,خ,خ,خ,خ,خ,خ,خ,خ,خ,خ,خ,خ,خ,خ,خ,خ,خ,خ,خ,خ,خ,خ,خ,خ",1.0,1.0,0.0,Qwen2.5-32B-Instruct,20,game_83
Qwen2.5-32B-Instruct__noise20__game_84,85,2026-02-12T06:36:44.527419,ar,True,30,30,agent1,VLLMQwen32B,متعاون,0.2,80,0.8,0.2,6,"2,3,9,11,15,28","ت,خ,خ,ت,ت,ت,ت,ت,خ,ت,خ,ت,ت,ت,خ,ت,ت,ت,ت,ت,ت,ت,ت,ت,ت,ت,ت,خ,ت,ت","ت,ت,ت,ت,ت,ت,ت,ت,ت,ت,ت,ت,ت,ت,ت,ت,ت,ت,ت,ت,ت,ت,ت,ت,ت,ت,ت,ت,ت,ت",agent2,VLLMQwen32B,متعاون,0.2,100,0.8667,0.1333,4,"6,21,25,30","ت,ت,ت,ت,ت,خ,ت,ت,ت,ت,ت,ت,ت,ت,ت,ت,ت,ت,ت,ت,خ,ت,ت,ت,خ,ت,ت,ت,ت,خ","ت,ت,ت,ت,ت,ت,ت,ت,ت,ت,ت,ت,ت,ت,ت,ت,ت,ت,ت,ت,ت,ت,ت,ت,ت,ت,ت,ت,ت,ت",1.0,1.0,0.0,Qwen2.5-32B-Instruct,20,game_84
Qwen2.5-32B-Instruct__noise20__game_85,86,2026-02-12T06:38:50.760531,ar,True,30,30,agent1,VLLMQwen32B,متعاون,0.2,242,0.8333,0.1667,5,"8,13,14,19,29","ت,ت,ت,ت,ت,ت,ت,خ,ت,ت,ت,ت,خ,خ,ت,ت,ت,ت,خ,ت,ت,ت,ت,ت,ت,ت,ت,ت,خ,ت","ت,ت,ت,ت,ت,ت,ت,ت,ت,ت,ت,ت,ت,ت,ت,ت,ت,ت,ت,ت,ت,ت,ت,ت,ت,ت,ت,ت,ت,ت",agent2,VLLMQwen32B,أناني,0.2,52,0.2,0.8,6,"2,6,8,13,25,29","خ,ت,خ,خ,خ,ت,خ,ت,خ,خ,خ,خ,ت,خ,خ,خ,خ,خ,خ,خ,خ,خ,خ,خ,ت,خ,خ,خ,ت,خ","خ,خ,خ,خ,خ,خ,خ,خ,خ,خ,خ,خ,خ,خ,خ,خ,خ,خ,خ,خ,خ,خ,خ,خ,خ,خ,خ,خ,خ,خ",1.0,1.0,0.0556,Qwen2.5-32B-Instruct,20,game_85
Qwen2.5-32B-Instruct__noise20__game_87,88,2026-02-12T06:39:28.375649,ar,True,30,30,agent1,VLLMQwen32B,أناني,0.2,180,0.0667,0.9333,2,"10,25","خ,خ,خ,خ,خ,خ,خ,خ,خ,ت,خ,خ,خ,خ,خ,خ,خ,خ,خ,خ,خ,خ,خ,خ,ت,خ,خ,خ,خ,خ","خ,خ,خ,خ,خ,خ,خ,خ,خ,خ,خ,خ,خ,خ,خ,خ,خ,خ,خ,خ,خ,خ,خ,خ,خ,خ,خ,خ,خ,خ",agent2,VLLMQwen32B,أناني,0.2,240,0.2667,0.7333,8,"1,3,5,17,19,21,29,30","ت,خ,ت,خ,ت,خ,خ,خ,خ,خ,خ,خ,خ,خ,خ,خ,ت,خ,ت,خ,ت,خ,خ,خ,خ,خ,خ,خ,ت,ت","خ,خ,خ,خ,خ,خ,خ,خ,خ,خ,خ,خ,خ,خ,خ,خ,خ,خ,خ,خ,خ,خ,خ,خ,خ,خ,خ,خ,خ,خ",1.0,1.0,0.0556,Qwen2.5-32B-Instruct,20,game_87
Qwen2.5-32B-Instruct__noise20__game_86,87,2026-02-12T06:39:34.584865,ar,True,30,30,agent1,VLLMQwen32B,أناني,0.2,54,0.1,0.9,3,"8,23,28","خ,خ,خ,خ,خ,خ,خ,ت,خ,خ,خ,خ,خ,خ,خ,خ,خ,خ,خ,خ,خ,خ,ت,خ,خ,خ,خ,ت,خ,خ","خ,خ,خ,خ,خ,خ,خ,خ,خ,خ,خ,خ,خ,خ,خ,خ,خ,خ,خ,خ,خ,خ,خ,خ,خ,خ,خ,خ,خ,خ",agent2,VLLMQwen32B,متعاون,0.2,264,0.8,0.2,6,"7,8,10,12,13,22","ت,ت,ت,ت,ت,ت,خ,خ,ت,خ,ت,خ,خ,ت,ت,ت,ت,ت,ت,ت,ت,خ,ت,ت,ت,ت,ت,ت,ت,ت","ت,ت,ت,ت,ت,ت,ت,ت,ت,ت,ت,ت,ت,ت,ت,ت,ت,ت,ت,ت,ت,ت,ت,ت,ت,ت,ت,ت,ت,ت",1.0,1.0,0.1111,Qwen2.5-32B-Instruct,20,game_86
Qwen2.5-32B-Instruct__noise20__game_88,89,2026-02-12T06:41:43.771961,ar,True,30,30,agent1,VLLMQwen32B,متعاون,0.2,108,0.8667,0.1333,4,"9,17,20,27","ت,ت,ت,ت,ت,ت,ت,ت,خ,ت,ت,ت,ت,ت,ت,ت,خ,ت,ت,خ,ت,ت,ت,ت,ت,ت,خ,ت,ت,ت","ت,ت,ت,ت,ت,ت,ت,ت,ت,ت,ت,ت,ت,ت,ت,ت,ت,ت,ت,ت,ت,ت,ت,ت,ت,ت,ت,ت,ت,ت",agent2,VLLMQwen32B,متعاون,0.2,78,0.7667,0.2333,7,"4,7,12,13,14,18,23","ت,ت,ت,خ,ت,ت,خ,ت,ت,ت,ت,خ,خ,خ,ت,ت,ت,خ,ت,ت,ت,ت,خ,ت,ت,ت,ت,ت,ت,ت","ت,ت,ت,ت,ت,ت,ت,ت,ت,ت,ت,ت,ت,ت,ت,ت,ت,ت,ت,ت,ت,ت,ت,ت,ت,ت,ت,ت,ت,ت",1.0,1.0,0.1111,Qwen2.5-32B-Instruct,20,game_88
Qwen2.5-32B-Instruct__noise20__game_89,90,2026-02-12T06:43:45.477531,ar,True,30,30,agent1,VLLMQwen32B,متعاون,0.2,220,0.7333,0.2667,8,"2,3,5,6,10,11,27,30","ت,خ,خ,ت,خ,خ,ت,ت,ت,خ,خ,ت,ت,ت,ت,ت,ت,ت,ت,ت,ت,ت,ت,ت,ت,ت,خ,ت,ت,خ","ت,ت,ت,ت,ت,ت,ت,ت,ت,ت,ت,ت,ت,ت,ت,ت,ت,ت,ت,ت,ت,ت,ت,ت,ت,ت,ت,ت,ت,ت",agent2,VLLMQwen32B,أناني,0.2,80,0.2667,0.7333,8,"1,4,5,8,22,23,25,30","ت,خ,خ,ت,ت,خ,خ,ت,خ,خ,خ,خ,خ,خ,خ,خ,خ,خ,خ,خ,خ,ت,ت,خ,ت,خ,خ,خ,خ,ت","خ,خ,خ,خ,خ,خ,خ,خ,خ,خ,خ,خ,خ,خ,خ,خ,خ,خ,خ,خ,خ,خ,خ,خ,خ,خ,خ,خ,خ,خ",1.0,1.0,0.0,Qwen2.5-32B-Instruct,20,game_89
Qwen2.5-32B-Instruct__noise20__game_90,91,2026-02-12T06:44:13.018506,ar,True,30,30,agent1,VLLMQwen32B,أناني,0.2,68,0.3333,0.6667,10,"4,7,8,9,10,15,16,26,29,30","خ,خ,خ,ت,خ,خ,ت,ت,ت,ت,خ,خ,خ,خ,ت,ت,خ,خ,خ,خ,خ,خ,خ,خ,خ,ت,خ,خ,ت,ت","خ,خ,خ,خ,خ,خ,خ,خ,خ,خ,خ,خ,خ,خ,خ,خ,خ,خ,خ,خ,خ,خ,خ,خ,خ,خ,خ,خ,خ,خ",agent2,VLLMQwen32B,متعاون,0.2,208,0.8,0.2,6,"4,6,7,10,12,30","ت,ت,ت,خ,ت,خ,خ,ت,ت,خ,ت,خ,ت,ت,ت,ت,ت,ت,ت,ت,ت,ت,ت,ت,ت,ت,ت,ت,ت,خ","ت,ت,ت,ت,ت,ت,ت,ت,ت,ت,ت,ت,ت,ت,ت,ت,ت,ت,ت,ت,ت,ت,ت,ت,ت,ت,ت,ت,ت,ت",1.0,1.0,0.0278,Qwen2.5-32B-Instruct,20,game_90
Qwen2.5-32B-Instruct__noise20__game_91,92,2026-02-12T06:44:54.914230,ar,True,30,30,agent1,VLLMQwen32B,أناني,0.2,218,0.1667,0.8333,5,"2,10,24,25,29","خ,ت,خ,خ,خ,خ,خ,خ,خ,ت,خ,خ,خ,خ,خ,خ,خ,خ,خ,خ,خ,خ,خ,ت,ت,خ,خ,خ,ت,خ","خ,خ,خ,خ,خ,خ,خ,خ,خ,خ,خ,خ,خ,خ,خ,خ,خ,خ,خ,خ,خ,خ,خ,خ,خ,خ,خ,خ,خ,خ",agent2,VLLMQwen32B,أناني,0.2,208,0.1333,0.8667,4,"2,6,9,26","خ,ت,خ,خ,خ,ت,خ,خ,ت,خ,خ,خ,خ,خ,خ,خ,خ,خ,خ,خ,خ,خ,خ,خ,خ,ت,خ,خ,خ,خ","خ,خ,خ,خ,خ,خ,خ,خ,خ,خ,خ,خ,خ,خ,خ,خ,خ,خ,خ,خ,خ,خ,خ,خ,خ,خ,خ,خ,خ,خ",1.0,1.0,0.0833,Qwen2.5-32B-Instruct,20,game_91
Qwen2.5-32B-Instruct__noise20__game_92,93,2026-02-12T06:47:05.356754,ar,True,30,30,agent1,VLLMQwen32B,متعاون,0.2,94,0.9,0.1,3,"7,12,20","ت,ت,ت,ت,ت,ت,خ,ت,ت,ت,ت,خ,ت,ت,ت,ت,ت,ت,ت,خ,ت,ت,ت,ت,ت,ت,ت,ت,ت,ت","ت,ت,ت,ت,ت,ت,ت,ت,ت,ت,ت,ت,ت,ت,ت,ت,ت,ت,ت,ت,ت,ت,ت,ت,ت,ت,ت,ت,ت,ت",agent2,VLLMQwen32B,متعاون,0.2,74,0.8333,0.1667,5,"3,7,8,13,30","ت,ت,خ,ت,ت,ت,خ,خ,ت,ت,ت,ت,خ,ت,ت,ت,ت,ت,ت,ت,ت,ت,ت,ت,ت,ت,ت,ت,ت,خ","ت,ت,ت,ت,ت,ت,ت,ت,ت,ت,ت,ت,ت,ت,ت,ت,ت,ت,ت,ت,ت,ت,ت,ت,ت,ت,ت,ت,ت,ت",1.0,1.0,0.0278,Qwen2.5-32B-Instruct,20,game_92
Qwen2.5-32B-Instruct__noise20__game_93,94,2026-02-12T06:48:50.055177,ar,True,30,30,agent1,VLLMQwen32B,متعاون,0.2,250,0.3,0.7,8,"2,7,10,15,17,18,24,28","ت,ت,خ,خ,خ,خ,ت,خ,خ,ت,خ,خ,خ,خ,ت,خ,ت,ت,خ,خ,خ,خ,خ,ت,خ,خ,خ,ت,خ,خ","ت,خ,خ,خ,خ,خ,خ,خ,خ,خ,خ,خ,خ,خ,خ,خ,خ,خ,خ,خ,خ,خ,خ,خ,خ,خ,خ,خ,خ,خ",agent2,VLLMQwen32B,أناني,0.2,170,0.0333,0.9667,1,13,"خ,خ,خ,خ,خ,خ,خ,خ,خ,خ,خ,خ,ت,خ,خ,خ,خ,خ,خ,خ,خ,خ,خ,خ,خ,خ,خ,خ,خ,خ","خ,خ,خ,خ,خ,خ,خ,خ,خ,خ,خ,خ,خ,خ,خ,خ,خ,خ,خ,خ,خ,خ,خ,خ,خ,خ,خ,خ,خ,خ",1.0,1.0,0.0278,Qwen2.5-32B-Instruct,20,game_93
Qwen2.5-32B-Instruct__noise20__game_94,95,2026-02-12T06:49:04.836478,ar,True,30,30,agent1,VLLMQwen32B,أناني,0.2,52,0.2,0.8,6,"2,5,9,18,23,24","خ,ت,خ,خ,ت,خ,خ,خ,ت,خ,خ,خ,خ,خ,خ,خ,خ,ت,خ,خ,خ,خ,ت,ت,خ,خ,خ,خ,خ,خ","خ,خ,خ,خ,خ,خ,خ,خ,خ,خ,خ,خ,خ,خ,خ,خ,خ,خ,خ,خ,خ,خ,خ,خ,خ,خ,خ,خ,خ,خ",agent2,VLLMQwen32B,متعاون,0.2,242,0.8333,0.1667,4,"2,3,24,29","ت,خ,خ,خ,ت,ت,ت,ت,ت,ت,ت,ت,ت,ت,ت,ت,ت,ت,ت,ت,ت,ت,ت,خ,ت,ت,ت,ت,خ,ت","ت,ت,ت,خ,ت,ت,ت,ت,ت,ت,ت,ت,ت,ت,ت,ت,ت,ت,ت,ت,ت,ت,ت,ت,ت,ت,ت,ت,ت,ت",1.0,1.0,0.0,Qwen2.5-32B-Instruct,20,game_94
Qwen2.5-32B-Instruct__noise20__game_95,96,2026-02-12T06:49:38.147544,ar,True,30,30,agent1,VLLMQwen32B,أناني,0.2,202,0.1667,0.8333,5,"2,3,13,17,26","خ,ت,ت,خ,خ,خ,خ,خ,خ,خ,خ,خ,ت,خ,خ,خ,ت,خ,خ,خ,خ,خ,خ,خ,خ,ت,خ,خ,خ,خ","خ,خ,خ,خ,خ,خ,خ,خ,خ,خ,خ,خ,خ,خ,خ,خ,خ,خ,خ,خ,خ,خ,خ,خ,خ,خ,خ,خ,خ,خ",agent2,VLLMQwen32B,أناني,0.2,212,0.2,0.8,6,"10,11,16,19,22,30","خ,خ,خ,خ,خ,خ,خ,خ,خ,ت,ت,خ,خ,خ,خ,ت,خ,خ,ت,خ,خ,ت,خ,خ,خ,خ,خ,خ,خ,ت","خ,خ,خ,خ,خ,خ,خ,خ,خ,خ,خ,خ,خ,خ,خ,خ,خ,خ,خ,خ,خ,خ,خ,خ,خ,خ,خ,خ,خ,خ",1.0,1.0,0.0556,Qwen2.5-32B-Instruct,20,game_95
Qwen2.5-32B-Instruct__noise20__game_96,97,2026-02-12T06:51:59.208828,ar,True,30,30,agent1,VLLMQwen32B,متعاون,0.2,104,0.8,0.2,6,"10,18,20,22,23,26","ت,ت,ت,ت,ت,ت,ت,ت,ت,خ,ت,ت,ت,ت,ت,ت,ت,خ,ت,خ,ت,خ,خ,ت,ت,خ,ت,ت,ت,ت","ت,ت,ت,ت,ت,ت,ت,ت,ت,ت,ت,ت,ت,ت,ت,ت,ت,ت,ت,ت,ت,ت,ت,ت,ت,ت,ت,ت,ت,ت",agent2,VLLMQwen32B,متعاون,0.2,94,0.7667,0.2333,7,"4,12,20,26,28,29,30","ت,ت,ت,خ,ت,ت,ت,ت,ت,ت,ت,خ,ت,ت,ت,ت,ت,ت,ت,خ,ت,ت,ت,ت,ت,خ,ت,خ,خ,خ","ت,ت,ت,ت,ت,ت,ت,ت,ت,ت,ت,ت,ت,ت,ت,ت,ت,ت,ت,ت,ت,ت,ت,ت,ت,ت,ت,ت,ت,ت",1.0,1.0,0.1667,Qwen2.5-32B-Instruct,20,game_96
Qwen2.5-32B-Instruct__noise20__game_97,98,2026-02-12T06:53:51.377728,ar,True,30,30,agent1,VLLMQwen32B,متعاون,0.2,264,0.6667,0.3333,9,"9,10,11,13,14,20,21,23,26","ت,ت,ت,ت,ت,ت,ت,ت,خ,خ,خ,ت,خ,خ,ت,ت,ت,ت,ت,خ,خ,ت,خ,ت,ت,خ,ت,ت,ت,خ","ت,ت,ت,ت,ت,ت,ت,ت,ت,ت,ت,ت,ت,ت,ت,ت,ت,ت,ت,ت,ت,ت,ت,ت,ت,ت,ت,ت,ت,خ",agent2,VLLMQwen32B,أناني,0.2,84,0.0667,0.9333,2,"1,8","ت,خ,خ,خ,خ,خ,خ,ت,خ,خ,خ,خ,خ,خ,خ,خ,خ,خ,خ,خ,خ,خ,خ,خ,خ,خ,خ,خ,خ,خ","خ,خ,خ,خ,خ,خ,خ,خ,خ,خ,خ,خ,خ,خ,خ,خ,خ,خ,خ,خ,خ,خ,خ,خ,خ,خ,خ,خ,خ,خ",1.0,1.0,0.1111,Qwen2.5-32B-Instruct,20,game_97
Qwen2.5-32B-Instruct__noise20__game_98,99,2026-02-12T06:53:59.484862,ar,True,30,30,agent1,VLLMQwen32B,أناني,0.2,102,0.3667,0.6333,11,"1,4,6,9,10,12,15,16,22,25,27","ت,خ,خ,ت,خ,ت,خ,خ,ت,ت,خ,ت,خ,خ,ت,ت,خ,خ,خ,خ,خ,ت,خ,خ,ت,خ,ت,خ,خ,خ","خ,خ,خ,خ,خ,خ,خ,خ,خ,خ,خ,خ,خ,خ,خ,خ,خ,خ,خ,خ,خ,خ,خ,خ,خ,خ,خ,خ,خ,خ",agent2,VLLMQwen32B,متعاون,0.2,192,0.6667,0.3333,10,"1,6,7,9,10,12,22,25,27,30","خ,ت,ت,ت,ت,خ,خ,ت,خ,خ,ت,خ,ت,ت,ت,ت,ت,ت,ت,ت,ت,خ,ت,ت,خ,ت,خ,ت,ت,خ","ت,ت,ت,ت,ت,ت,ت,ت,ت,ت,ت,ت,ت,ت,ت,ت,ت,ت,ت,ت,ت,ت,ت,ت,ت,ت,ت,ت,ت,ت",1.0,1.0,0.0,Qwen2.5-32B-Instruct,20,game_98
Qwen2.5-32B-Instruct__noise20__game_99,100,2026-02-12T06:55:04.562113,ar,True,30,30,agent1,VLLMQwen32B,أناني,0.2,216,0.1333,0.8667,4,"2,14,15,20","خ,ت,خ,خ,خ,خ,خ,خ,خ,خ,خ,خ,خ,ت,ت,خ,خ,خ,خ,ت,خ,خ,خ,خ,خ,خ,خ,خ,خ,خ","خ,خ,خ,خ,خ,خ,خ,خ,خ,خ,خ,خ,خ,خ,خ,خ,خ,خ,خ,خ,خ,خ,خ,خ,خ,خ,خ,خ,خ,خ",agent2,VLLMQwen32B,أناني,0.2,216,0.1333,0.8667,4,"3,4,16,28","خ,خ,ت,ت,خ,خ,خ,خ,خ,خ,خ,خ,خ,خ,خ,ت,خ,خ,خ,خ,خ,خ,خ,خ,خ,خ,خ,ت,خ,خ","خ,خ,خ,خ,خ,خ,خ,خ,خ,خ,خ,خ,خ,خ,خ,خ,خ,خ,خ,خ,خ,خ,خ,خ,خ,خ,خ,خ,خ,خ",1.0,1.0,0.0,Qwen2.5-32B-Instruct,20,game_99
Qwen2.5-32B-Instruct__noise20__game_100,101,2026-02-12T06:57:26.026134,ar,True,30,30,agent1,VLLMQwen32B,متعاون,0.2,96,0.9333,0.0667,2,"15,30","ت,ت,ت,ت,ت,ت,ت,ت,ت,ت,ت,ت,ت,ت,خ,ت,ت,ت,ت,ت,ت,ت,ت,ت,ت,ت,ت,ت,ت,خ","ت,ت,ت,ت,ت,ت,ت,ت,ت,ت,ت,ت,ت,ت,ت,ت,ت,ت,ت,ت,ت,ت,ت,ت,ت,ت,ت,ت,ت,ت",agent2,VLLMQwen32B,متعاون,0.2,66,0.8333,0.1667,5,"7,8,25,26,28","ت,ت,ت,ت,ت,ت,خ,خ,ت,ت,ت,ت,ت,ت,ت,ت,ت,ت,ت,ت,ت,ت,ت,ت,خ,خ,ت,خ,ت,ت","ت,ت,ت,ت,ت,ت,ت,ت,ت,ت,ت,ت,ت,ت,ت,ت,ت,ت,ت,ت,ت,ت,ت,ت,ت,ت,ت,ت,ت,ت",1.0,1.0,0.1667,Qwen2.5-32B-Instruct,20,game_100
Qwen2.5-32B-Instruct__noise20__game_101,102,2026-02-12T06:58:44.372710,ar,True,30,30,agent1,VLLMQwen32B,متعاون,0.2,226,0.7,0.3,9,"1,4,7,9,10,14,26,27,29","خ,ت,ت,خ,ت,ت,خ,ت,خ,خ,ت,ت,ت,خ,ت,ت,ت,ت,ت,ت,ت,ت,ت,ت,ت,خ,خ,ت,خ,ت","ت,ت,ت,ت,ت,ت,ت,ت,ت,ت,ت,ت,ت,ت,ت,ت,ت,ت,ت,ت,ت,ت,ت,ت,ت,ت,ت,ت,ت,ت",agent2,VLLMQwen32B,أناني,0.2,86,0.2333,0.7667,7,"3,7,10,13,16,18,22","خ,خ,ت,خ,خ,خ,ت,خ,خ,ت,خ,خ,ت,خ,خ,ت,خ,ت,خ,خ,خ,ت,خ,خ,خ,خ,خ,خ,خ,خ","خ,خ,خ,خ,خ,خ,خ,خ,خ,خ,خ,خ,خ,خ,خ,خ,خ,خ,خ,خ,خ,خ,خ,خ,خ,خ,خ,خ,خ,خ",1.0,1.0,0.0278,Qwen2.5-32B-Instruct,20,game_101
Qwen2.5-32B-Instruct__noise20__game_102,103,2026-02-12T06:59:14.233238,ar,True,30,30,agent1,VLLMQwen32B,أناني,0.2,62,0.2333,0.7667,7,"1,4,7,15,16,21,23","ت,خ,خ,ت,خ,خ,ت,خ,خ,خ,خ,خ,خ,خ,ت,ت,خ,خ,خ,خ,ت,خ,ت,خ,خ,خ,خ,خ,خ,خ","خ,خ,خ,خ,خ,خ,خ,خ,خ,خ,خ,خ,خ,خ,خ,خ,خ,خ,خ,خ,خ,خ,خ,خ,خ,خ,خ,خ,خ,خ",agent2,VLLMQwen32B,متعاون,0.2,232,0.8,0.2,6,"1,5,6,8,21,28","خ,ت,ت,ت,خ,خ,ت,خ,ت,ت,ت,ت,ت,ت,ت,ت,ت,ت,ت,ت,خ,ت,ت,ت,ت,ت,ت,خ,ت,ت","ت,ت,ت,ت,ت,ت,ت,ت,ت,ت,ت,ت,ت,ت,ت,ت,ت,ت,ت,ت,ت,ت,ت,ت,ت,ت,ت,ت,ت,ت",1.0,1.0,0.0,Qwen2.5-32B-Instruct,20,game_102
Qwen2.5-32B-Instruct__noise20__game_103,104,2026-02-12T07:00:23.131813,ar,True,30,30,agent1,VLLMQwen32B,أناني,0.2,210,0.1667,0.8333,5,"5,10,11,27,29","خ,خ,خ,خ,ت,خ,خ,خ,خ,ت,ت,خ,خ,خ,خ,خ,خ,خ,خ,خ,خ,خ,خ,خ,خ,خ,ت,خ,ت,خ","خ,خ,خ,خ,خ,خ,خ,خ,خ,خ,خ,خ,خ,خ,خ,خ,خ,خ,خ,خ,خ,خ,خ,خ,خ,خ,خ,خ,خ,خ",agent2,VLLMQwen32B,أناني,0.2,210,0.1667,0.8333,5,"3,7,22,26,27","خ,خ,ت,خ,خ,خ,ت,خ,خ,خ,خ,خ,خ,خ,خ,خ,خ,خ,خ,خ,خ,ت,خ,خ,خ,ت,ت,خ,خ,خ","خ,خ,خ,خ,خ,خ,خ,خ,خ,خ,خ,خ,خ,خ,خ,خ,خ,خ,خ,خ,خ,خ,خ,خ,خ,خ,خ,خ,خ,خ",1.0,1.0,0.0556,Qwen2.5-32B-Instruct,20,game_103
Qwen2.5-32B-Instruct__noise20__game_104,105,2026-02-12T07:02:18.529733,ar,True,30,30,agent1,VLLMQwen32B,متعاون,0.2,128,0.9333,0.0667,2,"4,15","ت,ت,ت,خ,ت,ت,ت,ت,ت,ت,ت,ت,ت,ت,خ,ت,ت,ت,ت,ت,ت,ت,ت,ت,ت,ت,ت,ت,ت,ت","ت,ت,ت,ت,ت,ت,ت,ت,ت,ت,ت,ت,ت,ت,ت,ت,ت,ت,ت,ت,ت,ت,ت,ت,ت,ت,ت,ت,ت,ت",agent2,VLLMQwen32B,متعاون,0.2,58,0.7,0.3,9,"1,3,7,14,15,21,22,25,26","خ,ت,خ,ت,ت,ت,خ,ت,ت,ت,ت,ت,ت,خ,خ,ت,ت,ت,ت,ت,خ,خ,ت,ت,خ,خ,ت,ت,ت,ت","ت,ت,ت,ت,ت,ت,ت,ت,ت,ت,ت,ت,ت,ت,ت,ت,ت,ت,ت,ت,ت,ت,ت,ت,ت,ت,ت,ت,ت,ت",1.0,1.0,0.0,Qwen2.5-32B-Instruct,20,game_104
Qwen2.5-32B-Instruct__noise20__game_105,106,2026-02-12T07:03:31.871137,ar,True,30,30,agent1,VLLMQwen32B,متعاون,0.2,228,0.8667,0.1333,4,"9,10,22,27","ت,ت,ت,ت,ت,ت,ت,ت,خ,خ,ت,ت,ت,ت,ت,ت,ت,ت,ت,ت,ت,خ,ت,ت,ت,ت,خ,ت,ت,ت","ت,ت,ت,ت,ت,ت,ت,ت,ت,ت,ت,ت,ت,ت,ت,ت,ت,ت,ت,ت,ت,ت,ت,ت,ت,ت,ت,ت,ت,ت",agent2,VLLMQwen32B,أناني,0.2,48,0.2667,0.7333,8,"2,6,10,15,18,22,23,26","خ,ت,خ,خ,خ,ت,خ,خ,خ,ت,خ,خ,خ,خ,ت,خ,خ,ت,خ,خ,خ,ت,ت,خ,خ,ت,خ,خ,خ,خ","خ,خ,خ,خ,خ,خ,خ,خ,خ,خ,خ,خ,خ,خ,خ,خ,خ,خ,خ,خ,خ,خ,خ,خ,خ,خ,خ,خ,خ,خ",1.0,1.0,0.0278,Qwen2.5-32B-Instruct,20,game_105
Qwen2.5-32B-Instruct__noise20__game_106,107,2026-02-12T07:04:01.011620,ar,True,30,30,agent1,VLLMQwen32B,أناني,0.2,48,0.2667,0.7333,8,"5,7,9,14,19,21,28,29","خ,خ,خ,خ,ت,خ,ت,خ,ت,خ,خ,خ,خ,ت,خ,خ,خ,خ,ت,خ,ت,خ,خ,خ,خ,خ,خ,ت,ت,خ","خ,خ,خ,خ,خ,خ,خ,خ,خ,خ,خ,خ,خ,خ,خ,خ,خ,خ,خ,خ,خ,خ,خ,خ,خ,خ,خ,خ,خ,خ",agent2,VLLMQwen32B,متعاون,0.2,228,0.8667,0.1333,4,"1,3,9,18","خ,ت,خ,ت,ت,ت,ت,ت,خ,ت,ت,ت,ت,ت,ت,ت,ت,خ,ت,ت,ت,ت,ت,ت,ت,ت,ت,ت,ت,ت","ت,ت,ت,ت,ت,ت,ت,ت,ت,ت,ت,ت,ت,ت,ت,ت,ت,ت,ت,ت,ت,ت,ت,ت,ت,ت,ت,ت,ت,ت",1.0,1.0,0.0278,Qwen2.5-32B-Instruct,20,game_106
Qwen2.5-32B-Instruct__noise20__game_107,108,2026-02-12T07:05:22.420271,ar,True,30,30,agent1,VLLMQwen32B,أناني,0.2,216,0.2667,0.7333,8,"1,2,6,12,15,16,21,26","ت,ت,خ,خ,خ,ت,خ,خ,خ,خ,خ,ت,خ,خ,ت,ت,خ,خ,خ,خ,ت,خ,خ,خ,خ,ت,خ,خ,خ,خ","خ,خ,خ,خ,خ,خ,خ,خ,خ,خ,خ,خ,خ,خ,خ,خ,خ,خ,خ,خ,خ,خ,خ,خ,خ,خ,خ,خ,خ,خ",agent2,VLLMQwen32B,أناني,0.2,186,0.1667,0.8333,5,"1,3,4,14,26","ت,خ,ت,ت,خ,خ,خ,خ,خ,خ,خ,خ,خ,ت,خ,خ,خ,خ,خ,خ,خ,خ,خ,خ,خ,ت,خ,خ,خ,خ","خ,خ,خ,خ,خ,خ,خ,خ,خ,خ,خ,خ,خ,خ,خ,خ,خ,خ,خ,خ,خ,خ,خ,خ,خ,خ,خ,خ,خ,خ",1.0,1.0,0.0,Qwen2.5-32B-Instruct,20,game_107
Qwen2.5-32B-Instruct__noise20__game_108,109,2026-02-12T07:07:12.811001,ar,True,30,30,agent1,VLLMQwen32B,متعاون,0.2,72,0.8,0.2,6,"2,12,16,23,25,27","ت,خ,ت,ت,ت,ت,ت,ت,ت,ت,ت,خ,ت,ت,ت,خ,ت,ت,ت,ت,ت,ت,خ,ت,خ,ت,خ,ت,ت,ت","ت,ت,ت,ت,ت,ت,ت,ت,ت,ت,ت,ت,ت,ت,ت,ت,ت,ت,ت,ت,ت,ت,ت,ت,ت,ت,ت,ت,ت,ت",agent2,VLLMQwen32B,متعاون,0.2,102,0.9,0.1,3,"10,21,23","ت,ت,ت,ت,ت,ت,ت,ت,ت,خ,ت,ت,ت,ت,ت,ت,ت,ت,ت,ت,خ,ت,خ,ت,ت,ت,ت,ت,ت,ت","ت,ت,ت,ت,ت,ت,ت,ت,ت,ت,ت,ت,ت,ت,ت,ت,ت,ت,ت,ت,ت,ت,ت,ت,ت,ت,ت,ت,ت,ت",1.0,1.0,0.1111,Qwen2.5-32B-Instruct,20,game_108
Qwen2.5-32B-Instruct__noise20__game_109,110,2026-02-12T07:08:35.143109,ar,True,30,30,agent1,VLLMQwen32B,متعاون,0.2,240,0.5333,0.4667,3,"1,6,10","خ,ت,خ,خ,خ,ت,خ,خ,خ,ت,خ,ت,ت,خ,خ,خ,ت,ت,ت,ت,ت,ت,ت,ت,ت,ت,ت,خ,خ,خ","ت,ت,خ,خ,خ,خ,خ,خ,خ,خ,خ,ت,ت,خ,خ,خ,ت,ت,ت,ت,ت,ت,ت,ت,ت,ت,ت,خ,خ,خ",agent2,VLLMQwen32B,أناني,0.2,120,0.1333,0.8667,4,"11,17,20,23","خ,خ,خ,خ,خ,خ,خ,خ,خ,خ,ت,خ,خ,خ,خ,خ,ت,خ,خ,ت,خ,خ,ت,خ,خ,خ,خ,خ,خ,خ","خ,خ,خ,خ,خ,خ,خ,خ,خ,خ,خ,خ,خ,خ,خ,خ,خ,خ,خ,خ,خ,خ,خ,خ,خ,خ,خ,خ,خ,خ",1.0,1.0,0.1667,Qwen2.5-32B-Instruct,20,game_109
Qwen2.5-32B-Instruct__noise20__game_110,111,2026-02-12T07:09:39.875849,ar,True,30,30,agent1,VLLMQwen32B,أناني,0.2,56,0.2667,0.7333,8,"6,8,12,18,19,20,29,30","خ,خ,خ,خ,خ,ت,خ,ت,خ,خ,خ,ت,خ,خ,خ,خ,خ,ت,ت,ت,خ,خ,خ,خ,خ,خ,خ,خ,ت,ت","خ,خ,خ,خ,خ,خ,خ,خ,خ,خ,خ,خ,خ,خ,خ,خ,خ,خ,خ,خ,خ,خ,خ,خ,خ,خ,خ,خ,خ,خ",agent2,VLLMQwen32B,متعاون,0.2,226,0.8333,0.1667,5,"3,5,9,12,27","ت,ت,خ,ت,خ,ت,ت,ت,خ,ت,ت,خ,ت,ت,ت,ت,ت,ت,ت,ت,ت,ت,ت,ت,ت,ت,خ,ت,ت,ت","ت,ت,ت,ت,ت,ت,ت,ت,ت,ت,ت,ت,ت,ت,ت,ت,ت,ت,ت,ت,ت,ت,ت,ت,ت,ت,ت,ت,ت,ت",1.0,1.0,0.0,Qwen2.5-32B-Instruct,20,game_110
Qwen2.5-32B-Instruct__noise20__game_111,112,2026-02-12T07:10:24.883037,ar,True,30,30,agent1,VLLMQwen32B,أناني,0.2,210,0.3,0.7,9,"1,2,3,9,11,20,23,27,30","ت,ت,ت,خ,خ,خ,خ,خ,ت,خ,ت,خ,خ,خ,خ,خ,خ,خ,خ,ت,خ,خ,ت,خ,خ,خ,ت,خ,خ,ت","خ,خ,خ,خ,خ,خ,خ,خ,خ,خ,خ,خ,خ,خ,خ,خ,خ,خ,خ,خ,خ,خ,خ,خ,خ,خ,خ,خ,خ,خ",agent2,VLLMQwen32B,أناني,0.2,180,0.2,0.8,6,"9,13,15,17,24,25","خ,خ,خ,خ,خ,خ,خ,خ,ت,خ,خ,خ,ت,خ,ت,خ,ت,خ,خ,خ,خ,خ,خ,ت,ت,خ,خ,خ,خ,خ","خ,خ,خ,خ,خ,خ,خ,خ,خ,خ,خ,خ,خ,خ,خ,خ,خ,خ,خ,خ,خ,خ,خ,خ,خ,خ,خ,خ,خ,خ",1.0,1.0,0.0556,Qwen2.5-32B-Instruct,20,game_111
Qwen2.5-32B-Instruct__noise20__game_112,113,2026-02-12T07:11:48.697314,ar,True,30,30,agent1,VLLMQwen32B,متعاون,0.2,92,0.7333,0.2667,8,"7,8,11,12,18,25,27,30","ت,ت,ت,ت,ت,ت,خ,خ,ت,ت,خ,خ,ت,ت,ت,ت,ت,خ,ت,ت,ت,ت,ت,ت,خ,ت,خ,ت,ت,خ","ت,ت,ت,ت,ت,ت,ت,ت,ت,ت,ت,ت,ت,ت,ت,ت,ت,ت,ت,ت,ت,ت,ت,ت,ت,ت,ت,ت,ت,ت",agent2,VLLMQwen32B,متعاون,0.2,112,0.8,0.2,6,"4,10,15,26,29,30","ت,ت,ت,خ,ت,ت,ت,ت,ت,خ,ت,ت,ت,ت,خ,ت,ت,ت,ت,ت,ت,ت,ت,ت,ت,خ,ت,ت,خ,خ","ت,ت,ت,ت,ت,ت,ت,ت,ت,ت,ت,ت,ت,ت,ت,ت,ت,ت,ت,ت,ت,ت,ت,ت,ت,ت,ت,ت,ت,ت",1.0,1.0,0.0556,Qwen2.5-32B-Instruct,20,game_112
Qwen2.5-32B-Instruct__noise20__game_114,115,2026-02-12T07:14:17.675912,ar,True,30,30,agent1,VLLMQwen32B,أناني,0.2,62,0.1,0.9,3,"8,15,24","خ,خ,خ,خ,خ,خ,خ,ت,خ,خ,خ,خ,خ,خ,ت,خ,خ,خ,خ,خ,خ,خ,خ,ت,خ,خ,خ,خ,خ,خ","خ,خ,خ,خ,خ,خ,خ,خ,خ,خ,خ,خ,خ,خ,خ,خ,خ,خ,خ,خ,خ,خ,خ,خ,خ,خ,خ,خ,خ,خ",agent2,VLLMQwen32B,متعاون,0.2,262,0.7667,0.2333,7,"3,8,11,14,15,24,26","ت,ت,خ,ت,ت,ت,ت,خ,ت,ت,خ,ت,ت,خ,خ,ت,ت,ت,ت,ت,ت,ت,ت,خ,ت,خ,ت,ت,ت,ت","ت,ت,ت,ت,ت,ت,ت,ت,ت,ت,ت,ت,ت,ت,ت,ت,ت,ت,ت,ت,ت,ت,ت,ت,ت,ت,ت,ت,ت,ت",1.0,1.0,0.0,Qwen2.5-32B-Instruct,20,game_114
Qwen2.5-32B-Instruct__noise20__game_115,116,2026-02-12T07:15:22.084328,ar,True,30,30,agent1,VLLMQwen32B,أناني,0.2,202,0.1667,0.8333,5,"4,16,17,18,22","خ,خ,خ,ت,خ,خ,خ,خ,خ,خ,خ,خ,خ,خ,خ,ت,ت,ت,خ,خ,خ,ت,خ,خ,خ,خ,خ,خ,خ,خ","خ,خ,خ,خ,خ,خ,خ,خ,خ,خ,خ,خ,خ,خ,خ,خ,خ,خ,خ,خ,خ,خ,خ,خ,خ,خ,خ,خ,خ,خ",agent2,VLLMQwen32B,أناني,0.2,212,0.2,0.8,6,"1,6,17,22,25,26","ت,خ,خ,خ,خ,ت,خ,خ,خ,خ,خ,خ,خ,خ,خ,خ,ت,خ,خ,خ,خ,ت,خ,خ,ت,ت,خ,خ,خ,خ","خ,خ,خ,خ,خ,خ,خ,خ,خ,خ,خ,خ,خ,خ,خ,خ,خ,خ,خ,خ,خ,خ,خ,خ,خ,خ,خ,خ,خ,خ",1.0,1.0,0.0,Qwen2.5-32B-Instruct,20,game_115
Qwen2.5-32B-Instruct__noise20__game_113,114,2026-02-12T07:15:41.843208,ar,True,30,30,agent1,VLLMQwen32B,متعاون,0.2,264,0.8,0.2,6,"5,10,12,18,21,28","ت,ت,ت,ت,خ,ت,ت,ت,ت,خ,ت,خ,ت,ت,ت,ت,ت,خ,ت,ت,خ,ت,ت,ت,ت,ت,ت,خ,ت,ت","ت,ت,ت,ت,ت,ت,ت,ت,ت,ت,ت,ت,ت,ت,ت,ت,ت,ت,ت,ت,ت,ت,ت,ت,ت,ت,ت,ت,ت,ت",agent2,VLLMQwen32B,أناني,0.2,54,0.1,0.9,3,"17,21,27","خ,خ,خ,خ,خ,خ,خ,خ,خ,خ,خ,خ,خ,خ,خ,خ,ت,خ,خ,خ,ت,خ,خ,خ,خ,خ,ت,خ,خ,خ","خ,خ,خ,خ,خ,خ,خ,خ,خ,خ,خ,خ,خ,خ,خ,خ,خ,خ,خ,خ,خ,خ,خ,خ,خ,خ,خ,خ,خ,خ",1.0,1.0,0.0833,Qwen2.5-32B-Instruct,20,game_113
Qwen2.5-32B-Instruct__noise20__game_116,117,2026-02-12T07:16:45.353938,ar,True,30,30,agent1,VLLMQwen32B,متعاون,0.2,118,0.9,0.1,3,"13,27,28","ت,ت,ت,ت,ت,ت,ت,ت,ت,ت,ت,ت,خ,ت,ت,ت,ت,ت,ت,ت,ت,ت,ت,ت,ت,ت,خ,خ,ت,ت","ت,ت,ت,ت,ت,ت,ت,ت,ت,ت,ت,ت,ت,ت,ت,ت,ت,ت,ت,ت,ت,ت,ت,ت,ت,ت,ت,ت,ت,ت",agent2,VLLMQwen32B,متعاون,0.2,68,0.7333,0.2667,8,"2,3,4,5,12,19,21,26","ت,خ,خ,خ,خ,ت,ت,ت,ت,ت,ت,خ,ت,ت,ت,ت,ت,ت,خ,ت,خ,ت,ت,ت,ت,خ,ت,ت,ت,ت","ت,ت,ت,ت,ت,ت,ت,ت,ت,ت,ت,ت,ت,ت,ت,ت,ت,ت,ت,ت,ت,ت,ت,ت,ت,ت,ت,ت,ت,ت",1.0,1.0,0.0833,Qwen2.5-32B-Instruct,20,game_116
Qwen2.5-32B-Instruct__noise20__game_117,118,2026-02-12T07:19:33.759434,ar,True,30,30,agent1,VLLMQwen32B,متعاون,0.2,266,0.8333,0.1667,5,"1,9,13,20,23","خ,ت,ت,ت,ت,ت,ت,ت,خ,ت,ت,ت,خ,ت,ت,ت,ت,ت,ت,خ,ت,ت,خ,ت,ت,ت,ت,ت,ت,ت","ت,ت,ت,ت,ت,ت,ت,ت,ت,ت,ت,ت,ت,ت,ت,ت,ت,ت,ت,ت,ت,ت,ت,ت,ت,ت,ت,ت,ت,ت",agent2,VLLMQwen32B,أناني,0.2,46,0.1,0.9,3,"3,5,10","خ,خ,ت,خ,ت,خ,خ,خ,خ,ت,خ,خ,خ,خ,خ,خ,خ,خ,خ,خ,خ,خ,خ,خ,خ,خ,خ,خ,خ,خ","خ,خ,خ,خ,خ,خ,خ,خ,خ,خ,خ,خ,خ,خ,خ,خ,خ,خ,خ,خ,خ,خ,خ,خ,خ,خ,خ,خ,خ,خ",1.0,1.0,0.0556,Qwen2.5-32B-Instruct,20,game_117
Qwen2.5-32B-Instruct__noise20__game_118,119,2026-02-12T07:20:36.547957,ar,True,30,30,agent1,VLLMQwen32B,أناني,0.2,74,0.3,0.7,9,"3,7,9,12,15,23,24,25,28","خ,خ,ت,خ,خ,خ,ت,خ,ت,خ,خ,ت,خ,خ,ت,خ,خ,خ,خ,خ,خ,خ,ت,ت,ت,خ,خ,ت,خ,خ","خ,خ,خ,خ,خ,خ,خ,خ,خ,خ,خ,خ,خ,خ,خ,خ,خ,خ,خ,خ,خ,خ,خ,خ,خ,خ,خ,خ,خ,خ",agent2,VLLMQwen32B,متعاون,0.2,214,0.7667,0.2333,7,"2,9,19,20,21,25,30","ت,خ,ت,ت,ت,ت,ت,ت,خ,ت,ت,ت,ت,ت,ت,ت,ت,ت,خ,خ,خ,ت,ت,ت,خ,ت,ت,ت,ت,خ","ت,ت,ت,ت,ت,ت,ت,ت,ت,ت,ت,ت,ت,ت,ت,ت,ت,ت,ت,ت,ت,ت,ت,ت,ت,ت,ت,ت,ت,ت",1.0,1.0,0.0,Qwen2.5-32B-Instruct,20,game_118
Qwen2.5-32B-Instruct__noise20__game_119,120,2026-02-12T07:20:48.296436,ar,True,30,30,agent1,VLLMQwen32B,أناني,0.2,182,0.1,0.9,3,"7,10,18","خ,خ,خ,خ,خ,خ,ت,خ,خ,ت,خ,خ,خ,خ,خ,خ,خ,ت,خ,خ,خ,خ,خ,خ,خ,خ,خ,خ,خ,خ","خ,خ,خ,خ,خ,خ,خ,خ,خ,خ,خ,خ,خ,خ,خ,خ,خ,خ,خ,خ,خ,خ,خ,خ,خ,خ,خ,خ,خ,خ",agent2,VLLMQwen32B,أناني,0.2,232,0.2667,0.7333,8,"2,3,5,14,16,26,29,30","خ,ت,ت,خ,ت,خ,خ,خ,خ,خ,خ,خ,خ,ت,خ,ت,خ,خ,خ,خ,خ,خ,خ,خ,خ,ت,خ,خ,ت,ت","خ,خ,خ,خ,خ,خ,خ,خ,خ,خ,خ,خ,خ,خ,خ,خ,خ,خ,خ,خ,خ,خ,خ,خ,خ,خ,خ,خ,خ,خ",1.0,1.0,0.0,Qwen2.5-32B-Instruct,20,game_119
Qwen2.5-32B-Instruct__noise20__game_120,121,2026-02-12T07:21:09.579667,cn,True,30,30,agent1,VLLMQwen32B,合作型的,0.2,92,0.8667,0.1333,4,"6,21,23,30","合,合,合,合,合,背,合,合,合,合,合,合,合,合,合,合,合,合,合,合,背,合,背,合,合,合,合,合,合,背","合,合,合,合,合,合,合,合,合,合,合,合,合,合,合,合,合,合,合,合,合,合,合,合,合,合,合,合,合,合",agent2,VLLMQwen32B,合作型的,0.2,82,0.8333,0.1667,5,"1,9,11,15,25","背,合,合,合,合,合,合,合,背,合,背,合,合,合,背,合,合,合,合,合,合,合,合,合,背,合,合,合,合,合","合,合,合,合,合,合,合,合,合,合,合,合,合,合,合,合,合,合,合,合,合,合,合,合,合,合,合,合,合,合",1.0,1.0,0.0556,Qwen2.5-32B-Instruct,20,game_120
Qwen2.5-32B-Instruct__noise20__game_121,122,2026-02-12T07:23:50.256217,cn,True,30,30,agent1,VLLMQwen32B,合作型的,0.2,278,0.9,0.1,3,"14,23,26","合,合,合,合,合,合,合,合,合,合,合,合,合,背,合,合,合,合,合,合,合,合,背,合,合,背,合,合,合,合","合,合,合,合,合,合,合,合,合,合,合,合,合,合,合,合,合,合,合,合,合,合,合,合,合,合,合,合,合,合",agent2,VLLMQwen32B,自私型的,0.2,28,0.0667,0.9333,2,"3,18","背,背,合,背,背,背,背,背,背,背,背,背,背,背,背,背,背,合,背,背,背,背,背,背,背,背,背,背,背,背","背,背,背,背,背,背,背,背,背,背,背,背,背,背,背,背,背,背,背,背,背,背,背,背,背,背,背,背,背,背",1.0,1.0,0.1111,Qwen2.5-32B-Instruct,20,game_121
Qwen2.5-32B-Instruct__noise20__game_122,123,2026-02-12T07:24:40.652674,cn,True,30,30,agent1,VLLMQwen32B,自私型的,0.2,82,0.1667,0.8333,5,"12,18,19,20,30","背,背,背,背,背,背,背,背,背,背,背,合,背,背,背,背,背,合,合,合,背,背,背,背,背,背,背,背,背,合","背,背,背,背,背,背,背,背,背,背,背,背,背,背,背,背,背,背,背,背,背,背,背,背,背,背,背,背,背,背",agent2,VLLMQwen32B,合作型的,0.2,242,0.7,0.3,9,"2,5,10,12,15,20,25,27,30","合,背,合,合,背,合,合,合,合,背,合,背,合,合,背,合,合,合,合,背,合,合,合,合,背,合,背,合,合,背","合,合,合,合,合,合,合,合,合,合,合,合,合,合,合,合,合,合,合,合,合,合,合,合,合,合,合,合,合,合",1.0,1.0,0.0556,Qwen2.5-32B-Instruct,20,game_122
Qwen2.5-32B-Instruct__noise20__game_123,124,2026-02-12T07:24:52.828940,cn,True,30,30,agent1,VLLMQwen32B,自私型的,0.2,208,0.2667,0.7333,8,"2,8,15,16,23,27,29,30","背,合,背,背,背,背,背,合,背,背,背,背,背,背,合,合,背,背,背,背,背,背,合,背,背,背,合,背,合,合","背,背,背,背,背,背,背,背,背,背,背,背,背,背,背,背,背,背,背,背,背,背,背,背,背,背,背,背,背,背",agent2,VLLMQwen32B,自私型的,0.2,188,0.2,0.8,6,"6,8,11,28,29,30","背,背,背,背,背,合,背,合,背,背,合,背,背,背,背,背,背,背,背,背,背,背,背,背,背,背,背,合,合,合","背,背,背,背,背,背,背,背,背,背,背,背,背,背,背,背,背,背,背,背,背,背,背,背,背,背,背,背,背,背",1.0,1.0,0.0556,Qwen2.5-32B-Instruct,20,game_123
Qwen2.5-32B-Instruct__noise20__game_124,125,2026-02-12T07:25:17.836156,cn,True,30,30,agent1,VLLMQwen32B,合作型的,0.2,134,0.7667,0.2333,7,"3,4,15,18,19,21,30","合,合,背,背,合,合,合,合,合,合,合,合,合,合,背,合,合,背,背,合,背,合,合,合,合,合,合,合,合,背","合,合,合,合,合,合,合,合,合,合,合,合,合,合,合,合,合,合,合,合,合,合,合,合,合,合,合,合,合,合",agent2,VLLMQwen32B,合作型的,0.2,94,0.6333,0.3667,11,"1,3,9,14,17,22,23,25,26,29,30","背,合,背,合,合,合,合,合,背,合,合,合,合,背,合,合,背,合,合,合,合,背,背,合,背,背,合,合,背,背","合,合,合,合,合,合,合,合,合,合,合,合,合,合,合,合,合,合,合,合,合,合,合,合,合,合,合,合,合,合",1.0,1.0,0.0,Qwen2.5-32B-Instruct,20,game_124
Qwen2.5-32B-Instruct__noise20__game_125,126,2026-02-12T07:28:01.679640,cn,True,30,30,agent1,VLLMQwen32B,合作型的,0.2,268,0.7333,0.2667,7,"6,13,15,16,18,25,26","合,合,合,合,合,背,合,合,合,合,合,合,背,合,背,背,合,背,合,合,合,合,合,合,背,背,合,合,合,背","合,合,合,合,合,合,合,合,合,合,合,合,合,合,合,合,合,合,合,合,合,合,合,合,合,合,合,合,合,背",agent2,VLLMQwen32B,自私型的,0.2,68,0.0667,0.9333,2,"15,17","背,背,背,背,背,背,背,背,背,背,背,背,背,背,合,背,合,背,背,背,背,背,背,背,背,背,背,背,背,背","背,背,背,背,背,背,背,背,背,背,背,背,背,背,背,背,背,背,背,背,背,背,背,背,背,背,背,背,背,背",1.0,1.0,0.1667,Qwen2.5-32B-Instruct,20,game_125
Qwen2.5-32B-Instruct__noise20__game_126,127,2026-02-12T07:28:50.215273,cn,True,30,30,agent1,VLLMQwen32B,自私型的,0.2,64,0.1333,0.8667,4,"2,12,21,24","背,合,背,背,背,背,背,背,背,背,背,合,背,背,背,背,背,背,背,背,合,背,背,合,背,背,背,背,背,背","背,背,背,背,背,背,背,背,背,背,背,背,背,背,背,背,背,背,背,背,背,背,背,背,背,背,背,背,背,背",agent2,VLLMQwen32B,合作型的,0.2,254,0.7667,0.2333,6,"4,9,12,17,24,29","合,合,合,背,合,合,合,合,背,合,合,背,合,合,合,合,背,合,合,合,合,合,合,背,合,合,合,合,背,背","合,合,合,合,合,合,合,合,合,合,合,合,合,合,合,合,合,合,合,合,合,合,合,合,合,合,合,合,合,背",1.0,1.0,0.0556,Qwen2.5-32B-Instruct,20,game_126
Qwen2.5-32B-Instruct__noise20__game_127,128,2026-02-12T07:29:04.836458,cn,True,30,30,agent1,VLLMQwen32B,自私型的,0.2,158,0.2333,0.7667,7,"4,7,18,22,27,29,30","背,背,背,合,背,背,合,背,背,背,背,背,背,背,背,背,背,合,背,背,背,合,背,背,背,背,合,背,合,合","背,背,背,背,背,背,背,背,背,背,背,背,背,背,背,背,背,背,背,背,背,背,背,背,背,背,背,背,背,背",agent2,VLLMQwen32B,自私型的,0.2,208,0.4,0.6,12,"6,10,11,12,13,17,18,19,21,22,23,26","背,背,背,背,背,合,背,背,背,合,合,合,合,背,背,背,合,合,合,背,合,合,合,背,背,合,背,背,背,背","背,背,背,背,背,背,背,背,背,背,背,背,背,背,背,背,背,背,背,背,背,背,背,背,背,背,背,背,背,背",1.0,1.0,0.0833,Qwen2.5-32B-Instruct,20,game_127
Qwen2.5-32B-Instruct__noise20__game_128,129,2026-02-12T07:29:23.354528,cn,True,30,30,agent1,VLLMQwen32B,合作型的,0.2,100,0.8667,0.1333,4,"1,7,10,21","背,合,合,合,合,合,背,合,合,背,合,合,合,合,合,合,合,合,合,合,背,合,合,合,合,合,合,合,合,合","合,合,合,合,合,合,合,合,合,合,合,合,合,合,合,合,合,合,合,合,合,合,合,合,合,合,合,合,合,合",agent2,VLLMQwen32B,合作型的,0.2,80,0.8,0.2,6,"8,11,12,14,21,22","合,合,合,合,合,合,合,背,合,合,背,背,合,背,合,合,合,合,合,合,背,背,合,合,合,合,合,合,合,合","合,合,合,合,合,合,合,合,合,合,合,合,合,合,合,合,合,合,合,合,合,合,合,合,合,合,合,合,合,合",1.0,1.0,0.0556,Qwen2.5-32B-Instruct,20,game_128
Qwen2.5-32B-Instruct__noise20__game_129,130,2026-02-12T07:32:18.487354,cn,True,30,30,agent1,VLLMQwen32B,合作型的,0.2,228,0.6,0.4,10,"8,10,13,14,16,19,20,24,25,29","合,合,合,合,合,合,合,背,合,背,合,合,背,背,合,背,合,合,背,背,合,合,合,背,背,合,背,背,合,背","合,合,合,合,合,合,合,合,合,合,合,合,合,合,合,合,合,合,合,合,合,合,合,合,合,合,背,背,背,背",agent2,VLLMQwen32B,自私型的,0.2,108,0.2,0.8,6,"1,3,6,8,16,24","合,背,合,背,背,合,背,合,背,背,背,背,背,背,背,合,背,背,背,背,背,背,背,合,背,背,背,背,背,背","背,背,背,背,背,背,背,背,背,背,背,背,背,背,背,背,背,背,背,背,背,背,背,背,背,背,背,背,背,背",1.0,1.0,0.0,Qwen2.5-32B-Instruct,20,game_129
Qwen2.5-32B-Instruct__noise20__game_130,131,2026-02-12T07:32:57.112330,cn,True,30,30,agent1,VLLMQwen32B,自私型的,0.2,88,0.2667,0.7333,8,"1,14,15,17,21,27,28,29","合,背,背,背,背,背,背,背,背,背,背,背,背,合,合,背,合,背,背,背,合,背,背,背,背,背,合,合,合,背","背,背,背,背,背,背,背,背,背,背,背,背,背,背,背,背,背,背,背,背,背,背,背,背,背,背,背,背,背,背",agent2,VLLMQwen32B,合作型的,0.2,218,0.7,0.3,8,"4,8,9,19,21,25,28,29","合,合,合,背,合,合,合,背,背,合,合,合,合,合,合,合,合,合,背,合,背,合,合,合,背,合,合,背,背,背","合,合,合,合,合,合,合,合,合,合,合,合,合,合,合,合,合,合,合,合,合,合,合,合,合,合,合,合,合,背",1.0,1.0,0.0556,Qwen2.5-32B-Instruct,20,game_130
Qwen2.5-32B-Instruct__noise20__game_131,132,2026-02-12T07:33:25.922822,cn,True,30,30,agent1,VLLMQwen32B,自私型的,0.2,230,0.2333,0.7667,7,"6,8,12,22,26,28,30","背,背,背,背,背,合,背,合,背,背,背,合,背,背,背,背,背,背,背,背,背,合,背,背,背,合,背,合,背,合","背,背,背,背,背,背,背,背,背,背,背,背,背,背,背,背,背,背,背,背,背,背,背,背,背,背,背,背,背,背",agent2,VLLMQwen32B,自私型的,0.2,190,0.1,0.9,3,"21,25,30","背,背,背,背,背,背,背,背,背,背,背,背,背,背,背,背,背,背,背,背,合,背,背,背,合,背,背,背,背,合","背,背,背,背,背,背,背,背,背,背,背,背,背,背,背,背,背,背,背,背,背,背,背,背,背,背,背,背,背,背",1.0,1.0,0.1111,Qwen2.5-32B-Instruct,20,game_131
Qwen2.5-32B-Instruct__noise20__game_132,133,2026-02-12T07:33:32.505509,cn,True,30,30,agent1,VLLMQwen32B,合作型的,0.2,84,0.8667,0.1333,4,"2,14,20,27","合,背,合,合,合,合,合,合,合,合,合,合,合,背,合,合,合,合,合,背,合,合,合,合,合,合,背,合,合,合","合,合,合,合,合,合,合,合,合,合,合,合,合,合,合,合,合,合,合,合,合,合,合,合,合,合,合,合,合,合",agent2,VLLMQwen32B,合作型的,0.2,84,0.8667,0.1333,4,"7,17,22,29","合,合,合,合,合,合,背,合,合,合,合,合,合,合,合,合,背,合,合,合,合,背,合,合,合,合,合,合,背,合","合,合,合,合,合,合,合,合,合,合,合,合,合,合,合,合,合,合,合,合,合,合,合,合,合,合,合,合,合,合",1.0,1.0,0.1111,Qwen2.5-32B-Instruct,20,game_132
Qwen2.5-32B-Instruct__noise20__game_133,134,2026-02-12T07:36:27.421749,cn,True,30,30,agent1,VLLMQwen32B,合作型的,0.2,230,0.7667,0.2333,7,"5,18,19,20,24,27,30","合,合,合,合,背,合,合,合,合,合,合,合,合,合,合,合,合,背,背,背,合,合,合,背,合,合,背,合,背,合","合,合,合,合,合,合,合,合,合,合,合,合,合,合,合,合,合,合,合,合,合,合,合,合,合,合,合,合,背,背",agent2,VLLMQwen32B,自私型的,0.2,70,0.2333,0.7667,7,"2,10,13,17,22,24,25","背,合,背,背,背,背,背,背,背,合,背,背,合,背,背,背,合,背,背,背,背,合,背,合,合,背,背,背,背,背","背,背,背,背,背,背,背,背,背,背,背,背,背,背,背,背,背,背,背,背,背,背,背,背,背,背,背,背,背,背",1.0,1.0,0.0,Qwen2.5-32B-Instruct,20,game_133
Qwen2.5-32B-Instruct__noise20__game_134,135,2026-02-12T07:37:17.788044,cn,True,30,30,agent1,VLLMQwen32B,自私型的,0.2,44,0.0667,0.9333,2,"10,20","背,背,背,背,背,背,背,背,背,合,背,背,背,背,背,背,背,背,背,合,背,背,背,背,背,背,背,背,背,背","背,背,背,背,背,背,背,背,背,背,背,背,背,背,背,背,背,背,背,背,背,背,背,背,背,背,背,背,背,背",agent2,VLLMQwen32B,合作型的,0.2,274,0.8333,0.1667,5,"2,3,14,20,30","合,背,背,合,合,合,合,合,合,合,合,合,合,背,合,合,合,合,合,背,合,合,合,合,合,合,合,合,合,背","合,合,合,合,合,合,合,合,合,合,合,合,合,合,合,合,合,合,合,合,合,合,合,合,合,合,合,合,合,合",1.0,1.0,0.0556,Qwen2.5-32B-Instruct,20,game_134
Qwen2.5-32B-Instruct__noise20__game_135,136,2026-02-12T07:37:35.034586,cn,True,30,30,agent1,VLLMQwen32B,自私型的,0.2,206,0.1,0.9,3,"17,18,20","背,背,背,背,背,背,背,背,背,背,背,背,背,背,背,背,合,合,背,合,背,背,背,背,背,背,背,背,背,背","背,背,背,背,背,背,背,背,背,背,背,背,背,背,背,背,背,背,背,背,背,背,背,背,背,背,背,背,背,背",agent2,VLLMQwen32B,自私型的,0.2,226,0.1667,0.8333,5,"5,15,23,25,27","背,背,背,背,合,背,背,背,背,背,背,背,背,背,合,背,背,背,背,背,背,背,合,背,合,背,合,背,背,背","背,背,背,背,背,背,背,背,背,背,背,背,背,背,背,背,背,背,背,背,背,背,背,背,背,背,背,背,背,背",1.0,1.0,0.1111,Qwen2.5-32B-Instruct,20,game_135
Qwen2.5-32B-Instruct__noise20__game_136,137,2026-02-12T07:37:46.875462,cn,True,30,30,agent1,VLLMQwen32B,合作型的,0.2,74,0.7,0.3,9,"5,12,15,16,17,18,19,25,30","合,合,合,合,背,合,合,合,合,合,合,背,合,合,背,背,背,背,背,合,合,合,合,合,背,合,合,合,合,背","合,合,合,合,合,合,合,合,合,合,合,合,合,合,合,合,合,合,合,合,合,合,合,合,合,合,合,合,合,合",agent2,VLLMQwen32B,合作型的,0.2,124,0.8667,0.1333,4,"4,5,17,29","合,合,合,背,背,合,合,合,合,合,合,合,合,合,合,合,背,合,合,合,合,合,合,合,合,合,合,合,背,合","合,合,合,合,合,合,合,合,合,合,合,合,合,合,合,合,合,合,合,合,合,合,合,合,合,合,合,合,合,合",1.0,1.0,0.0,Qwen2.5-32B-Instruct,20,game_136
Qwen2.5-32B-Instruct__noise20__game_137,138,2026-02-12T07:40:53.424062,cn,True,30,30,agent1,VLLMQwen32B,合作型的,0.2,236,0.7333,0.2667,7,"5,8,9,13,20,27,28","合,合,合,合,背,合,合,背,背,合,合,合,背,合,合,合,合,合,合,背,合,合,合,合,合,合,背,背,合,背","合,合,合,合,合,合,合,合,合,合,合,合,合,合,合,合,合,合,合,合,合,合,合,合,合,合,合,合,合,背",agent2,VLLMQwen32B,自私型的,0.2,76,0.2,0.8,6,"5,13,14,15,24,26","背,背,背,背,合,背,背,背,背,背,背,背,合,合,合,背,背,背,背,背,背,背,背,合,背,合,背,背,背,背","背,背,背,背,背,背,背,背,背,背,背,背,背,背,背,背,背,背,背,背,背,背,背,背,背,背,背,背,背,背",1.0,1.0,0.0556,Qwen2.5-32B-Instruct,20,game_137
Qwen2.5-32B-Instruct__noise20__game_138,139,2026-02-12T07:41:17.046427,cn,True,30,30,agent1,VLLMQwen32B,自私型的,0.2,58,0.3,0.7,9,"6,7,10,17,19,20,22,27,30","背,背,背,背,背,合,合,背,背,合,背,背,背,背,背,背,合,背,合,合,背,合,背,背,背,背,合,背,背,合","背,背,背,背,背,背,背,背,背,背,背,背,背,背,背,背,背,背,背,背,背,背,背,背,背,背,背,背,背,背",agent2,VLLMQwen32B,合作型的,0.2,218,0.8333,0.1667,5,"5,9,12,13,17","合,合,合,合,背,合,合,合,背,合,合,背,背,合,合,合,背,合,合,合,合,合,合,合,合,合,合,合,合,合","合,合,合,合,合,合,合,合,合,合,合,合,合,合,合,合,合,合,合,合,合,合,合,合,合,合,合,合,合,合",1.0,1.0,0.0556,Qwen2.5-32B-Instruct,20,game_138
Qwen2.5-32B-Instruct__noise20__game_140,141,2026-02-12T07:41:52.394325,cn,True,30,30,agent1,VLLMQwen32B,合作型的,0.2,106,0.7,0.3,9,"1,3,8,12,15,17,20,24,25","背,合,背,合,合,合,合,背,合,合,合,背,合,合,背,合,背,合,合,背,合,合,合,背,背,合,合,合,合,合","合,合,合,合,合,合,合,合,合,合,合,合,合,合,合,合,合,合,合,合,合,合,合,合,合,合,合,合,合,合",agent2,VLLMQwen32B,合作型的,0.2,116,0.7333,0.2667,8,"2,10,16,23,24,26,27,29","合,背,合,合,合,合,合,合,合,背,合,合,合,合,合,背,合,合,合,合,合,合,背,背,合,背,背,合,背,合","合,合,合,合,合,合,合,合,合,合,合,合,合,合,合,合,合,合,合,合,合,合,合,合,合,合,合,合,合,合",1.0,1.0,0.0556,Qwen2.5-32B-Instruct,20,game_140
Qwen2.5-32B-Instruct__noise20__game_139,140,2026-02-12T07:41:54.188102,cn,True,30,30,agent1,VLLMQwen32B,自私型的,0.2,204,0.2,0.8,6,"7,8,12,14,15,27","背,背,背,背,背,背,合,合,背,背,背,合,背,合,合,背,背,背,背,背,背,背,背,背,背,背,合,背,背,背","背,背,背,背,背,背,背,背,背,背,背,背,背,背,背,背,背,背,背,背,背,背,背,背,背,背,背,背,背,背",agent2,VLLMQwen32B,自私型的,0.2,204,0.2,0.8,6,"4,7,8,18,25,28","背,背,背,合,背,背,合,合,背,背,背,背,背,背,背,背,背,合,背,背,背,背,背,背,合,背,背,合,背,背","背,背,背,背,背,背,背,背,背,背,背,背,背,背,背,背,背,背,背,背,背,背,背,背,背,背,背,背,背,背",1.0,1.0,0.0556,Qwen2.5-32B-Instruct,20,game_139
Qwen2.5-32B-Instruct__noise20__game_141,142,2026-02-12T07:44:59.081696,cn,True,30,30,agent1,VLLMQwen32B,合作型的,0.2,228,0.8667,0.1333,4,"7,19,28,29","合,合,合,合,合,合,背,合,合,合,合,合,合,合,合,合,合,合,背,合,合,合,合,合,合,合,合,背,背,合","合,合,合,合,合,合,合,合,合,合,合,合,合,合,合,合,合,合,合,合,合,合,合,合,合,合,合,合,合,合",agent2,VLLMQwen32B,自私型的,0.2,48,0.2667,0.7333,8,"1,4,7,9,13,24,27,28","合,背,背,合,背,背,合,背,合,背,背,背,合,背,背,背,背,背,背,背,背,背,背,合,背,背,合,合,背,背","背,背,背,背,背,背,背,背,背,背,背,背,背,背,背,背,背,背,背,背,背,背,背,背,背,背,背,背,背,背",1.0,1.0,0.0556,Qwen2.5-32B-Instruct,20,game_141
Qwen2.5-32B-Instruct__noise20__game_142,143,2026-02-12T07:45:21.339383,cn,True,30,30,agent1,VLLMQwen32B,自私型的,0.2,46,0.1,0.9,3,"2,9,17","背,合,背,背,背,背,背,背,合,背,背,背,背,背,背,背,合,背,背,背,背,背,背,背,背,背,背,背,背,背","背,背,背,背,背,背,背,背,背,背,背,背,背,背,背,背,背,背,背,背,背,背,背,背,背,背,背,背,背,背",agent2,VLLMQwen32B,合作型的,0.2,266,0.8333,0.1667,5,"14,19,23,25,28","合,合,合,合,合,合,合,合,合,合,合,合,合,背,合,合,合,合,背,合,合,合,背,合,背,合,合,背,合,合","合,合,合,合,合,合,合,合,合,合,合,合,合,合,合,合,合,合,合,合,合,合,合,合,合,合,合,合,合,合",1.0,1.0,0.1667,Qwen2.5-32B-Instruct,20,game_142
Qwen2.5-32B-Instruct__noise20__game_144,145,2026-02-12T07:46:01.976634,cn,True,30,30,agent1,VLLMQwen32B,合作型的,0.2,98,0.8333,0.1667,5,"2,4,14,28,29","合,背,合,背,合,合,合,合,合,合,合,合,合,背,合,合,合,合,合,合,合,合,合,合,合,合,合,背,背,合","合,合,合,合,合,合,合,合,合,合,合,合,合,合,合,合,合,合,合,合,合,合,合,合,合,合,合,合,合,合",agent2,VLLMQwen32B,合作型的,0.2,88,0.8,0.2,6,"6,14,15,21,27,29","合,合,合,合,合,背,合,合,合,合,合,合,合,背,背,合,合,合,合,合,背,合,合,合,合,合,背,合,背,合","合,合,合,合,合,合,合,合,合,合,合,合,合,合,合,合,合,合,合,合,合,合,合,合,合,合,合,合,合,合",1.0,1.0,0.0556,Qwen2.5-32B-Instruct,20,game_144
Qwen2.5-32B-Instruct__noise20__game_143,144,2026-02-12T07:46:02.662471,cn,True,30,30,agent1,VLLMQwen32B,自私型的,0.2,208,0.2667,0.7333,8,"1,3,6,8,15,21,22,25","合,背,合,背,背,合,背,合,背,背,背,背,背,背,合,背,背,背,背,背,合,合,背,背,合,背,背,背,背,背","背,背,背,背,背,背,背,背,背,背,背,背,背,背,背,背,背,背,背,背,背,背,背,背,背,背,背,背,背,背",agent2,VLLMQwen32B,自私型的,0.2,188,0.2,0.8,6,"5,8,14,15,25,28","背,背,背,背,合,背,背,合,背,背,背,背,背,合,合,背,背,背,背,背,背,背,背,背,合,背,背,合,背,背","背,背,背,背,背,背,背,背,背,背,背,背,背,背,背,背,背,背,背,背,背,背,背,背,背,背,背,背,背,背",1.0,1.0,0.0556,Qwen2.5-32B-Instruct,20,game_143
Qwen2.5-32B-Instruct__noise20__game_145,146,2026-02-12T07:49:06.840780,cn,True,30,30,agent1,VLLMQwen32B,合作型的,0.2,238,0.7667,0.2333,7,"1,4,13,14,17,18,22","背,合,合,背,合,合,合,合,合,合,合,合,背,背,合,合,背,背,合,合,合,背,合,合,合,合,合,合,合,合","合,合,合,合,合,合,合,合,合,合,合,合,合,合,合,合,合,合,合,合,合,合,合,合,合,合,合,合,合,合",agent2,VLLMQwen32B,自私型的,0.2,68,0.2,0.8,6,"8,11,13,16,22,23","背,背,背,背,背,背,背,合,背,背,合,背,合,背,背,合,背,背,背,背,背,合,合,背,背,背,背,背,背,背","背,背,背,背,背,背,背,背,背,背,背,背,背,背,背,背,背,背,背,背,背,背,背,背,背,背,背,背,背,背",1.0,1.0,0.0,Qwen2.5-32B-Instruct,20,game_145
Qwen2.5-32B-Instruct__noise20__game_146,147,2026-02-12T07:49:24.477367,cn,True,30,30,agent1,VLLMQwen32B,自私型的,0.2,28,0.2,0.8,6,"3,16,22,23,26,28","背,背,合,背,背,背,背,背,背,背,背,背,背,背,背,合,背,背,背,背,背,合,合,背,背,合,背,合,背,背","背,背,背,背,背,背,背,背,背,背,背,背,背,背,背,背,背,背,背,背,背,背,背,背,背,背,背,背,背,背",agent2,VLLMQwen32B,合作型的,0.2,248,0.9333,0.0667,2,"25,28","合,合,合,合,合,合,合,合,合,合,合,合,合,合,合,合,合,合,合,合,合,合,合,合,背,合,合,背,合,合","合,合,合,合,合,合,合,合,合,合,合,合,合,合,合,合,合,合,合,合,合,合,合,合,合,合,合,合,合,合",1.0,1.0,0.2222,Qwen2.5-32B-Instruct,20,game_146
Qwen2.5-32B-Instruct__noise20__game_148,149,2026-02-12T07:50:16.522820,cn,True,30,30,agent1,VLLMQwen32B,合作型的,0.2,68,0.8667,0.1333,4,"1,17,26,27","背,合,合,合,合,合,合,合,合,合,合,合,合,合,合,合,背,合,合,合,合,合,合,合,合,背,背,合,合,合","合,合,合,合,合,合,合,合,合,合,合,合,合,合,合,合,合,合,合,合,合,合,合,合,合,合,合,合,合,合",agent2,VLLMQwen32B,合作型的,0.2,88,0.9333,0.0667,2,"16,17","合,合,合,合,合,合,合,合,合,合,合,合,合,合,合,背,背,合,合,合,合,合,合,合,合,合,合,合,合,合","合,合,合,合,合,合,合,合,合,合,合,合,合,合,合,合,合,合,合,合,合,合,合,合,合,合,合,合,合,合",1.0,1.0,0.1667,Qwen2.5-32B-Instruct,20,game_148
Qwen2.5-32B-Instruct__noise20__game_147,148,2026-02-12T07:50:23.000874,cn,True,30,30,agent1,VLLMQwen32B,自私型的,0.2,198,0.1,0.9,3,"14,22,30","背,背,背,背,背,背,背,背,背,背,背,背,背,合,背,背,背,背,背,背,背,合,背,背,背,背,背,背,背,合","背,背,背,背,背,背,背,背,背,背,背,背,背,背,背,背,背,背,背,背,背,背,背,背,背,背,背,背,背,背",agent2,VLLMQwen32B,自私型的,0.2,228,0.2,0.8,6,"4,5,8,15,18,27","背,背,背,合,合,背,背,合,背,背,背,背,背,背,合,背,背,合,背,背,背,背,背,背,背,背,合,背,背,背","背,背,背,背,背,背,背,背,背,背,背,背,背,背,背,背,背,背,背,背,背,背,背,背,背,背,背,背,背,背",1.0,1.0,0.0556,Qwen2.5-32B-Instruct,20,game_147
Qwen2.5-32B-Instruct__noise20__game_149,150,2026-02-12T07:53:23.496647,cn,True,30,30,agent1,VLLMQwen32B,合作型的,0.2,244,0.7333,0.2667,8,"5,15,18,20,21,22,23,29","合,合,合,合,背,合,合,合,合,合,合,合,合,合,背,合,合,背,合,背,背,背,背,合,合,合,合,合,背,合","合,合,合,合,合,合,合,合,合,合,合,合,合,合,合,合,合,合,合,合,合,合,合,合,合,合,合,合,合,合",agent2,VLLMQwen32B,自私型的,0.2,74,0.1667,0.8333,5,"3,10,11,25,30","背,背,合,背,背,背,背,背,背,合,合,背,背,背,背,背,背,背,背,背,背,背,背,背,合,背,背,背,背,合","背,背,背,背,背,背,背,背,背,背,背,背,背,背,背,背,背,背,背,背,背,背,背,背,背,背,背,背,背,背",1.0,1.0,0.0,Qwen2.5-32B-Instruct,20,game_149
Qwen2.5-32B-Instruct__noise20__game_150,151,2026-02-12T07:53:39.321132,cn,True,30,30,agent1,VLLMQwen32B,自私型的,0.2,68,0.2,0.8,6,"5,6,7,12,15,30","背,背,背,背,合,合,合,背,背,背,背,合,背,背,合,背,背,背,背,背,背,背,背,背,背,背,背,背,背,合","背,背,背,背,背,背,背,背,背,背,背,背,背,背,背,背,背,背,背,背,背,背,背,背,背,背,背,背,背,背",agent2,VLLMQwen32B,合作型的,0.2,238,0.7667,0.2333,6,"1,2,4,15,18,28","背,背,合,背,合,合,合,合,合,合,合,合,合,合,背,合,合,背,合,合,合,合,合,合,合,合,合,背,合,背","合,合,合,合,合,合,合,合,合,合,合,合,合,合,合,合,合,合,合,合,合,合,合,合,合,合,合,合,合,背",1.0,1.0,0.0,Qwen2.5-32B-Instruct,20,game_150
Qwen2.5-32B-Instruct__noise20__game_151,152,2026-02-12T07:54:19.452351,cn,True,30,30,agent1,VLLMQwen32B,自私型的,0.2,194,0.3,0.7,9,"1,6,7,8,17,18,22,28,29","合,背,背,背,背,合,合,合,背,背,背,背,背,背,背,背,合,合,背,背,背,合,背,背,背,背,背,合,合,背","背,背,背,背,背,背,背,背,背,背,背,背,背,背,背,背,背,背,背,背,背,背,背,背,背,背,背,背,背,背",agent2,VLLMQwen32B,自私型的,0.2,184,0.2667,0.7333,8,"3,4,8,12,15,20,22,29","背,背,合,合,背,背,背,合,背,背,背,合,背,背,合,背,背,背,背,合,背,合,背,背,背,背,背,背,合,背","背,背,背,背,背,背,背,背,背,背,背,背,背,背,背,背,背,背,背,背,背,背,背,背,背,背,背,背,背,背",1.0,1.0,0.0,Qwen2.5-32B-Instruct,20,game_151
Qwen2.5-32B-Instruct__noise20__game_152,153,2026-02-12T07:54:37.555054,cn,True,30,30,agent1,VLLMQwen32B,合作型的,0.2,98,0.8333,0.1667,5,"3,7,8,27,28","合,合,背,合,合,合,背,背,合,合,合,合,合,合,合,合,合,合,合,合,合,合,合,合,合,合,背,背,合,合","合,合,合,合,合,合,合,合,合,合,合,合,合,合,合,合,合,合,合,合,合,合,合,合,合,合,合,合,合,合",agent2,VLLMQwen32B,合作型的,0.2,88,0.8,0.2,6,"9,14,15,21,25,27","合,合,合,合,合,合,合,合,背,合,合,合,合,背,背,合,合,合,合,合,背,合,合,合,背,合,背,合,合,合","合,合,合,合,合,合,合,合,合,合,合,合,合,合,合,合,合,合,合,合,合,合,合,合,合,合,合,合,合,合",1.0,1.0,0.0,Qwen2.5-32B-Instruct,20,game_152
Qwen2.5-32B-Instruct__noise20__game_153,154,2026-02-12T07:57:41.447621,cn,True,30,30,agent1,VLLMQwen32B,合作型的,0.2,198,0.6333,0.3667,8,"1,5,9,12,14,18,22,27","背,背,背,合,背,合,合,合,背,合,合,背,合,背,合,合,合,背,合,合,合,背,合,合,合,合,背,合,合,背","合,背,背,合,合,合,合,合,合,合,合,合,合,合,合,合,合,合,合,合,合,合,合,合,合,合,合,合,合,背",agent2,VLLMQwen32B,自私型的,0.2,108,0.3333,0.6667,10,"3,6,7,8,10,16,19,21,22,26","背,背,合,背,背,合,合,合,背,合,背,背,背,背,背,合,背,背,合,背,合,合,背,背,背,合,背,背,背,背","背,背,背,背,背,背,背,背,背,背,背,背,背,背,背,背,背,背,背,背,背,背,背,背,背,背,背,背,背,背",1.0,1.0,0.0,Qwen2.5-32B-Instruct,20,game_153
Qwen2.5-32B-Instruct__noise20__game_154,155,2026-02-12T07:57:49.167099,cn,True,30,30,agent1,VLLMQwen32B,自私型的,0.2,78,0.2333,0.7667,7,"2,6,8,10,15,20,29","背,合,背,背,背,合,背,合,背,合,背,背,背,背,合,背,背,背,背,合,背,背,背,背,背,背,背,背,合,背","背,背,背,背,背,背,背,背,背,背,背,背,背,背,背,背,背,背,背,背,背,背,背,背,背,背,背,背,背,背",agent2,VLLMQwen32B,合作型的,0.2,228,0.7333,0.2667,8,"1,6,10,13,15,18,22,26","背,合,合,合,合,背,合,合,合,背,合,合,背,合,背,合,合,背,合,合,合,背,合,合,合,背,合,合,合,合","合,合,合,合,合,合,合,合,合,合,合,合,合,合,合,合,合,合,合,合,合,合,合,合,合,合,合,合,合,合",1.0,1.0,0.0556,Qwen2.5-32B-Instruct,20,game_154
Qwen2.5-32B-Instruct__noise20__game_155,156,2026-02-12T07:58:25.076084,cn,True,30,30,agent1,VLLMQwen32B,自私型的,0.2,192,0.2667,0.7333,8,"2,4,9,12,17,18,20,28","背,合,背,合,背,背,背,背,合,背,背,合,背,背,背,背,合,合,背,合,背,背,背,背,背,背,背,合,背,背","背,背,背,背,背,背,背,背,背,背,背,背,背,背,背,背,背,背,背,背,背,背,背,背,背,背,背,背,背,背",agent2,VLLMQwen32B,自私型的,0.2,192,0.2667,0.7333,8,"2,4,5,11,14,17,18,20","背,合,背,合,合,背,背,背,背,背,合,背,背,合,背,背,合,合,背,合,背,背,背,背,背,背,背,背,背,背","背,背,背,背,背,背,背,背,背,背,背,背,背,背,背,背,背,背,背,背,背,背,背,背,背,背,背,背,背,背",1.0,1.0,0.0,Qwen2.5-32B-Instruct,20,game_155
Qwen2.5-32B-Instruct__noise20__game_156,157,2026-02-12T07:58:47.082775,cn,True,30,30,agent1,VLLMQwen32B,合作型的,0.2,96,0.9333,0.0667,2,"2,30","合,背,合,合,合,合,合,合,合,合,合,合,合,合,合,合,合,合,合,合,合,合,合,合,合,合,合,合,合,背","合,合,合,合,合,合,合,合,合,合,合,合,合,合,合,合,合,合,合,合,合,合,合,合,合,合,合,合,合,合",agent2,VLLMQwen32B,合作型的,0.2,66,0.8333,0.1667,5,"1,4,15,22,24","背,合,合,背,合,合,合,合,合,合,合,合,合,合,背,合,合,合,合,合,合,背,合,背,合,合,合,合,合,合","合,合,合,合,合,合,合,合,合,合,合,合,合,合,合,合,合,合,合,合,合,合,合,合,合,合,合,合,合,合",1.0,1.0,0.0556,Qwen2.5-32B-Instruct,20,game_156
Qwen2.5-32B-Instruct__noise20__game_157,158,2026-02-12T08:01:55.473538,cn,True,30,30,agent1,VLLMQwen32B,合作型的,0.2,232,0.8,0.2,6,"1,5,16,18,21,25","背,合,合,合,背,合,合,合,合,合,合,合,合,合,合,背,合,背,合,合,背,合,合,合,背,合,合,合,合,合","合,合,合,合,合,合,合,合,合,合,合,合,合,合,合,合,合,合,合,合,合,合,合,合,合,合,合,合,合,合",agent2,VLLMQwen32B,自私型的,0.2,62,0.2333,0.7667,7,"1,3,6,11,13,22,29","合,背,合,背,背,合,背,背,背,背,合,背,合,背,背,背,背,背,背,背,背,合,背,背,背,背,背,背,合,背","背,背,背,背,背,背,背,背,背,背,背,背,背,背,背,背,背,背,背,背,背,背,背,背,背,背,背,背,背,背",1.0,1.0,0.0,Qwen2.5-32B-Instruct,20,game_157
Qwen2.5-32B-Instruct__noise20__game_158,159,2026-02-12T08:01:56.545675,cn,True,30,30,agent1,VLLMQwen32B,自私型的,0.2,66,0.1667,0.8333,5,"2,9,23,26,28","背,合,背,背,背,背,背,背,合,背,背,背,背,背,背,背,背,背,背,背,背,背,合,背,背,合,背,合,背,背","背,背,背,背,背,背,背,背,背,背,背,背,背,背,背,背,背,背,背,背,背,背,背,背,背,背,背,背,背,背",agent2,VLLMQwen32B,合作型的,0.2,246,0.7667,0.2333,7,"2,11,15,18,25,27,29","合,背,合,合,合,合,合,合,合,合,背,合,合,合,背,合,合,背,合,合,合,合,合,合,背,合,背,合,背,合","合,合,合,合,合,合,合,合,合,合,合,合,合,合,合,合,合,合,合,合,合,合,合,合,合,合,合,合,合,合",1.0,1.0,0.0556,Qwen2.5-32B-Instruct,20,game_158
Qwen2.5-32B-Instruct__noise20__game_159,160,2026-02-12T08:02:29.229537,cn,True,30,30,agent1,VLLMQwen32B,自私型的,0.2,198,0.2333,0.7667,7,"4,13,19,23,26,29,30","背,背,背,合,背,背,背,背,背,背,背,背,合,背,背,背,背,背,合,背,背,背,合,背,背,合,背,背,合,合","背,背,背,背,背,背,背,背,背,背,背,背,背,背,背,背,背,背,背,背,背,背,背,背,背,背,背,背,背,背",agent2,VLLMQwen32B,自私型的,0.2,198,0.2333,0.7667,7,"1,6,8,9,18,19,22","合,背,背,背,背,合,背,合,合,背,背,背,背,背,背,背,背,合,合,背,背,合,背,背,背,背,背,背,背,背","背,背,背,背,背,背,背,背,背,背,背,背,背,背,背,背,背,背,背,背,背,背,背,背,背,背,背,背,背,背",1.0,1.0,0.0,Qwen2.5-32B-Instruct,20,game_159
Qwen2.5-32B-Instruct__noise20__game_160,161,2026-02-12T08:03:48.779744,vn,True,30,30,agent1,VLLMQwen32B,một người hợp tác,0.2,74,0.7,0.3,9,"2,8,10,13,14,15,18,23,29","H,P,H,H,H,H,H,P,H,P,H,H,P,P,P,H,H,P,H,H,H,H,P,H,H,H,H,H,P,H","H,H,H,H,H,H,H,H,H,H,H,H,H,H,H,H,H,H,H,H,H,H,H,H,H,H,H,H,H,H",agent2,VLLMQwen32B,một người hợp tác,0.2,124,0.8667,0.1333,4,"4,8,10,15","H,H,H,P,H,H,H,P,H,P,H,H,H,H,P,H,H,H,H,H,H,H,H,H,H,H,H,H,H,H","H,H,H,H,H,H,H,H,H,H,H,H,H,H,H,H,H,H,H,H,H,H,H,H,H,H,H,H,H,H",0.9474,1.0,0.0,Qwen2.5-32B-Instruct,20,game_160
Qwen2.5-32B-Instruct__noise20__game_161,162,2026-02-12T08:07:04.677977,vn,True,30,30,agent1,VLLMQwen32B,một người hợp tác,0.2,226,0.8333,0.1667,5,"7,10,12,22,30","H,H,H,H,H,H,P,H,H,P,H,P,H,H,H,H,H,H,H,H,H,P,H,H,H,H,H,H,H,P","H,H,H,H,H,H,H,H,H,H,H,H,H,H,H,H,H,H,H,H,H,H,H,H,H,H,H,H,H,H",agent2,VLLMQwen32B,một người ích kỷ,0.2,56,0.2667,0.7333,8,"3,7,9,15,18,20,22,28","P,P,H,P,P,P,H,P,H,P,P,P,P,P,H,P,P,H,P,H,P,H,P,P,P,P,P,H,P,P","P,P,P,P,P,P,P,P,P,P,P,P,P,P,P,P,P,P,P,P,P,P,P,P,P,P,P,P,P,P",0.9474,1.0,0.0,Qwen2.5-32B-Instruct,20,game_161
Qwen2.5-32B-Instruct__noise20__game_162,163,2026-02-12T08:07:18.906791,vn,True,30,30,agent1,VLLMQwen32B,một người ích kỷ,0.2,62,0.1,0.9,3,"5,14,21","P,P,P,P,H,P,P,P,P,P,P,P,P,H,P,P,P,P,P,P,H,P,P,P,P,P,P,P,P,P","P,P,P,P,P,P,P,P,P,P,P,P,P,P,P,P,P,P,P,P,P,P,P,P,P,P,P,P,P,P",agent2,VLLMQwen32B,một người hợp tác,0.2,262,0.7667,0.2333,7,"3,7,10,11,21,26,29","H,H,P,H,H,H,P,H,H,P,P,H,H,H,H,H,H,H,H,H,P,H,H,H,H,P,H,H,P,H","H,H,H,H,H,H,H,H,H,H,H,H,H,H,H,H,H,H,H,H,H,H,H,H,H,H,H,H,H,H",0.9474,1.0,0.0,Qwen2.5-32B-Instruct,20,game_162
Qwen2.5-32B-Instruct__noise20__game_163,164,2026-02-12T08:07:46.772055,vn,True,30,30,agent1,VLLMQwen32B,một người ích kỷ,0.2,188,0.2,0.8,6,"3,14,20,24,25,30","P,P,H,P,P,P,P,P,P,P,P,P,P,H,P,P,P,P,P,H,P,P,P,H,H,P,P,P,P,H","P,P,P,P,P,P,P,P,P,P,P,P,P,P,P,P,P,P,P,P,P,P,P,P,P,P,P,P,P,P",agent2,VLLMQwen32B,một người ích kỷ,0.2,208,0.2667,0.7333,8,"6,8,9,12,15,21,25,26","P,P,P,P,P,H,P,H,H,P,P,H,P,P,H,P,P,P,P,P,H,P,P,P,H,H,P,P,P,P","P,P,P,P,P,P,P,P,P,P,P,P,P,P,P,P,P,P,P,P,P,P,P,P,P,P,P,P,P,P",0.9474,1.0,0.0556,Qwen2.5-32B-Instruct,20,game_163
Qwen2.5-32B-Instruct__noise20__game_164,165,2026-02-12T08:08:51.899427,vn,True,30,30,agent1,VLLMQwen32B,một người hợp tác,0.2,120,0.8,0.2,6,"7,13,17,18,20,21","H,H,H,H,H,H,P,H,H,H,H,H,P,H,H,H,P,P,H,P,P,H,H,H,H,H,H,H,H,H","H,H,H,H,H,H,H,H,H,H,H,H,H,H,H,H,H,H,H,H,H,H,H,H,H,H,H,H,H,H",agent2,VLLMQwen32B,một người hợp tác,0.2,90,0.7,0.3,9,"1,8,15,17,18,21,27,28,29","P,H,H,H,H,H,H,P,H,H,H,H,H,H,P,H,P,P,H,H,P,H,H,H,H,H,P,P,P,H","H,H,H,H,H,H,H,H,H,H,H,H,H,H,H,H,H,H,H,H,H,H,H,H,H,H,H,H,H,H",0.9737,1.0,0.0833,Qwen2.5-32B-Instruct,20,game_164
Qwen2.5-32B-Instruct__noise20__game_166,167,2026-02-12T08:12:30.813658,vn,True,30,30,agent1,VLLMQwen32B,một người ích kỷ,0.2,62,0.1,0.9,3,"4,6,13","P,P,P,H,P,H,P,P,P,P,P,P,H,P,P,P,P,P,P,P,P,P,P,P,P,P,P,P,P,P","P,P,P,P,P,P,P,P,P,P,P,P,P,P,P,P,P,P,P,P,P,P,P,P,P,P,P,P,P,P",agent2,VLLMQwen32B,một người hợp tác,0.2,262,0.7667,0.2333,7,"3,6,8,13,23,26,28","H,H,P,H,H,P,H,P,H,H,H,H,P,H,H,H,H,H,H,H,H,H,P,H,H,P,H,P,H,H","H,H,H,H,H,H,H,H,H,H,H,H,H,H,H,H,H,H,H,H,H,H,H,H,H,H,H,H,H,H",0.9474,1.0,0.0556,Qwen2.5-32B-Instruct,20,game_166
Qwen2.5-32B-Instruct__noise20__game_165,166,2026-02-12T08:12:42.800959,vn,True,30,30,agent1,VLLMQwen32B,một người hợp tác,0.2,220,0.8667,0.1333,4,"3,4,5,9","H,H,P,P,P,H,H,H,P,H,H,H,H,H,H,H,H,H,H,H,H,H,H,H,H,H,H,H,H,H","H,H,H,H,H,H,H,H,H,H,H,H,H,H,H,H,H,H,H,H,H,H,H,H,H,H,H,H,H,H",agent2,VLLMQwen32B,một người ích kỷ,0.2,50,0.3,0.7,9,"2,9,11,12,16,17,19,20,27","P,H,P,P,P,P,P,P,H,P,H,H,P,P,P,H,H,P,H,H,P,P,P,P,P,P,H,P,P,P","P,P,P,P,P,P,P,P,P,P,P,P,P,P,P,P,P,P,P,P,P,P,P,P,P,P,P,P,P,P",0.9605,1.0,0.0278,Qwen2.5-32B-Instruct,20,game_165
Qwen2.5-32B-Instruct__noise20__game_167,168,2026-02-12T08:13:17.435419,vn,True,30,30,agent1,VLLMQwen32B,một người ích kỷ,0.2,208,0.2667,0.7333,8,"3,6,7,13,15,21,28,29","P,P,H,P,P,H,H,P,P,P,P,P,H,P,H,P,P,P,P,P,H,P,P,P,P,P,P,H,H,P","P,P,P,P,P,P,P,P,P,P,P,P,P,P,P,P,P,P,P,P,P,P,P,P,P,P,P,P,P,P",agent2,VLLMQwen32B,một người ích kỷ,0.2,188,0.2,0.8,6,"4,11,14,22,23,26","P,P,P,H,P,P,P,P,P,P,H,P,P,H,P,P,P,P,P,P,P,H,H,P,P,H,P,P,P,P","P,P,P,P,P,P,P,P,P,P,P,P,P,P,P,P,P,P,P,P,P,P,P,P,P,P,P,P,P,P",0.9474,1.0,0.0,Qwen2.5-32B-Instruct,20,game_167
Qwen2.5-32B-Instruct__noise20__game_168,169,2026-02-12T08:14:03.642551,vn,True,30,30,agent1,VLLMQwen32B,một người hợp tác,0.2,94,0.9,0.1,3,"5,17,26","H,H,H,H,P,H,H,H,H,H,H,H,H,H,H,H,P,H,H,H,H,H,H,H,H,P,H,H,H,H","H,H,H,H,H,H,H,H,H,H,H,H,H,H,H,H,H,H,H,H,H,H,H,H,H,H,H,H,H,H",agent2,VLLMQwen32B,một người hợp tác,0.2,74,0.8333,0.1667,5,"9,10,15,23,30","H,H,H,H,H,H,H,H,P,P,H,H,H,H,P,H,H,H,H,H,H,H,P,H,H,H,H,H,H,P","H,H,H,H,H,H,H,H,H,H,H,H,H,H,H,H,H,H,H,H,H,H,H,H,H,H,H,H,H,H",0.9474,1.0,0.0556,Qwen2.5-32B-Instruct,20,game_168
Qwen2.5-32B-Instruct__noise20__game_170,171,2026-02-12T08:18:02.131831,vn,True,30,30,agent1,VLLMQwen32B,một người ích kỷ,0.2,94,0.3667,0.6333,11,"6,7,8,11,16,18,19,20,22,23,28","P,P,P,P,P,H,H,H,P,P,H,P,P,P,P,H,P,H,H,H,P,H,H,P,P,P,P,H,P,P","P,P,P,P,P,P,P,P,P,P,P,P,P,P,P,P,P,P,P,P,P,P,P,P,P,P,P,P,P,P",agent2,VLLMQwen32B,một người hợp tác,0.2,194,0.7,0.3,9,"3,5,11,12,14,20,22,26,28","H,H,P,H,P,H,H,H,H,H,P,P,H,P,H,H,H,H,H,P,H,P,H,H,H,P,H,P,H,H","H,H,H,H,H,H,H,H,H,H,H,H,H,H,H,H,H,H,H,H,H,H,H,H,H,H,H,H,H,H",0.9211,1.0,0.0556,Qwen2.5-32B-Instruct,20,game_170
Qwen2.5-32B-Instruct__noise20__game_169,170,2026-02-12T08:18:11.417199,vn,True,30,30,agent1,VLLMQwen32B,một người hợp tác,0.2,242,0.8333,0.1667,5,"2,9,13,16,18","H,P,H,H,H,H,H,H,P,H,H,H,P,H,H,P,H,P,H,H,H,H,H,H,H,H,H,H,H,H","H,H,H,H,H,H,H,H,H,H,H,H,H,H,H,H,H,H,H,H,H,H,H,H,H,H,H,H,H,H",agent2,VLLMQwen32B,một người ích kỷ,0.2,52,0.2,0.8,6,"18,20,21,27,28,29","P,P,P,P,P,P,P,P,P,P,P,P,P,P,P,P,P,H,P,H,H,P,P,P,P,P,H,H,H,P","P,P,P,P,P,P,P,P,P,P,P,P,P,P,P,P,P,P,P,P,P,P,P,P,P,P,P,P,P,P",0.9737,1.0,0.1667,Qwen2.5-32B-Instruct,20,game_169
Qwen2.5-32B-Instruct__noise20__game_171,172,2026-02-12T08:18:31.029455,vn,True,30,30,agent1,VLLMQwen32B,một người ích kỷ,0.2,210,0.3,0.7,9,"5,7,8,11,15,16,17,18,24","P,P,P,P,H,P,H,H,P,P,H,P,P,P,H,H,H,H,P,P,P,P,P,H,P,P,P,P,P,P","P,P,P,P,P,P,P,P,P,P,P,P,P,P,P,P,P,P,P,P,P,P,P,P,P,P,P,P,P,P",agent2,VLLMQwen32B,một người ích kỷ,0.2,180,0.2,0.8,6,"2,8,9,12,13,25","P,H,P,P,P,P,P,H,H,P,P,H,H,P,P,P,P,P,P,P,P,P,P,P,H,P,P,P,P,P","P,P,P,P,P,P,P,P,P,P,P,P,P,P,P,P,P,P,P,P,P,P,P,P,P,P,P,P,P,P",0.9474,1.0,0.0,Qwen2.5-32B-Instruct,20,game_171
Qwen2.5-32B-Instruct__noise20__game_172,173,2026-02-12T08:19:11.725701,vn,True,30,30,agent1,VLLMQwen32B,một người hợp tác,0.2,96,0.8,0.2,6,"6,17,18,25,27,28","H,H,H,H,H,P,H,H,H,H,H,H,H,H,H,H,P,P,H,H,H,H,H,H,P,H,P,P,H,H","H,H,H,H,H,H,H,H,H,H,H,H,H,H,H,H,H,H,H,H,H,H,H,H,H,H,H,H,H,H",agent2,VLLMQwen32B,một người hợp tác,0.2,96,0.8,0.2,6,"8,9,17,21,26,28","H,H,H,H,H,H,H,P,P,H,H,H,H,H,H,H,P,H,H,H,P,H,H,H,H,P,H,P,H,H","H,H,H,H,H,H,H,H,H,H,H,H,H,H,H,H,H,H,H,H,H,H,H,H,H,H,H,H,H,H",0.9474,1.0,0.0556,Qwen2.5-32B-Instruct,20,game_172
Qwen2.5-32B-Instruct__noise20__game_173,174,2026-02-12T08:23:47.801658,vn,True,30,30,agent1,VLLMQwen32B,một người hợp tác,0.2,246,0.7667,0.2333,7,"2,5,7,8,13,17,20","H,P,H,H,P,H,P,P,H,H,H,H,P,H,H,H,P,H,H,P,H,H,H,H,H,H,H,H,H,H","H,H,H,H,H,H,H,H,H,H,H,H,H,H,H,H,H,H,H,H,H,H,H,H,H,H,H,H,H,H",agent2,VLLMQwen32B,một người ích kỷ,0.2,66,0.1667,0.8333,5,"11,12,16,21,28","P,P,P,P,P,P,P,P,P,P,H,H,P,P,P,H,P,P,P,P,H,P,P,P,P,P,P,H,P,P","P,P,P,P,P,P,P,P,P,P,P,P,P,P,P,P,P,P,P,P,P,P,P,P,P,P,P,P,P,P",0.9474,1.0,0.0556,Qwen2.5-32B-Instruct,20,game_173
Qwen2.5-32B-Instruct__noise20__game_175,176,2026-02-12T08:23:58.873734,vn,True,30,30,agent1,VLLMQwen32B,một người ích kỷ,0.2,192,0.1333,0.8667,4,"2,15,16,24","P,H,P,P,P,P,P,P,P,P,P,P,P,P,H,H,P,P,P,P,P,P,P,H,P,P,P,P,P,P","P,P,P,P,P,P,P,P,P,P,P,P,P,P,P,P,P,P,P,P,P,P,P,P,P,P,P,P,P,P",agent2,VLLMQwen32B,một người ích kỷ,0.2,222,0.2333,0.7667,7,"4,12,15,17,18,20,28","P,P,P,H,P,P,P,P,P,P,P,H,P,P,H,P,H,H,P,H,P,P,P,P,P,P,P,H,P,P","P,P,P,P,P,P,P,P,P,P,P,P,P,P,P,P,P,P,P,P,P,P,P,P,P,P,P,P,P,P",0.9474,1.0,0.0,Qwen2.5-32B-Instruct,20,game_175
Qwen2.5-32B-Instruct__noise20__game_174,175,2026-02-12T08:24:07.892785,vn,True,30,30,agent1,VLLMQwen32B,một người ích kỷ,0.2,60,0.0667,0.9333,2,"15,24","P,P,P,P,P,P,P,P,P,P,P,P,P,P,H,P,P,P,P,P,P,P,P,H,P,P,P,P,P,P","P,P,P,P,P,P,P,P,P,P,P,P,P,P,P,P,P,P,P,P,P,P,P,P,P,P,P,P,P,P",agent2,VLLMQwen32B,một người hợp tác,0.2,270,0.7667,0.2333,7,"2,3,4,8,23,24,27","H,P,P,P,H,H,H,P,H,H,H,H,H,H,H,H,H,H,H,H,H,H,P,P,H,H,P,H,H,H","H,H,H,H,H,H,H,H,H,H,H,H,H,H,H,H,H,H,H,H,H,H,H,H,H,H,H,H,H,H",0.9737,1.0,0.0556,Qwen2.5-32B-Instruct,20,game_174
Qwen2.5-32B-Instruct__noise20__game_176,177,2026-02-12T08:24:28.587822,vn,True,30,30,agent1,VLLMQwen32B,một người hợp tác,0.2,102,0.7667,0.2333,7,"6,19,20,21,23,28,30","H,H,H,H,H,P,H,H,H,H,H,H,H,H,H,H,H,H,P,P,P,H,P,H,H,H,H,P,H,P","H,H,H,H,H,H,H,H,H,H,H,H,H,H,H,H,H,H,H,H,H,H,H,H,H,H,H,H,H,H",agent2,VLLMQwen32B,một người hợp tác,0.2,102,0.7667,0.2333,7,"5,6,9,11,16,24,30","H,H,H,H,P,P,H,H,P,H,P,H,H,H,H,P,H,H,H,H,H,H,H,P,H,H,H,H,H,P","H,H,H,H,H,H,H,H,H,H,H,H,H,H,H,H,H,H,H,H,H,H,H,H,H,H,H,H,H,H",0.9474,1.0,0.0278,Qwen2.5-32B-Instruct,20,game_176
Qwen2.5-32B-Instruct__noise20__game_177,178,2026-02-12T08:29:10.470337,vn,True,30,30,agent1,VLLMQwen32B,một người hợp tác,0.2,264,0.8,0.2,6,"5,8,21,22,26,30","H,H,H,H,P,H,H,P,H,H,H,H,H,H,H,H,H,H,H,H,P,P,H,H,H,P,H,H,H,P","H,H,H,H,H,H,H,H,H,H,H,H,H,H,H,H,H,H,H,H,H,H,H,H,H,H,H,H,H,H",agent2,VLLMQwen32B,một người ích kỷ,0.2,54,0.1,0.9,3,"14,20,21","P,P,P,P,P,P,P,P,P,P,P,P,P,H,P,P,P,P,P,H,H,P,P,P,P,P,P,P,P,P","P,P,P,P,P,P,P,P,P,P,P,P,P,P,P,P,P,P,P,P,P,P,P,P,P,P,P,P,P,P",0.9474,1.0,0.1111,Qwen2.5-32B-Instruct,20,game_177
Qwen2.5-32B-Instruct__noise20__game_178,179,2026-02-12T08:29:15.031913,vn,True,30,30,agent1,VLLMQwen32B,một người ích kỷ,0.2,50,0.1667,0.8333,5,"2,3,8,19,27","P,H,H,P,P,P,P,H,P,P,P,P,P,P,P,P,P,P,H,P,P,P,P,P,P,P,H,P,P,P","P,P,P,P,P,P,P,P,P,P,P,P,P,P,P,P,P,P,P,P,P,P,P,P,P,P,P,P,P,P",agent2,VLLMQwen32B,một người hợp tác,0.2,250,0.8333,0.1667,5,"6,14,20,27,28","H,H,H,H,H,P,H,H,H,H,H,H,H,P,H,H,H,H,H,P,H,H,H,H,H,H,P,P,H,H","H,H,H,H,H,H,H,H,H,H,H,H,H,H,H,H,H,H,H,H,H,H,H,H,H,H,H,H,H,H",0.9342,1.0,0.0556,Qwen2.5-32B-Instruct,20,game_178
Qwen2.5-32B-Instruct__noise20__game_179,180,2026-02-12T08:29:41.125641,vn,True,30,30,agent1,VLLMQwen32B,một người ích kỷ,0.2,242,0.3,0.7,9,"2,5,6,10,12,15,18,23,28","P,H,P,P,H,H,P,P,P,H,P,H,P,P,H,P,P,H,P,P,P,P,H,P,P,P,P,H,P,P","P,P,P,P,P,P,P,P,P,P,P,P,P,P,P,P,P,P,P,P,P,P,P,P,P,P,P,P,P,P",agent2,VLLMQwen32B,một người ích kỷ,0.2,172,0.0667,0.9333,2,"5,27","P,P,P,P,H,P,P,P,P,P,P,P,P,P,P,P,P,P,P,P,P,P,P,P,P,P,H,P,P,P","P,P,P,P,P,P,P,P,P,P,P,P,P,P,P,P,P,P,P,P,P,P,P,P,P,P,P,P,P,P",0.9474,1.0,0.0,Qwen2.5-32B-Instruct,20,game_179
Qwen2.5-32B-Instruct__noise20__game_180,181,2026-02-12T08:30:18.507451,vn,True,30,30,agent1,VLLMQwen32B,một người hợp tác,0.2,82,0.8333,0.1667,5,"5,6,15,18,27","H,H,H,H,P,P,H,H,H,H,H,H,H,H,P,H,H,P,H,H,H,H,H,H,H,H,P,H,H,H","H,H,H,H,H,H,H,H,H,H,H,H,H,H,H,H,H,H,H,H,H,H,H,H,H,H,H,H,H,H",agent2,VLLMQwen32B,một người hợp tác,0.2,92,0.8667,0.1333,4,"9,13,26,30","H,H,H,H,H,H,H,H,P,H,H,H,P,H,H,H,H,H,H,H,H,H,H,H,H,P,H,H,H,P","H,H,H,H,H,H,H,H,H,H,H,H,H,H,H,H,H,H,H,H,H,H,H,H,H,H,H,H,H,H",0.9474,1.0,0.0556,Qwen2.5-32B-Instruct,20,game_180
Qwen2.5-32B-Instruct__noise20__game_182,183,2026-02-12T08:34:32.438783,vn,True,30,30,agent1,VLLMQwen32B,một người ích kỷ,0.2,86,0.2333,0.7667,7,"5,9,14,19,24,25,26","P,P,P,P,H,P,P,P,H,P,P,P,P,H,P,P,P,P,H,P,P,P,P,H,H,H,P,P,P,P","P,P,P,P,P,P,P,P,P,P,P,P,P,P,P,P,P,P,P,P,P,P,P,P,P,P,P,P,P,P",agent2,VLLMQwen32B,một người hợp tác,0.2,226,0.7,0.3,9,"3,5,8,10,13,16,21,23,26","H,H,P,H,P,H,H,P,H,P,H,H,P,H,H,P,H,H,H,H,P,H,P,H,H,P,H,H,H,H","H,H,H,H,H,H,H,H,H,H,H,H,H,H,H,H,H,H,H,H,H,H,H,H,H,H,H,H,H,H",0.9474,1.0,0.0556,Qwen2.5-32B-Instruct,20,game_182
Qwen2.5-32B-Instruct__noise20__game_181,182,2026-02-12T08:34:40.504328,vn,True,30,30,agent1,VLLMQwen32B,một người hợp tác,0.2,262,0.9,0.1,3,"9,16,20","H,H,H,H,H,H,H,H,P,H,H,H,H,H,H,P,H,H,H,P,H,H,H,H,H,H,H,H,H,H","H,H,H,H,H,H,H,H,H,H,H,H,H,H,H,H,H,H,H,H,H,H,H,H,H,H,H,H,H,H",agent2,VLLMQwen32B,một người ích kỷ,0.2,32,0.1333,0.8667,4,"2,21,23,26","P,H,P,P,P,P,P,P,P,P,P,P,P,P,P,P,P,P,P,P,H,P,H,P,P,H,P,P,P,P","P,P,P,P,P,P,P,P,P,P,P,P,P,P,P,P,P,P,P,P,P,P,P,P,P,P,P,P,P,P",0.9737,1.0,0.1111,Qwen2.5-32B-Instruct,20,game_181
Qwen2.5-32B-Instruct__noise20__game_183,184,2026-02-12T08:35:01.972245,vn,True,30,30,agent1,VLLMQwen32B,một người ích kỷ,0.2,174,0.1,0.9,3,"11,14,28","P,P,P,P,P,P,P,P,P,P,H,P,P,H,P,P,P,P,P,P,P,P,P,P,P,P,P,H,P,P","P,P,P,P,P,P,P,P,P,P,P,P,P,P,P,P,P,P,P,P,P,P,P,P,P,P,P,P,P,P",agent2,VLLMQwen32B,một người ích kỷ,0.2,234,0.3,0.7,9,"7,10,11,14,16,17,18,23,25","P,P,P,P,P,P,H,P,P,H,H,P,P,H,P,H,H,H,P,P,P,P,H,P,H,P,P,P,P,P","P,P,P,P,P,P,P,P,P,P,P,P,P,P,P,P,P,P,P,P,P,P,P,P,P,P,P,P,P,P",0.9474,1.0,0.1111,Qwen2.5-32B-Instruct,20,game_183
Qwen2.5-32B-Instruct__noise20__game_184,185,2026-02-12T08:35:40.424671,vn,True,30,30,agent1,VLLMQwen32B,một người hợp tác,0.2,58,0.7,0.3,9,"1,5,6,7,11,12,14,17,30","P,H,H,H,P,P,P,H,H,H,P,P,H,P,H,H,P,H,H,H,H,H,H,H,H,H,H,H,H,P","H,H,H,H,H,H,H,H,H,H,H,H,H,H,H,H,H,H,H,H,H,H,H,H,H,H,H,H,H,H",agent2,VLLMQwen32B,một người hợp tác,0.2,128,0.9333,0.0667,2,"3,10","H,H,P,H,H,H,H,H,H,P,H,H,H,H,H,H,H,H,H,H,H,H,H,H,H,H,H,H,H,H","H,H,H,H,H,H,H,H,H,H,H,H,H,H,H,H,H,H,H,H,H,H,H,H,H,H,H,H,H,H",1.0,1.0,0.0,Qwen2.5-32B-Instruct,20,game_184
Qwen2.5-32B-Instruct__noise20__game_186,187,2026-02-12T08:39:54.790542,vn,True,30,30,agent1,VLLMQwen32B,một người ích kỷ,0.2,72,0.2667,0.7333,8,"4,8,13,16,17,18,20,29","P,P,P,H,P,P,P,H,P,P,P,P,H,P,P,H,H,H,P,H,P,P,P,P,P,P,P,P,H,P","P,P,P,P,P,P,P,P,P,P,P,P,P,P,P,P,P,P,P,P,P,P,P,P,P,P,P,P,P,P",agent2,VLLMQwen32B,một người hợp tác,0.2,222,0.7667,0.2333,7,"6,9,10,12,15,26,27","H,H,H,H,H,P,H,H,P,P,H,P,H,H,P,H,H,H,H,H,H,H,H,H,H,P,P,H,H,H","H,H,H,H,H,H,H,H,H,H,H,H,H,H,H,H,H,H,H,H,H,H,H,H,H,H,H,H,H,H",0.9474,1.0,0.0556,Qwen2.5-32B-Instruct,20,game_186
Qwen2.5-32B-Instruct__noise20__game_187,188,2026-02-12T08:40:22.986205,vn,True,30,30,agent1,VLLMQwen32B,một người ích kỷ,0.2,248,0.2667,0.7333,8,"2,3,5,6,12,18,21,29","P,H,H,P,H,H,P,P,P,P,P,H,P,P,P,P,P,H,P,P,H,P,P,P,P,P,P,P,H,P","P,P,P,P,P,P,P,P,P,P,P,P,P,P,P,P,P,P,P,P,P,P,P,P,P,P,P,P,P,P",agent2,VLLMQwen32B,một người ích kỷ,0.2,178,0.0333,0.9667,1,28,"P,P,P,P,P,P,P,P,P,P,P,P,P,P,P,P,P,P,P,P,P,P,P,P,P,P,P,H,P,P","P,P,P,P,P,P,P,P,P,P,P,P,P,P,P,P,P,P,P,P,P,P,P,P,P,P,P,P,P,P",0.9474,1.0,0.1111,Qwen2.5-32B-Instruct,20,game_187
Qwen2.5-32B-Instruct__noise20__game_185,186,2026-02-12T08:40:25.024982,vn,True,30,30,agent1,VLLMQwen32B,một người hợp tác,0.2,264,0.8,0.2,6,"1,6,11,12,24,28","P,H,H,H,H,P,H,H,H,H,P,P,H,H,H,H,H,H,H,H,H,H,H,P,H,H,H,P,H,H","H,H,H,H,H,H,H,H,H,H,H,H,H,H,H,H,H,H,H,H,H,H,H,H,H,H,H,H,H,H",agent2,VLLMQwen32B,một người ích kỷ,0.2,54,0.1,0.9,3,"5,8,15","P,P,P,P,H,P,P,H,P,P,P,P,P,P,H,P,P,P,P,P,P,P,P,P,P,P,P,P,P,P","P,P,P,P,P,P,P,P,P,P,P,P,P,P,P,P,P,P,P,P,P,P,P,P,P,P,P,P,P,P",0.9474,1.0,0.0556,Qwen2.5-32B-Instruct,20,game_185
Qwen2.5-32B-Instruct__noise20__game_188,189,2026-02-12T08:41:08.213058,vn,True,30,30,agent1,VLLMQwen32B,một người hợp tác,0.2,108,0.8667,0.1333,4,"10,13,17,21","H,H,H,H,H,H,H,H,H,P,H,H,P,H,H,H,P,H,H,H,P,H,H,H,H,H,H,H,H,H","H,H,H,H,H,H,H,H,H,H,H,H,H,H,H,H,H,H,H,H,H,H,H,H,H,H,H,H,H,H",agent2,VLLMQwen32B,một người hợp tác,0.2,78,0.7667,0.2333,7,"1,5,10,13,16,22,25","P,H,H,H,P,H,H,H,H,P,H,H,P,H,H,P,H,H,H,H,H,P,H,H,P,H,H,H,H,H","H,H,H,H,H,H,H,H,H,H,H,H,H,H,H,H,H,H,H,H,H,H,H,H,H,H,H,H,H,H",0.9474,1.0,0.0556,Qwen2.5-32B-Instruct,20,game_188
Qwen2.5-32B-Instruct__noise20__game_191,192,2026-02-12T08:45:36.933681,vn,True,30,30,agent1,VLLMQwen32B,một người ích kỷ,0.2,200,0.2667,0.7333,8,"9,10,13,16,18,21,24,28","P,P,P,P,P,P,P,P,H,H,P,P,H,P,P,H,P,H,P,P,H,P,P,H,P,P,P,H,P,P","P,P,P,P,P,P,P,P,P,P,P,P,P,P,P,P,P,P,P,P,P,P,P,P,P,P,P,P,P,P",agent2,VLLMQwen32B,một người ích kỷ,0.2,190,0.2333,0.7667,7,"3,5,10,14,18,23,26","P,P,H,P,H,P,P,P,P,H,P,P,P,H,P,P,P,H,P,P,P,P,H,P,P,H,P,P,P,P","P,P,P,P,P,P,P,P,P,P,P,P,P,P,P,P,P,P,P,P,P,P,P,P,P,P,P,P,P,P",0.9474,1.0,0.0556,Qwen2.5-32B-Instruct,20,game_191
Qwen2.5-32B-Instruct__noise20__game_189,190,2026-02-12T08:45:37.406168,vn,True,30,30,agent1,VLLMQwen32B,một người hợp tác,0.2,248,0.8,0.2,6,"8,10,11,13,16,28","H,H,H,H,H,H,H,P,H,P,P,H,P,H,H,P,H,H,H,H,H,H,H,H,H,H,H,P,H,H","H,H,H,H,H,H,H,H,H,H,H,H,H,H,H,H,H,H,H,H,H,H,H,H,H,H,H,H,H,H",agent2,VLLMQwen32B,một người ích kỷ,0.2,58,0.1667,0.8333,5,"3,11,18,27,28","P,P,H,P,P,P,P,P,P,P,H,P,P,P,P,P,P,H,P,P,P,P,P,P,P,P,H,H,P,P","P,P,P,P,P,P,P,P,P,P,P,P,P,P,P,P,P,P,P,P,P,P,P,P,P,P,P,P,P,P",0.9474,1.0,0.0,Qwen2.5-32B-Instruct,20,game_189
Qwen2.5-32B-Instruct__noise20__game_190,191,2026-02-12T08:46:00.828632,vn,True,30,30,agent1,VLLMQwen32B,một người ích kỷ,0.2,62,0.1,0.9,3,"4,7,11","P,P,P,H,P,P,H,P,P,P,H,P,P,P,P,P,P,P,P,P,P,P,P,P,P,P,P,P,P,P","P,P,P,P,P,P,P,P,P,P,P,P,P,P,P,P,P,P,P,P,P,P,P,P,P,P,P,P,P,P",agent2,VLLMQwen32B,một người hợp tác,0.2,262,0.7667,0.2333,7,"3,4,10,14,22,29,30","H,H,P,P,H,H,H,H,H,P,H,H,H,P,H,H,H,H,H,H,H,P,H,H,H,H,H,H,P,P","H,H,H,H,H,H,H,H,H,H,H,H,H,H,H,H,H,H,H,H,H,H,H,H,H,H,H,H,H,H",0.9474,1.0,0.0556,Qwen2.5-32B-Instruct,20,game_190
Qwen2.5-32B-Instruct__noise20__game_192,193,2026-02-12T08:46:20.578795,vn,True,30,30,agent1,VLLMQwen32B,một người hợp tác,0.2,78,0.7667,0.2333,7,"7,8,15,17,20,25,29","H,H,H,H,H,H,P,P,H,H,H,H,H,H,P,H,P,H,H,P,H,H,H,H,P,H,H,H,P,H","H,H,H,H,H,H,H,H,H,H,H,H,H,H,H,H,H,H,H,H,H,H,H,H,H,H,H,H,H,H",agent2,VLLMQwen32B,một người hợp tác,0.2,108,0.8667,0.1333,4,"7,12,14,21","H,H,H,H,H,H,P,H,H,H,H,P,H,P,H,H,H,H,H,H,P,H,H,H,H,H,H,H,H,H","H,H,H,H,H,H,H,H,H,H,H,H,H,H,H,H,H,H,H,H,H,H,H,H,H,H,H,H,H,H",0.9474,1.0,0.0556,Qwen2.5-32B-Instruct,20,game_192
Qwen2.5-32B-Instruct__noise20__game_194,195,2026-02-12T08:51:13.500319,vn,True,30,30,agent1,VLLMQwen32B,một người ích kỷ,0.2,48,0.1333,0.8667,4,"10,12,16,25","P,P,P,P,P,P,P,P,P,H,P,H,P,P,P,H,P,P,P,P,P,P,P,P,H,P,P,P,P,P","P,P,P,P,P,P,P,P,P,P,P,P,P,P,P,P,P,P,P,P,P,P,P,P,P,P,P,P,P,P",agent2,VLLMQwen32B,một người hợp tác,0.2,258,0.8333,0.1667,5,"3,11,12,13,22","H,H,P,H,H,H,H,H,H,H,P,P,P,H,H,H,H,H,H,H,H,P,H,H,H,H,H,H,H,H","H,H,H,H,H,H,H,H,H,H,H,H,H,H,H,H,H,H,H,H,H,H,H,H,H,H,H,H,H,H",0.9737,1.0,0.0556,Qwen2.5-32B-Instruct,20,game_194
Qwen2.5-32B-Instruct__noise20__game_193,194,2026-02-12T08:51:22.461814,vn,True,30,30,agent1,VLLMQwen32B,một người hợp tác,0.2,250,0.7,0.3,9,"1,3,5,13,15,17,18,22,25","P,H,P,H,P,H,H,H,H,H,H,H,P,H,P,H,P,P,H,H,H,P,H,H,P,H,H,H,H,H","H,H,H,H,H,H,H,H,H,H,H,H,H,H,H,H,H,H,H,H,H,H,H,H,H,H,H,H,H,H",agent2,VLLMQwen32B,một người ích kỷ,0.2,80,0.1333,0.8667,4,"10,20,24,28","P,P,P,P,P,P,P,P,P,H,P,P,P,P,P,P,P,P,P,H,P,P,P,H,P,P,P,H,P,P","P,P,P,P,P,P,P,P,P,P,P,P,P,P,P,P,P,P,P,P,P,P,P,P,P,P,P,P,P,P",0.9474,1.0,0.0833,Qwen2.5-32B-Instruct,20,game_193
Qwen2.5-32B-Instruct__noise20__game_195,196,2026-02-12T08:51:26.158353,vn,True,30,30,agent1,VLLMQwen32B,một người ích kỷ,0.2,188,0.2,0.8,6,"1,2,14,18,24,25","H,H,P,P,P,P,P,P,P,P,P,P,P,H,P,P,P,H,P,P,P,P,P,H,H,P,P,P,P,P","P,P,P,P,P,P,P,P,P,P,P,P,P,P,P,P,P,P,P,P,P,P,P,P,P,P,P,P,P,P",agent2,VLLMQwen32B,một người ích kỷ,0.2,208,0.2667,0.7333,8,"1,6,12,15,16,18,22,25","H,P,P,P,P,H,P,P,P,P,P,H,P,P,H,H,P,H,P,P,P,H,P,P,H,P,P,P,P,P","P,P,P,P,P,P,P,P,P,P,P,P,P,P,P,P,P,P,P,P,P,P,P,P,P,P,P,P,P,P",0.9474,1.0,0.0,Qwen2.5-32B-Instruct,20,game_195
Qwen2.5-32B-Instruct__noise20__game_196,197,2026-02-12T08:51:36.941451,vn,True,30,30,agent1,VLLMQwen32B,một người hợp tác,0.2,102,0.7667,0.2333,7,"1,4,6,11,15,18,28","P,H,H,P,H,P,H,H,H,H,P,H,H,H,P,H,H,P,H,H,H,H,H,H,H,H,H,P,H,H","H,H,H,H,H,H,H,H,H,H,H,H,H,H,H,H,H,H,H,H,H,H,H,H,H,H,H,H,H,H",agent2,VLLMQwen32B,một người hợp tác,0.2,102,0.7667,0.2333,7,"4,5,7,22,23,24,29","H,H,H,P,P,H,P,H,H,H,H,H,H,H,H,H,H,H,H,H,H,P,P,P,H,H,H,H,P,H","H,H,H,H,H,H,H,H,H,H,H,H,H,H,H,H,H,H,H,H,H,H,H,H,H,H,H,H,H,H",0.9474,1.0,0.0,Qwen2.5-32B-Instruct,20,game_196
Qwen2.5-32B-Instruct__noise20__game_197,198,2026-02-12T08:56:21.977223,vn,True,30,30,agent1,VLLMQwen32B,một người hợp tác,0.2,216,0.9333,0.0667,2,"17,25","H,H,H,H,H,H,H,H,H,H,H,H,H,H,H,H,P,H,H,H,H,H,H,H,P,H,H,H,H,H","H,H,H,H,H,H,H,H,H,H,H,H,H,H,H,H,H,H,H,H,H,H,H,H,H,H,H,H,H,H",agent2,VLLMQwen32B,một người ích kỷ,0.2,36,0.3333,0.6667,10,"6,8,9,10,13,16,19,20,24,27","P,P,P,P,P,H,P,H,H,H,P,P,H,P,P,H,P,P,H,H,P,P,P,H,P,P,H,P,P,P","P,P,P,P,P,P,P,P,P,P,P,P,P,P,P,P,P,P,P,P,P,P,P,P,P,P,P,P,P,P",0.9605,1.0,0.1389,Qwen2.5-32B-Instruct,20,game_197
Qwen2.5-32B-Instruct__noise20__game_198,199,2026-02-12T08:56:38.113151,vn,True,30,30,agent1,VLLMQwen32B,một người ích kỷ,0.2,36,0.2,0.8,6,"11,12,20,23,25,29","P,P,P,P,P,P,P,P,P,P,H,H,P,P,P,P,P,P,P,H,P,P,H,P,H,P,P,P,H,P","P,P,P,P,P,P,P,P,P,P,P,P,P,P,P,P,P,P,P,P,P,P,P,P,P,P,P,P,P,P",agent2,VLLMQwen32B,một người hợp tác,0.2,246,0.9,0.1,3,"17,21,26","H,H,H,H,H,H,H,H,H,H,H,H,H,H,H,H,P,H,H,H,P,H,H,H,H,P,H,H,H,H","H,H,H,H,H,H,H,H,H,H,H,H,H,H,H,H,H,H,H,H,H,H,H,H,H,H,H,H,H,H",0.9474,1.0,0.2222,Qwen2.5-32B-Instruct,20,game_198
Qwen2.5-32B-Instruct__noise20__game_200,201,2026-02-12T08:57:01.157289,it,True,30,30,agent1,VLLMQwen32B,cooperativo,0.2,100,0.7333,0.2667,8,"1,4,5,6,9,18,22,29","T,C,C,T,T,T,C,C,T,C,C,C,C,C,C,C,C,T,C,C,C,T,C,C,C,C,C,C,T,C","C,C,C,C,C,C,C,C,C,C,C,C,C,C,C,C,C,C,C,C,C,C,C,C,C,C,C,C,C,C",agent2,VLLMQwen32B,cooperativo,0.2,110,0.7667,0.2333,7,"2,3,5,17,19,20,23","C,T,T,C,T,C,C,C,C,C,C,C,C,C,C,C,T,C,T,T,C,C,T,C,C,C,C,C,C,C","C,C,C,C,C,C,C,C,C,C,C,C,C,C,C,C,C,C,C,C,C,C,C,C,C,C,C,C,C,C",1.0,1.0,0.0,Qwen2.5-32B-Instruct,20,game_200
Qwen2.5-32B-Instruct__noise20__game_199,200,2026-02-12T08:57:12.311441,vn,True,30,30,agent1,VLLMQwen32B,một người ích kỷ,0.2,226,0.1667,0.8333,5,"11,14,16,21,26","P,P,P,P,P,P,P,P,P,P,H,P,P,H,P,H,P,P,P,P,H,P,P,P,P,H,P,P,P,P","P,P,P,P,P,P,P,P,P,P,P,P,P,P,P,P,P,P,P,P,P,P,P,P,P,P,P,P,P,P",agent2,VLLMQwen32B,một người ích kỷ,0.2,206,0.1,0.9,3,"9,18,27","P,P,P,P,P,P,P,P,H,P,P,P,P,P,P,P,P,H,P,P,P,P,P,P,P,P,H,P,P,P","P,P,P,P,P,P,P,P,P,P,P,P,P,P,P,P,P,P,P,P,P,P,P,P,P,P,P,P,P,P",0.9474,1.0,0.2222,Qwen2.5-32B-Instruct,20,game_199
Qwen2.5-32B-Instruct__noise20__game_202,203,2026-02-12T09:01:39.795666,it,True,30,30,agent1,VLLMQwen32B,egoista,0.2,74,0.1667,0.8333,5,"6,10,20,22,28","T,T,T,T,T,C,T,T,T,C,T,T,T,T,T,T,T,T,T,C,T,C,T,T,T,T,T,C,T,T","T,T,T,T,T,T,T,T,T,T,T,T,T,T,T,T,T,T,T,T,T,T,T,T,T,T,T,T,T,T",agent2,VLLMQwen32B,cooperativo,0.2,244,0.7333,0.2667,8,"7,8,9,16,18,24,25,28","C,C,C,C,C,C,T,T,T,C,C,C,C,C,C,T,C,T,C,C,C,C,C,T,T,C,C,T,C,C","C,C,C,C,C,C,C,C,C,C,C,C,C,C,C,C,C,C,C,C,C,C,C,C,C,C,C,C,C,C",0.9737,1.0,0.0556,Qwen2.5-32B-Instruct,20,game_202
Qwen2.5-32B-Instruct__noise20__game_201,202,2026-02-12T09:01:46.010874,it,True,30,30,agent1,VLLMQwen32B,cooperativo,0.2,238,0.9,0.1,3,"14,18,23","C,C,C,C,C,C,C,C,C,C,C,C,C,T,C,C,C,T,C,C,C,C,T,C,C,C,C,C,C,C","C,C,C,C,C,C,C,C,C,C,C,C,C,C,C,C,C,C,C,C,C,C,C,C,C,C,C,C,C,C",agent2,VLLMQwen32B,egoista,0.2,38,0.2333,0.7667,7,"3,7,12,16,19,20,29","T,T,C,T,T,T,C,T,T,T,T,C,T,T,T,C,T,T,C,C,T,T,T,T,T,T,T,T,C,T","T,T,T,T,T,T,T,T,T,T,T,T,T,T,T,T,T,T,T,T,T,T,T,T,T,T,T,T,T,T",1.0,1.0,0.1667,Qwen2.5-32B-Instruct,20,game_201
Qwen2.5-32B-Instruct__noise20__game_203,204,2026-02-12T09:02:03.493976,it,True,30,30,agent1,VLLMQwen32B,egoista,0.2,206,0.2333,0.7667,7,"16,19,20,21,22,24,30","T,T,T,T,T,T,T,T,T,T,T,T,T,T,T,C,T,T,C,C,C,C,T,C,T,T,T,T,T,C","T,T,T,T,T,T,T,T,T,T,T,T,T,T,T,T,T,T,T,T,T,T,T,T,T,T,T,T,T,T",agent2,VLLMQwen32B,egoista,0.2,196,0.2,0.8,6,"1,3,6,9,11,28","C,T,C,T,T,C,T,T,C,T,C,T,T,T,T,T,T,T,T,T,T,T,T,T,T,T,T,C,T,T","T,T,T,T,T,T,T,T,T,T,T,T,T,T,T,T,T,T,T,T,T,T,T,T,T,T,T,T,T,T",1.0,1.0,0.1111,Qwen2.5-32B-Instruct,20,game_203
Qwen2.5-32B-Instruct__noise20__game_204,205,2026-02-12T09:02:19.106446,it,True,30,30,agent1,VLLMQwen32B,cooperativo,0.2,114,0.8333,0.1667,5,"12,15,20,21,29","C,C,C,C,C,C,C,C,C,C,C,T,C,C,T,C,C,C,C,T,T,C,C,C,C,C,C,C,T,C","C,C,C,C,C,C,C,C,C,C,C,C,C,C,C,C,C,C,C,C,C,C,C,C,C,C,C,C,C,C",agent2,VLLMQwen32B,cooperativo,0.2,84,0.7333,0.2667,8,"2,10,12,13,16,21,25,27","C,T,C,C,C,C,C,C,C,T,C,T,T,C,C,T,C,C,C,C,T,C,C,C,T,C,T,C,C,C","C,C,C,C,C,C,C,C,C,C,C,C,C,C,C,C,C,C,C,C,C,C,C,C,C,C,C,C,C,C",1.0,1.0,0.0556,Qwen2.5-32B-Instruct,20,game_204
Qwen2.5-32B-Instruct__noise20__game_206,207,2026-02-12T09:06:51.966161,it,True,30,30,agent1,VLLMQwen32B,egoista,0.2,58,0.1667,0.8333,5,"4,6,10,16,22","T,T,T,C,C,T,T,T,T,C,T,T,T,T,T,C,T,T,T,T,T,C,T,T,T,T,T,T,T,T","T,T,T,T,C,C,T,T,T,T,T,T,T,T,T,T,T,T,T,T,T,T,T,T,T,T,T,T,T,T",agent2,VLLMQwen32B,cooperativo,0.2,248,0.8,0.2,6,"1,2,7,11,21,22","T,T,C,C,C,C,T,C,C,C,T,C,C,C,C,C,C,C,C,C,T,T,C,C,C,C,C,C,C,C","C,C,C,C,C,C,C,C,C,C,C,C,C,C,C,C,C,C,C,C,C,C,C,C,C,C,C,C,C,C",1.0,1.0,0.0,Qwen2.5-32B-Instruct,20,game_206
Qwen2.5-32B-Instruct__noise20__game_205,206,2026-02-12T09:06:53.562421,it,True,30,30,agent1,VLLMQwen32B,cooperativo,0.2,232,0.6667,0.3333,6,"7,12,15,22,24,26","C,C,C,C,C,C,T,C,C,C,C,T,C,C,T,C,C,C,C,C,C,T,C,T,C,T,T,T,T,T","C,C,C,C,C,C,C,C,C,C,C,C,C,C,C,C,C,C,C,C,C,C,C,C,C,C,T,T,T,T",agent2,VLLMQwen32B,egoista,0.2,92,0.2,0.8,6,"12,17,19,24,26,30","T,T,T,T,T,T,T,T,T,T,T,C,T,T,T,T,C,T,C,T,T,T,T,C,T,C,T,T,T,C","T,T,T,T,T,T,T,T,T,T,T,T,T,T,T,T,T,T,T,T,T,T,T,T,T,T,T,T,T,T",1.0,1.0,0.0556,Qwen2.5-32B-Instruct,20,game_205
Qwen2.5-32B-Instruct__noise20__game_207,208,2026-02-12T09:06:57.172410,it,True,30,30,agent1,VLLMQwen32B,egoista,0.2,198,0.1,0.9,3,"14,29,30","T,T,T,T,T,T,T,T,T,T,T,T,T,C,T,T,T,T,T,T,T,T,T,T,T,T,T,T,C,C","T,T,T,T,T,T,T,T,T,T,T,T,T,T,T,T,T,T,T,T,T,T,T,T,T,T,T,T,T,T",agent2,VLLMQwen32B,egoista,0.2,228,0.2,0.8,6,"14,16,18,20,21,30","T,T,T,T,T,T,T,T,T,T,T,T,T,C,T,C,T,C,T,C,C,T,T,T,T,T,T,T,T,C","T,T,T,T,T,T,T,T,T,T,T,T,T,T,T,T,T,T,T,T,T,T,T,T,T,T,T,T,T,T",1.0,1.0,0.1111,Qwen2.5-32B-Instruct,20,game_207
Qwen2.5-32B-Instruct__noise20__game_208,209,2026-02-12T09:07:30.339574,it,True,30,30,agent1,VLLMQwen32B,cooperativo,0.2,98,0.8333,0.1667,5,"2,5,8,20,27","C,T,C,C,T,C,C,T,C,C,C,C,C,C,C,C,C,C,C,T,C,C,C,C,C,C,T,C,C,C","C,C,C,C,C,C,C,C,C,C,C,C,C,C,C,C,C,C,C,C,C,C,C,C,C,C,C,C,C,C",agent2,VLLMQwen32B,cooperativo,0.2,88,0.8,0.2,6,"4,11,14,19,28,29","C,C,C,T,C,C,C,C,C,C,T,C,C,T,C,C,C,C,T,C,C,C,C,C,C,C,C,T,T,C","C,C,C,C,C,C,C,C,C,C,C,C,C,C,C,C,C,C,C,C,C,C,C,C,C,C,C,C,C,C",1.0,1.0,0.0556,Qwen2.5-32B-Instruct,20,game_208
Qwen2.5-32B-Instruct__noise20__game_209,210,2026-02-12T09:11:46.886152,it,True,30,30,agent1,VLLMQwen32B,cooperativo,0.2,252,0.7333,0.2667,5,"1,6,8,9,22","T,C,C,C,C,T,C,T,T,C,C,C,C,C,C,C,C,C,C,C,C,T,C,C,C,C,C,T,T,T","C,C,C,C,C,C,C,C,C,C,C,C,C,C,C,C,C,C,C,C,C,C,C,C,C,C,C,T,T,T",agent2,VLLMQwen32B,egoista,0.2,72,0.1333,0.8667,4,"4,7,11,22","T,T,T,C,T,T,C,T,T,T,C,T,T,T,T,T,T,T,T,T,T,C,T,T,T,T,T,T,T,T","T,T,T,T,T,T,T,T,T,T,T,T,T,T,T,T,T,T,T,T,T,T,T,T,T,T,T,T,T,T",1.0,1.0,0.1111,Qwen2.5-32B-Instruct,20,game_209
Qwen2.5-32B-Instruct__noise20__game_210,211,2026-02-12T09:11:46.989883,it,True,30,30,agent1,VLLMQwen32B,egoista,0.2,52,0.2,0.8,6,"1,6,13,24,27,30","C,T,T,T,T,C,T,T,T,T,T,T,C,T,T,T,T,T,T,T,T,T,T,C,T,T,C,T,T,C","T,T,T,T,T,T,T,T,T,T,T,T,T,T,T,T,T,T,T,T,T,T,T,T,T,T,T,T,T,T",agent2,VLLMQwen32B,cooperativo,0.2,242,0.8333,0.1667,5,"1,2,15,17,23","T,T,C,C,C,C,C,C,C,C,C,C,C,C,T,C,T,C,C,C,C,C,T,C,C,C,C,C,C,C","C,C,C,C,C,C,C,C,C,C,C,C,C,C,C,C,C,C,C,C,C,C,C,C,C,C,C,C,C,C",1.0,1.0,0.0556,Qwen2.5-32B-Instruct,20,game_210
Qwen2.5-32B-Instruct__noise20__game_211,212,2026-02-12T09:11:50.999542,it,True,30,30,agent1,VLLMQwen32B,egoista,0.2,238,0.2333,0.7667,7,"2,3,4,7,12,18,26","T,C,C,C,T,T,C,T,T,T,T,C,T,T,T,T,T,C,T,T,T,T,T,T,T,C,T,T,T,T","T,T,T,T,T,T,T,T,T,T,T,T,T,T,T,T,T,T,T,T,T,T,T,T,T,T,T,T,T,T",agent2,VLLMQwen32B,egoista,0.2,188,0.0667,0.9333,2,"2,10","T,C,T,T,T,T,T,T,T,C,T,T,T,T,T,T,T,T,T,T,T,T,T,T,T,T,T,T,T,T","T,T,T,T,T,T,T,T,T,T,T,T,T,T,T,T,T,T,T,T,T,T,T,T,T,T,T,T,T,T",1.0,1.0,0.0556,Qwen2.5-32B-Instruct,20,game_211
Qwen2.5-32B-Instruct__noise20__game_212,213,2026-02-12T09:12:38.736077,it,True,30,30,agent1,VLLMQwen32B,cooperativo,0.2,98,0.7,0.3,9,"1,4,5,12,14,18,22,24,25","T,C,C,T,T,C,C,C,C,C,C,T,C,T,C,C,C,T,C,C,C,T,C,T,T,C,C,C,C,C","C,C,C,C,C,C,C,C,C,C,C,C,C,C,C,C,C,C,C,C,C,C,C,C,C,C,C,C,C,C",agent2,VLLMQwen32B,cooperativo,0.2,118,0.7667,0.2333,7,"1,2,3,5,9,15,29","T,T,T,C,T,C,C,C,T,C,C,C,C,C,T,C,C,C,C,C,C,C,C,C,C,C,C,C,T,C","C,C,C,C,C,C,C,C,C,C,C,C,C,C,C,C,C,C,C,C,C,C,C,C,C,C,C,C,C,C",1.0,1.0,0.0,Qwen2.5-32B-Instruct,20,game_212
Qwen2.5-32B-Instruct__noise20__game_214,215,2026-02-12T09:16:36.137947,it,True,30,30,agent1,VLLMQwen32B,egoista,0.2,38,0.1,0.9,3,"5,7,20","T,T,T,T,C,T,C,T,T,T,T,T,T,T,T,T,T,T,T,C,T,T,T,T,T,T,T,T,T,T","T,T,T,T,T,T,T,T,T,T,T,T,T,T,T,T,T,T,T,T,T,T,T,T,T,T,T,T,T,T",agent2,VLLMQwen32B,cooperativo,0.2,268,0.8667,0.1333,4,"6,11,21,27","C,C,C,C,C,T,C,C,C,C,T,C,C,C,C,C,C,C,C,C,T,C,C,C,C,C,T,C,C,C","C,C,C,C,C,C,C,C,C,C,C,C,C,C,C,C,C,C,C,C,C,C,C,C,C,C,C,C,C,C",1.0,1.0,0.0556,Qwen2.5-32B-Instruct,20,game_214
Qwen2.5-32B-Instruct__noise20__game_213,214,2026-02-12T09:16:47.604808,it,True,30,30,agent1,VLLMQwen32B,cooperativo,0.2,244,0.7333,0.2667,7,"12,21,23,24,26,27,29","C,C,C,C,C,C,C,C,C,C,C,T,C,C,C,C,C,C,C,C,T,C,T,T,T,C,T,T,C,T","C,C,C,C,C,C,C,C,C,C,C,C,C,C,C,C,C,C,C,C,C,C,C,C,T,T,C,T,T,T",agent2,VLLMQwen32B,egoista,0.2,74,0.1667,0.8333,5,"1,10,14,15,30","C,T,T,T,T,T,T,T,T,C,T,T,T,C,C,T,T,T,T,T,T,T,T,T,T,T,T,T,T,C","T,T,T,T,T,T,T,T,T,T,T,T,T,T,T,T,T,T,T,T,T,T,T,T,T,T,T,T,T,T",1.0,1.0,0.0556,Qwen2.5-32B-Instruct,20,game_213
Qwen2.5-32B-Instruct__noise20__game_215,216,2026-02-12T09:17:05.039395,it,True,30,30,agent1,VLLMQwen32B,egoista,0.2,180,0.2,0.8,6,"4,5,8,18,20,29","T,T,T,C,C,T,T,C,T,T,T,T,T,T,T,T,T,C,T,C,T,T,T,T,T,T,T,T,C,T","T,T,T,T,T,T,T,T,T,T,T,T,T,T,T,T,T,T,T,T,T,T,T,T,T,T,T,T,T,T",agent2,VLLMQwen32B,egoista,0.2,210,0.3,0.7,9,"2,3,8,9,16,19,22,27,29","T,C,C,T,T,T,T,C,C,T,T,T,T,T,T,C,T,T,C,T,T,C,T,T,T,T,C,T,C,T","T,T,T,T,T,T,T,T,T,T,T,T,T,T,T,T,T,T,T,T,T,T,T,T,T,T,T,T,T,T",1.0,1.0,0.0,Qwen2.5-32B-Instruct,20,game_215
Qwen2.5-32B-Instruct__noise20__game_216,217,2026-02-12T09:17:50.935915,it,True,30,30,agent1,VLLMQwen32B,cooperativo,0.2,98,0.8333,0.1667,5,"7,10,17,21,29","C,C,C,C,C,C,T,C,C,T,C,C,C,C,C,C,T,C,C,C,T,C,C,C,C,C,C,C,T,C","C,C,C,C,C,C,C,C,C,C,C,C,C,C,C,C,C,C,C,C,C,C,C,C,C,C,C,C,C,C",agent2,VLLMQwen32B,cooperativo,0.2,88,0.8,0.2,6,"12,15,16,17,28,30","C,C,C,C,C,C,C,C,C,C,C,T,C,C,T,T,T,C,C,C,C,C,C,C,C,C,C,T,C,T","C,C,C,C,C,C,C,C,C,C,C,C,C,C,C,C,C,C,C,C,C,C,C,C,C,C,C,C,C,C",1.0,1.0,0.0556,Qwen2.5-32B-Instruct,20,game_216
Qwen2.5-32B-Instruct__noise20__game_218,219,2026-02-12T09:22:01.476880,it,True,30,30,agent1,VLLMQwen32B,egoista,0.2,62,0.2333,0.7667,7,"1,2,13,16,21,23,25","C,C,T,T,T,T,T,T,T,T,T,T,C,T,T,C,T,T,T,T,C,T,C,T,C,T,T,T,T,T","T,T,T,T,T,T,T,T,T,T,T,T,T,T,T,T,T,T,T,T,T,T,T,T,T,T,T,T,T,T",agent2,VLLMQwen32B,cooperativo,0.2,232,0.8,0.2,6,"3,16,18,23,25,28","C,C,T,C,C,C,C,C,C,C,C,C,C,C,C,T,C,T,C,C,C,C,T,C,T,C,C,T,C,C","C,C,C,C,C,C,C,C,C,C,C,C,C,C,C,C,C,C,C,C,C,C,C,C,C,C,C,C,C,C",1.0,1.0,0.0,Qwen2.5-32B-Instruct,20,game_218
Qwen2.5-32B-Instruct__noise20__game_219,220,2026-02-12T09:22:16.934672,it,True,30,30,agent1,VLLMQwen32B,egoista,0.2,198,0.2333,0.7667,7,"6,11,16,18,22,23,24","T,T,T,T,T,C,T,T,T,T,C,T,T,T,T,C,T,C,T,T,T,C,C,C,T,T,T,T,T,T","T,T,T,T,T,T,T,T,T,T,T,T,T,T,T,T,T,T,T,T,T,T,T,T,T,T,T,T,T,T",agent2,VLLMQwen32B,egoista,0.2,198,0.2333,0.7667,7,"1,15,19,20,24,27,30","C,T,T,T,T,T,T,T,T,T,T,T,T,T,C,T,T,T,C,C,T,T,T,C,T,T,C,T,T,C","T,T,T,T,T,T,T,T,T,T,T,T,T,T,T,T,T,T,T,T,T,T,T,T,T,T,T,T,T,T",1.0,1.0,0.0556,Qwen2.5-32B-Instruct,20,game_219
Qwen2.5-32B-Instruct__noise20__game_217,218,2026-02-12T09:22:18.487457,it,True,30,30,agent1,VLLMQwen32B,cooperativo,0.2,270,0.7667,0.2333,7,"2,3,5,6,19,22,29","C,T,T,C,T,T,C,C,C,C,C,C,C,C,C,C,C,C,T,C,C,T,C,C,C,C,C,C,T,C","C,C,C,C,C,C,C,C,C,C,C,C,C,C,C,C,C,C,C,C,C,C,C,C,C,C,C,C,C,C",agent2,VLLMQwen32B,egoista,0.2,60,0.0667,0.9333,2,"26,27","T,T,T,T,T,T,T,T,T,T,T,T,T,T,T,T,T,T,T,T,T,T,T,T,T,C,C,T,T,T","T,T,T,T,T,T,T,T,T,T,T,T,T,T,T,T,T,T,T,T,T,T,T,T,T,T,T,T,T,T",1.0,1.0,0.1389,Qwen2.5-32B-Instruct,20,game_217
Qwen2.5-32B-Instruct__noise20__game_220,221,2026-02-12T09:23:02.955712,it,True,30,30,agent1,VLLMQwen32B,cooperativo,0.2,76,0.6,0.4,12,"3,4,5,6,8,9,19,20,21,24,25,27","C,C,T,T,T,T,C,T,T,C,C,C,C,C,C,C,C,C,T,T,T,C,C,T,T,C,T,C,C,C","C,C,C,C,C,C,C,C,C,C,C,C,C,C,C,C,C,C,C,C,C,C,C,C,C,C,C,C,C,C",agent2,VLLMQwen32B,cooperativo,0.2,146,0.8333,0.1667,5,"1,11,12,28,30","T,C,C,C,C,C,C,C,C,C,T,T,C,C,C,C,C,C,C,C,C,C,C,C,C,C,C,T,C,T","C,C,C,C,C,C,C,C,C,C,C,C,C,C,C,C,C,C,C,C,C,C,C,C,C,C,C,C,C,C",1.0,1.0,0.0,Qwen2.5-32B-Instruct,20,game_220
Qwen2.5-32B-Instruct__noise20__game_223,224,2026-02-12T09:27:19.753223,it,True,30,30,agent1,VLLMQwen32B,egoista,0.2,150,0.2333,0.7667,7,"4,5,9,10,19,20,23","T,T,T,C,C,T,T,T,C,C,T,T,T,T,T,T,T,T,C,C,T,T,C,T,T,T,T,T,T,T","T,T,T,T,T,T,T,T,T,T,T,T,T,T,T,T,T,T,T,T,T,T,T,T,T,T,T,T,T,T",agent2,VLLMQwen32B,egoista,0.2,210,0.4333,0.5667,13,"1,4,11,12,16,18,19,20,21,23,25,28,29","C,T,T,C,T,T,T,T,T,T,C,C,T,T,T,C,T,C,C,C,C,T,C,T,C,T,T,C,C,T","T,T,T,T,T,T,T,T,T,T,T,T,T,T,T,T,T,T,T,T,T,T,T,T,T,T,T,T,T,T",1.0,1.0,0.0,Qwen2.5-32B-Instruct,20,game_223
Qwen2.5-32B-Instruct__noise20__game_222,223,2026-02-12T09:27:20.238118,it,True,30,30,agent1,VLLMQwen32B,egoista,0.2,34,0.1667,0.8333,5,"14,15,16,17,22","T,T,T,T,T,T,T,T,T,T,T,T,T,C,C,C,C,T,T,T,T,C,T,T,T,T,T,T,T,T","T,T,T,T,T,T,T,T,T,T,T,T,T,T,T,T,T,T,T,T,T,T,T,T,T,T,T,T,T,T",agent2,VLLMQwen32B,cooperativo,0.2,254,0.9,0.1,3,"6,11,15","C,C,C,C,C,T,C,C,C,C,T,C,C,C,T,C,C,C,C,C,C,C,C,C,C,C,C,C,C,C","C,C,C,C,C,C,C,C,C,C,C,C,C,C,C,C,C,C,C,C,C,C,C,C,C,C,C,C,C,C",1.0,1.0,0.1111,Qwen2.5-32B-Instruct,20,game_222
Qwen2.5-32B-Instruct__noise20__game_221,222,2026-02-12T09:27:24.050509,it,True,30,30,agent1,VLLMQwen32B,cooperativo,0.2,238,0.9,0.1,3,"10,14,29","C,C,C,C,C,C,C,C,C,T,C,C,C,T,C,C,C,C,C,C,C,C,C,C,C,C,C,C,T,C","C,C,C,C,C,C,C,C,C,C,C,C,C,C,C,C,C,C,C,C,C,C,C,C,C,C,C,C,C,C",agent2,VLLMQwen32B,egoista,0.2,38,0.2333,0.7667,7,"11,15,17,20,27,28,30","T,T,T,T,T,T,T,T,T,T,C,T,T,T,C,T,C,T,T,C,T,T,T,T,T,T,C,C,T,C","T,T,T,T,T,T,T,T,T,T,T,T,T,T,T,T,T,T,T,T,T,T,T,T,T,T,T,T,T,T",1.0,1.0,0.0556,Qwen2.5-32B-Instruct,20,game_221
Qwen2.5-32B-Instruct__noise20__game_224,225,2026-02-12T09:28:22.503544,it,True,30,30,agent1,VLLMQwen32B,cooperativo,0.2,108,0.7333,0.2667,8,"5,9,12,14,16,21,25,29","C,C,C,C,T,C,C,C,T,C,C,T,C,T,C,T,C,C,C,C,T,C,C,C,T,C,C,C,T,C","C,C,C,C,C,C,C,C,C,C,C,C,C,C,C,C,C,C,C,C,C,C,C,C,C,C,C,C,C,C",agent2,VLLMQwen32B,cooperativo,0.2,108,0.7333,0.2667,8,"2,3,10,14,16,24,29,30","C,T,T,C,C,C,C,C,C,T,C,C,C,T,C,T,C,C,C,C,C,C,C,T,C,C,C,C,T,T","C,C,C,C,C,C,C,C,C,C,C,C,C,C,C,C,C,C,C,C,C,C,C,C,C,C,C,C,C,C",1.0,1.0,0.0556,Qwen2.5-32B-Instruct,20,game_224
Qwen2.5-32B-Instruct__noise20__game_225,226,2026-02-12T09:32:28.006325,it,True,30,30,agent1,VLLMQwen32B,cooperativo,0.2,254,0.7667,0.2333,7,"6,10,11,13,14,24,30","C,C,C,C,C,T,C,C,C,T,T,C,T,T,C,C,C,C,C,C,C,C,C,T,C,C,C,C,C,T","C,C,C,C,C,C,C,C,C,C,C,C,C,C,C,C,C,C,C,C,C,C,C,C,C,C,C,C,C,C",agent2,VLLMQwen32B,egoista,0.2,64,0.1333,0.8667,4,"6,10,13,19","T,T,T,T,T,C,T,T,T,C,T,T,C,T,T,T,T,T,C,T,T,T,T,T,T,T,T,T,T,T","T,T,T,T,T,T,T,T,T,T,T,T,T,T,T,T,T,T,T,T,T,T,T,T,T,T,T,T,T,T",1.0,1.0,0.0556,Qwen2.5-32B-Instruct,20,game_225
Qwen2.5-32B-Instruct__noise20__game_226,227,2026-02-12T09:32:37.739719,it,True,30,30,agent1,VLLMQwen32B,egoista,0.2,54,0.2333,0.7667,7,"4,10,11,14,16,18,21","T,T,T,C,T,T,T,T,T,C,C,T,T,C,T,C,T,C,T,T,C,T,T,T,T,T,T,T,T,T","T,T,T,T,T,T,T,T,T,T,T,T,T,T,T,T,T,T,T,T,T,T,T,T,T,T,T,T,T,T",agent2,VLLMQwen32B,cooperativo,0.2,234,0.8333,0.1667,5,"2,7,10,27,30","C,T,C,C,C,C,T,C,C,T,C,C,C,C,C,C,C,C,C,C,C,C,C,C,C,C,T,C,C,T","C,C,C,C,C,C,C,C,C,C,C,C,C,C,C,C,C,C,C,C,C,C,C,C,C,C,C,C,C,C",1.0,1.0,0.0,Qwen2.5-32B-Instruct,20,game_226
Qwen2.5-32B-Instruct__noise20__game_227,228,2026-02-12T09:32:43.800919,it,True,30,30,agent1,VLLMQwen32B,egoista,0.2,178,0.1667,0.8333,5,"1,10,11,15,23","C,T,T,T,T,T,T,T,T,C,C,T,T,T,C,T,T,T,T,T,T,T,C,T,T,T,T,T,T,T","T,T,T,T,T,T,T,T,T,T,T,T,T,T,T,T,T,T,T,T,T,T,T,T,T,T,T,T,T,T",agent2,VLLMQwen32B,egoista,0.2,218,0.3,0.7,9,"1,6,7,10,13,14,21,23,28","C,T,T,T,T,C,C,T,T,C,T,T,C,C,T,T,T,T,T,T,C,T,C,T,T,T,T,C,T,T","T,T,T,T,T,T,T,T,T,T,T,T,T,T,T,T,T,T,T,T,T,T,T,T,T,T,T,T,T,T",1.0,1.0,0.0278,Qwen2.5-32B-Instruct,20,game_227
Qwen2.5-32B-Instruct__noise20__game_228,229,2026-02-12T09:33:27.026605,it,True,30,30,agent1,VLLMQwen32B,cooperativo,0.2,118,0.7667,0.2333,7,"7,8,14,16,18,24,26","C,C,C,C,C,C,T,T,C,C,C,C,C,T,C,T,C,T,C,C,C,C,C,T,C,T,C,C,C,C","C,C,C,C,C,C,C,C,C,C,C,C,C,C,C,C,C,C,C,C,C,C,C,C,C,C,C,C,C,C",agent2,VLLMQwen32B,cooperativo,0.2,98,0.7,0.3,9,"1,5,8,11,13,14,17,26,28","T,C,C,C,T,C,C,T,C,C,T,C,T,T,C,C,T,C,C,C,C,C,C,C,C,T,C,T,C,C","C,C,C,C,C,C,C,C,C,C,C,C,C,C,C,C,C,C,C,C,C,C,C,C,C,C,C,C,C,C",1.0,1.0,0.0278,Qwen2.5-32B-Instruct,20,game_228
Qwen2.5-32B-Instruct__noise20__game_229,230,2026-02-12T09:37:32.691832,it,True,30,30,agent1,VLLMQwen32B,cooperativo,0.2,240,0.8,0.2,6,"4,7,8,10,16,24","C,C,C,T,C,C,T,T,C,T,C,C,C,C,C,T,C,C,C,C,C,C,C,T,C,C,C,C,C,C","C,C,C,C,C,C,C,C,C,C,C,C,C,C,C,C,C,C,C,C,C,C,C,C,C,C,C,C,C,C",agent2,VLLMQwen32B,egoista,0.2,60,0.2,0.8,6,"3,15,16,22,27,29","T,T,C,T,T,T,T,T,T,T,T,T,T,T,C,C,T,T,T,T,T,C,T,T,T,T,C,T,C,T","T,T,T,T,T,T,T,T,T,T,T,T,T,T,T,T,T,T,T,T,T,T,T,T,T,T,T,T,T,T",1.0,1.0,0.0556,Qwen2.5-32B-Instruct,20,game_229
Qwen2.5-32B-Instruct__noise20__game_231,232,2026-02-12T09:37:42.578707,it,True,30,30,agent1,VLLMQwen32B,egoista,0.2,218,0.1667,0.8333,5,"5,16,19,27,30","T,T,T,T,C,T,T,T,T,T,T,T,T,T,T,C,T,T,C,T,T,T,T,T,T,T,C,T,T,C","T,T,T,T,T,T,T,T,T,T,T,T,T,T,T,T,T,T,T,T,T,T,T,T,T,T,T,T,T,T",agent2,VLLMQwen32B,egoista,0.2,208,0.1333,0.8667,4,"1,13,20,23","C,T,T,T,T,T,T,T,T,T,T,T,C,T,T,T,T,T,T,C,T,T,C,T,T,T,T,T,T,T","T,T,T,T,T,T,T,T,T,T,T,T,T,T,T,T,T,T,T,T,T,T,T,T,T,T,T,T,T,T",1.0,1.0,0.0556,Qwen2.5-32B-Instruct,20,game_231
Qwen2.5-32B-Instruct__noise20__game_230,231,2026-02-12T09:37:56.289430,it,True,30,30,agent1,VLLMQwen32B,egoista,0.2,62,0.1,0.9,3,"12,22,24","T,T,T,T,T,T,T,T,T,T,T,C,T,T,T,T,T,T,T,T,T,C,T,C,T,T,T,T,T,T","T,T,T,T,T,T,T,T,T,T,T,T,T,T,T,T,T,T,T,T,T,T,T,T,T,T,T,T,T,T",agent2,VLLMQwen32B,cooperativo,0.2,262,0.7667,0.2333,7,"7,8,22,26,28,29,30","C,C,C,C,C,C,T,T,C,C,C,C,C,C,C,C,C,C,C,C,C,T,C,C,C,T,C,T,T,T","C,C,C,C,C,C,C,C,C,C,C,C,C,C,C,C,C,C,C,C,C,C,C,C,C,C,C,C,C,C",1.0,1.0,0.0556,Qwen2.5-32B-Instruct,20,game_230
Qwen2.5-32B-Instruct__noise20__game_232,233,2026-02-12T09:38:41.961459,it,True,30,30,agent1,VLLMQwen32B,cooperativo,0.2,82,0.7,0.3,9,"2,9,11,12,13,16,17,25,26","C,T,C,C,C,C,C,C,T,C,T,T,T,C,C,T,T,C,C,C,C,C,C,C,T,T,C,C,C,C","C,C,C,C,C,C,C,C,C,C,C,C,C,C,C,C,C,C,C,C,C,C,C,C,C,C,C,C,C,C",agent2,VLLMQwen32B,cooperativo,0.2,122,0.8333,0.1667,5,"1,5,7,10,26","T,C,C,C,T,C,T,C,C,T,C,C,C,C,C,C,C,C,C,C,C,C,C,C,C,T,C,C,C,C","C,C,C,C,C,C,C,C,C,C,C,C,C,C,C,C,C,C,C,C,C,C,C,C,C,C,C,C,C,C",1.0,1.0,0.0556,Qwen2.5-32B-Instruct,20,game_232
Qwen2.5-32B-Instruct__noise20__game_233,234,2026-02-12T09:42:00.372727,it,True,30,30,agent1,VLLMQwen32B,cooperativo,0.2,252,0.8667,0.1333,4,"3,9,21,25","C,C,T,C,C,C,C,C,T,C,C,C,C,C,C,C,C,C,C,C,T,C,C,C,T,C,C,C,C,C","C,C,C,C,C,C,C,C,C,C,C,C,C,C,C,C,C,C,C,C,C,C,C,C,C,C,C,C,C,C",agent2,VLLMQwen32B,egoista,0.2,42,0.1667,0.8333,5,"5,12,16,25,29","T,T,T,T,C,T,T,T,T,T,T,C,T,T,T,C,T,T,T,T,T,T,T,T,C,T,T,T,C,T","T,T,T,T,T,T,T,T,T,T,T,T,T,T,T,T,T,T,T,T,T,T,T,T,T,T,T,T,T,T",1.0,1.0,0.0556,Qwen2.5-32B-Instruct,20,game_233
Qwen2.5-32B-Instruct__noise20__game_234,235,2026-02-12T09:42:40.587291,it,True,30,30,agent1,VLLMQwen32B,egoista,0.2,60,0.2,0.8,6,"2,8,12,14,17,19","T,C,T,T,T,T,T,C,T,T,T,C,T,C,T,T,C,T,C,T,T,T,T,T,T,T,T,T,T,T","T,T,T,T,T,T,T,T,T,T,T,T,T,T,T,T,T,T,T,T,T,T,T,T,T,T,T,T,T,T",agent2,VLLMQwen32B,cooperativo,0.2,240,0.8,0.2,6,"9,22,23,26,29,30","C,C,C,C,C,C,C,C,T,C,C,C,C,C,C,C,C,C,C,C,C,T,T,C,C,T,C,C,T,T","C,C,C,C,C,C,C,C,C,C,C,C,C,C,C,C,C,C,C,C,C,C,C,C,C,C,C,C,C,C",1.0,1.0,0.0556,Qwen2.5-32B-Instruct,20,game_234
Qwen2.5-32B-Instruct__noise20__game_235,236,2026-02-12T09:43:09.146166,it,True,30,30,agent1,VLLMQwen32B,egoista,0.2,222,0.2333,0.7667,7,"5,8,10,12,15,16,19","T,T,T,T,C,T,T,C,T,C,T,C,T,T,C,C,T,T,C,T,T,T,T,T,T,T,T,T,T,T","T,T,T,T,T,T,T,T,T,T,T,T,T,T,T,T,T,T,T,T,T,T,T,T,T,T,T,T,T,T",agent2,VLLMQwen32B,egoista,0.2,192,0.1333,0.8667,4,"8,17,18,20","T,T,T,T,T,T,T,C,T,T,T,T,T,T,T,T,C,C,T,C,T,T,T,T,T,T,T,T,T,T","T,T,T,T,T,T,T,T,T,T,T,T,T,T,T,T,T,T,T,T,T,T,T,T,T,T,T,T,T,T",1.0,1.0,0.0833,Qwen2.5-32B-Instruct,20,game_235
Qwen2.5-32B-Instruct__noise20__game_236,237,2026-02-12T09:43:48.315226,it,True,30,30,agent1,VLLMQwen32B,cooperativo,0.2,116,0.8667,0.1333,4,"3,14,22,30","C,C,T,C,C,C,C,C,C,C,C,C,C,T,C,C,C,C,C,C,C,T,C,C,C,C,C,C,C,T","C,C,C,C,C,C,C,C,C,C,C,C,C,C,C,C,C,C,C,C,C,C,C,C,C,C,C,C,C,C",agent2,VLLMQwen32B,cooperativo,0.2,76,0.7333,0.2667,8,"1,4,7,8,9,13,17,19","T,C,C,T,C,C,T,T,T,C,C,C,T,C,C,C,T,C,T,C,C,C,C,C,C,C,C,C,C,C","C,C,C,C,C,C,C,C,C,C,C,C,C,C,C,C,C,C,C,C,C,C,C,C,C,C,C,C,C,C",1.0,1.0,0.0,Qwen2.5-32B-Instruct,20,game_236
Qwen2.5-32B-Instruct__noise20__game_237,238,2026-02-12T09:47:11.808042,it,True,30,30,agent1,VLLMQwen32B,cooperativo,0.2,252,0.7333,0.2667,7,"3,16,19,23,25,26,30","C,C,T,C,C,C,C,C,C,C,C,C,C,C,C,T,C,C,T,C,C,C,T,C,T,C,T,T,T,C","C,C,C,C,C,C,C,C,C,C,C,C,C,C,C,C,C,C,C,C,C,C,C,C,C,T,T,T,T,T",agent2,VLLMQwen32B,egoista,0.2,72,0.1333,0.8667,4,"3,6,11,20","T,T,C,T,T,C,T,T,T,T,C,T,T,T,T,T,T,T,T,C,T,T,T,T,T,T,T,T,T,T","T,T,T,T,T,T,T,T,T,T,T,T,T,T,T,T,T,T,T,T,T,T,T,T,T,T,T,T,T,T",1.0,1.0,0.0556,Qwen2.5-32B-Instruct,20,game_237
Qwen2.5-32B-Instruct__noise20__game_238,239,2026-02-12T09:47:25.165818,it,True,30,30,agent1,VLLMQwen32B,egoista,0.2,78,0.2333,0.7667,7,"3,14,16,20,21,25,29","T,T,C,T,T,T,T,T,T,T,T,T,T,C,T,C,T,T,T,C,C,T,T,T,C,T,T,T,C,T","T,T,T,T,T,T,T,T,T,T,T,T,T,T,T,T,T,T,T,T,T,T,T,T,T,T,T,T,T,T",agent2,VLLMQwen32B,cooperativo,0.2,228,0.7333,0.2667,8,"2,4,6,7,17,23,25,27","C,T,C,T,C,T,T,C,C,C,C,C,C,C,C,C,T,C,C,C,C,C,T,C,T,C,T,C,C,C","C,C,C,C,C,C,C,C,C,C,C,C,C,C,C,C,C,C,C,C,C,C,C,C,C,C,C,C,C,C",1.0,1.0,0.0,Qwen2.5-32B-Instruct,20,game_238
Qwen2.5-32B-Instruct__noise20__game_239,240,2026-02-12T09:47:45.941417,it,True,30,30,agent1,VLLMQwen32B,egoista,0.2,216,0.2667,0.7333,8,"1,10,15,16,18,19,25,26","C,T,T,T,T,T,T,T,T,C,T,T,T,T,C,C,T,C,C,T,T,T,T,T,C,C,T,T,T,T","T,T,T,T,T,T,T,T,T,T,T,T,T,T,T,T,T,T,T,T,T,T,T,T,T,T,T,T,T,T",agent2,VLLMQwen32B,egoista,0.2,186,0.1667,0.8333,5,"9,15,18,21,27","T,T,T,T,T,T,T,T,C,T,T,T,T,T,C,T,T,C,T,T,C,T,T,T,T,T,C,T,T,T","T,T,T,T,T,T,T,T,T,T,T,T,T,T,T,T,T,T,T,T,T,T,T,T,T,T,T,T,T,T",1.0,1.0,0.0,Qwen2.5-32B-Instruct,20,game_239
gpt-oss-20b__noise00__game_3,4,2026-02-12T08:44:04.853131,en,True,30,30,agent1,VLLMGptOss20B,selfish,0.0,240,0.0,1.0,0,,"D,D,D,D,D,D,D,D,D,D,D,D,D,D,D,D,D,D,D,D,D,D,D,D,D,D,D,D,D,D","D,D,D,D,D,D,D,D,D,D,D,D,D,D,D,D,D,D,D,D,D,D,D,D,D,D,D,D,D,D",agent2,VLLMGptOss20B,selfish,0.0,240,0.0,1.0,0,,"D,D,D,D,D,D,D,D,D,D,D,D,D,D,D,D,D,D,D,D,D,D,D,D,D,D,D,D,D,D","D,D,D,D,D,D,D,D,D,D,D,D,D,D,D,D,D,D,D,D,D,D,D,D,D,D,D,D,D,D",1.0,0.9762,0.2222,gpt-oss-20b,0,game_3
gpt-oss-20b__noise00__game_2,3,2026-02-12T08:44:24.212481,en,True,30,30,agent1,VLLMGptOss20B,selfish,0.0,240,0.0,1.0,0,,"D,D,D,D,D,D,D,D,D,D,D,D,D,D,D,D,D,D,D,D,D,D,D,D,D,D,D,D,D,D","D,D,D,D,D,D,D,D,D,D,D,D,D,D,D,D,D,D,D,D,D,D,D,D,D,D,D,D,D,D",agent2,VLLMGptOss20B,cooperative,0.0,240,0.0,1.0,0,,"D,D,D,D,D,D,D,D,D,D,D,D,D,D,D,D,D,D,D,D,D,D,D,D,D,D,D,D,D,D","D,D,D,D,D,D,D,D,D,D,D,D,D,D,D,D,D,D,D,D,D,D,D,D,D,D,D,D,D,D",1.0,1.0,0.3333,gpt-oss-20b,0,game_2
gpt-oss-20b__noise00__game_0,1,2026-02-12T08:44:31.877211,en,True,30,30,agent1,VLLMGptOss20B,cooperative,0.0,242,0.0333,0.9667,0,,"C,D,D,D,D,D,D,D,D,D,D,D,D,D,D,D,D,D,D,D,D,D,D,D,D,D,D,D,D,D","C,D,D,D,D,D,D,D,D,D,D,D,D,D,D,D,D,D,D,D,D,D,D,D,D,D,D,D,D,D",agent2,VLLMGptOss20B,cooperative,0.0,232,0.0,1.0,0,,"D,D,D,D,D,D,D,D,D,D,D,D,D,D,D,D,D,D,D,D,D,D,D,D,D,D,D,D,D,D","D,D,D,D,D,D,D,D,D,D,D,D,D,D,D,D,D,D,D,D,D,D,D,D,D,D,D,D,D,D",1.0,1.0,0.0833,gpt-oss-20b,0,game_0
gpt-oss-20b__noise00__game_1,2,2026-02-12T08:44:37.516047,en,True,30,30,agent1,VLLMGptOss20B,cooperative,0.0,242,0.0333,0.9667,0,,"C,D,D,D,D,D,D,D,D,D,D,D,D,D,D,D,D,D,D,D,D,D,D,D,D,D,D,D,D,D","C,D,D,D,D,D,D,D,D,D,D,D,D,D,D,D,D,D,D,D,D,D,D,D,D,D,D,D,D,D",agent2,VLLMGptOss20B,selfish,0.0,232,0.0,1.0,0,,"D,D,D,D,D,D,D,D,D,D,D,D,D,D,D,D,D,D,D,D,D,D,D,D,D,D,D,D,D,D","D,D,D,D,D,D,D,D,D,D,D,D,D,D,D,D,D,D,D,D,D,D,D,D,D,D,D,D,D,D",1.0,1.0,0.1667,gpt-oss-20b,0,game_1
gpt-oss-20b__noise00__game_7,8,2026-02-12T08:48:24.906457,en,True,30,30,agent1,VLLMGptOss20B,selfish,0.0,240,0.0,1.0,0,,"D,D,D,D,D,D,D,D,D,D,D,D,D,D,D,D,D,D,D,D,D,D,D,D,D,D,D,D,D,D","D,D,D,D,D,D,D,D,D,D,D,D,D,D,D,D,D,D,D,D,D,D,D,D,D,D,D,D,D,D",agent2,VLLMGptOss20B,selfish,0.0,240,0.0,1.0,0,,"D,D,D,D,D,D,D,D,D,D,D,D,D,D,D,D,D,D,D,D,D,D,D,D,D,D,D,D,D,D","D,D,D,D,D,D,D,D,D,D,D,D,D,D,D,D,D,D,D,D,D,D,D,D,D,D,D,D,D,D",1.0,1.0,0.25,gpt-oss-20b,0,game_7
gpt-oss-20b__noise00__game_5,6,2026-02-12T08:48:25.498230,en,True,30,30,agent1,VLLMGptOss20B,cooperative,0.0,242,0.0333,0.9667,0,,"C,D,D,D,D,D,D,D,D,D,D,D,D,D,D,D,D,D,D,D,D,D,D,D,D,D,D,D,D,D","C,D,D,D,D,D,D,D,D,D,D,D,D,D,D,D,D,D,D,D,D,D,D,D,D,D,D,D,D,D",agent2,VLLMGptOss20B,selfish,0.0,232,0.0,1.0,0,,"D,D,D,D,D,D,D,D,D,D,D,D,D,D,D,D,D,D,D,D,D,D,D,D,D,D,D,D,D,D","D,D,D,D,D,D,D,D,D,D,D,D,D,D,D,D,D,D,D,D,D,D,D,D,D,D,D,D,D,D",1.0,1.0,0.1944,gpt-oss-20b,0,game_5
gpt-oss-20b__noise00__game_6,7,2026-02-12T08:48:33.266456,en,True,30,30,agent1,VLLMGptOss20B,selfish,0.0,232,0.0,1.0,0,,"D,D,D,D,D,D,D,D,D,D,D,D,D,D,D,D,D,D,D,D,D,D,D,D,D,D,D,D,D,D","D,D,D,D,D,D,D,D,D,D,D,D,D,D,D,D,D,D,D,D,D,D,D,D,D,D,D,D,D,D",agent2,VLLMGptOss20B,cooperative,0.0,242,0.0333,0.9667,0,,"C,D,D,D,D,D,D,D,D,D,D,D,D,D,D,D,D,D,D,D,D,D,D,D,D,D,D,D,D,D","C,D,D,D,D,D,D,D,D,D,D,D,D,D,D,D,D,D,D,D,D,D,D,D,D,D,D,D,D,D",1.0,1.0,0.0556,gpt-oss-20b,0,game_6
gpt-oss-20b__noise00__game_4,5,2026-02-12T08:49:00.685756,en,True,30,30,agent1,VLLMGptOss20B,cooperative,0.0,232,0.0,1.0,0,,"D,D,D,D,D,D,D,D,D,D,D,D,D,D,D,D,D,D,D,D,D,D,D,D,D,D,D,D,D,D","D,D,D,D,D,D,D,D,D,D,D,D,D,D,D,D,D,D,D,D,D,D,D,D,D,D,D,D,D,D",agent2,VLLMGptOss20B,cooperative,0.0,242,0.0333,0.9667,0,,"D,D,D,D,D,D,D,D,D,D,D,D,D,D,D,D,D,D,D,D,D,D,D,C,D,D,D,D,D,D","D,D,D,D,D,D,D,D,D,D,D,D,D,D,D,D,D,D,D,D,D,D,D,C,D,D,D,D,D,D",1.0,1.0,0.1944,gpt-oss-20b,0,game_4
gpt-oss-20b__noise00__game_10,11,2026-02-12T08:52:36.932885,en,True,30,30,agent1,VLLMGptOss20B,selfish,0.0,240,0.0,1.0,0,,"D,D,D,D,D,D,D,D,D,D,D,D,D,D,D,D,D,D,D,D,D,D,D,D,D,D,D,D,D,D","D,D,D,D,D,D,D,D,D,D,D,D,D,D,D,D,D,D,D,D,D,D,D,D,D,D,D,D,D,D",agent2,VLLMGptOss20B,cooperative,0.0,240,0.0,1.0,0,,"D,D,D,D,D,D,D,D,D,D,D,D,D,D,D,D,D,D,D,D,D,D,D,D,D,D,D,D,D,D","D,D,D,D,D,D,D,D,D,D,D,D,D,D,D,D,D,D,D,D,D,D,D,D,D,D,D,D,D,D",1.0,1.0,0.2778,gpt-oss-20b,0,game_10
gpt-oss-20b__noise00__game_11,12,2026-02-12T08:52:37.618234,en,True,30,30,agent1,VLLMGptOss20B,selfish,0.0,240,0.0,1.0,0,,"D,D,D,D,D,D,D,D,D,D,D,D,D,D,D,D,D,D,D,D,D,D,D,D,D,D,D,D,D,D","D,D,D,D,D,D,D,D,D,D,D,D,D,D,D,D,D,D,D,D,D,D,D,D,D,D,D,D,D,D",agent2,VLLMGptOss20B,selfish,0.0,240,0.0,1.0,0,,"D,D,D,D,D,D,D,D,D,D,D,D,D,D,D,D,D,D,D,D,D,D,D,D,D,D,D,D,D,D","D,D,D,D,D,D,D,D,D,D,D,D,D,D,D,D,D,D,D,D,D,D,D,D,D,D,D,D,D,D",1.0,1.0,0.3889,gpt-oss-20b,0,game_11
gpt-oss-20b__noise00__game_8,9,2026-02-12T08:52:48.020217,en,True,30,30,agent1,VLLMGptOss20B,cooperative,0.0,242,0.0333,0.9667,0,,"C,D,D,D,D,D,D,D,D,D,D,D,D,D,D,D,D,D,D,D,D,D,D,D,D,D,D,D,D,D","C,D,D,D,D,D,D,D,D,D,D,D,D,D,D,D,D,D,D,D,D,D,D,D,D,D,D,D,D,D",agent2,VLLMGptOss20B,cooperative,0.0,232,0.0,1.0,0,,"D,D,D,D,D,D,D,D,D,D,D,D,D,D,D,D,D,D,D,D,D,D,D,D,D,D,D,D,D,D","D,D,D,D,D,D,D,D,D,D,D,D,D,D,D,D,D,D,D,D,D,D,D,D,D,D,D,D,D,D",1.0,0.9762,0.1667,gpt-oss-20b,0,game_8
gpt-oss-20b__noise00__game_9,10,2026-02-12T08:52:50.456775,en,True,30,30,agent1,VLLMGptOss20B,cooperative,0.0,242,0.0333,0.9667,0,,"C,D,D,D,D,D,D,D,D,D,D,D,D,D,D,D,D,D,D,D,D,D,D,D,D,D,D,D,D,D","C,D,D,D,D,D,D,D,D,D,D,D,D,D,D,D,D,D,D,D,D,D,D,D,D,D,D,D,D,D",agent2,VLLMGptOss20B,selfish,0.0,232,0.0,1.0,0,,"D,D,D,D,D,D,D,D,D,D,D,D,D,D,D,D,D,D,D,D,D,D,D,D,D,D,D,D,D,D","D,D,D,D,D,D,D,D,D,D,D,D,D,D,D,D,D,D,D,D,D,D,D,D,D,D,D,D,D,D",1.0,1.0,0.0556,gpt-oss-20b,0,game_9
gpt-oss-20b__noise00__game_15,16,2026-02-12T08:56:32.373003,en,True,30,30,agent1,VLLMGptOss20B,selfish,0.0,240,0.0,1.0,0,,"D,D,D,D,D,D,D,D,D,D,D,D,D,D,D,D,D,D,D,D,D,D,D,D,D,D,D,D,D,D","D,D,D,D,D,D,D,D,D,D,D,D,D,D,D,D,D,D,D,D,D,D,D,D,D,D,D,D,D,D",agent2,VLLMGptOss20B,selfish,0.0,240,0.0,1.0,0,,"D,D,D,D,D,D,D,D,D,D,D,D,D,D,D,D,D,D,D,D,D,D,D,D,D,D,D,D,D,D","D,D,D,D,D,D,D,D,D,D,D,D,D,D,D,D,D,D,D,D,D,D,D,D,D,D,D,D,D,D",1.0,1.0,0.3056,gpt-oss-20b,0,game_15
gpt-oss-20b__noise00__game_13,14,2026-02-12T08:56:34.414424,en,True,30,30,agent1,VLLMGptOss20B,cooperative,0.0,242,0.0333,0.9667,0,,"C,D,D,D,D,D,D,D,D,D,D,D,D,D,D,D,D,D,D,D,D,D,D,D,D,D,D,D,D,D","C,D,D,D,D,D,D,D,D,D,D,D,D,D,D,D,D,D,D,D,D,D,D,D,D,D,D,D,D,D",agent2,VLLMGptOss20B,selfish,0.0,232,0.0,1.0,0,,"D,D,D,D,D,D,D,D,D,D,D,D,D,D,D,D,D,D,D,D,D,D,D,D,D,D,D,D,D,D","D,D,D,D,D,D,D,D,D,D,D,D,D,D,D,D,D,D,D,D,D,D,D,D,D,D,D,D,D,D",1.0,0.9762,0.1389,gpt-oss-20b,0,game_13
gpt-oss-20b__noise00__game_14,15,2026-02-12T08:56:39.832425,en,True,30,30,agent1,VLLMGptOss20B,selfish,0.0,240,0.0,1.0,0,,"D,D,D,D,D,D,D,D,D,D,D,D,D,D,D,D,D,D,D,D,D,D,D,D,D,D,D,D,D,D","D,D,D,D,D,D,D,D,D,D,D,D,D,D,D,D,D,D,D,D,D,D,D,D,D,D,D,D,D,D",agent2,VLLMGptOss20B,cooperative,0.0,240,0.0,1.0,0,,"D,D,D,D,D,D,D,D,D,D,D,D,D,D,D,D,D,D,D,D,D,D,D,D,D,D,D,D,D,D","D,D,D,D,D,D,D,D,D,D,D,D,D,D,D,D,D,D,D,D,D,D,D,D,D,D,D,D,D,D",1.0,1.0,0.25,gpt-oss-20b,0,game_14
gpt-oss-20b__noise00__game_12,13,2026-02-12T08:56:48.625363,en,True,30,30,agent1,VLLMGptOss20B,cooperative,0.0,242,0.0333,0.9667,0,,"C,D,D,D,D,D,D,D,D,D,D,D,D,D,D,D,D,D,D,D,D,D,D,D,D,D,D,D,D,D","C,D,D,D,D,D,D,D,D,D,D,D,D,D,D,D,D,D,D,D,D,D,D,D,D,D,D,D,D,D",agent2,VLLMGptOss20B,cooperative,0.0,232,0.0,1.0,0,,"D,D,D,D,D,D,D,D,D,D,D,D,D,D,D,D,D,D,D,D,D,D,D,D,D,D,D,D,D,D","D,D,D,D,D,D,D,D,D,D,D,D,D,D,D,D,D,D,D,D,D,D,D,D,D,D,D,D,D,D",1.0,1.0,0.1389,gpt-oss-20b,0,game_12
gpt-oss-20b__noise00__game_17,18,2026-02-12T09:00:25.758452,en,True,30,30,agent1,VLLMGptOss20B,cooperative,0.0,240,0.0,1.0,0,,"D,D,D,D,D,D,D,D,D,D,D,D,D,D,D,D,D,D,D,D,D,D,D,D,D,D,D,D,D,D","D,D,D,D,D,D,D,D,D,D,D,D,D,D,D,D,D,D,D,D,D,D,D,D,D,D,D,D,D,D",agent2,VLLMGptOss20B,selfish,0.0,240,0.0,1.0,0,,"D,D,D,D,D,D,D,D,D,D,D,D,D,D,D,D,D,D,D,D,D,D,D,D,D,D,D,D,D,D","D,D,D,D,D,D,D,D,D,D,D,D,D,D,D,D,D,D,D,D,D,D,D,D,D,D,D,D,D,D",1.0,1.0,0.3056,gpt-oss-20b,0,game_17
gpt-oss-20b__noise00__game_19,20,2026-02-12T09:00:31.010645,en,True,30,30,agent1,VLLMGptOss20B,selfish,0.0,240,0.0,1.0,0,,"D,D,D,D,D,D,D,D,D,D,D,D,D,D,D,D,D,D,D,D,D,D,D,D,D,D,D,D,D,D","D,D,D,D,D,D,D,D,D,D,D,D,D,D,D,D,D,D,D,D,D,D,D,D,D,D,D,D,D,D",agent2,VLLMGptOss20B,selfish,0.0,240,0.0,1.0,0,,"D,D,D,D,D,D,D,D,D,D,D,D,D,D,D,D,D,D,D,D,D,D,D,D,D,D,D,D,D,D","D,D,D,D,D,D,D,D,D,D,D,D,D,D,D,D,D,D,D,D,D,D,D,D,D,D,D,D,D,D",1.0,0.9762,0.3056,gpt-oss-20b,0,game_19
gpt-oss-20b__noise00__game_18,19,2026-02-12T09:00:36.215670,en,True,30,30,agent1,VLLMGptOss20B,selfish,0.0,232,0.0,1.0,0,,"D,D,D,D,D,D,D,D,D,D,D,D,D,D,D,D,D,D,D,D,D,D,D,D,D,D,D,D,D,D","D,D,D,D,D,D,D,D,D,D,D,D,D,D,D,D,D,D,D,D,D,D,D,D,D,D,D,D,D,D",agent2,VLLMGptOss20B,cooperative,0.0,242,0.0333,0.9667,0,,"C,D,D,D,D,D,D,D,D,D,D,D,D,D,D,D,D,D,D,D,D,D,D,D,D,D,D,D,D,D","C,D,D,D,D,D,D,D,D,D,D,D,D,D,D,D,D,D,D,D,D,D,D,D,D,D,D,D,D,D",1.0,0.9524,0.0833,gpt-oss-20b,0,game_18
gpt-oss-20b__noise00__game_16,17,2026-02-12T09:00:40.962574,en,True,30,30,agent1,VLLMGptOss20B,cooperative,0.0,242,0.0333,0.9667,0,,"C,D,D,D,D,D,D,D,D,D,D,D,D,D,D,D,D,D,D,D,D,D,D,D,D,D,D,D,D,D","C,D,D,D,D,D,D,D,D,D,D,D,D,D,D,D,D,D,D,D,D,D,D,D,D,D,D,D,D,D",agent2,VLLMGptOss20B,cooperative,0.0,232,0.0,1.0,0,,"D,D,D,D,D,D,D,D,D,D,D,D,D,D,D,D,D,D,D,D,D,D,D,D,D,D,D,D,D,D","D,D,D,D,D,D,D,D,D,D,D,D,D,D,D,D,D,D,D,D,D,D,D,D,D,D,D,D,D,D",1.0,0.9762,0.1667,gpt-oss-20b,0,game_16
gpt-oss-20b__noise00__game_23,24,2026-02-12T09:04:18.864256,en,True,30,30,agent1,VLLMGptOss20B,selfish,0.0,240,0.0,1.0,0,,"D,D,D,D,D,D,D,D,D,D,D,D,D,D,D,D,D,D,D,D,D,D,D,D,D,D,D,D,D,D","D,D,D,D,D,D,D,D,D,D,D,D,D,D,D,D,D,D,D,D,D,D,D,D,D,D,D,D,D,D",agent2,VLLMGptOss20B,selfish,0.0,240,0.0,1.0,0,,"D,D,D,D,D,D,D,D,D,D,D,D,D,D,D,D,D,D,D,D,D,D,D,D,D,D,D,D,D,D","D,D,D,D,D,D,D,D,D,D,D,D,D,D,D,D,D,D,D,D,D,D,D,D,D,D,D,D,D,D",1.0,0.9762,0.2778,gpt-oss-20b,0,game_23
gpt-oss-20b__noise00__game_21,22,2026-02-12T09:04:38.420698,en,True,30,30,agent1,VLLMGptOss20B,cooperative,0.0,242,0.0333,0.9667,0,,"C,D,D,D,D,D,D,D,D,D,D,D,D,D,D,D,D,D,D,D,D,D,D,D,D,D,D,D,D,D","C,D,D,D,D,D,D,D,D,D,D,D,D,D,D,D,D,D,D,D,D,D,D,D,D,D,D,D,D,D",agent2,VLLMGptOss20B,selfish,0.0,232,0.0,1.0,0,,"D,D,D,D,D,D,D,D,D,D,D,D,D,D,D,D,D,D,D,D,D,D,D,D,D,D,D,D,D,D","D,D,D,D,D,D,D,D,D,D,D,D,D,D,D,D,D,D,D,D,D,D,D,D,D,D,D,D,D,D",1.0,0.9524,0.0833,gpt-oss-20b,0,game_21
gpt-oss-20b__noise00__game_20,21,2026-02-12T09:04:42.388132,en,True,30,30,agent1,VLLMGptOss20B,cooperative,0.0,242,0.0333,0.9667,0,,"C,D,D,D,D,D,D,D,D,D,D,D,D,D,D,D,D,D,D,D,D,D,D,D,D,D,D,D,D,D","C,D,D,D,D,D,D,D,D,D,D,D,D,D,D,D,D,D,D,D,D,D,D,D,D,D,D,D,D,D",agent2,VLLMGptOss20B,cooperative,0.0,232,0.0,1.0,0,,"D,D,D,D,D,D,D,D,D,D,D,D,D,D,D,D,D,D,D,D,D,D,D,D,D,D,D,D,D,D","D,D,D,D,D,D,D,D,D,D,D,D,D,D,D,D,D,D,D,D,D,D,D,D,D,D,D,D,D,D",1.0,1.0,0.1389,gpt-oss-20b,0,game_20
gpt-oss-20b__noise00__game_22,23,2026-02-12T09:05:11.012862,en,True,30,30,agent1,VLLMGptOss20B,selfish,0.0,232,0.0,1.0,0,,"D,D,D,D,D,D,D,D,D,D,D,D,D,D,D,D,D,D,D,D,D,D,D,D,D,D,D,D,D,D","D,D,D,D,D,D,D,D,D,D,D,D,D,D,D,D,D,D,D,D,D,D,D,D,D,D,D,D,D,D",agent2,VLLMGptOss20B,cooperative,0.0,242,0.0333,0.9667,0,,"D,D,D,D,D,D,D,D,D,D,D,D,D,D,D,D,D,C,D,D,D,D,D,D,D,D,D,D,D,D","D,D,D,D,D,D,D,D,D,D,D,D,D,D,D,D,D,C,D,D,D,D,D,D,D,D,D,D,D,D",1.0,0.9524,0.1389,gpt-oss-20b,0,game_22
gpt-oss-20b__noise00__game_24,25,2026-02-12T09:08:22.791724,en,True,30,30,agent1,VLLMGptOss20B,cooperative,0.0,240,0.0,1.0,0,,"D,D,D,D,D,D,D,D,D,D,D,D,D,D,D,D,D,D,D,D,D,D,D,D,D,D,D,D,D,D","D,D,D,D,D,D,D,D,D,D,D,D,D,D,D,D,D,D,D,D,D,D,D,D,D,D,D,D,D,D",agent2,VLLMGptOss20B,cooperative,0.0,240,0.0,1.0,0,,"D,D,D,D,D,D,D,D,D,D,D,D,D,D,D,D,D,D,D,D,D,D,D,D,D,D,D,D,D,D","D,D,D,D,D,D,D,D,D,D,D,D,D,D,D,D,D,D,D,D,D,D,D,D,D,D,D,D,D,D",1.0,1.0,0.3611,gpt-oss-20b,0,game_24
gpt-oss-20b__noise00__game_26,27,2026-02-12T09:08:32.040067,en,True,30,30,agent1,VLLMGptOss20B,selfish,0.0,240,0.0,1.0,0,,"D,D,D,D,D,D,D,D,D,D,D,D,D,D,D,D,D,D,D,D,D,D,D,D,D,D,D,D,D,D","D,D,D,D,D,D,D,D,D,D,D,D,D,D,D,D,D,D,D,D,D,D,D,D,D,D,D,D,D,D",agent2,VLLMGptOss20B,cooperative,0.0,240,0.0,1.0,0,,"D,D,D,D,D,D,D,D,D,D,D,D,D,D,D,D,D,D,D,D,D,D,D,D,D,D,D,D,D,D","D,D,D,D,D,D,D,D,D,D,D,D,D,D,D,D,D,D,D,D,D,D,D,D,D,D,D,D,D,D",1.0,1.0,0.3056,gpt-oss-20b,0,game_26
gpt-oss-20b__noise00__game_27,28,2026-02-12T09:08:36.453989,en,True,30,30,agent1,VLLMGptOss20B,selfish,0.0,240,0.0,1.0,0,,"D,D,D,D,D,D,D,D,D,D,D,D,D,D,D,D,D,D,D,D,D,D,D,D,D,D,D,D,D,D","D,D,D,D,D,D,D,D,D,D,D,D,D,D,D,D,D,D,D,D,D,D,D,D,D,D,D,D,D,D",agent2,VLLMGptOss20B,selfish,0.0,240,0.0,1.0,0,,"D,D,D,D,D,D,D,D,D,D,D,D,D,D,D,D,D,D,D,D,D,D,D,D,D,D,D,D,D,D","D,D,D,D,D,D,D,D,D,D,D,D,D,D,D,D,D,D,D,D,D,D,D,D,D,D,D,D,D,D",1.0,1.0,0.3333,gpt-oss-20b,0,game_27
gpt-oss-20b__noise00__game_25,26,2026-02-12T09:08:47.345853,en,True,30,30,agent1,VLLMGptOss20B,cooperative,0.0,242,0.0333,0.9667,0,,"C,D,D,D,D,D,D,D,D,D,D,D,D,D,D,D,D,D,D,D,D,D,D,D,D,D,D,D,D,D","C,D,D,D,D,D,D,D,D,D,D,D,D,D,D,D,D,D,D,D,D,D,D,D,D,D,D,D,D,D",agent2,VLLMGptOss20B,selfish,0.0,232,0.0,1.0,0,,"D,D,D,D,D,D,D,D,D,D,D,D,D,D,D,D,D,D,D,D,D,D,D,D,D,D,D,D,D,D","D,D,D,D,D,D,D,D,D,D,D,D,D,D,D,D,D,D,D,D,D,D,D,D,D,D,D,D,D,D",1.0,1.0,0.1111,gpt-oss-20b,0,game_25
gpt-oss-20b__noise00__game_29,30,2026-02-12T09:12:17.952948,en,True,30,30,agent1,VLLMGptOss20B,cooperative,0.0,240,0.0,1.0,0,,"D,D,D,D,D,D,D,D,D,D,D,D,D,D,D,D,D,D,D,D,D,D,D,D,D,D,D,D,D,D","D,D,D,D,D,D,D,D,D,D,D,D,D,D,D,D,D,D,D,D,D,D,D,D,D,D,D,D,D,D",agent2,VLLMGptOss20B,selfish,0.0,240,0.0,1.0,0,,"D,D,D,D,D,D,D,D,D,D,D,D,D,D,D,D,D,D,D,D,D,D,D,D,D,D,D,D,D,D","D,D,D,D,D,D,D,D,D,D,D,D,D,D,D,D,D,D,D,D,D,D,D,D,D,D,D,D,D,D",1.0,0.9762,0.3889,gpt-oss-20b,0,game_29
gpt-oss-20b__noise00__game_31,32,2026-02-12T09:12:19.565824,en,True,30,30,agent1,VLLMGptOss20B,selfish,0.0,240,0.0,1.0,0,,"D,D,D,D,D,D,D,D,D,D,D,D,D,D,D,D,D,D,D,D,D,D,D,D,D,D,D,D,D,D","D,D,D,D,D,D,D,D,D,D,D,D,D,D,D,D,D,D,D,D,D,D,D,D,D,D,D,D,D,D",agent2,VLLMGptOss20B,selfish,0.0,240,0.0,1.0,0,,"D,D,D,D,D,D,D,D,D,D,D,D,D,D,D,D,D,D,D,D,D,D,D,D,D,D,D,D,D,D","D,D,D,D,D,D,D,D,D,D,D,D,D,D,D,D,D,D,D,D,D,D,D,D,D,D,D,D,D,D",1.0,0.9762,0.3056,gpt-oss-20b,0,game_31
gpt-oss-20b__noise00__game_30,31,2026-02-12T09:12:27.847568,en,True,30,30,agent1,VLLMGptOss20B,selfish,0.0,240,0.0,1.0,0,,"D,D,D,D,D,D,D,D,D,D,D,D,D,D,D,D,D,D,D,D,D,D,D,D,D,D,D,D,D,D","D,D,D,D,D,D,D,D,D,D,D,D,D,D,D,D,D,D,D,D,D,D,D,D,D,D,D,D,D,D",agent2,VLLMGptOss20B,cooperative,0.0,240,0.0,1.0,0,,"D,D,D,D,D,D,D,D,D,D,D,D,D,D,D,D,D,D,D,D,D,D,D,D,D,D,D,D,D,D","D,D,D,D,D,D,D,D,D,D,D,D,D,D,D,D,D,D,D,D,D,D,D,D,D,D,D,D,D,D",1.0,1.0,0.3056,gpt-oss-20b,0,game_30
gpt-oss-20b__noise00__game_28,29,2026-02-12T09:12:32.818186,en,True,30,30,agent1,VLLMGptOss20B,cooperative,0.0,224,0.1333,0.8667,0,,"C,C,C,C,D,D,D,D,D,D,D,D,D,D,D,D,D,D,D,D,D,D,D,D,D,D,D,D,D,D","C,C,C,C,D,D,D,D,D,D,D,D,D,D,D,D,D,D,D,D,D,D,D,D,D,D,D,D,D,D",agent2,VLLMGptOss20B,cooperative,0.0,214,0.1,0.9,0,,"C,C,C,D,D,D,D,D,D,D,D,D,D,D,D,D,D,D,D,D,D,D,D,D,D,D,D,D,D,D","C,C,C,D,D,D,D,D,D,D,D,D,D,D,D,D,D,D,D,D,D,D,D,D,D,D,D,D,D,D",1.0,1.0,0.0,gpt-oss-20b,0,game_28
gpt-oss-20b__noise00__game_33,34,2026-02-12T09:16:07.264956,en,True,30,30,agent1,VLLMGptOss20B,cooperative,0.0,242,0.0333,0.9667,0,,"C,D,D,D,D,D,D,D,D,D,D,D,D,D,D,D,D,D,D,D,D,D,D,D,D,D,D,D,D,D","C,D,D,D,D,D,D,D,D,D,D,D,D,D,D,D,D,D,D,D,D,D,D,D,D,D,D,D,D,D",agent2,VLLMGptOss20B,selfish,0.0,232,0.0,1.0,0,,"D,D,D,D,D,D,D,D,D,D,D,D,D,D,D,D,D,D,D,D,D,D,D,D,D,D,D,D,D,D","D,D,D,D,D,D,D,D,D,D,D,D,D,D,D,D,D,D,D,D,D,D,D,D,D,D,D,D,D,D",1.0,0.9762,0.1944,gpt-oss-20b,0,game_33
gpt-oss-20b__noise00__game_34,35,2026-02-12T09:16:18.849354,en,True,30,30,agent1,VLLMGptOss20B,selfish,0.0,240,0.0,1.0,0,,"D,D,D,D,D,D,D,D,D,D,D,D,D,D,D,D,D,D,D,D,D,D,D,D,D,D,D,D,D,D","D,D,D,D,D,D,D,D,D,D,D,D,D,D,D,D,D,D,D,D,D,D,D,D,D,D,D,D,D,D",agent2,VLLMGptOss20B,cooperative,0.0,240,0.0,1.0,0,,"D,D,D,D,D,D,D,D,D,D,D,D,D,D,D,D,D,D,D,D,D,D,D,D,D,D,D,D,D,D","D,D,D,D,D,D,D,D,D,D,D,D,D,D,D,D,D,D,D,D,D,D,D,D,D,D,D,D,D,D",1.0,0.9762,0.3056,gpt-oss-20b,0,game_34
gpt-oss-20b__noise00__game_35,36,2026-02-12T09:16:20.928472,en,True,30,30,agent1,VLLMGptOss20B,selfish,0.0,240,0.0,1.0,0,,"D,D,D,D,D,D,D,D,D,D,D,D,D,D,D,D,D,D,D,D,D,D,D,D,D,D,D,D,D,D","D,D,D,D,D,D,D,D,D,D,D,D,D,D,D,D,D,D,D,D,D,D,D,D,D,D,D,D,D,D",agent2,VLLMGptOss20B,selfish,0.0,240,0.0,1.0,0,,"D,D,D,D,D,D,D,D,D,D,D,D,D,D,D,D,D,D,D,D,D,D,D,D,D,D,D,D,D,D","D,D,D,D,D,D,D,D,D,D,D,D,D,D,D,D,D,D,D,D,D,D,D,D,D,D,D,D,D,D",1.0,1.0,0.3333,gpt-oss-20b,0,game_35
gpt-oss-20b__noise00__game_32,33,2026-02-12T09:16:48.357838,en,True,30,30,agent1,VLLMGptOss20B,cooperative,0.0,234,0.0333,0.9667,0,,"C,D,D,D,D,D,D,D,D,D,D,D,D,D,D,D,D,D,D,D,D,D,D,D,D,D,D,D,D,D","C,D,D,D,D,D,D,D,D,D,D,D,D,D,D,D,D,D,D,D,D,D,D,D,D,D,D,D,D,D",agent2,VLLMGptOss20B,cooperative,0.0,234,0.0333,0.9667,0,,"D,D,C,D,D,D,D,D,D,D,D,D,D,D,D,D,D,D,D,D,D,D,D,D,D,D,D,D,D,D","D,D,C,D,D,D,D,D,D,D,D,D,D,D,D,D,D,D,D,D,D,D,D,D,D,D,D,D,D,D",1.0,1.0,0.0,gpt-oss-20b,0,game_32
gpt-oss-20b__noise00__game_37,38,2026-02-12T09:20:10.121660,en,True,30,30,agent1,VLLMGptOss20B,cooperative,0.0,242,0.0333,0.9667,0,,"C,D,D,D,D,D,D,D,D,D,D,D,D,D,D,D,D,D,D,D,D,D,D,D,D,D,D,D,D,D","C,D,D,D,D,D,D,D,D,D,D,D,D,D,D,D,D,D,D,D,D,D,D,D,D,D,D,D,D,D",agent2,VLLMGptOss20B,selfish,0.0,232,0.0,1.0,0,,"D,D,D,D,D,D,D,D,D,D,D,D,D,D,D,D,D,D,D,D,D,D,D,D,D,D,D,D,D,D","D,D,D,D,D,D,D,D,D,D,D,D,D,D,D,D,D,D,D,D,D,D,D,D,D,D,D,D,D,D",1.0,1.0,0.1667,gpt-oss-20b,0,game_37
gpt-oss-20b__noise00__game_38,39,2026-02-12T09:20:14.695496,en,True,30,30,agent1,VLLMGptOss20B,selfish,0.0,240,0.0,1.0,0,,"D,D,D,D,D,D,D,D,D,D,D,D,D,D,D,D,D,D,D,D,D,D,D,D,D,D,D,D,D,D","D,D,D,D,D,D,D,D,D,D,D,D,D,D,D,D,D,D,D,D,D,D,D,D,D,D,D,D,D,D",agent2,VLLMGptOss20B,cooperative,0.0,240,0.0,1.0,0,,"D,D,D,D,D,D,D,D,D,D,D,D,D,D,D,D,D,D,D,D,D,D,D,D,D,D,D,D,D,D","D,D,D,D,D,D,D,D,D,D,D,D,D,D,D,D,D,D,D,D,D,D,D,D,D,D,D,D,D,D",1.0,1.0,0.3056,gpt-oss-20b,0,game_38
gpt-oss-20b__noise00__game_39,40,2026-02-12T09:20:23.834370,en,True,30,30,agent1,VLLMGptOss20B,selfish,0.0,240,0.0,1.0,0,,"D,D,D,D,D,D,D,D,D,D,D,D,D,D,D,D,D,D,D,D,D,D,D,D,D,D,D,D,D,D","D,D,D,D,D,D,D,D,D,D,D,D,D,D,D,D,D,D,D,D,D,D,D,D,D,D,D,D,D,D",agent2,VLLMGptOss20B,selfish,0.0,240,0.0,1.0,0,,"D,D,D,D,D,D,D,D,D,D,D,D,D,D,D,D,D,D,D,D,D,D,D,D,D,D,D,D,D,D","D,D,D,D,D,D,D,D,D,D,D,D,D,D,D,D,D,D,D,D,D,D,D,D,D,D,D,D,D,D",1.0,0.9762,0.3611,gpt-oss-20b,0,game_39
gpt-oss-20b__noise00__game_36,37,2026-02-12T09:20:30.746812,en,True,30,30,agent1,VLLMGptOss20B,cooperative,0.0,232,0.0,1.0,0,,"D,D,D,D,D,D,D,D,D,D,D,D,D,D,D,D,D,D,D,D,D,D,D,D,D,D,D,D,D,D","D,D,D,D,D,D,D,D,D,D,D,D,D,D,D,D,D,D,D,D,D,D,D,D,D,D,D,D,D,D",agent2,VLLMGptOss20B,cooperative,0.0,242,0.0333,0.9667,0,,"D,C,D,D,D,D,D,D,D,D,D,D,D,D,D,D,D,D,D,D,D,D,D,D,D,D,D,D,D,D","D,C,D,D,D,D,D,D,D,D,D,D,D,D,D,D,D,D,D,D,D,D,D,D,D,D,D,D,D,D",1.0,0.9762,0.1389,gpt-oss-20b,0,game_36
gpt-oss-20b__noise00__game_41,42,2026-02-12T09:23:46.261106,fr,True,30,30,agent1,VLLMGptOss20B,coopératif,0.0,242,0.0333,0.9667,0,,"C,T,T,T,T,T,T,T,T,T,T,T,T,T,T,T,T,T,T,T,T,T,T,T,T,T,T,T,T,T","C,T,T,T,T,T,T,T,T,T,T,T,T,T,T,T,T,T,T,T,T,T,T,T,T,T,T,T,T,T",agent2,VLLMGptOss20B,égoïste,0.0,232,0.0,1.0,0,,"T,T,T,T,T,T,T,T,T,T,T,T,T,T,T,T,T,T,T,T,T,T,T,T,T,T,T,T,T,T","T,T,T,T,T,T,T,T,T,T,T,T,T,T,T,T,T,T,T,T,T,T,T,T,T,T,T,T,T,T",0.9868,0.9286,0.1944,gpt-oss-20b,0,game_41
gpt-oss-20b__noise00__game_43,44,2026-02-12T09:24:04.085641,fr,True,30,30,agent1,VLLMGptOss20B,égoïste,0.0,240,0.0,1.0,0,,"T,T,T,T,T,T,T,T,T,T,T,T,T,T,T,T,T,T,T,T,T,T,T,T,T,T,T,T,T,T","T,T,T,T,T,T,T,T,T,T,T,T,T,T,T,T,T,T,T,T,T,T,T,T,T,T,T,T,T,T",agent2,VLLMGptOss20B,égoïste,0.0,240,0.0,1.0,0,,"T,T,T,T,T,T,T,T,T,T,T,T,T,T,T,T,T,T,T,T,T,T,T,T,T,T,T,T,T,T","T,T,T,T,T,T,T,T,T,T,T,T,T,T,T,T,T,T,T,T,T,T,T,T,T,T,T,T,T,T",0.9868,0.9524,0.3889,gpt-oss-20b,0,game_43
gpt-oss-20b__noise00__game_42,43,2026-02-12T09:24:49.081126,fr,True,30,30,agent1,VLLMGptOss20B,égoïste,0.0,216,0.0,1.0,0,,"T,T,T,T,T,T,T,T,T,T,T,T,T,T,T,T,T,T,T,T,T,T,T,T,T,T,T,T,T,T","T,T,T,T,T,T,T,T,T,T,T,T,T,T,T,T,T,T,T,T,T,T,T,T,T,T,T,T,T,T",agent2,VLLMGptOss20B,coopératif,0.0,246,0.1,0.9,0,,"C,T,C,T,T,T,T,T,T,T,T,T,T,T,T,T,T,T,T,T,T,T,T,T,C,T,T,T,T,T","C,T,C,T,T,T,T,T,T,T,T,T,T,T,T,T,T,T,T,T,T,T,T,T,C,T,T,T,T,T",1.0,0.9286,0.1389,gpt-oss-20b,0,game_42
gpt-oss-20b__noise00__game_40,41,2026-02-12T09:26:21.127960,fr,True,30,30,agent1,VLLMGptOss20B,coopératif,0.0,152,0.4,0.6,0,,"C,C,C,C,C,C,C,C,C,C,C,T,C,T,T,T,T,T,T,T,T,T,T,T,T,T,T,T,T,T","C,C,C,C,C,C,C,C,C,C,C,T,C,T,T,T,T,T,T,T,T,T,T,T,T,T,T,T,T,T",agent2,VLLMGptOss20B,coopératif,0.0,172,0.4667,0.5333,0,,"C,C,C,C,C,C,C,C,C,C,C,C,T,C,C,T,T,T,T,T,T,T,T,T,T,T,T,T,T,T","C,C,C,C,C,C,C,C,C,C,C,C,T,C,C,T,T,T,T,T,T,T,T,T,T,T,T,T,T,T",1.0,0.9048,0.1111,gpt-oss-20b,0,game_40
gpt-oss-20b__noise00__game_45,46,2026-02-12T09:28:23.050293,fr,True,30,30,agent1,VLLMGptOss20B,coopératif,0.0,242,0.0333,0.9667,0,,"T,T,C,T,T,T,T,T,T,T,T,T,T,T,T,T,T,T,T,T,T,T,T,T,T,T,T,T,T,T","T,T,C,T,T,T,T,T,T,T,T,T,T,T,T,T,T,T,T,T,T,T,T,T,T,T,T,T,T,T",agent2,VLLMGptOss20B,égoïste,0.0,232,0.0,1.0,0,,"T,T,T,T,T,T,T,T,T,T,T,T,T,T,T,T,T,T,T,T,T,T,T,T,T,T,T,T,T,T","T,T,T,T,T,T,T,T,T,T,T,T,T,T,T,T,T,T,T,T,T,T,T,T,T,T,T,T,T,T",1.0,0.9286,0.1667,gpt-oss-20b,0,game_45
gpt-oss-20b__noise00__game_44,45,2026-02-12T09:28:26.787227,fr,True,30,30,agent1,VLLMGptOss20B,coopératif,0.0,178,0.3,0.7,0,,"C,C,C,C,C,C,C,C,C,T,T,T,T,T,T,T,T,T,T,T,T,T,T,T,T,T,T,T,T,T","C,C,C,C,C,C,C,C,C,T,T,T,T,T,T,T,T,T,T,T,T,T,T,T,T,T,T,T,T,T",agent2,VLLMGptOss20B,coopératif,0.0,188,0.3333,0.6667,0,,"C,C,C,C,C,C,C,C,C,C,T,T,T,T,T,T,T,T,T,T,T,T,T,T,T,T,T,T,T,T","C,C,C,C,C,C,C,C,C,C,T,T,T,T,T,T,T,T,T,T,T,T,T,T,T,T,T,T,T,T",1.0,0.9048,0.0833,gpt-oss-20b,0,game_44
gpt-oss-20b__noise00__game_46,47,2026-02-12T09:29:02.803432,fr,True,30,30,agent1,VLLMGptOss20B,égoïste,0.0,224,0.0,1.0,0,,"T,T,T,T,T,T,T,T,T,T,T,T,T,T,T,T,T,T,T,T,T,T,T,T,T,T,T,T,T,T","T,T,T,T,T,T,T,T,T,T,T,T,T,T,T,T,T,T,T,T,T,T,T,T,T,T,T,T,T,T",agent2,VLLMGptOss20B,coopératif,0.0,244,0.0667,0.9333,0,,"C,T,T,T,T,T,T,T,T,T,T,C,T,T,T,T,T,T,T,T,T,T,T,T,T,T,T,T,T,T","C,T,T,T,T,T,T,T,T,T,T,C,T,T,T,T,T,T,T,T,T,T,T,T,T,T,T,T,T,T",1.0,0.9286,0.1111,gpt-oss-20b,0,game_46
gpt-oss-20b__noise00__game_47,48,2026-02-12T09:29:49.309226,fr,True,30,30,agent1,VLLMGptOss20B,égoïste,0.0,240,0.0,1.0,0,,"T,T,T,T,T,T,T,T,T,T,T,T,T,T,T,T,T,T,T,T,T,T,T,T,T,T,T,T,T,T","T,T,T,T,T,T,T,T,T,T,T,T,T,T,T,T,T,T,T,T,T,T,T,T,T,T,T,T,T,T",agent2,VLLMGptOss20B,égoïste,0.0,240,0.0,1.0,0,,"T,T,T,T,T,T,T,T,T,T,T,T,T,T,T,T,T,T,T,T,T,T,T,T,T,T,T,T,T,T","T,T,T,T,T,T,T,T,T,T,T,T,T,T,T,T,T,T,T,T,T,T,T,T,T,T,T,T,T,T",1.0,0.9524,0.3889,gpt-oss-20b,0,game_47
gpt-oss-20b__noise00__game_48,49,2026-02-12T09:32:18.803559,fr,True,30,30,agent1,VLLMGptOss20B,coopératif,0.0,58,0.9667,0.0333,0,,"C,C,C,C,C,C,C,C,C,C,C,C,C,C,C,C,C,C,C,C,C,C,C,T,C,C,C,C,C,C","C,C,C,C,C,C,C,C,C,C,C,C,C,C,C,C,C,C,C,C,C,C,C,T,C,C,C,C,C,C",agent2,VLLMGptOss20B,coopératif,0.0,68,1.0,0.0,0,,"C,C,C,C,C,C,C,C,C,C,C,C,C,C,C,C,C,C,C,C,C,C,C,C,C,C,C,C,C,C","C,C,C,C,C,C,C,C,C,C,C,C,C,C,C,C,C,C,C,C,C,C,C,C,C,C,C,C,C,C",1.0,0.9524,0.2778,gpt-oss-20b,0,game_48
gpt-oss-20b__noise00__game_49,50,2026-02-12T09:32:50.519336,fr,True,30,30,agent1,VLLMGptOss20B,coopératif,0.0,242,0.0333,0.9667,0,,"C,T,T,T,T,T,T,T,T,T,T,T,T,T,T,T,T,T,T,T,T,T,T,T,T,T,T,T,T,T","C,T,T,T,T,T,T,T,T,T,T,T,T,T,T,T,T,T,T,T,T,T,T,T,T,T,T,T,T,T",agent2,VLLMGptOss20B,égoïste,0.0,232,0.0,1.0,0,,"T,T,T,T,T,T,T,T,T,T,T,T,T,T,T,T,T,T,T,T,T,T,T,T,T,T,T,T,T,T","T,T,T,T,T,T,T,T,T,T,T,T,T,T,T,T,T,T,T,T,T,T,T,T,T,T,T,T,T,T",1.0,0.9048,0.1667,gpt-oss-20b,0,game_49
gpt-oss-20b__noise00__game_51,52,2026-02-12T09:33:23.651545,fr,True,30,30,agent1,VLLMGptOss20B,égoïste,0.0,240,0.0,1.0,0,,"T,T,T,T,T,T,T,T,T,T,T,T,T,T,T,T,T,T,T,T,T,T,T,T,T,T,T,T,T,T","T,T,T,T,T,T,T,T,T,T,T,T,T,T,T,T,T,T,T,T,T,T,T,T,T,T,T,T,T,T",agent2,VLLMGptOss20B,égoïste,0.0,240,0.0,1.0,0,,"T,T,T,T,T,T,T,T,T,T,T,T,T,T,T,T,T,T,T,T,T,T,T,T,T,T,T,T,T,T","T,T,T,T,T,T,T,T,T,T,T,T,T,T,T,T,T,T,T,T,T,T,T,T,T,T,T,T,T,T",1.0,0.9762,0.3333,gpt-oss-20b,0,game_51
gpt-oss-20b__noise00__game_50,51,2026-02-12T09:33:54.565770,fr,True,30,30,agent1,VLLMGptOss20B,égoïste,0.0,224,0.0,1.0,0,,"T,T,T,T,T,T,T,T,T,T,T,T,T,T,T,T,T,T,T,T,T,T,T,T,T,T,T,T,T,T","T,T,T,T,T,T,T,T,T,T,T,T,T,T,T,T,T,T,T,T,T,T,T,T,T,T,T,T,T,T",agent2,VLLMGptOss20B,coopératif,0.0,244,0.0667,0.9333,0,,"T,T,C,T,T,C,T,T,T,T,T,T,T,T,T,T,T,T,T,T,T,T,T,T,T,T,T,T,T,T","T,T,C,T,T,C,T,T,T,T,T,T,T,T,T,T,T,T,T,T,T,T,T,T,T,T,T,T,T,T",1.0,0.9524,0.1667,gpt-oss-20b,0,game_50
gpt-oss-20b__noise00__game_52,53,2026-02-12T09:35:57.641265,fr,True,30,30,agent1,VLLMGptOss20B,coopératif,0.0,68,1.0,0.0,0,,"C,C,C,C,C,C,C,C,C,C,C,C,C,C,C,C,C,C,C,C,C,C,C,C,C,C,C,C,C,C","C,C,C,C,C,C,C,C,C,C,C,C,C,C,C,C,C,C,C,C,C,C,C,C,C,C,C,C,C,C",agent2,VLLMGptOss20B,coopératif,0.0,58,0.9667,0.0333,0,,"C,C,C,C,C,C,C,C,C,C,C,C,C,C,C,C,C,C,C,C,C,C,C,C,C,C,C,C,C,T","C,C,C,C,C,C,C,C,C,C,C,C,C,C,C,C,C,C,C,C,C,C,C,C,C,C,C,C,C,T",1.0,0.9048,0.3611,gpt-oss-20b,0,game_52
gpt-oss-20b__noise00__game_53,54,2026-02-12T09:36:35.616287,fr,True,30,30,agent1,VLLMGptOss20B,coopératif,0.0,242,0.0333,0.9667,0,,"C,T,T,T,T,T,T,T,T,T,T,T,T,T,T,T,T,T,T,T,T,T,T,T,T,T,T,T,T,T","C,T,T,T,T,T,T,T,T,T,T,T,T,T,T,T,T,T,T,T,T,T,T,T,T,T,T,T,T,T",agent2,VLLMGptOss20B,égoïste,0.0,232,0.0,1.0,0,,"T,T,T,T,T,T,T,T,T,T,T,T,T,T,T,T,T,T,T,T,T,T,T,T,T,T,T,T,T,T","T,T,T,T,T,T,T,T,T,T,T,T,T,T,T,T,T,T,T,T,T,T,T,T,T,T,T,T,T,T",1.0,0.881,0.1944,gpt-oss-20b,0,game_53
gpt-oss-20b__noise00__game_55,56,2026-02-12T09:37:30.630537,fr,True,30,30,agent1,VLLMGptOss20B,égoïste,0.0,240,0.0,1.0,0,,"T,T,T,T,T,T,T,T,T,T,T,T,T,T,T,T,T,T,T,T,T,T,T,T,T,T,T,T,T,T","T,T,T,T,T,T,T,T,T,T,T,T,T,T,T,T,T,T,T,T,T,T,T,T,T,T,T,T,T,T",agent2,VLLMGptOss20B,égoïste,0.0,240,0.0,1.0,0,,"T,T,T,T,T,T,T,T,T,T,T,T,T,T,T,T,T,T,T,T,T,T,T,T,T,T,T,T,T,T","T,T,T,T,T,T,T,T,T,T,T,T,T,T,T,T,T,T,T,T,T,T,T,T,T,T,T,T,T,T",0.9868,1.0,0.3611,gpt-oss-20b,0,game_55
gpt-oss-20b__noise00__game_54,55,2026-02-12T09:37:35.246732,fr,True,30,30,agent1,VLLMGptOss20B,égoïste,0.0,224,0.0,1.0,0,,"T,T,T,T,T,T,T,T,T,T,T,T,T,T,T,T,T,T,T,T,T,T,T,T,T,T,T,T,T,T","T,T,T,T,T,T,T,T,T,T,T,T,T,T,T,T,T,T,T,T,T,T,T,T,T,T,T,T,T,T",agent2,VLLMGptOss20B,coopératif,0.0,244,0.0667,0.9333,0,,"C,T,T,T,T,T,T,T,T,T,T,T,T,C,T,T,T,T,T,T,T,T,T,T,T,T,T,T,T,T","C,T,T,T,T,T,T,T,T,T,T,T,T,C,T,T,T,T,T,T,T,T,T,T,T,T,T,T,T,T",0.9868,0.9524,0.0833,gpt-oss-20b,0,game_54
gpt-oss-20b__noise00__game_56,57,2026-02-12T09:39:51.454058,fr,True,30,30,agent1,VLLMGptOss20B,coopératif,0.0,104,0.8,0.2,0,,"C,C,C,C,C,C,C,C,C,C,C,C,C,C,C,C,C,C,C,C,C,C,C,C,T,T,T,T,T,T","C,C,C,C,C,C,C,C,C,C,C,C,C,C,C,C,C,C,C,C,C,C,C,C,T,T,T,T,T,T",agent2,VLLMGptOss20B,coopératif,0.0,94,0.7667,0.2333,0,,"C,C,C,C,C,C,C,C,C,C,C,C,C,C,C,C,C,C,C,C,C,C,C,T,T,T,T,T,T,T","C,C,C,C,C,C,C,C,C,C,C,C,C,C,C,C,C,C,C,C,C,C,C,T,T,T,T,T,T,T",1.0,0.9048,0.1944,gpt-oss-20b,0,game_56
gpt-oss-20b__noise00__game_57,58,2026-02-12T09:40:44.635240,fr,True,30,30,agent1,VLLMGptOss20B,coopératif,0.0,244,0.0667,0.9333,0,,"C,C,T,T,T,T,T,T,T,T,T,T,T,T,T,T,T,T,T,T,T,T,T,T,T,T,T,T,T,T","C,C,T,T,T,T,T,T,T,T,T,T,T,T,T,T,T,T,T,T,T,T,T,T,T,T,T,T,T,T",agent2,VLLMGptOss20B,égoïste,0.0,224,0.0,1.0,0,,"T,T,T,T,T,T,T,T,T,T,T,T,T,T,T,T,T,T,T,T,T,T,T,T,T,T,T,T,T,T","T,T,T,T,T,T,T,T,T,T,T,T,T,T,T,T,T,T,T,T,T,T,T,T,T,T,T,T,T,T",1.0,0.9286,0.1389,gpt-oss-20b,0,game_57
gpt-oss-20b__noise00__game_59,60,2026-02-12T09:41:01.368099,fr,True,30,30,agent1,VLLMGptOss20B,égoïste,0.0,240,0.0,1.0,0,,"T,T,T,T,T,T,T,T,T,T,T,T,T,T,T,T,T,T,T,T,T,T,T,T,T,T,T,T,T,T","T,T,T,T,T,T,T,T,T,T,T,T,T,T,T,T,T,T,T,T,T,T,T,T,T,T,T,T,T,T",agent2,VLLMGptOss20B,égoïste,0.0,240,0.0,1.0,0,,"T,T,T,T,T,T,T,T,T,T,T,T,T,T,T,T,T,T,T,T,T,T,T,T,T,T,T,T,T,T","T,T,T,T,T,T,T,T,T,T,T,T,T,T,T,T,T,T,T,T,T,T,T,T,T,T,T,T,T,T",0.9868,0.9762,0.3611,gpt-oss-20b,0,game_59
gpt-oss-20b__noise00__game_58,59,2026-02-12T09:41:21.833019,fr,True,30,30,agent1,VLLMGptOss20B,égoïste,0.0,232,0.0,1.0,0,,"T,T,T,T,T,T,T,T,T,T,T,T,T,T,T,T,T,T,T,T,T,T,T,T,T,T,T,T,T,T","T,T,T,T,T,T,T,T,T,T,T,T,T,T,T,T,T,T,T,T,T,T,T,T,T,T,T,T,T,T",agent2,VLLMGptOss20B,coopératif,0.0,242,0.0333,0.9667,0,,"C,T,T,T,T,T,T,T,T,T,T,T,T,T,T,T,T,T,T,T,T,T,T,T,T,T,T,T,T,T","C,T,T,T,T,T,T,T,T,T,T,T,T,T,T,T,T,T,T,T,T,T,T,T,T,T,T,T,T,T",1.0,1.0,0.0833,gpt-oss-20b,0,game_58
gpt-oss-20b__noise00__game_60,61,2026-02-12T09:43:52.732154,fr,True,30,30,agent1,VLLMGptOss20B,coopératif,0.0,74,0.9667,0.0333,0,,"C,C,C,C,C,C,C,C,C,C,C,C,C,C,C,C,C,C,C,C,C,C,C,C,C,C,C,C,C,T","C,C,C,C,C,C,C,C,C,C,C,C,C,C,C,C,C,C,C,C,C,C,C,C,C,C,C,C,C,T",agent2,VLLMGptOss20B,coopératif,0.0,64,0.9333,0.0667,0,,"C,C,C,C,C,C,C,C,C,C,C,C,C,C,C,C,C,C,C,C,C,C,C,C,C,C,C,C,T,T","C,C,C,C,C,C,C,C,C,C,C,C,C,C,C,C,C,C,C,C,C,C,C,C,C,C,C,C,T,T",1.0,0.9762,0.2778,gpt-oss-20b,0,game_60
gpt-oss-20b__noise00__game_63,64,2026-02-12T09:44:37.869145,fr,True,30,30,agent1,VLLMGptOss20B,égoïste,0.0,240,0.0,1.0,0,,"T,T,T,T,T,T,T,T,T,T,T,T,T,T,T,T,T,T,T,T,T,T,T,T,T,T,T,T,T,T","T,T,T,T,T,T,T,T,T,T,T,T,T,T,T,T,T,T,T,T,T,T,T,T,T,T,T,T,T,T",agent2,VLLMGptOss20B,égoïste,0.0,240,0.0,1.0,0,,"T,T,T,T,T,T,T,T,T,T,T,T,T,T,T,T,T,T,T,T,T,T,T,T,T,T,T,T,T,T","T,T,T,T,T,T,T,T,T,T,T,T,T,T,T,T,T,T,T,T,T,T,T,T,T,T,T,T,T,T",1.0,0.9286,0.4167,gpt-oss-20b,0,game_63
gpt-oss-20b__noise00__game_61,62,2026-02-12T09:44:38.857557,fr,True,30,30,agent1,VLLMGptOss20B,coopératif,0.0,242,0.0333,0.9667,0,,"C,T,T,T,T,T,T,T,T,T,T,T,T,T,T,T,T,T,T,T,T,T,T,T,T,T,T,T,T,T","C,T,T,T,T,T,T,T,T,T,T,T,T,T,T,T,T,T,T,T,T,T,T,T,T,T,T,T,T,T",agent2,VLLMGptOss20B,égoïste,0.0,232,0.0,1.0,0,,"T,T,T,T,T,T,T,T,T,T,T,T,T,T,T,T,T,T,T,T,T,T,T,T,T,T,T,T,T,T","T,T,T,T,T,T,T,T,T,T,T,T,T,T,T,T,T,T,T,T,T,T,T,T,T,T,T,T,T,T",1.0,0.9762,0.1667,gpt-oss-20b,0,game_61
gpt-oss-20b__noise00__game_62,63,2026-02-12T09:44:59.038766,fr,True,30,30,agent1,VLLMGptOss20B,égoïste,0.0,232,0.0,1.0,0,,"T,T,T,T,T,T,T,T,T,T,T,T,T,T,T,T,T,T,T,T,T,T,T,T,T,T,T,T,T,T","T,T,T,T,T,T,T,T,T,T,T,T,T,T,T,T,T,T,T,T,T,T,T,T,T,T,T,T,T,T",agent2,VLLMGptOss20B,coopératif,0.0,242,0.0333,0.9667,0,,"C,T,T,T,T,T,T,T,T,T,T,T,T,T,T,T,T,T,T,T,T,T,T,T,T,T,T,T,T,T","C,T,T,T,T,T,T,T,T,T,T,T,T,T,T,T,T,T,T,T,T,T,T,T,T,T,T,T,T,T",1.0,0.881,0.1111,gpt-oss-20b,0,game_62
gpt-oss-20b__noise00__game_65,66,2026-02-12T09:48:24.185824,fr,True,30,30,agent1,VLLMGptOss20B,coopératif,0.0,242,0.0333,0.9667,0,,"C,T,T,T,T,T,T,T,T,T,T,T,T,T,T,T,T,T,T,T,T,T,T,T,T,T,T,T,T,T","C,T,T,T,T,T,T,T,T,T,T,T,T,T,T,T,T,T,T,T,T,T,T,T,T,T,T,T,T,T",agent2,VLLMGptOss20B,égoïste,0.0,232,0.0,1.0,0,,"T,T,T,T,T,T,T,T,T,T,T,T,T,T,T,T,T,T,T,T,T,T,T,T,T,T,T,T,T,T","T,T,T,T,T,T,T,T,T,T,T,T,T,T,T,T,T,T,T,T,T,T,T,T,T,T,T,T,T,T",1.0,0.9048,0.1667,gpt-oss-20b,0,game_65
gpt-oss-20b__noise00__game_66,67,2026-02-12T09:48:25.107630,fr,True,30,30,agent1,VLLMGptOss20B,égoïste,0.0,232,0.0,1.0,0,,"T,T,T,T,T,T,T,T,T,T,T,T,T,T,T,T,T,T,T,T,T,T,T,T,T,T,T,T,T,T","T,T,T,T,T,T,T,T,T,T,T,T,T,T,T,T,T,T,T,T,T,T,T,T,T,T,T,T,T,T",agent2,VLLMGptOss20B,coopératif,0.0,242,0.0333,0.9667,0,,"C,T,T,T,T,T,T,T,T,T,T,T,T,T,T,T,T,T,T,T,T,T,T,T,T,T,T,T,T,T","C,T,T,T,T,T,T,T,T,T,T,T,T,T,T,T,T,T,T,T,T,T,T,T,T,T,T,T,T,T",1.0,0.9286,0.0556,gpt-oss-20b,0,game_66
gpt-oss-20b__noise00__game_67,68,2026-02-12T09:48:29.916402,fr,True,30,30,agent1,VLLMGptOss20B,égoïste,0.0,240,0.0,1.0,0,,"T,T,T,T,T,T,T,T,T,T,T,T,T,T,T,T,T,T,T,T,T,T,T,T,T,T,T,T,T,T","T,T,T,T,T,T,T,T,T,T,T,T,T,T,T,T,T,T,T,T,T,T,T,T,T,T,T,T,T,T",agent2,VLLMGptOss20B,égoïste,0.0,240,0.0,1.0,0,,"T,T,T,T,T,T,T,T,T,T,T,T,T,T,T,T,T,T,T,T,T,T,T,T,T,T,T,T,T,T","T,T,T,T,T,T,T,T,T,T,T,T,T,T,T,T,T,T,T,T,T,T,T,T,T,T,T,T,T,T",1.0,0.9048,0.3333,gpt-oss-20b,0,game_67
gpt-oss-20b__noise00__game_64,65,2026-02-12T09:52:10.595202,fr,True,30,30,agent1,VLLMGptOss20B,coopératif,0.0,118,0.5,0.5,0,,"C,C,C,T,C,C,C,C,C,C,C,T,C,C,C,T,T,C,T,T,C,T,T,T,T,T,T,T,T,T","C,C,C,T,C,C,C,C,C,C,C,T,C,C,C,T,T,C,T,T,C,T,T,T,T,T,T,T,T,T",agent2,VLLMGptOss20B,coopératif,0.0,158,0.6333,0.3667,0,,"C,C,C,C,C,C,C,C,C,C,C,C,C,C,C,C,C,T,C,C,T,T,T,T,T,T,T,T,T,T","C,C,C,C,C,C,C,C,C,C,C,C,C,C,C,C,C,T,C,C,T,T,T,T,T,T,T,T,T,T",1.0,0.881,0.1111,gpt-oss-20b,0,game_64
gpt-oss-20b__noise00__game_69,70,2026-02-12T09:52:16.461302,fr,True,30,30,agent1,VLLMGptOss20B,coopératif,0.0,242,0.0333,0.9667,0,,"C,T,T,T,T,T,T,T,T,T,T,T,T,T,T,T,T,T,T,T,T,T,T,T,T,T,T,T,T,T","C,T,T,T,T,T,T,T,T,T,T,T,T,T,T,T,T,T,T,T,T,T,T,T,T,T,T,T,T,T",agent2,VLLMGptOss20B,égoïste,0.0,232,0.0,1.0,0,,"T,T,T,T,T,T,T,T,T,T,T,T,T,T,T,T,T,T,T,T,T,T,T,T,T,T,T,T,T,T","T,T,T,T,T,T,T,T,T,T,T,T,T,T,T,T,T,T,T,T,T,T,T,T,T,T,T,T,T,T",1.0,0.9524,0.1667,gpt-oss-20b,0,game_69
gpt-oss-20b__noise00__game_68,69,2026-02-12T09:52:23.744918,fr,True,30,30,agent1,VLLMGptOss20B,coopératif,0.0,68,1.0,0.0,0,,"C,C,C,C,C,C,C,C,C,C,C,C,C,C,C,C,C,C,C,C,C,C,C,C,C,C,C,C,C,C","C,C,C,C,C,C,C,C,C,C,C,C,C,C,C,C,C,C,C,C,C,C,C,C,C,C,C,C,C,C",agent2,VLLMGptOss20B,coopératif,0.0,58,0.9667,0.0333,0,,"C,C,C,C,C,C,C,C,C,C,C,C,C,C,C,C,C,C,C,C,C,C,C,C,C,C,C,C,C,T","C,C,C,C,C,C,C,C,C,C,C,C,C,C,C,C,C,C,C,C,C,C,C,C,C,C,C,C,C,T",1.0,0.9286,0.25,gpt-oss-20b,0,game_68
gpt-oss-20b__noise00__game_70,71,2026-02-12T09:52:48.831368,fr,True,30,30,agent1,VLLMGptOss20B,égoïste,0.0,216,0.0,1.0,0,,"T,T,T,T,T,T,T,T,T,T,T,T,T,T,T,T,T,T,T,T,T,T,T,T,T,T,T,T,T,T","T,T,T,T,T,T,T,T,T,T,T,T,T,T,T,T,T,T,T,T,T,T,T,T,T,T,T,T,T,T",agent2,VLLMGptOss20B,coopératif,0.0,246,0.1,0.9,0,,"C,T,T,T,T,C,T,T,T,T,T,T,T,T,T,T,T,T,T,T,T,C,T,T,T,T,T,T,T,T","C,T,T,T,T,C,T,T,T,T,T,T,T,T,T,T,T,T,T,T,T,C,T,T,T,T,T,T,T,T",0.9868,0.9762,0.1111,gpt-oss-20b,0,game_70
gpt-oss-20b__noise00__game_71,72,2026-02-12T09:55:39.286370,fr,True,30,30,agent1,VLLMGptOss20B,égoïste,0.0,240,0.0,1.0,0,,"T,T,T,T,T,T,T,T,T,T,T,T,T,T,T,T,T,T,T,T,T,T,T,T,T,T,T,T,T,T","T,T,T,T,T,T,T,T,T,T,T,T,T,T,T,T,T,T,T,T,T,T,T,T,T,T,T,T,T,T",agent2,VLLMGptOss20B,égoïste,0.0,240,0.0,1.0,0,,"T,T,T,T,T,T,T,T,T,T,T,T,T,T,T,T,T,T,T,T,T,T,T,T,T,T,T,T,T,T","T,T,T,T,T,T,T,T,T,T,T,T,T,T,T,T,T,T,T,T,T,T,T,T,T,T,T,T,T,T",0.9868,0.9762,0.3056,gpt-oss-20b,0,game_71
gpt-oss-20b__noise00__game_72,73,2026-02-12T09:55:47.389606,fr,True,30,30,agent1,VLLMGptOss20B,coopératif,0.0,60,1.0,0.0,0,,"C,C,C,C,C,C,C,C,C,C,C,C,C,C,C,C,C,C,C,C,C,C,C,C,C,C,C,C,C,C","C,C,C,C,C,C,C,C,C,C,C,C,C,C,C,C,C,C,C,C,C,C,C,C,C,C,C,C,C,C",agent2,VLLMGptOss20B,coopératif,0.0,60,1.0,0.0,0,,"C,C,C,C,C,C,C,C,C,C,C,C,C,C,C,C,C,C,C,C,C,C,C,C,C,C,C,C,C,C","C,C,C,C,C,C,C,C,C,C,C,C,C,C,C,C,C,C,C,C,C,C,C,C,C,C,C,C,C,C",0.9868,0.9762,0.3333,gpt-oss-20b,0,game_72
gpt-oss-20b__noise00__game_73,74,2026-02-12T09:56:23.323132,fr,True,30,30,agent1,VLLMGptOss20B,coopératif,0.0,242,0.0333,0.9667,0,,"C,T,T,T,T,T,T,T,T,T,T,T,T,T,T,T,T,T,T,T,T,T,T,T,T,T,T,T,T,T","C,T,T,T,T,T,T,T,T,T,T,T,T,T,T,T,T,T,T,T,T,T,T,T,T,T,T,T,T,T",agent2,VLLMGptOss20B,égoïste,0.0,232,0.0,1.0,0,,"T,T,T,T,T,T,T,T,T,T,T,T,T,T,T,T,T,T,T,T,T,T,T,T,T,T,T,T,T,T","T,T,T,T,T,T,T,T,T,T,T,T,T,T,T,T,T,T,T,T,T,T,T,T,T,T,T,T,T,T",1.0,0.9762,0.1667,gpt-oss-20b,0,game_73
gpt-oss-20b__noise00__game_74,75,2026-02-12T09:56:54.261546,fr,True,30,30,agent1,VLLMGptOss20B,égoïste,0.0,232,0.0,1.0,0,,"T,T,T,T,T,T,T,T,T,T,T,T,T,T,T,T,T,T,T,T,T,T,T,T,T,T,T,T,T,T","T,T,T,T,T,T,T,T,T,T,T,T,T,T,T,T,T,T,T,T,T,T,T,T,T,T,T,T,T,T",agent2,VLLMGptOss20B,coopératif,0.0,242,0.0333,0.9667,0,,"C,T,T,T,T,T,T,T,T,T,T,T,T,T,T,T,T,T,T,T,T,T,T,T,T,T,T,T,T,T","C,T,T,T,T,T,T,T,T,T,T,T,T,T,T,T,T,T,T,T,T,T,T,T,T,T,T,T,T,T",1.0,0.9286,0.0556,gpt-oss-20b,0,game_74
gpt-oss-20b__noise00__game_75,76,2026-02-12T09:59:23.669363,fr,True,30,30,agent1,VLLMGptOss20B,égoïste,0.0,240,0.0,1.0,0,,"T,T,T,T,T,T,T,T,T,T,T,T,T,T,T,T,T,T,T,T,T,T,T,T,T,T,T,T,T,T","T,T,T,T,T,T,T,T,T,T,T,T,T,T,T,T,T,T,T,T,T,T,T,T,T,T,T,T,T,T",agent2,VLLMGptOss20B,égoïste,0.0,240,0.0,1.0,0,,"T,T,T,T,T,T,T,T,T,T,T,T,T,T,T,T,T,T,T,T,T,T,T,T,T,T,T,T,T,T","T,T,T,T,T,T,T,T,T,T,T,T,T,T,T,T,T,T,T,T,T,T,T,T,T,T,T,T,T,T",1.0,0.9048,0.3333,gpt-oss-20b,0,game_75
gpt-oss-20b__noise00__game_77,78,2026-02-12T10:00:00.020193,fr,True,30,30,agent1,VLLMGptOss20B,coopératif,0.0,242,0.0333,0.9667,0,,"C,T,T,T,T,T,T,T,T,T,T,T,T,T,T,T,T,T,T,T,T,T,T,T,T,T,T,T,T,T","C,T,T,T,T,T,T,T,T,T,T,T,T,T,T,T,T,T,T,T,T,T,T,T,T,T,T,T,T,T",agent2,VLLMGptOss20B,égoïste,0.0,232,0.0,1.0,0,,"T,T,T,T,T,T,T,T,T,T,T,T,T,T,T,T,T,T,T,T,T,T,T,T,T,T,T,T,T,T","T,T,T,T,T,T,T,T,T,T,T,T,T,T,T,T,T,T,T,T,T,T,T,T,T,T,T,T,T,T",1.0,0.9286,0.1667,gpt-oss-20b,0,game_77
gpt-oss-20b__noise00__game_76,77,2026-02-12T10:00:17.310407,fr,True,30,30,agent1,VLLMGptOss20B,coopératif,0.0,202,0.1667,0.8333,0,,"C,C,C,C,C,T,T,T,T,T,T,T,T,T,T,T,T,T,T,T,T,T,T,T,T,T,T,T,T,T","C,C,C,C,C,T,T,T,T,T,T,T,T,T,T,T,T,T,T,T,T,T,T,T,T,T,T,T,T,T",agent2,VLLMGptOss20B,coopératif,0.0,212,0.2,0.8,0,,"C,C,C,C,C,C,T,T,T,T,T,T,T,T,T,T,T,T,T,T,T,T,T,T,T,T,T,T,T,T","C,C,C,C,C,C,T,T,T,T,T,T,T,T,T,T,T,T,T,T,T,T,T,T,T,T,T,T,T,T",1.0,0.9762,0.0278,gpt-oss-20b,0,game_76
gpt-oss-20b__noise00__game_78,79,2026-02-12T10:01:21.899849,fr,True,30,30,agent1,VLLMGptOss20B,égoïste,0.0,224,0.0,1.0,0,,"T,T,T,T,T,T,T,T,T,T,T,T,T,T,T,T,T,T,T,T,T,T,T,T,T,T,T,T,T,T","T,T,T,T,T,T,T,T,T,T,T,T,T,T,T,T,T,T,T,T,T,T,T,T,T,T,T,T,T,T",agent2,VLLMGptOss20B,coopératif,0.0,244,0.0667,0.9333,0,,"C,T,T,T,T,T,T,T,T,T,T,T,T,T,T,T,T,T,C,T,T,T,T,T,T,T,T,T,T,T","C,T,T,T,T,T,T,T,T,T,T,T,T,T,T,T,T,T,C,T,T,T,T,T,T,T,T,T,T,T",1.0,0.9048,0.0833,gpt-oss-20b,0,game_78
gpt-oss-20b__noise00__game_79,80,2026-02-12T10:02:40.134341,fr,True,30,30,agent1,VLLMGptOss20B,égoïste,0.0,240,0.0,1.0,0,,"T,T,T,T,T,T,T,T,T,T,T,T,T,T,T,T,T,T,T,T,T,T,T,T,T,T,T,T,T,T","T,T,T,T,T,T,T,T,T,T,T,T,T,T,T,T,T,T,T,T,T,T,T,T,T,T,T,T,T,T",agent2,VLLMGptOss20B,égoïste,0.0,240,0.0,1.0,0,,"T,T,T,T,T,T,T,T,T,T,T,T,T,T,T,T,T,T,T,T,T,T,T,T,T,T,T,T,T,T","T,T,T,T,T,T,T,T,T,T,T,T,T,T,T,T,T,T,T,T,T,T,T,T,T,T,T,T,T,T",0.9868,0.9286,0.3889,gpt-oss-20b,0,game_79
gpt-oss-20b__noise00__game_80,81,2026-02-12T10:05:28.658424,ar,True,30,30,agent1,VLLMGptOss20B,متعاون,0.0,232,0.1333,0.8667,0,,"ت,ت,ت,ت,خ,خ,خ,خ,خ,خ,خ,خ,خ,خ,خ,خ,خ,خ,خ,خ,خ,خ,خ,خ,خ,خ,خ,خ,خ,خ","ت,ت,ت,ت,خ,خ,خ,خ,خ,خ,خ,خ,خ,خ,خ,خ,خ,خ,خ,خ,خ,خ,خ,خ,خ,خ,خ,خ,خ,خ",agent2,VLLMGptOss20B,متعاون,0.0,212,0.0667,0.9333,0,,"ت,ت,خ,خ,خ,خ,خ,خ,خ,خ,خ,خ,خ,خ,خ,خ,خ,خ,خ,خ,خ,خ,خ,خ,خ,خ,خ,خ,خ,خ","ت,ت,خ,خ,خ,خ,خ,خ,خ,خ,خ,خ,خ,خ,خ,خ,خ,خ,خ,خ,خ,خ,خ,خ,خ,خ,خ,خ,خ,خ",1.0,0.9286,0.0,gpt-oss-20b,0,game_80
gpt-oss-20b__noise00__game_81,82,2026-02-12T10:06:05.781810,ar,True,30,30,agent1,VLLMGptOss20B,متعاون,0.0,246,0.1,0.9,0,,"ت,خ,خ,ت,خ,خ,خ,خ,خ,ت,خ,خ,خ,خ,خ,خ,خ,خ,خ,خ,خ,خ,خ,خ,خ,خ,خ,خ,خ,خ","ت,خ,خ,ت,خ,خ,خ,خ,خ,ت,خ,خ,خ,خ,خ,خ,خ,خ,خ,خ,خ,خ,خ,خ,خ,خ,خ,خ,خ,خ",agent2,VLLMGptOss20B,أناني,0.0,216,0.0,1.0,0,,"خ,خ,خ,خ,خ,خ,خ,خ,خ,خ,خ,خ,خ,خ,خ,خ,خ,خ,خ,خ,خ,خ,خ,خ,خ,خ,خ,خ,خ,خ","خ,خ,خ,خ,خ,خ,خ,خ,خ,خ,خ,خ,خ,خ,خ,خ,خ,خ,خ,خ,خ,خ,خ,خ,خ,خ,خ,خ,خ,خ",1.0,0.9524,0.0,gpt-oss-20b,0,game_81
gpt-oss-20b__noise00__game_82,83,2026-02-12T10:06:29.579655,ar,True,30,30,agent1,VLLMGptOss20B,أناني,0.0,224,0.0,1.0,0,,"خ,خ,خ,خ,خ,خ,خ,خ,خ,خ,خ,خ,خ,خ,خ,خ,خ,خ,خ,خ,خ,خ,خ,خ,خ,خ,خ,خ,خ,خ","خ,خ,خ,خ,خ,خ,خ,خ,خ,خ,خ,خ,خ,خ,خ,خ,خ,خ,خ,خ,خ,خ,خ,خ,خ,خ,خ,خ,خ,خ",agent2,VLLMGptOss20B,متعاون,0.0,244,0.0667,0.9333,0,,"ت,خ,خ,خ,خ,خ,خ,خ,خ,خ,خ,خ,خ,خ,ت,خ,خ,خ,خ,خ,خ,خ,خ,خ,خ,خ,خ,خ,خ,خ","ت,خ,خ,خ,خ,خ,خ,خ,خ,خ,خ,خ,خ,خ,ت,خ,خ,خ,خ,خ,خ,خ,خ,خ,خ,خ,خ,خ,خ,خ",1.0,0.9286,0.0556,gpt-oss-20b,0,game_82
gpt-oss-20b__noise00__game_83,84,2026-02-12T10:07:10.644522,ar,True,30,30,agent1,VLLMGptOss20B,أناني,0.0,240,0.0,1.0,0,,"خ,خ,خ,خ,خ,خ,خ,خ,خ,خ,خ,خ,خ,خ,خ,خ,خ,خ,خ,خ,خ,خ,خ,خ,خ,خ,خ,خ,خ,خ","خ,خ,خ,خ,خ,خ,خ,خ,خ,خ,خ,خ,خ,خ,خ,خ,خ,خ,خ,خ,خ,خ,خ,خ,خ,خ,خ,خ,خ,خ",agent2,VLLMGptOss20B,أناني,0.0,240,0.0,1.0,0,,"خ,خ,خ,خ,خ,خ,خ,خ,خ,خ,خ,خ,خ,خ,خ,خ,خ,خ,خ,خ,خ,خ,خ,خ,خ,خ,خ,خ,خ,خ","خ,خ,خ,خ,خ,خ,خ,خ,خ,خ,خ,خ,خ,خ,خ,خ,خ,خ,خ,خ,خ,خ,خ,خ,خ,خ,خ,خ,خ,خ",1.0,0.9048,0.3056,gpt-oss-20b,0,game_83
gpt-oss-20b__noise00__game_85,86,2026-02-12T10:10:42.035758,ar,True,30,30,agent1,VLLMGptOss20B,متعاون,0.0,242,0.0333,0.9667,0,,"ت,خ,خ,خ,خ,خ,خ,خ,خ,خ,خ,خ,خ,خ,خ,خ,خ,خ,خ,خ,خ,خ,خ,خ,خ,خ,خ,خ,خ,خ","ت,خ,خ,خ,خ,خ,خ,خ,خ,خ,خ,خ,خ,خ,خ,خ,خ,خ,خ,خ,خ,خ,خ,خ,خ,خ,خ,خ,خ,خ",agent2,VLLMGptOss20B,أناني,0.0,232,0.0,1.0,0,,"خ,خ,خ,خ,خ,خ,خ,خ,خ,خ,خ,خ,خ,خ,خ,خ,خ,خ,خ,خ,خ,خ,خ,خ,خ,خ,خ,خ,خ,خ","خ,خ,خ,خ,خ,خ,خ,خ,خ,خ,خ,خ,خ,خ,خ,خ,خ,خ,خ,خ,خ,خ,خ,خ,خ,خ,خ,خ,خ,خ",1.0,0.9286,0.0556,gpt-oss-20b,0,game_85
gpt-oss-20b__noise00__game_84,85,2026-02-12T10:11:01.159346,ar,True,30,30,agent1,VLLMGptOss20B,متعاون,0.0,238,0.1,0.9,0,,"ت,ت,خ,خ,خ,خ,خ,خ,خ,خ,خ,خ,خ,خ,ت,خ,خ,خ,خ,خ,خ,خ,خ,خ,خ,خ,خ,خ,خ,خ","ت,ت,خ,خ,خ,خ,خ,خ,خ,خ,خ,خ,خ,خ,ت,خ,خ,خ,خ,خ,خ,خ,خ,خ,خ,خ,خ,خ,خ,خ",agent2,VLLMGptOss20B,متعاون,0.0,218,0.0333,0.9667,0,,"ت,خ,خ,خ,خ,خ,خ,خ,خ,خ,خ,خ,خ,خ,خ,خ,خ,خ,خ,خ,خ,خ,خ,خ,خ,خ,خ,خ,خ,خ","ت,خ,خ,خ,خ,خ,خ,خ,خ,خ,خ,خ,خ,خ,خ,خ,خ,خ,خ,خ,خ,خ,خ,خ,خ,خ,خ,خ,خ,خ",1.0,0.9762,0.0,gpt-oss-20b,0,game_84
gpt-oss-20b__noise00__game_87,88,2026-02-12T10:11:46.345641,ar,True,30,30,agent1,VLLMGptOss20B,أناني,0.0,240,0.0,1.0,0,,"خ,خ,خ,خ,خ,خ,خ,خ,خ,خ,خ,خ,خ,خ,خ,خ,خ,خ,خ,خ,خ,خ,خ,خ,خ,خ,خ,خ,خ,خ","خ,خ,خ,خ,خ,خ,خ,خ,خ,خ,خ,خ,خ,خ,خ,خ,خ,خ,خ,خ,خ,خ,خ,خ,خ,خ,خ,خ,خ,خ",agent2,VLLMGptOss20B,أناني,0.0,240,0.0,1.0,0,,"خ,خ,خ,خ,خ,خ,خ,خ,خ,خ,خ,خ,خ,خ,خ,خ,خ,خ,خ,خ,خ,خ,خ,خ,خ,خ,خ,خ,خ,خ","خ,خ,خ,خ,خ,خ,خ,خ,خ,خ,خ,خ,خ,خ,خ,خ,خ,خ,خ,خ,خ,خ,خ,خ,خ,خ,خ,خ,خ,خ",1.0,0.9524,0.2778,gpt-oss-20b,0,game_87
gpt-oss-20b__noise00__game_86,87,2026-02-12T10:12:18.984240,ar,True,30,30,agent1,VLLMGptOss20B,أناني,0.0,224,0.0,1.0,0,,"خ,خ,خ,خ,خ,خ,خ,خ,خ,خ,خ,خ,خ,خ,خ,خ,خ,خ,خ,خ,خ,خ,خ,خ,خ,خ,خ,خ,خ,خ","خ,خ,خ,خ,خ,خ,خ,خ,خ,خ,خ,خ,خ,خ,خ,خ,خ,خ,خ,خ,خ,خ,خ,خ,خ,خ,خ,خ,خ,خ",agent2,VLLMGptOss20B,متعاون,0.0,244,0.0667,0.9333,0,,"ت,خ,خ,خ,خ,خ,خ,خ,ت,خ,خ,خ,خ,خ,خ,خ,خ,خ,خ,خ,خ,خ,خ,خ,خ,خ,خ,خ,خ,خ","ت,خ,خ,خ,خ,خ,خ,خ,ت,خ,خ,خ,خ,خ,خ,خ,خ,خ,خ,خ,خ,خ,خ,خ,خ,خ,خ,خ,خ,خ",1.0,0.9048,0.0278,gpt-oss-20b,0,game_86
gpt-oss-20b__noise00__game_89,90,2026-02-12T10:16:11.222845,ar,True,30,30,agent1,VLLMGptOss20B,متعاون,0.0,244,0.0667,0.9333,0,,"خ,خ,خ,خ,خ,خ,خ,خ,خ,خ,خ,خ,خ,خ,خ,خ,خ,خ,خ,خ,خ,خ,ت,ت,خ,خ,خ,خ,خ,خ","خ,خ,خ,خ,خ,خ,خ,خ,خ,خ,خ,خ,خ,خ,خ,خ,خ,خ,خ,خ,خ,خ,ت,ت,خ,خ,خ,خ,خ,خ",agent2,VLLMGptOss20B,أناني,0.0,224,0.0,1.0,0,,"خ,خ,خ,خ,خ,خ,خ,خ,خ,خ,خ,خ,خ,خ,خ,خ,خ,خ,خ,خ,خ,خ,خ,خ,خ,خ,خ,خ,خ,خ","خ,خ,خ,خ,خ,خ,خ,خ,خ,خ,خ,خ,خ,خ,خ,خ,خ,خ,خ,خ,خ,خ,خ,خ,خ,خ,خ,خ,خ,خ",1.0,0.9762,0.25,gpt-oss-20b,0,game_89
gpt-oss-20b__noise00__game_90,91,2026-02-12T10:16:43.082074,ar,True,30,30,agent1,VLLMGptOss20B,أناني,0.0,232,0.0,1.0,0,,"خ,خ,خ,خ,خ,خ,خ,خ,خ,خ,خ,خ,خ,خ,خ,خ,خ,خ,خ,خ,خ,خ,خ,خ,خ,خ,خ,خ,خ,خ","خ,خ,خ,خ,خ,خ,خ,خ,خ,خ,خ,خ,خ,خ,خ,خ,خ,خ,خ,خ,خ,خ,خ,خ,خ,خ,خ,خ,خ,خ",agent2,VLLMGptOss20B,متعاون,0.0,242,0.0333,0.9667,0,,"خ,خ,خ,خ,خ,خ,خ,خ,خ,خ,خ,خ,خ,خ,خ,خ,خ,خ,خ,خ,ت,خ,خ,خ,خ,خ,خ,خ,خ,خ","خ,خ,خ,خ,خ,خ,خ,خ,خ,خ,خ,خ,خ,خ,خ,خ,خ,خ,خ,خ,ت,خ,خ,خ,خ,خ,خ,خ,خ,خ",1.0,0.9286,0.2222,gpt-oss-20b,0,game_90
gpt-oss-20b__noise00__game_91,92,2026-02-12T10:16:46.724971,ar,True,30,30,agent1,VLLMGptOss20B,أناني,0.0,240,0.0,1.0,0,,"خ,خ,خ,خ,خ,خ,خ,خ,خ,خ,خ,خ,خ,خ,خ,خ,خ,خ,خ,خ,خ,خ,خ,خ,خ,خ,خ,خ,خ,خ","خ,خ,خ,خ,خ,خ,خ,خ,خ,خ,خ,خ,خ,خ,خ,خ,خ,خ,خ,خ,خ,خ,خ,خ,خ,خ,خ,خ,خ,خ",agent2,VLLMGptOss20B,أناني,0.0,240,0.0,1.0,0,,"خ,خ,خ,خ,خ,خ,خ,خ,خ,خ,خ,خ,خ,خ,خ,خ,خ,خ,خ,خ,خ,خ,خ,خ,خ,خ,خ,خ,خ,خ","خ,خ,خ,خ,خ,خ,خ,خ,خ,خ,خ,خ,خ,خ,خ,خ,خ,خ,خ,خ,خ,خ,خ,خ,خ,خ,خ,خ,خ,خ",1.0,0.9286,0.25,gpt-oss-20b,0,game_91
gpt-oss-20b__noise00__game_88,89,2026-02-12T10:16:58.102440,ar,True,30,30,agent1,VLLMGptOss20B,متعاون,0.0,228,0.0667,0.9333,0,,"ت,خ,خ,خ,خ,خ,خ,خ,خ,خ,خ,خ,خ,خ,خ,خ,ت,خ,خ,خ,خ,خ,خ,خ,خ,خ,خ,خ,خ,خ","ت,خ,خ,خ,خ,خ,خ,خ,خ,خ,خ,خ,خ,خ,خ,خ,ت,خ,خ,خ,خ,خ,خ,خ,خ,خ,خ,خ,خ,خ",agent2,VLLMGptOss20B,متعاون,0.0,228,0.0667,0.9333,0,,"خ,ت,خ,خ,خ,خ,خ,خ,خ,خ,خ,خ,خ,خ,خ,خ,خ,خ,خ,خ,خ,خ,خ,خ,خ,خ,خ,ت,خ,خ","خ,ت,خ,خ,خ,خ,خ,خ,خ,خ,خ,خ,خ,خ,خ,خ,خ,خ,خ,خ,خ,خ,خ,خ,خ,خ,خ,ت,خ,خ",1.0,0.9286,0.0,gpt-oss-20b,0,game_88
gpt-oss-20b__noise00__game_93,94,2026-02-12T10:21:12.587396,ar,True,30,30,agent1,VLLMGptOss20B,متعاون,0.0,242,0.0333,0.9667,0,,"ت,خ,خ,خ,خ,خ,خ,خ,خ,خ,خ,خ,خ,خ,خ,خ,خ,خ,خ,خ,خ,خ,خ,خ,خ,خ,خ,خ,خ,خ","ت,خ,خ,خ,خ,خ,خ,خ,خ,خ,خ,خ,خ,خ,خ,خ,خ,خ,خ,خ,خ,خ,خ,خ,خ,خ,خ,خ,خ,خ",agent2,VLLMGptOss20B,أناني,0.0,232,0.0,1.0,0,,"خ,خ,خ,خ,خ,خ,خ,خ,خ,خ,خ,خ,خ,خ,خ,خ,خ,خ,خ,خ,خ,خ,خ,خ,خ,خ,خ,خ,خ,خ","خ,خ,خ,خ,خ,خ,خ,خ,خ,خ,خ,خ,خ,خ,خ,خ,خ,خ,خ,خ,خ,خ,خ,خ,خ,خ,خ,خ,خ,خ",1.0,0.9762,0.0556,gpt-oss-20b,0,game_93
gpt-oss-20b__noise00__game_95,96,2026-02-12T10:21:29.232714,ar,True,30,30,agent1,VLLMGptOss20B,أناني,0.0,240,0.0,1.0,0,,"خ,خ,خ,خ,خ,خ,خ,خ,خ,خ,خ,خ,خ,خ,خ,خ,خ,خ,خ,خ,خ,خ,خ,خ,خ,خ,خ,خ,خ,خ","خ,خ,خ,خ,خ,خ,خ,خ,خ,خ,خ,خ,خ,خ,خ,خ,خ,خ,خ,خ,خ,خ,خ,خ,خ,خ,خ,خ,خ,خ",agent2,VLLMGptOss20B,أناني,0.0,240,0.0,1.0,0,,"خ,خ,خ,خ,خ,خ,خ,خ,خ,خ,خ,خ,خ,خ,خ,خ,خ,خ,خ,خ,خ,خ,خ,خ,خ,خ,خ,خ,خ,خ","خ,خ,خ,خ,خ,خ,خ,خ,خ,خ,خ,خ,خ,خ,خ,خ,خ,خ,خ,خ,خ,خ,خ,خ,خ,خ,خ,خ,خ,خ",1.0,0.881,0.3056,gpt-oss-20b,0,game_95
gpt-oss-20b__noise00__game_92,93,2026-02-12T10:21:57.449184,ar,True,30,30,agent1,VLLMGptOss20B,متعاون,0.0,222,0.1,0.9,0,,"ت,ت,ت,خ,خ,خ,خ,خ,خ,خ,خ,خ,خ,خ,خ,خ,خ,خ,خ,خ,خ,خ,خ,خ,خ,خ,خ,خ,خ,خ","ت,ت,ت,خ,خ,خ,خ,خ,خ,خ,خ,خ,خ,خ,خ,خ,خ,خ,خ,خ,خ,خ,خ,خ,خ,خ,خ,خ,خ,خ",agent2,VLLMGptOss20B,متعاون,0.0,222,0.1,0.9,0,,"ت,ت,خ,ت,خ,خ,خ,خ,خ,خ,خ,خ,خ,خ,خ,خ,خ,خ,خ,خ,خ,خ,خ,خ,خ,خ,خ,خ,خ,خ","ت,ت,خ,ت,خ,خ,خ,خ,خ,خ,خ,خ,خ,خ,خ,خ,خ,خ,خ,خ,خ,خ,خ,خ,خ,خ,خ,خ,خ,خ",1.0,0.9286,0.0,gpt-oss-20b,0,game_92
gpt-oss-20b__noise00__game_94,95,2026-02-12T10:22:20.524497,ar,True,30,30,agent1,VLLMGptOss20B,أناني,0.0,232,0.0,1.0,0,,"خ,خ,خ,خ,خ,خ,خ,خ,خ,خ,خ,خ,خ,خ,خ,خ,خ,خ,خ,خ,خ,خ,خ,خ,خ,خ,خ,خ,خ,خ","خ,خ,خ,خ,خ,خ,خ,خ,خ,خ,خ,خ,خ,خ,خ,خ,خ,خ,خ,خ,خ,خ,خ,خ,خ,خ,خ,خ,خ,خ",agent2,VLLMGptOss20B,متعاون,0.0,242,0.0333,0.9667,0,,"خ,خ,خ,خ,خ,خ,خ,خ,خ,خ,خ,خ,خ,ت,خ,خ,خ,خ,خ,خ,خ,خ,خ,خ,خ,خ,خ,خ,خ,خ","خ,خ,خ,خ,خ,خ,خ,خ,خ,خ,خ,خ,خ,ت,خ,خ,خ,خ,خ,خ,خ,خ,خ,خ,خ,خ,خ,خ,خ,خ",1.0,0.9048,0.0278,gpt-oss-20b,0,game_94
gpt-oss-20b__noise00__game_99,100,2026-02-12T10:26:25.672521,ar,True,30,30,agent1,VLLMGptOss20B,أناني,0.0,240,0.0,1.0,0,,"خ,خ,خ,خ,خ,خ,خ,خ,خ,خ,خ,خ,خ,خ,خ,خ,خ,خ,خ,خ,خ,خ,خ,خ,خ,خ,خ,خ,خ,خ","خ,خ,خ,خ,خ,خ,خ,خ,خ,خ,خ,خ,خ,خ,خ,خ,خ,خ,خ,خ,خ,خ,خ,خ,خ,خ,خ,خ,خ,خ",agent2,VLLMGptOss20B,أناني,0.0,240,0.0,1.0,0,,"خ,خ,خ,خ,خ,خ,خ,خ,خ,خ,خ,خ,خ,خ,خ,خ,خ,خ,خ,خ,خ,خ,خ,خ,خ,خ,خ,خ,خ,خ","خ,خ,خ,خ,خ,خ,خ,خ,خ,خ,خ,خ,خ,خ,خ,خ,خ,خ,خ,خ,خ,خ,خ,خ,خ,خ,خ,خ,خ,خ",1.0,0.9762,0.3333,gpt-oss-20b,0,game_99
gpt-oss-20b__noise00__game_96,97,2026-02-12T10:26:43.797716,ar,True,30,30,agent1,VLLMGptOss20B,متعاون,0.0,234,0.0333,0.9667,0,,"خ,ت,خ,خ,خ,خ,خ,خ,خ,خ,خ,خ,خ,خ,خ,خ,خ,خ,خ,خ,خ,خ,خ,خ,خ,خ,خ,خ,خ,خ","خ,ت,خ,خ,خ,خ,خ,خ,خ,خ,خ,خ,خ,خ,خ,خ,خ,خ,خ,خ,خ,خ,خ,خ,خ,خ,خ,خ,خ,خ",agent2,VLLMGptOss20B,متعاون,0.0,234,0.0333,0.9667,0,,"ت,خ,خ,خ,خ,خ,خ,خ,خ,خ,خ,خ,خ,خ,خ,خ,خ,خ,خ,خ,خ,خ,خ,خ,خ,خ,خ,خ,خ,خ","ت,خ,خ,خ,خ,خ,خ,خ,خ,خ,خ,خ,خ,خ,خ,خ,خ,خ,خ,خ,خ,خ,خ,خ,خ,خ,خ,خ,خ,خ",1.0,0.9762,0.0,gpt-oss-20b,0,game_96
gpt-oss-20b__noise00__game_98,99,2026-02-12T10:26:53.956061,ar,True,30,30,agent1,VLLMGptOss20B,أناني,0.0,224,0.0,1.0,0,,"خ,خ,خ,خ,خ,خ,خ,خ,خ,خ,خ,خ,خ,خ,خ,خ,خ,خ,خ,خ,خ,خ,خ,خ,خ,خ,خ,خ,خ,خ","خ,خ,خ,خ,خ,خ,خ,خ,خ,خ,خ,خ,خ,خ,خ,خ,خ,خ,خ,خ,خ,خ,خ,خ,خ,خ,خ,خ,خ,خ",agent2,VLLMGptOss20B,متعاون,0.0,244,0.0667,0.9333,0,,"ت,ت,خ,خ,خ,خ,خ,خ,خ,خ,خ,خ,خ,خ,خ,خ,خ,خ,خ,خ,خ,خ,خ,خ,خ,خ,خ,خ,خ,خ","ت,ت,خ,خ,خ,خ,خ,خ,خ,خ,خ,خ,خ,خ,خ,خ,خ,خ,خ,خ,خ,خ,خ,خ,خ,خ,خ,خ,خ,خ",1.0,0.9524,0.0,gpt-oss-20b,0,game_98
gpt-oss-20b__noise00__game_97,98,2026-02-12T10:26:57.187229,ar,True,30,30,agent1,VLLMGptOss20B,متعاون,0.0,244,0.0667,0.9333,0,,"ت,خ,خ,خ,خ,خ,خ,خ,خ,ت,خ,خ,خ,خ,خ,خ,خ,خ,خ,خ,خ,خ,خ,خ,خ,خ,خ,خ,خ,خ","ت,خ,خ,خ,خ,خ,خ,خ,خ,ت,خ,خ,خ,خ,خ,خ,خ,خ,خ,خ,خ,خ,خ,خ,خ,خ,خ,خ,خ,خ",agent2,VLLMGptOss20B,أناني,0.0,224,0.0,1.0,0,,"خ,خ,خ,خ,خ,خ,خ,خ,خ,خ,خ,خ,خ,خ,خ,خ,خ,خ,خ,خ,خ,خ,خ,خ,خ,خ,خ,خ,خ,خ","خ,خ,خ,خ,خ,خ,خ,خ,خ,خ,خ,خ,خ,خ,خ,خ,خ,خ,خ,خ,خ,خ,خ,خ,خ,خ,خ,خ,خ,خ",1.0,0.9524,0.0278,gpt-oss-20b,0,game_97
gpt-oss-20b__noise00__game_102,103,2026-02-12T10:31:08.777283,ar,True,30,30,agent1,VLLMGptOss20B,أناني,0.0,232,0.0,1.0,0,,"خ,خ,خ,خ,خ,خ,خ,خ,خ,خ,خ,خ,خ,خ,خ,خ,خ,خ,خ,خ,خ,خ,خ,خ,خ,خ,خ,خ,خ,خ","خ,خ,خ,خ,خ,خ,خ,خ,خ,خ,خ,خ,خ,خ,خ,خ,خ,خ,خ,خ,خ,خ,خ,خ,خ,خ,خ,خ,خ,خ",agent2,VLLMGptOss20B,متعاون,0.0,242,0.0333,0.9667,0,,"ت,خ,خ,خ,خ,خ,خ,خ,خ,خ,خ,خ,خ,خ,خ,خ,خ,خ,خ,خ,خ,خ,خ,خ,خ,خ,خ,خ,خ,خ","ت,خ,خ,خ,خ,خ,خ,خ,خ,خ,خ,خ,خ,خ,خ,خ,خ,خ,خ,خ,خ,خ,خ,خ,خ,خ,خ,خ,خ,خ",1.0,1.0,0.0278,gpt-oss-20b,0,game_102
gpt-oss-20b__noise00__game_103,104,2026-02-12T10:31:19.561005,ar,True,30,30,agent1,VLLMGptOss20B,أناني,0.0,240,0.0,1.0,0,,"خ,خ,خ,خ,خ,خ,خ,خ,خ,خ,خ,خ,خ,خ,خ,خ,خ,خ,خ,خ,خ,خ,خ,خ,خ,خ,خ,خ,خ,خ","خ,خ,خ,خ,خ,خ,خ,خ,خ,خ,خ,خ,خ,خ,خ,خ,خ,خ,خ,خ,خ,خ,خ,خ,خ,خ,خ,خ,خ,خ",agent2,VLLMGptOss20B,أناني,0.0,240,0.0,1.0,0,,"خ,خ,خ,خ,خ,خ,خ,خ,خ,خ,خ,خ,خ,خ,خ,خ,خ,خ,خ,خ,خ,خ,خ,خ,خ,خ,خ,خ,خ,خ","خ,خ,خ,خ,خ,خ,خ,خ,خ,خ,خ,خ,خ,خ,خ,خ,خ,خ,خ,خ,خ,خ,خ,خ,خ,خ,خ,خ,خ,خ",1.0,0.9524,0.25,gpt-oss-20b,0,game_103
gpt-oss-20b__noise00__game_101,102,2026-02-12T10:31:38.927126,ar,True,30,30,agent1,VLLMGptOss20B,متعاون,0.0,244,0.0667,0.9333,0,,"ت,ت,خ,خ,خ,خ,خ,خ,خ,خ,خ,خ,خ,خ,خ,خ,خ,خ,خ,خ,خ,خ,خ,خ,خ,خ,خ,خ,خ,خ","ت,ت,خ,خ,خ,خ,خ,خ,خ,خ,خ,خ,خ,خ,خ,خ,خ,خ,خ,خ,خ,خ,خ,خ,خ,خ,خ,خ,خ,خ",agent2,VLLMGptOss20B,أناني,0.0,224,0.0,1.0,0,,"خ,خ,خ,خ,خ,خ,خ,خ,خ,خ,خ,خ,خ,خ,خ,خ,خ,خ,خ,خ,خ,خ,خ,خ,خ,خ,خ,خ,خ,خ","خ,خ,خ,خ,خ,خ,خ,خ,خ,خ,خ,خ,خ,خ,خ,خ,خ,خ,خ,خ,خ,خ,خ,خ,خ,خ,خ,خ,خ,خ",1.0,0.9524,0.0556,gpt-oss-20b,0,game_101
gpt-oss-20b__noise00__game_100,101,2026-02-12T10:33:16.425357,ar,True,30,30,agent1,VLLMGptOss20B,متعاون,0.0,160,0.4,0.6,0,,"ت,ت,ت,ت,ت,ت,ت,ت,ت,ت,ت,خ,ت,خ,خ,خ,خ,خ,خ,خ,خ,خ,خ,خ,خ,خ,خ,خ,خ,خ","ت,ت,ت,ت,ت,ت,ت,ت,ت,ت,ت,خ,ت,خ,خ,خ,خ,خ,خ,خ,خ,خ,خ,خ,خ,خ,خ,خ,خ,خ",agent2,VLLMGptOss20B,متعاون,0.0,170,0.4333,0.5667,0,,"ت,ت,ت,ت,ت,ت,ت,ت,ت,ت,ت,ت,خ,ت,خ,خ,خ,خ,خ,خ,خ,خ,خ,خ,خ,خ,خ,خ,خ,خ","ت,ت,ت,ت,ت,ت,ت,ت,ت,ت,ت,ت,خ,ت,خ,خ,خ,خ,خ,خ,خ,خ,خ,خ,خ,خ,خ,خ,خ,خ",1.0,0.9524,0.0278,gpt-oss-20b,0,game_100
gpt-oss-20b__noise00__game_106,107,2026-02-12T10:36:48.544246,ar,True,30,30,agent1,VLLMGptOss20B,أناني,0.0,224,0.0,1.0,0,,"خ,خ,خ,خ,خ,خ,خ,خ,خ,خ,خ,خ,خ,خ,خ,خ,خ,خ,خ,خ,خ,خ,خ,خ,خ,خ,خ,خ,خ,خ","خ,خ,خ,خ,خ,خ,خ,خ,خ,خ,خ,خ,خ,خ,خ,خ,خ,خ,خ,خ,خ,خ,خ,خ,خ,خ,خ,خ,خ,خ",agent2,VLLMGptOss20B,متعاون,0.0,244,0.0667,0.9333,0,,"ت,خ,خ,خ,خ,خ,خ,خ,خ,خ,خ,ت,خ,خ,خ,خ,خ,خ,خ,خ,خ,خ,خ,خ,خ,خ,خ,خ,خ,خ","ت,خ,خ,خ,خ,خ,خ,خ,خ,خ,خ,ت,خ,خ,خ,خ,خ,خ,خ,خ,خ,خ,خ,خ,خ,خ,خ,خ,خ,خ",1.0,0.9762,0.0278,gpt-oss-20b,0,game_106
gpt-oss-20b__noise00__game_104,105,2026-02-12T10:36:56.848072,ar,True,30,30,agent1,VLLMGptOss20B,متعاون,0.0,230,0.1,0.9,0,,"ت,ت,خ,خ,ت,خ,خ,خ,خ,خ,خ,خ,خ,خ,خ,خ,خ,خ,خ,خ,خ,خ,خ,خ,خ,خ,خ,خ,خ,خ","ت,ت,خ,خ,ت,خ,خ,خ,خ,خ,خ,خ,خ,خ,خ,خ,خ,خ,خ,خ,خ,خ,خ,خ,خ,خ,خ,خ,خ,خ",agent2,VLLMGptOss20B,متعاون,0.0,220,0.0667,0.9333,0,,"ت,خ,ت,خ,خ,خ,خ,خ,خ,خ,خ,خ,خ,خ,خ,خ,خ,خ,خ,خ,خ,خ,خ,خ,خ,خ,خ,خ,خ,خ","ت,خ,ت,خ,خ,خ,خ,خ,خ,خ,خ,خ,خ,خ,خ,خ,خ,خ,خ,خ,خ,خ,خ,خ,خ,خ,خ,خ,خ,خ",1.0,0.9048,0.0,gpt-oss-20b,0,game_104
gpt-oss-20b__noise00__game_105,106,2026-02-12T10:37:12.817303,ar,True,30,30,agent1,VLLMGptOss20B,متعاون,0.0,248,0.1333,0.8667,0,,"ت,خ,خ,خ,خ,خ,ت,خ,خ,ت,خ,خ,خ,خ,خ,خ,خ,خ,خ,خ,خ,خ,خ,خ,خ,خ,خ,خ,خ,ت","ت,خ,خ,خ,خ,خ,ت,خ,خ,ت,خ,خ,خ,خ,خ,خ,خ,خ,خ,خ,خ,خ,خ,خ,خ,خ,خ,خ,خ,ت",agent2,VLLMGptOss20B,أناني,0.0,208,0.0,1.0,0,,"خ,خ,خ,خ,خ,خ,خ,خ,خ,خ,خ,خ,خ,خ,خ,خ,خ,خ,خ,خ,خ,خ,خ,خ,خ,خ,خ,خ,خ,خ","خ,خ,خ,خ,خ,خ,خ,خ,خ,خ,خ,خ,خ,خ,خ,خ,خ,خ,خ,خ,خ,خ,خ,خ,خ,خ,خ,خ,خ,خ",1.0,0.9286,0.0,gpt-oss-20b,0,game_105
gpt-oss-20b__noise00__game_107,108,2026-02-12T10:37:37.056206,ar,True,30,30,agent1,VLLMGptOss20B,أناني,0.0,240,0.0,1.0,0,,"خ,خ,خ,خ,خ,خ,خ,خ,خ,خ,خ,خ,خ,خ,خ,خ,خ,خ,خ,خ,خ,خ,خ,خ,خ,خ,خ,خ,خ,خ","خ,خ,خ,خ,خ,خ,خ,خ,خ,خ,خ,خ,خ,خ,خ,خ,خ,خ,خ,خ,خ,خ,خ,خ,خ,خ,خ,خ,خ,خ",agent2,VLLMGptOss20B,أناني,0.0,240,0.0,1.0,0,,"خ,خ,خ,خ,خ,خ,خ,خ,خ,خ,خ,خ,خ,خ,خ,خ,خ,خ,خ,خ,خ,خ,خ,خ,خ,خ,خ,خ,خ,خ","خ,خ,خ,خ,خ,خ,خ,خ,خ,خ,خ,خ,خ,خ,خ,خ,خ,خ,خ,خ,خ,خ,خ,خ,خ,خ,خ,خ,خ,خ",1.0,0.9048,0.2778,gpt-oss-20b,0,game_107
gpt-oss-20b__noise00__game_109,110,2026-02-12T10:41:44.575403,ar,True,30,30,agent1,VLLMGptOss20B,متعاون,0.0,242,0.0333,0.9667,0,,"ت,خ,خ,خ,خ,خ,خ,خ,خ,خ,خ,خ,خ,خ,خ,خ,خ,خ,خ,خ,خ,خ,خ,خ,خ,خ,خ,خ,خ,خ","ت,خ,خ,خ,خ,خ,خ,خ,خ,خ,خ,خ,خ,خ,خ,خ,خ,خ,خ,خ,خ,خ,خ,خ,خ,خ,خ,خ,خ,خ",agent2,VLLMGptOss20B,أناني,0.0,232,0.0,1.0,0,,"خ,خ,خ,خ,خ,خ,خ,خ,خ,خ,خ,خ,خ,خ,خ,خ,خ,خ,خ,خ,خ,خ,خ,خ,خ,خ,خ,خ,خ,خ","خ,خ,خ,خ,خ,خ,خ,خ,خ,خ,خ,خ,خ,خ,خ,خ,خ,خ,خ,خ,خ,خ,خ,خ,خ,خ,خ,خ,خ,خ",1.0,0.9762,0.0556,gpt-oss-20b,0,game_109
gpt-oss-20b__noise00__game_108,109,2026-02-12T10:41:47.050640,ar,True,30,30,agent1,VLLMGptOss20B,متعاون,0.0,234,0.0333,0.9667,0,,"ت,خ,خ,خ,خ,خ,خ,خ,خ,خ,خ,خ,خ,خ,خ,خ,خ,خ,خ,خ,خ,خ,خ,خ,خ,خ,خ,خ,خ,خ","ت,خ,خ,خ,خ,خ,خ,خ,خ,خ,خ,خ,خ,خ,خ,خ,خ,خ,خ,خ,خ,خ,خ,خ,خ,خ,خ,خ,خ,خ",agent2,VLLMGptOss20B,متعاون,0.0,234,0.0333,0.9667,0,,"ت,خ,خ,خ,خ,خ,خ,خ,خ,خ,خ,خ,خ,خ,خ,خ,خ,خ,خ,خ,خ,خ,خ,خ,خ,خ,خ,خ,خ,خ","ت,خ,خ,خ,خ,خ,خ,خ,خ,خ,خ,خ,خ,خ,خ,خ,خ,خ,خ,خ,خ,خ,خ,خ,خ,خ,خ,خ,خ,خ",1.0,0.9048,0.0,gpt-oss-20b,0,game_108
gpt-oss-20b__noise00__game_110,111,2026-02-12T10:41:56.855178,ar,True,30,30,agent1,VLLMGptOss20B,أناني,0.0,232,0.0,1.0,0,,"خ,خ,خ,خ,خ,خ,خ,خ,خ,خ,خ,خ,خ,خ,خ,خ,خ,خ,خ,خ,خ,خ,خ,خ,خ,خ,خ,خ,خ,خ","خ,خ,خ,خ,خ,خ,خ,خ,خ,خ,خ,خ,خ,خ,خ,خ,خ,خ,خ,خ,خ,خ,خ,خ,خ,خ,خ,خ,خ,خ",agent2,VLLMGptOss20B,متعاون,0.0,242,0.0333,0.9667,0,,"ت,خ,خ,خ,خ,خ,خ,خ,خ,خ,خ,خ,خ,خ,خ,خ,خ,خ,خ,خ,خ,خ,خ,خ,خ,خ,خ,خ,خ,خ","ت,خ,خ,خ,خ,خ,خ,خ,خ,خ,خ,خ,خ,خ,خ,خ,خ,خ,خ,خ,خ,خ,خ,خ,خ,خ,خ,خ,خ,خ",1.0,0.9524,0.0,gpt-oss-20b,0,game_110
gpt-oss-20b__noise00__game_111,112,2026-02-12T10:42:04.483524,ar,True,30,30,agent1,VLLMGptOss20B,أناني,0.0,240,0.0,1.0,0,,"خ,خ,خ,خ,خ,خ,خ,خ,خ,خ,خ,خ,خ,خ,خ,خ,خ,خ,خ,خ,خ,خ,خ,خ,خ,خ,خ,خ,خ,خ","خ,خ,خ,خ,خ,خ,خ,خ,خ,خ,خ,خ,خ,خ,خ,خ,خ,خ,خ,خ,خ,خ,خ,خ,خ,خ,خ,خ,خ,خ",agent2,VLLMGptOss20B,أناني,0.0,240,0.0,1.0,0,,"خ,خ,خ,خ,خ,خ,خ,خ,خ,خ,خ,خ,خ,خ,خ,خ,خ,خ,خ,خ,خ,خ,خ,خ,خ,خ,خ,خ,خ,خ","خ,خ,خ,خ,خ,خ,خ,خ,خ,خ,خ,خ,خ,خ,خ,خ,خ,خ,خ,خ,خ,خ,خ,خ,خ,خ,خ,خ,خ,خ",1.0,0.9524,0.1667,gpt-oss-20b,0,game_111
gpt-oss-20b__noise00__game_115,116,2026-02-12T10:46:14.532533,ar,True,30,30,agent1,VLLMGptOss20B,أناني,0.0,240,0.0,1.0,0,,"خ,خ,خ,خ,خ,خ,خ,خ,خ,خ,خ,خ,خ,خ,خ,خ,خ,خ,خ,خ,خ,خ,خ,خ,خ,خ,خ,خ,خ,خ","خ,خ,خ,خ,خ,خ,خ,خ,خ,خ,خ,خ,خ,خ,خ,خ,خ,خ,خ,خ,خ,خ,خ,خ,خ,خ,خ,خ,خ,خ",agent2,VLLMGptOss20B,أناني,0.0,240,0.0,1.0,0,,"خ,خ,خ,خ,خ,خ,خ,خ,خ,خ,خ,خ,خ,خ,خ,خ,خ,خ,خ,خ,خ,خ,خ,خ,خ,خ,خ,خ,خ,خ","خ,خ,خ,خ,خ,خ,خ,خ,خ,خ,خ,خ,خ,خ,خ,خ,خ,خ,خ,خ,خ,خ,خ,خ,خ,خ,خ,خ,خ,خ",1.0,0.9524,0.3889,gpt-oss-20b,0,game_115
gpt-oss-20b__noise00__game_114,115,2026-02-12T10:46:34.514350,ar,True,30,30,agent1,VLLMGptOss20B,أناني,0.0,240,0.0,1.0,0,,"خ,خ,خ,خ,خ,خ,خ,خ,خ,خ,خ,خ,خ,خ,خ,خ,خ,خ,خ,خ,خ,خ,خ,خ,خ,خ,خ,خ,خ,خ","خ,خ,خ,خ,خ,خ,خ,خ,خ,خ,خ,خ,خ,خ,خ,خ,خ,خ,خ,خ,خ,خ,خ,خ,خ,خ,خ,خ,خ,خ",agent2,VLLMGptOss20B,متعاون,0.0,240,0.0,1.0,0,,"خ,خ,خ,خ,خ,خ,خ,خ,خ,خ,خ,خ,خ,خ,خ,خ,خ,خ,خ,خ,خ,خ,خ,خ,خ,خ,خ,خ,خ,خ","خ,خ,خ,خ,خ,خ,خ,خ,خ,خ,خ,خ,خ,خ,خ,خ,خ,خ,خ,خ,خ,خ,خ,خ,خ,خ,خ,خ,خ,خ",1.0,0.9762,0.3056,gpt-oss-20b,0,game_114
gpt-oss-20b__noise00__game_113,114,2026-02-12T10:46:41.148957,ar,True,30,30,agent1,VLLMGptOss20B,متعاون,0.0,244,0.0667,0.9333,0,,"ت,خ,خ,خ,خ,خ,خ,ت,خ,خ,خ,خ,خ,خ,خ,خ,خ,خ,خ,خ,خ,خ,خ,خ,خ,خ,خ,خ,خ,خ","ت,خ,خ,خ,خ,خ,خ,ت,خ,خ,خ,خ,خ,خ,خ,خ,خ,خ,خ,خ,خ,خ,خ,خ,خ,خ,خ,خ,خ,خ",agent2,VLLMGptOss20B,أناني,0.0,224,0.0,1.0,0,,"خ,خ,خ,خ,خ,خ,خ,خ,خ,خ,خ,خ,خ,خ,خ,خ,خ,خ,خ,خ,خ,خ,خ,خ,خ,خ,خ,خ,خ,خ","خ,خ,خ,خ,خ,خ,خ,خ,خ,خ,خ,خ,خ,خ,خ,خ,خ,خ,خ,خ,خ,خ,خ,خ,خ,خ,خ,خ,خ,خ",1.0,0.9524,0.0556,gpt-oss-20b,0,game_113
gpt-oss-20b__noise00__game_112,113,2026-02-12T10:46:42.014750,ar,True,30,30,agent1,VLLMGptOss20B,متعاون,0.0,242,0.0333,0.9667,0,,"ت,خ,خ,خ,خ,خ,خ,خ,خ,خ,خ,خ,خ,خ,خ,خ,خ,خ,خ,خ,خ,خ,خ,خ,خ,خ,خ,خ,خ,خ","ت,خ,خ,خ,خ,خ,خ,خ,خ,خ,خ,خ,خ,خ,خ,خ,خ,خ,خ,خ,خ,خ,خ,خ,خ,خ,خ,خ,خ,خ",agent2,VLLMGptOss20B,متعاون,0.0,232,0.0,1.0,0,,"خ,خ,خ,خ,خ,خ,خ,خ,خ,خ,خ,خ,خ,خ,خ,خ,خ,خ,خ,خ,خ,خ,خ,خ,خ,خ,خ,خ,خ,خ","خ,خ,خ,خ,خ,خ,خ,خ,خ,خ,خ,خ,خ,خ,خ,خ,خ,خ,خ,خ,خ,خ,خ,خ,خ,خ,خ,خ,خ,خ",1.0,0.9524,0.1667,gpt-oss-20b,0,game_112
gpt-oss-20b__noise00__game_119,120,2026-02-12T10:51:12.794489,ar,True,30,30,agent1,VLLMGptOss20B,أناني,0.0,240,0.0,1.0,0,,"خ,خ,خ,خ,خ,خ,خ,خ,خ,خ,خ,خ,خ,خ,خ,خ,خ,خ,خ,خ,خ,خ,خ,خ,خ,خ,خ,خ,خ,خ","خ,خ,خ,خ,خ,خ,خ,خ,خ,خ,خ,خ,خ,خ,خ,خ,خ,خ,خ,خ,خ,خ,خ,خ,خ,خ,خ,خ,خ,خ",agent2,VLLMGptOss20B,أناني,0.0,240,0.0,1.0,0,,"خ,خ,خ,خ,خ,خ,خ,خ,خ,خ,خ,خ,خ,خ,خ,خ,خ,خ,خ,خ,خ,خ,خ,خ,خ,خ,خ,خ,خ,خ","خ,خ,خ,خ,خ,خ,خ,خ,خ,خ,خ,خ,خ,خ,خ,خ,خ,خ,خ,خ,خ,خ,خ,خ,خ,خ,خ,خ,خ,خ",1.0,0.9286,0.1667,gpt-oss-20b,0,game_119
gpt-oss-20b__noise00__game_116,117,2026-02-12T10:51:18.159620,ar,True,30,30,agent1,VLLMGptOss20B,متعاون,0.0,224,0.1333,0.8667,0,,"ت,ت,ت,ت,خ,خ,خ,خ,خ,خ,خ,خ,خ,خ,خ,خ,خ,خ,خ,خ,خ,خ,خ,خ,خ,خ,خ,خ,خ,خ","ت,ت,ت,ت,خ,خ,خ,خ,خ,خ,خ,خ,خ,خ,خ,خ,خ,خ,خ,خ,خ,خ,خ,خ,خ,خ,خ,خ,خ,خ",agent2,VLLMGptOss20B,متعاون,0.0,214,0.1,0.9,0,,"ت,ت,ت,خ,خ,خ,خ,خ,خ,خ,خ,خ,خ,خ,خ,خ,خ,خ,خ,خ,خ,خ,خ,خ,خ,خ,خ,خ,خ,خ","ت,ت,ت,خ,خ,خ,خ,خ,خ,خ,خ,خ,خ,خ,خ,خ,خ,خ,خ,خ,خ,خ,خ,خ,خ,خ,خ,خ,خ,خ",1.0,0.9524,0.0,gpt-oss-20b,0,game_116
gpt-oss-20b__noise00__game_117,118,2026-02-12T10:51:23.361175,ar,True,30,30,agent1,VLLMGptOss20B,متعاون,0.0,240,0.0,1.0,0,,"خ,خ,خ,خ,خ,خ,خ,خ,خ,خ,خ,خ,خ,خ,خ,خ,خ,خ,خ,خ,خ,خ,خ,خ,خ,خ,خ,خ,خ,خ","خ,خ,خ,خ,خ,خ,خ,خ,خ,خ,خ,خ,خ,خ,خ,خ,خ,خ,خ,خ,خ,خ,خ,خ,خ,خ,خ,خ,خ,خ",agent2,VLLMGptOss20B,أناني,0.0,240,0.0,1.0,0,,"خ,خ,خ,خ,خ,خ,خ,خ,خ,خ,خ,خ,خ,خ,خ,خ,خ,خ,خ,خ,خ,خ,خ,خ,خ,خ,خ,خ,خ,خ","خ,خ,خ,خ,خ,خ,خ,خ,خ,خ,خ,خ,خ,خ,خ,خ,خ,خ,خ,خ,خ,خ,خ,خ,خ,خ,خ,خ,خ,خ",1.0,0.9762,0.1944,gpt-oss-20b,0,game_117
gpt-oss-20b__noise00__game_118,119,2026-02-12T10:51:51.807130,ar,True,30,30,agent1,VLLMGptOss20B,أناني,0.0,234,0.0333,0.9667,0,,"خ,خ,خ,خ,ت,خ,خ,خ,خ,خ,خ,خ,خ,خ,خ,خ,خ,خ,خ,خ,خ,خ,خ,خ,خ,خ,خ,خ,خ,خ","خ,خ,خ,خ,ت,خ,خ,خ,خ,خ,خ,خ,خ,خ,خ,خ,خ,خ,خ,خ,خ,خ,خ,خ,خ,خ,خ,خ,خ,خ",agent2,VLLMGptOss20B,متعاون,0.0,234,0.0333,0.9667,0,,"ت,خ,خ,خ,خ,خ,خ,خ,خ,خ,خ,خ,خ,خ,خ,خ,خ,خ,خ,خ,خ,خ,خ,خ,خ,خ,خ,خ,خ,خ","ت,خ,خ,خ,خ,خ,خ,خ,خ,خ,خ,خ,خ,خ,خ,خ,خ,خ,خ,خ,خ,خ,خ,خ,خ,خ,خ,خ,خ,خ",1.0,0.9762,0.0,gpt-oss-20b,0,game_118
gpt-oss-20b__noise00__game_121,122,2026-02-12T10:55:24.690546,cn,True,30,30,agent1,VLLMGptOss20B,合作型的,0.0,242,0.0333,0.9667,0,,"合,背,背,背,背,背,背,背,背,背,背,背,背,背,背,背,背,背,背,背,背,背,背,背,背,背,背,背,背,背","合,背,背,背,背,背,背,背,背,背,背,背,背,背,背,背,背,背,背,背,背,背,背,背,背,背,背,背,背,背",agent2,VLLMGptOss20B,自私型的,0.0,232,0.0,1.0,0,,"背,背,背,背,背,背,背,背,背,背,背,背,背,背,背,背,背,背,背,背,背,背,背,背,背,背,背,背,背,背","背,背,背,背,背,背,背,背,背,背,背,背,背,背,背,背,背,背,背,背,背,背,背,背,背,背,背,背,背,背",1.0,0.9286,0.1389,gpt-oss-20b,0,game_121
gpt-oss-20b__noise00__game_123,124,2026-02-12T10:55:35.292745,cn,True,30,30,agent1,VLLMGptOss20B,自私型的,0.0,240,0.0,1.0,0,,"背,背,背,背,背,背,背,背,背,背,背,背,背,背,背,背,背,背,背,背,背,背,背,背,背,背,背,背,背,背","背,背,背,背,背,背,背,背,背,背,背,背,背,背,背,背,背,背,背,背,背,背,背,背,背,背,背,背,背,背",agent2,VLLMGptOss20B,自私型的,0.0,240,0.0,1.0,0,,"背,背,背,背,背,背,背,背,背,背,背,背,背,背,背,背,背,背,背,背,背,背,背,背,背,背,背,背,背,背","背,背,背,背,背,背,背,背,背,背,背,背,背,背,背,背,背,背,背,背,背,背,背,背,背,背,背,背,背,背",1.0,0.881,0.1944,gpt-oss-20b,0,game_123
gpt-oss-20b__noise00__game_120,121,2026-02-12T10:55:56.122860,cn,True,30,30,agent1,VLLMGptOss20B,合作型的,0.0,234,0.0333,0.9667,0,,"背,合,背,背,背,背,背,背,背,背,背,背,背,背,背,背,背,背,背,背,背,背,背,背,背,背,背,背,背,背","背,合,背,背,背,背,背,背,背,背,背,背,背,背,背,背,背,背,背,背,背,背,背,背,背,背,背,背,背,背",agent2,VLLMGptOss20B,合作型的,0.0,234,0.0333,0.9667,0,,"合,背,背,背,背,背,背,背,背,背,背,背,背,背,背,背,背,背,背,背,背,背,背,背,背,背,背,背,背,背","合,背,背,背,背,背,背,背,背,背,背,背,背,背,背,背,背,背,背,背,背,背,背,背,背,背,背,背,背,背",1.0,0.8333,0.0,gpt-oss-20b,0,game_120
gpt-oss-20b__noise00__game_122,123,2026-02-12T10:56:09.394138,cn,True,30,30,agent1,VLLMGptOss20B,自私型的,0.0,224,0.0,1.0,0,,"背,背,背,背,背,背,背,背,背,背,背,背,背,背,背,背,背,背,背,背,背,背,背,背,背,背,背,背,背,背","背,背,背,背,背,背,背,背,背,背,背,背,背,背,背,背,背,背,背,背,背,背,背,背,背,背,背,背,背,背",agent2,VLLMGptOss20B,合作型的,0.0,244,0.0667,0.9333,0,,"背,背,背,背,背,背,背,背,背,背,背,背,背,背,合,背,背,背,背,背,背,背,背,背,背,背,背,背,合,背","背,背,背,背,背,背,背,背,背,背,背,背,背,背,合,背,背,背,背,背,背,背,背,背,背,背,背,背,合,背",1.0,0.9524,0.0556,gpt-oss-20b,0,game_122
gpt-oss-20b__noise00__game_127,128,2026-02-12T10:59:40.605515,cn,True,30,30,agent1,VLLMGptOss20B,自私型的,0.0,240,0.0,1.0,0,,"背,背,背,背,背,背,背,背,背,背,背,背,背,背,背,背,背,背,背,背,背,背,背,背,背,背,背,背,背,背","背,背,背,背,背,背,背,背,背,背,背,背,背,背,背,背,背,背,背,背,背,背,背,背,背,背,背,背,背,背",agent2,VLLMGptOss20B,自私型的,0.0,240,0.0,1.0,0,,"背,背,背,背,背,背,背,背,背,背,背,背,背,背,背,背,背,背,背,背,背,背,背,背,背,背,背,背,背,背","背,背,背,背,背,背,背,背,背,背,背,背,背,背,背,背,背,背,背,背,背,背,背,背,背,背,背,背,背,背",1.0,0.9524,0.1111,gpt-oss-20b,0,game_127
gpt-oss-20b__noise00__game_125,126,2026-02-12T10:59:54.715766,cn,True,30,30,agent1,VLLMGptOss20B,合作型的,0.0,244,0.0667,0.9333,0,,"合,背,背,背,合,背,背,背,背,背,背,背,背,背,背,背,背,背,背,背,背,背,背,背,背,背,背,背,背,背","合,背,背,背,合,背,背,背,背,背,背,背,背,背,背,背,背,背,背,背,背,背,背,背,背,背,背,背,背,背",agent2,VLLMGptOss20B,自私型的,0.0,224,0.0,1.0,0,,"背,背,背,背,背,背,背,背,背,背,背,背,背,背,背,背,背,背,背,背,背,背,背,背,背,背,背,背,背,背","背,背,背,背,背,背,背,背,背,背,背,背,背,背,背,背,背,背,背,背,背,背,背,背,背,背,背,背,背,背",1.0,0.881,0.0833,gpt-oss-20b,0,game_125
gpt-oss-20b__noise00__game_126,127,2026-02-12T10:59:59.657458,cn,True,30,30,agent1,VLLMGptOss20B,自私型的,0.0,232,0.0,1.0,0,,"背,背,背,背,背,背,背,背,背,背,背,背,背,背,背,背,背,背,背,背,背,背,背,背,背,背,背,背,背,背","背,背,背,背,背,背,背,背,背,背,背,背,背,背,背,背,背,背,背,背,背,背,背,背,背,背,背,背,背,背",agent2,VLLMGptOss20B,合作型的,0.0,242,0.0333,0.9667,0,,"合,背,背,背,背,背,背,背,背,背,背,背,背,背,背,背,背,背,背,背,背,背,背,背,背,背,背,背,背,背","合,背,背,背,背,背,背,背,背,背,背,背,背,背,背,背,背,背,背,背,背,背,背,背,背,背,背,背,背,背",1.0,0.9286,0.0556,gpt-oss-20b,0,game_126
gpt-oss-20b__noise00__game_124,125,2026-02-12T11:00:03.093478,cn,True,30,30,agent1,VLLMGptOss20B,合作型的,0.0,242,0.0333,0.9667,0,,"合,背,背,背,背,背,背,背,背,背,背,背,背,背,背,背,背,背,背,背,背,背,背,背,背,背,背,背,背,背","合,背,背,背,背,背,背,背,背,背,背,背,背,背,背,背,背,背,背,背,背,背,背,背,背,背,背,背,背,背",agent2,VLLMGptOss20B,合作型的,0.0,232,0.0,1.0,0,,"背,背,背,背,背,背,背,背,背,背,背,背,背,背,背,背,背,背,背,背,背,背,背,背,背,背,背,背,背,背","背,背,背,背,背,背,背,背,背,背,背,背,背,背,背,背,背,背,背,背,背,背,背,背,背,背,背,背,背,背",1.0,0.9286,0.1667,gpt-oss-20b,0,game_124
gpt-oss-20b__noise00__game_131,132,2026-02-12T11:03:24.769727,cn,True,30,30,agent1,VLLMGptOss20B,自私型的,0.0,240,0.0,1.0,0,,"背,背,背,背,背,背,背,背,背,背,背,背,背,背,背,背,背,背,背,背,背,背,背,背,背,背,背,背,背,背","背,背,背,背,背,背,背,背,背,背,背,背,背,背,背,背,背,背,背,背,背,背,背,背,背,背,背,背,背,背",agent2,VLLMGptOss20B,自私型的,0.0,240,0.0,1.0,0,,"背,背,背,背,背,背,背,背,背,背,背,背,背,背,背,背,背,背,背,背,背,背,背,背,背,背,背,背,背,背","背,背,背,背,背,背,背,背,背,背,背,背,背,背,背,背,背,背,背,背,背,背,背,背,背,背,背,背,背,背",1.0,0.9048,0.25,gpt-oss-20b,0,game_131
gpt-oss-20b__noise00__game_129,130,2026-02-12T11:04:11.469754,cn,True,30,30,agent1,VLLMGptOss20B,合作型的,0.0,242,0.0333,0.9667,0,,"合,背,背,背,背,背,背,背,背,背,背,背,背,背,背,背,背,背,背,背,背,背,背,背,背,背,背,背,背,背","合,背,背,背,背,背,背,背,背,背,背,背,背,背,背,背,背,背,背,背,背,背,背,背,背,背,背,背,背,背",agent2,VLLMGptOss20B,自私型的,0.0,232,0.0,1.0,0,,"背,背,背,背,背,背,背,背,背,背,背,背,背,背,背,背,背,背,背,背,背,背,背,背,背,背,背,背,背,背","背,背,背,背,背,背,背,背,背,背,背,背,背,背,背,背,背,背,背,背,背,背,背,背,背,背,背,背,背,背",1.0,0.9048,0.1111,gpt-oss-20b,0,game_129
gpt-oss-20b__noise00__game_130,131,2026-02-12T11:04:35.764196,cn,True,30,30,agent1,VLLMGptOss20B,自私型的,0.0,232,0.0,1.0,0,,"背,背,背,背,背,背,背,背,背,背,背,背,背,背,背,背,背,背,背,背,背,背,背,背,背,背,背,背,背,背","背,背,背,背,背,背,背,背,背,背,背,背,背,背,背,背,背,背,背,背,背,背,背,背,背,背,背,背,背,背",agent2,VLLMGptOss20B,合作型的,0.0,242,0.0333,0.9667,0,,"合,背,背,背,背,背,背,背,背,背,背,背,背,背,背,背,背,背,背,背,背,背,背,背,背,背,背,背,背,背","合,背,背,背,背,背,背,背,背,背,背,背,背,背,背,背,背,背,背,背,背,背,背,背,背,背,背,背,背,背",0.9868,0.8571,0.0278,gpt-oss-20b,0,game_130
gpt-oss-20b__noise00__game_128,129,2026-02-12T11:06:08.619329,cn,True,30,30,agent1,VLLMGptOss20B,合作型的,0.0,170,0.3,0.7,0,,"合,合,合,合,合,合,合,合,背,合,背,背,背,背,背,背,背,背,背,背,背,背,背,背,背,背,背,背,背,背","合,合,合,合,合,合,合,合,背,合,背,背,背,背,背,背,背,背,背,背,背,背,背,背,背,背,背,背,背,背",agent2,VLLMGptOss20B,合作型的,0.0,190,0.3667,0.6333,0,,"合,合,合,合,合,合,合,合,合,背,合,合,背,背,背,背,背,背,背,背,背,背,背,背,背,背,背,背,背,背","合,合,合,合,合,合,合,合,合,背,合,合,背,背,背,背,背,背,背,背,背,背,背,背,背,背,背,背,背,背",1.0,0.9524,0.0556,gpt-oss-20b,0,game_128
gpt-oss-20b__noise00__game_132,133,2026-02-12T11:07:51.717379,cn,True,30,30,agent1,VLLMGptOss20B,合作型的,0.0,226,0.0333,0.9667,0,,"合,背,背,背,背,背,背,背,背,背,背,背,背,背,背,背,背,背,背,背,背,背,背,背,背,背,背,背,背,背","合,背,背,背,背,背,背,背,背,背,背,背,背,背,背,背,背,背,背,背,背,背,背,背,背,背,背,背,背,背",agent2,VLLMGptOss20B,合作型的,0.0,236,0.0667,0.9333,0,,"合,合,背,背,背,背,背,背,背,背,背,背,背,背,背,背,背,背,背,背,背,背,背,背,背,背,背,背,背,背","合,合,背,背,背,背,背,背,背,背,背,背,背,背,背,背,背,背,背,背,背,背,背,背,背,背,背,背,背,背",1.0,0.881,0.0,gpt-oss-20b,0,game_132
gpt-oss-20b__noise00__game_133,134,2026-02-12T11:08:25.550322,cn,True,30,30,agent1,VLLMGptOss20B,合作型的,0.0,242,0.0333,0.9667,0,,"合,背,背,背,背,背,背,背,背,背,背,背,背,背,背,背,背,背,背,背,背,背,背,背,背,背,背,背,背,背","合,背,背,背,背,背,背,背,背,背,背,背,背,背,背,背,背,背,背,背,背,背,背,背,背,背,背,背,背,背",agent2,VLLMGptOss20B,自私型的,0.0,232,0.0,1.0,0,,"背,背,背,背,背,背,背,背,背,背,背,背,背,背,背,背,背,背,背,背,背,背,背,背,背,背,背,背,背,背","背,背,背,背,背,背,背,背,背,背,背,背,背,背,背,背,背,背,背,背,背,背,背,背,背,背,背,背,背,背",1.0,0.9048,0.1389,gpt-oss-20b,0,game_133
gpt-oss-20b__noise00__game_134,135,2026-02-12T11:08:43.719499,cn,True,30,30,agent1,VLLMGptOss20B,自私型的,0.0,232,0.0,1.0,0,,"背,背,背,背,背,背,背,背,背,背,背,背,背,背,背,背,背,背,背,背,背,背,背,背,背,背,背,背,背,背","背,背,背,背,背,背,背,背,背,背,背,背,背,背,背,背,背,背,背,背,背,背,背,背,背,背,背,背,背,背",agent2,VLLMGptOss20B,合作型的,0.0,242,0.0333,0.9667,0,,"合,背,背,背,背,背,背,背,背,背,背,背,背,背,背,背,背,背,背,背,背,背,背,背,背,背,背,背,背,背","合,背,背,背,背,背,背,背,背,背,背,背,背,背,背,背,背,背,背,背,背,背,背,背,背,背,背,背,背,背",1.0,0.9048,0.0556,gpt-oss-20b,0,game_134
gpt-oss-20b__noise00__game_135,136,2026-02-12T11:09:53.575713,cn,True,30,30,agent1,VLLMGptOss20B,自私型的,0.0,240,0.0,1.0,0,,"背,背,背,背,背,背,背,背,背,背,背,背,背,背,背,背,背,背,背,背,背,背,背,背,背,背,背,背,背,背","背,背,背,背,背,背,背,背,背,背,背,背,背,背,背,背,背,背,背,背,背,背,背,背,背,背,背,背,背,背",agent2,VLLMGptOss20B,自私型的,0.0,240,0.0,1.0,0,,"背,背,背,背,背,背,背,背,背,背,背,背,背,背,背,背,背,背,背,背,背,背,背,背,背,背,背,背,背,背","背,背,背,背,背,背,背,背,背,背,背,背,背,背,背,背,背,背,背,背,背,背,背,背,背,背,背,背,背,背",1.0,0.9048,0.1389,gpt-oss-20b,0,game_135
gpt-oss-20b__noise00__game_137,138,2026-02-12T11:12:27.360834,cn,True,30,30,agent1,VLLMGptOss20B,合作型的,0.0,242,0.0333,0.9667,0,,"合,背,背,背,背,背,背,背,背,背,背,背,背,背,背,背,背,背,背,背,背,背,背,背,背,背,背,背,背,背","合,背,背,背,背,背,背,背,背,背,背,背,背,背,背,背,背,背,背,背,背,背,背,背,背,背,背,背,背,背",agent2,VLLMGptOss20B,自私型的,0.0,232,0.0,1.0,0,,"背,背,背,背,背,背,背,背,背,背,背,背,背,背,背,背,背,背,背,背,背,背,背,背,背,背,背,背,背,背","背,背,背,背,背,背,背,背,背,背,背,背,背,背,背,背,背,背,背,背,背,背,背,背,背,背,背,背,背,背",1.0,0.9762,0.1111,gpt-oss-20b,0,game_137
gpt-oss-20b__noise00__game_136,137,2026-02-12T11:12:53.805977,cn,True,30,30,agent1,VLLMGptOss20B,合作型的,0.0,228,0.0667,0.9333,0,,"合,合,背,背,背,背,背,背,背,背,背,背,背,背,背,背,背,背,背,背,背,背,背,背,背,背,背,背,背,背","合,合,背,背,背,背,背,背,背,背,背,背,背,背,背,背,背,背,背,背,背,背,背,背,背,背,背,背,背,背",agent2,VLLMGptOss20B,合作型的,0.0,228,0.0667,0.9333,0,,"合,背,合,背,背,背,背,背,背,背,背,背,背,背,背,背,背,背,背,背,背,背,背,背,背,背,背,背,背,背","合,背,合,背,背,背,背,背,背,背,背,背,背,背,背,背,背,背,背,背,背,背,背,背,背,背,背,背,背,背",1.0,0.9048,0.0,gpt-oss-20b,0,game_136
gpt-oss-20b__noise00__game_138,139,2026-02-12T11:12:56.858438,cn,True,30,30,agent1,VLLMGptOss20B,自私型的,0.0,232,0.0,1.0,0,,"背,背,背,背,背,背,背,背,背,背,背,背,背,背,背,背,背,背,背,背,背,背,背,背,背,背,背,背,背,背","背,背,背,背,背,背,背,背,背,背,背,背,背,背,背,背,背,背,背,背,背,背,背,背,背,背,背,背,背,背",agent2,VLLMGptOss20B,合作型的,0.0,242,0.0333,0.9667,0,,"合,背,背,背,背,背,背,背,背,背,背,背,背,背,背,背,背,背,背,背,背,背,背,背,背,背,背,背,背,背","合,背,背,背,背,背,背,背,背,背,背,背,背,背,背,背,背,背,背,背,背,背,背,背,背,背,背,背,背,背",1.0,0.9524,0.0278,gpt-oss-20b,0,game_138
gpt-oss-20b__noise00__game_139,140,2026-02-12T11:13:41.375818,cn,True,30,30,agent1,VLLMGptOss20B,自私型的,0.0,240,0.0,1.0,0,,"背,背,背,背,背,背,背,背,背,背,背,背,背,背,背,背,背,背,背,背,背,背,背,背,背,背,背,背,背,背","背,背,背,背,背,背,背,背,背,背,背,背,背,背,背,背,背,背,背,背,背,背,背,背,背,背,背,背,背,背",agent2,VLLMGptOss20B,自私型的,0.0,240,0.0,1.0,0,,"背,背,背,背,背,背,背,背,背,背,背,背,背,背,背,背,背,背,背,背,背,背,背,背,背,背,背,背,背,背","背,背,背,背,背,背,背,背,背,背,背,背,背,背,背,背,背,背,背,背,背,背,背,背,背,背,背,背,背,背",1.0,0.881,0.25,gpt-oss-20b,0,game_139
gpt-oss-20b__noise00__game_141,142,2026-02-12T11:17:05.920590,cn,True,30,30,agent1,VLLMGptOss20B,合作型的,0.0,240,0.0,1.0,0,,"背,背,背,背,背,背,背,背,背,背,背,背,背,背,背,背,背,背,背,背,背,背,背,背,背,背,背,背,背,背","背,背,背,背,背,背,背,背,背,背,背,背,背,背,背,背,背,背,背,背,背,背,背,背,背,背,背,背,背,背",agent2,VLLMGptOss20B,自私型的,0.0,240,0.0,1.0,0,,"背,背,背,背,背,背,背,背,背,背,背,背,背,背,背,背,背,背,背,背,背,背,背,背,背,背,背,背,背,背","背,背,背,背,背,背,背,背,背,背,背,背,背,背,背,背,背,背,背,背,背,背,背,背,背,背,背,背,背,背",1.0,0.9048,0.1944,gpt-oss-20b,0,game_141
gpt-oss-20b__noise00__game_142,143,2026-02-12T11:17:06.099067,cn,True,30,30,agent1,VLLMGptOss20B,自私型的,0.0,240,0.0,1.0,0,,"背,背,背,背,背,背,背,背,背,背,背,背,背,背,背,背,背,背,背,背,背,背,背,背,背,背,背,背,背,背","背,背,背,背,背,背,背,背,背,背,背,背,背,背,背,背,背,背,背,背,背,背,背,背,背,背,背,背,背,背",agent2,VLLMGptOss20B,合作型的,0.0,240,0.0,1.0,0,,"背,背,背,背,背,背,背,背,背,背,背,背,背,背,背,背,背,背,背,背,背,背,背,背,背,背,背,背,背,背","背,背,背,背,背,背,背,背,背,背,背,背,背,背,背,背,背,背,背,背,背,背,背,背,背,背,背,背,背,背",1.0,0.9286,0.1667,gpt-oss-20b,0,game_142
gpt-oss-20b__noise00__game_140,141,2026-02-12T11:17:16.790730,cn,True,30,30,agent1,VLLMGptOss20B,合作型的,0.0,214,0.1,0.9,0,,"合,合,合,背,背,背,背,背,背,背,背,背,背,背,背,背,背,背,背,背,背,背,背,背,背,背,背,背,背,背","合,合,合,背,背,背,背,背,背,背,背,背,背,背,背,背,背,背,背,背,背,背,背,背,背,背,背,背,背,背",agent2,VLLMGptOss20B,合作型的,0.0,224,0.1333,0.8667,0,,"合,合,合,合,背,背,背,背,背,背,背,背,背,背,背,背,背,背,背,背,背,背,背,背,背,背,背,背,背,背","合,合,合,合,背,背,背,背,背,背,背,背,背,背,背,背,背,背,背,背,背,背,背,背,背,背,背,背,背,背",1.0,0.9286,0.0,gpt-oss-20b,0,game_140
gpt-oss-20b__noise00__game_143,144,2026-02-12T11:17:24.777494,cn,True,30,30,agent1,VLLMGptOss20B,自私型的,0.0,240,0.0,1.0,0,,"背,背,背,背,背,背,背,背,背,背,背,背,背,背,背,背,背,背,背,背,背,背,背,背,背,背,背,背,背,背","背,背,背,背,背,背,背,背,背,背,背,背,背,背,背,背,背,背,背,背,背,背,背,背,背,背,背,背,背,背",agent2,VLLMGptOss20B,自私型的,0.0,240,0.0,1.0,0,,"背,背,背,背,背,背,背,背,背,背,背,背,背,背,背,背,背,背,背,背,背,背,背,背,背,背,背,背,背,背","背,背,背,背,背,背,背,背,背,背,背,背,背,背,背,背,背,背,背,背,背,背,背,背,背,背,背,背,背,背",1.0,0.9524,0.1944,gpt-oss-20b,0,game_143
gpt-oss-20b__noise00__game_147,148,2026-02-12T11:21:07.704048,cn,True,30,30,agent1,VLLMGptOss20B,自私型的,0.0,240,0.0,1.0,0,,"背,背,背,背,背,背,背,背,背,背,背,背,背,背,背,背,背,背,背,背,背,背,背,背,背,背,背,背,背,背","背,背,背,背,背,背,背,背,背,背,背,背,背,背,背,背,背,背,背,背,背,背,背,背,背,背,背,背,背,背",agent2,VLLMGptOss20B,自私型的,0.0,240,0.0,1.0,0,,"背,背,背,背,背,背,背,背,背,背,背,背,背,背,背,背,背,背,背,背,背,背,背,背,背,背,背,背,背,背","背,背,背,背,背,背,背,背,背,背,背,背,背,背,背,背,背,背,背,背,背,背,背,背,背,背,背,背,背,背",1.0,0.9048,0.1111,gpt-oss-20b,0,game_147
gpt-oss-20b__noise00__game_146,147,2026-02-12T11:21:19.218034,cn,True,30,30,agent1,VLLMGptOss20B,自私型的,0.0,232,0.0,1.0,0,,"背,背,背,背,背,背,背,背,背,背,背,背,背,背,背,背,背,背,背,背,背,背,背,背,背,背,背,背,背,背","背,背,背,背,背,背,背,背,背,背,背,背,背,背,背,背,背,背,背,背,背,背,背,背,背,背,背,背,背,背",agent2,VLLMGptOss20B,合作型的,0.0,242,0.0333,0.9667,0,,"合,背,背,背,背,背,背,背,背,背,背,背,背,背,背,背,背,背,背,背,背,背,背,背,背,背,背,背,背,背","合,背,背,背,背,背,背,背,背,背,背,背,背,背,背,背,背,背,背,背,背,背,背,背,背,背,背,背,背,背",1.0,0.9524,0.0556,gpt-oss-20b,0,game_146
gpt-oss-20b__noise00__game_145,146,2026-02-12T11:21:49.281874,cn,True,30,30,agent1,VLLMGptOss20B,合作型的,0.0,234,0.0333,0.9667,0,,"合,背,背,背,背,背,背,背,背,背,背,背,背,背,背,背,背,背,背,背,背,背,背,背,背,背,背,背,背,背","合,背,背,背,背,背,背,背,背,背,背,背,背,背,背,背,背,背,背,背,背,背,背,背,背,背,背,背,背,背",agent2,VLLMGptOss20B,自私型的,0.0,234,0.0333,0.9667,0,,"背,背,合,背,背,背,背,背,背,背,背,背,背,背,背,背,背,背,背,背,背,背,背,背,背,背,背,背,背,背","背,背,合,背,背,背,背,背,背,背,背,背,背,背,背,背,背,背,背,背,背,背,背,背,背,背,背,背,背,背",1.0,0.9286,0.0,gpt-oss-20b,0,game_145
gpt-oss-20b__noise00__game_144,145,2026-02-12T11:23:13.232044,cn,True,30,30,agent1,VLLMGptOss20B,合作型的,0.0,228,0.0667,0.9333,0,,"背,合,背,背,背,背,合,背,背,背,背,背,背,背,背,背,背,背,背,背,背,背,背,背,背,背,背,背,背,背","背,合,背,背,背,背,合,背,背,背,背,背,背,背,背,背,背,背,背,背,背,背,背,背,背,背,背,背,背,背",agent2,VLLMGptOss20B,合作型的,0.0,228,0.0667,0.9333,0,,"合,背,背,背,背,合,背,背,背,背,背,背,背,背,背,背,背,背,背,背,背,背,背,背,背,背,背,背,背,背","合,背,背,背,背,合,背,背,背,背,背,背,背,背,背,背,背,背,背,背,背,背,背,背,背,背,背,背,背,背",1.0,0.9524,0.0,gpt-oss-20b,0,game_144
gpt-oss-20b__noise00__game_149,150,2026-02-12T11:25:25.842749,cn,True,30,30,agent1,VLLMGptOss20B,合作型的,0.0,240,0.0,1.0,0,,"背,背,背,背,背,背,背,背,背,背,背,背,背,背,背,背,背,背,背,背,背,背,背,背,背,背,背,背,背,背","背,背,背,背,背,背,背,背,背,背,背,背,背,背,背,背,背,背,背,背,背,背,背,背,背,背,背,背,背,背",agent2,VLLMGptOss20B,自私型的,0.0,240,0.0,1.0,0,,"背,背,背,背,背,背,背,背,背,背,背,背,背,背,背,背,背,背,背,背,背,背,背,背,背,背,背,背,背,背","背,背,背,背,背,背,背,背,背,背,背,背,背,背,背,背,背,背,背,背,背,背,背,背,背,背,背,背,背,背",1.0,0.9048,0.1944,gpt-oss-20b,0,game_149
gpt-oss-20b__noise00__game_148,149,2026-02-12T11:25:27.486955,cn,True,30,30,agent1,VLLMGptOss20B,合作型的,0.0,232,0.0,1.0,0,,"背,背,背,背,背,背,背,背,背,背,背,背,背,背,背,背,背,背,背,背,背,背,背,背,背,背,背,背,背,背","背,背,背,背,背,背,背,背,背,背,背,背,背,背,背,背,背,背,背,背,背,背,背,背,背,背,背,背,背,背",agent2,VLLMGptOss20B,合作型的,0.0,242,0.0333,0.9667,0,,"合,背,背,背,背,背,背,背,背,背,背,背,背,背,背,背,背,背,背,背,背,背,背,背,背,背,背,背,背,背","合,背,背,背,背,背,背,背,背,背,背,背,背,背,背,背,背,背,背,背,背,背,背,背,背,背,背,背,背,背",1.0,0.9048,0.0278,gpt-oss-20b,0,game_148
gpt-oss-20b__noise00__game_150,151,2026-02-12T11:25:59.826841,cn,True,30,30,agent1,VLLMGptOss20B,自私型的,0.0,232,0.0,1.0,0,,"背,背,背,背,背,背,背,背,背,背,背,背,背,背,背,背,背,背,背,背,背,背,背,背,背,背,背,背,背,背","背,背,背,背,背,背,背,背,背,背,背,背,背,背,背,背,背,背,背,背,背,背,背,背,背,背,背,背,背,背",agent2,VLLMGptOss20B,合作型的,0.0,242,0.0333,0.9667,0,,"合,背,背,背,背,背,背,背,背,背,背,背,背,背,背,背,背,背,背,背,背,背,背,背,背,背,背,背,背,背","合,背,背,背,背,背,背,背,背,背,背,背,背,背,背,背,背,背,背,背,背,背,背,背,背,背,背,背,背,背",1.0,0.9286,0.0278,gpt-oss-20b,0,game_150
gpt-oss-20b__noise00__game_151,152,2026-02-12T11:26:55.207612,cn,True,30,30,agent1,VLLMGptOss20B,自私型的,0.0,232,0.0,1.0,0,,"背,背,背,背,背,背,背,背,背,背,背,背,背,背,背,背,背,背,背,背,背,背,背,背,背,背,背,背,背,背","背,背,背,背,背,背,背,背,背,背,背,背,背,背,背,背,背,背,背,背,背,背,背,背,背,背,背,背,背,背",agent2,VLLMGptOss20B,自私型的,0.0,242,0.0333,0.9667,0,,"合,背,背,背,背,背,背,背,背,背,背,背,背,背,背,背,背,背,背,背,背,背,背,背,背,背,背,背,背,背","合,背,背,背,背,背,背,背,背,背,背,背,背,背,背,背,背,背,背,背,背,背,背,背,背,背,背,背,背,背",1.0,0.9762,0.0,gpt-oss-20b,0,game_151
gpt-oss-20b__noise00__game_153,154,2026-02-12T11:29:28.431586,cn,True,30,30,agent1,VLLMGptOss20B,合作型的,0.0,242,0.0333,0.9667,0,,"合,背,背,背,背,背,背,背,背,背,背,背,背,背,背,背,背,背,背,背,背,背,背,背,背,背,背,背,背,背","合,背,背,背,背,背,背,背,背,背,背,背,背,背,背,背,背,背,背,背,背,背,背,背,背,背,背,背,背,背",agent2,VLLMGptOss20B,自私型的,0.0,232,0.0,1.0,0,,"背,背,背,背,背,背,背,背,背,背,背,背,背,背,背,背,背,背,背,背,背,背,背,背,背,背,背,背,背,背","背,背,背,背,背,背,背,背,背,背,背,背,背,背,背,背,背,背,背,背,背,背,背,背,背,背,背,背,背,背",1.0,0.9286,0.1111,gpt-oss-20b,0,game_153
gpt-oss-20b__noise00__game_154,155,2026-02-12T11:29:57.308268,cn,True,30,30,agent1,VLLMGptOss20B,自私型的,0.0,232,0.0,1.0,0,,"背,背,背,背,背,背,背,背,背,背,背,背,背,背,背,背,背,背,背,背,背,背,背,背,背,背,背,背,背,背","背,背,背,背,背,背,背,背,背,背,背,背,背,背,背,背,背,背,背,背,背,背,背,背,背,背,背,背,背,背",agent2,VLLMGptOss20B,合作型的,0.0,242,0.0333,0.9667,0,,"合,背,背,背,背,背,背,背,背,背,背,背,背,背,背,背,背,背,背,背,背,背,背,背,背,背,背,背,背,背","合,背,背,背,背,背,背,背,背,背,背,背,背,背,背,背,背,背,背,背,背,背,背,背,背,背,背,背,背,背",1.0,0.881,0.0278,gpt-oss-20b,0,game_154
gpt-oss-20b__noise00__game_155,156,2026-02-12T11:30:49.799127,cn,True,30,30,agent1,VLLMGptOss20B,自私型的,0.0,240,0.0,1.0,0,,"背,背,背,背,背,背,背,背,背,背,背,背,背,背,背,背,背,背,背,背,背,背,背,背,背,背,背,背,背,背","背,背,背,背,背,背,背,背,背,背,背,背,背,背,背,背,背,背,背,背,背,背,背,背,背,背,背,背,背,背",agent2,VLLMGptOss20B,自私型的,0.0,240,0.0,1.0,0,,"背,背,背,背,背,背,背,背,背,背,背,背,背,背,背,背,背,背,背,背,背,背,背,背,背,背,背,背,背,背","背,背,背,背,背,背,背,背,背,背,背,背,背,背,背,背,背,背,背,背,背,背,背,背,背,背,背,背,背,背",1.0,0.881,0.1944,gpt-oss-20b,0,game_155
gpt-oss-20b__noise00__game_152,153,2026-02-12T11:32:50.241023,cn,True,30,30,agent1,VLLMGptOss20B,合作型的,0.0,212,0.0667,0.9333,0,,"合,背,合,背,背,背,背,背,背,背,背,背,背,背,背,背,背,背,背,背,背,背,背,背,背,背,背,背,背,背","合,背,合,背,背,背,背,背,背,背,背,背,背,背,背,背,背,背,背,背,背,背,背,背,背,背,背,背,背,背",agent2,VLLMGptOss20B,合作型的,0.0,232,0.1333,0.8667,0,,"合,合,背,合,背,背,背,合,背,背,背,背,背,背,背,背,背,背,背,背,背,背,背,背,背,背,背,背,背,背","合,合,背,合,背,背,背,合,背,背,背,背,背,背,背,背,背,背,背,背,背,背,背,背,背,背,背,背,背,背",1.0,0.9524,0.0,gpt-oss-20b,0,game_152
gpt-oss-20b__noise00__game_156,157,2026-02-12T11:33:50.352638,cn,True,30,30,agent1,VLLMGptOss20B,合作型的,0.0,234,0.0333,0.9667,0,,"背,合,背,背,背,背,背,背,背,背,背,背,背,背,背,背,背,背,背,背,背,背,背,背,背,背,背,背,背,背","背,合,背,背,背,背,背,背,背,背,背,背,背,背,背,背,背,背,背,背,背,背,背,背,背,背,背,背,背,背",agent2,VLLMGptOss20B,合作型的,0.0,234,0.0333,0.9667,0,,"合,背,背,背,背,背,背,背,背,背,背,背,背,背,背,背,背,背,背,背,背,背,背,背,背,背,背,背,背,背","合,背,背,背,背,背,背,背,背,背,背,背,背,背,背,背,背,背,背,背,背,背,背,背,背,背,背,背,背,背",1.0,0.9286,0.0,gpt-oss-20b,0,game_156
gpt-oss-20b__noise00__game_157,158,2026-02-12T11:34:12.462456,cn,True,30,30,agent1,VLLMGptOss20B,合作型的,0.0,242,0.0333,0.9667,0,,"合,背,背,背,背,背,背,背,背,背,背,背,背,背,背,背,背,背,背,背,背,背,背,背,背,背,背,背,背,背","合,背,背,背,背,背,背,背,背,背,背,背,背,背,背,背,背,背,背,背,背,背,背,背,背,背,背,背,背,背",agent2,VLLMGptOss20B,自私型的,0.0,232,0.0,1.0,0,,"背,背,背,背,背,背,背,背,背,背,背,背,背,背,背,背,背,背,背,背,背,背,背,背,背,背,背,背,背,背","背,背,背,背,背,背,背,背,背,背,背,背,背,背,背,背,背,背,背,背,背,背,背,背,背,背,背,背,背,背",1.0,0.9286,0.1111,gpt-oss-20b,0,game_157
gpt-oss-20b__noise00__game_158,159,2026-02-12T11:35:05.726254,cn,True,30,30,agent1,VLLMGptOss20B,自私型的,0.0,232,0.0,1.0,0,,"背,背,背,背,背,背,背,背,背,背,背,背,背,背,背,背,背,背,背,背,背,背,背,背,背,背,背,背,背,背","背,背,背,背,背,背,背,背,背,背,背,背,背,背,背,背,背,背,背,背,背,背,背,背,背,背,背,背,背,背",agent2,VLLMGptOss20B,合作型的,0.0,242,0.0333,0.9667,0,,"合,背,背,背,背,背,背,背,背,背,背,背,背,背,背,背,背,背,背,背,背,背,背,背,背,背,背,背,背,背","合,背,背,背,背,背,背,背,背,背,背,背,背,背,背,背,背,背,背,背,背,背,背,背,背,背,背,背,背,背",1.0,0.8571,0.0278,gpt-oss-20b,0,game_158
gpt-oss-20b__noise00__game_159,160,2026-02-12T11:36:39.780205,cn,True,30,30,agent1,VLLMGptOss20B,自私型的,0.0,240,0.0,1.0,0,,"背,背,背,背,背,背,背,背,背,背,背,背,背,背,背,背,背,背,背,背,背,背,背,背,背,背,背,背,背,背","背,背,背,背,背,背,背,背,背,背,背,背,背,背,背,背,背,背,背,背,背,背,背,背,背,背,背,背,背,背",agent2,VLLMGptOss20B,自私型的,0.0,240,0.0,1.0,0,,"背,背,背,背,背,背,背,背,背,背,背,背,背,背,背,背,背,背,背,背,背,背,背,背,背,背,背,背,背,背","背,背,背,背,背,背,背,背,背,背,背,背,背,背,背,背,背,背,背,背,背,背,背,背,背,背,背,背,背,背",1.0,0.8571,0.2778,gpt-oss-20b,0,game_159
gpt-oss-20b__noise00__game_160,161,2026-02-12T11:38:11.359050,vn,True,30,30,agent1,VLLMGptOss20B,một người hợp tác,0.0,240,0.0,1.0,0,,"P,P,P,P,P,P,P,P,P,P,P,P,P,P,P,P,P,P,P,P,P,P,P,P,P,P,P,P,P,P","P,P,P,P,P,P,P,P,P,P,P,P,P,P,P,P,P,P,P,P,P,P,P,P,P,P,P,P,P,P",agent2,VLLMGptOss20B,một người hợp tác,0.0,240,0.0,1.0,0,,"P,P,P,P,P,P,P,P,P,P,P,P,P,P,P,P,P,P,P,P,P,P,P,P,P,P,P,P,P,P","P,P,P,P,P,P,P,P,P,P,P,P,P,P,P,P,P,P,P,P,P,P,P,P,P,P,P,P,P,P",1.0,0.9048,0.2222,gpt-oss-20b,0,game_160
gpt-oss-20b__noise00__game_161,162,2026-02-12T11:38:34.407162,vn,True,30,30,agent1,VLLMGptOss20B,một người hợp tác,0.0,240,0.0,1.0,0,,"P,P,P,P,P,P,P,P,P,P,P,P,P,P,P,P,P,P,P,P,P,P,P,P,P,P,P,P,P,P","P,P,P,P,P,P,P,P,P,P,P,P,P,P,P,P,P,P,P,P,P,P,P,P,P,P,P,P,P,P",agent2,VLLMGptOss20B,một người ích kỷ,0.0,240,0.0,1.0,0,,"P,P,P,P,P,P,P,P,P,P,P,P,P,P,P,P,P,P,P,P,P,P,P,P,P,P,P,P,P,P","P,P,P,P,P,P,P,P,P,P,P,P,P,P,P,P,P,P,P,P,P,P,P,P,P,P,P,P,P,P",1.0,0.9286,0.1389,gpt-oss-20b,0,game_161
gpt-oss-20b__noise00__game_162,163,2026-02-12T11:38:55.381558,vn,True,30,30,agent1,VLLMGptOss20B,một người ích kỷ,0.0,240,0.0,1.0,0,,"P,P,P,P,P,P,P,P,P,P,P,P,P,P,P,P,P,P,P,P,P,P,P,P,P,P,P,P,P,P","P,P,P,P,P,P,P,P,P,P,P,P,P,P,P,P,P,P,P,P,P,P,P,P,P,P,P,P,P,P",agent2,VLLMGptOss20B,một người hợp tác,0.0,240,0.0,1.0,0,,"P,P,P,P,P,P,P,P,P,P,P,P,P,P,P,P,P,P,P,P,P,P,P,P,P,P,P,P,P,P","P,P,P,P,P,P,P,P,P,P,P,P,P,P,P,P,P,P,P,P,P,P,P,P,P,P,P,P,P,P",1.0,0.9524,0.3056,gpt-oss-20b,0,game_162
gpt-oss-20b__noise00__game_163,164,2026-02-12T11:40:37.222291,vn,True,30,30,agent1,VLLMGptOss20B,một người ích kỷ,0.0,240,0.0,1.0,0,,"P,P,P,P,P,P,P,P,P,P,P,P,P,P,P,P,P,P,P,P,P,P,P,P,P,P,P,P,P,P","P,P,P,P,P,P,P,P,P,P,P,P,P,P,P,P,P,P,P,P,P,P,P,P,P,P,P,P,P,P",agent2,VLLMGptOss20B,một người ích kỷ,0.0,240,0.0,1.0,0,,"P,P,P,P,P,P,P,P,P,P,P,P,P,P,P,P,P,P,P,P,P,P,P,P,P,P,P,P,P,P","P,P,P,P,P,P,P,P,P,P,P,P,P,P,P,P,P,P,P,P,P,P,P,P,P,P,P,P,P,P",1.0,0.9048,0.25,gpt-oss-20b,0,game_163
gpt-oss-20b__noise00__game_165,166,2026-02-12T11:42:22.456575,vn,True,30,30,agent1,VLLMGptOss20B,một người hợp tác,0.0,242,0.0333,0.9667,0,,"H,P,P,P,P,P,P,P,P,P,P,P,P,P,P,P,P,P,P,P,P,P,P,P,P,P,P,P,P,P","H,P,P,P,P,P,P,P,P,P,P,P,P,P,P,P,P,P,P,P,P,P,P,P,P,P,P,P,P,P",agent2,VLLMGptOss20B,một người ích kỷ,0.0,232,0.0,1.0,0,,"P,P,P,P,P,P,P,P,P,P,P,P,P,P,P,P,P,P,P,P,P,P,P,P,P,P,P,P,P,P","P,P,P,P,P,P,P,P,P,P,P,P,P,P,P,P,P,P,P,P,P,P,P,P,P,P,P,P,P,P",1.0,0.9762,0.1389,gpt-oss-20b,0,game_165
gpt-oss-20b__noise00__game_164,165,2026-02-12T11:42:29.418683,vn,True,30,30,agent1,VLLMGptOss20B,một người hợp tác,0.0,242,0.0333,0.9667,0,,"H,P,P,P,P,P,P,P,P,P,P,P,P,P,P,P,P,P,P,P,P,P,P,P,P,P,P,P,P,P","H,P,P,P,P,P,P,P,P,P,P,P,P,P,P,P,P,P,P,P,P,P,P,P,P,P,P,P,P,P",agent2,VLLMGptOss20B,một người hợp tác,0.0,232,0.0,1.0,0,,"P,P,P,P,P,P,P,P,P,P,P,P,P,P,P,P,P,P,P,P,P,P,P,P,P,P,P,P,P,P","P,P,P,P,P,P,P,P,P,P,P,P,P,P,P,P,P,P,P,P,P,P,P,P,P,P,P,P,P,P",1.0,0.9286,0.0833,gpt-oss-20b,0,game_164
gpt-oss-20b__noise00__game_166,167,2026-02-12T11:42:58.704966,vn,True,30,30,agent1,VLLMGptOss20B,một người ích kỷ,0.0,240,0.0,1.0,0,,"P,P,P,P,P,P,P,P,P,P,P,P,P,P,P,P,P,P,P,P,P,P,P,P,P,P,P,P,P,P","P,P,P,P,P,P,P,P,P,P,P,P,P,P,P,P,P,P,P,P,P,P,P,P,P,P,P,P,P,P",agent2,VLLMGptOss20B,một người hợp tác,0.0,240,0.0,1.0,0,,"P,P,P,P,P,P,P,P,P,P,P,P,P,P,P,P,P,P,P,P,P,P,P,P,P,P,P,P,P,P","P,P,P,P,P,P,P,P,P,P,P,P,P,P,P,P,P,P,P,P,P,P,P,P,P,P,P,P,P,P",1.0,0.9524,0.1667,gpt-oss-20b,0,game_166
gpt-oss-20b__noise00__game_167,168,2026-02-12T11:44:21.892409,vn,True,30,30,agent1,VLLMGptOss20B,một người ích kỷ,0.0,240,0.0,1.0,0,,"P,P,P,P,P,P,P,P,P,P,P,P,P,P,P,P,P,P,P,P,P,P,P,P,P,P,P,P,P,P","P,P,P,P,P,P,P,P,P,P,P,P,P,P,P,P,P,P,P,P,P,P,P,P,P,P,P,P,P,P",agent2,VLLMGptOss20B,một người ích kỷ,0.0,240,0.0,1.0,0,,"P,P,P,P,P,P,P,P,P,P,P,P,P,P,P,P,P,P,P,P,P,P,P,P,P,P,P,P,P,P","P,P,P,P,P,P,P,P,P,P,P,P,P,P,P,P,P,P,P,P,P,P,P,P,P,P,P,P,P,P",1.0,0.9286,0.1944,gpt-oss-20b,0,game_167
gpt-oss-20b__noise00__game_169,170,2026-02-12T11:46:23.740260,vn,True,30,30,agent1,VLLMGptOss20B,một người hợp tác,0.0,240,0.0,1.0,0,,"P,P,P,P,P,P,P,P,P,P,P,P,P,P,P,P,P,P,P,P,P,P,P,P,P,P,P,P,P,P","P,P,P,P,P,P,P,P,P,P,P,P,P,P,P,P,P,P,P,P,P,P,P,P,P,P,P,P,P,P",agent2,VLLMGptOss20B,một người ích kỷ,0.0,240,0.0,1.0,0,,"P,P,P,P,P,P,P,P,P,P,P,P,P,P,P,P,P,P,P,P,P,P,P,P,P,P,P,P,P,P","P,P,P,P,P,P,P,P,P,P,P,P,P,P,P,P,P,P,P,P,P,P,P,P,P,P,P,P,P,P",1.0,0.9762,0.3056,gpt-oss-20b,0,game_169
gpt-oss-20b__noise00__game_170,171,2026-02-12T11:46:48.045293,vn,True,30,30,agent1,VLLMGptOss20B,một người ích kỷ,0.0,240,0.0,1.0,0,,"P,P,P,P,P,P,P,P,P,P,P,P,P,P,P,P,P,P,P,P,P,P,P,P,P,P,P,P,P,P","P,P,P,P,P,P,P,P,P,P,P,P,P,P,P,P,P,P,P,P,P,P,P,P,P,P,P,P,P,P",agent2,VLLMGptOss20B,một người hợp tác,0.0,240,0.0,1.0,0,,"P,P,P,P,P,P,P,P,P,P,P,P,P,P,P,P,P,P,P,P,P,P,P,P,P,P,P,P,P,P","P,P,P,P,P,P,P,P,P,P,P,P,P,P,P,P,P,P,P,P,P,P,P,P,P,P,P,P,P,P",1.0,0.9286,0.2222,gpt-oss-20b,0,game_170
gpt-oss-20b__noise00__game_168,169,2026-02-12T11:46:57.560842,vn,True,30,30,agent1,VLLMGptOss20B,một người hợp tác,0.0,242,0.0333,0.9667,0,,"H,P,P,P,P,P,P,P,P,P,P,P,P,P,P,P,P,P,P,P,P,P,P,P,P,P,P,P,P,P","H,P,P,P,P,P,P,P,P,P,P,P,P,P,P,P,P,P,P,P,P,P,P,P,P,P,P,P,P,P",agent2,VLLMGptOss20B,một người hợp tác,0.0,232,0.0,1.0,0,,"P,P,P,P,P,P,P,P,P,P,P,P,P,P,P,P,P,P,P,P,P,P,P,P,P,P,P,P,P,P","P,P,P,P,P,P,P,P,P,P,P,P,P,P,P,P,P,P,P,P,P,P,P,P,P,P,P,P,P,P",1.0,0.9286,0.1389,gpt-oss-20b,0,game_168
gpt-oss-20b__noise00__game_171,172,2026-02-12T11:47:58.157671,vn,True,30,30,agent1,VLLMGptOss20B,một người ích kỷ,0.0,240,0.0,1.0,0,,"P,P,P,P,P,P,P,P,P,P,P,P,P,P,P,P,P,P,P,P,P,P,P,P,P,P,P,P,P,P","P,P,P,P,P,P,P,P,P,P,P,P,P,P,P,P,P,P,P,P,P,P,P,P,P,P,P,P,P,P",agent2,VLLMGptOss20B,một người ích kỷ,0.0,240,0.0,1.0,0,,"P,P,P,P,P,P,P,P,P,P,P,P,P,P,P,P,P,P,P,P,P,P,P,P,P,P,P,P,P,P","P,P,P,P,P,P,P,P,P,P,P,P,P,P,P,P,P,P,P,P,P,P,P,P,P,P,P,P,P,P",1.0,0.9286,0.2778,gpt-oss-20b,0,game_171
gpt-oss-20b__noise00__game_172,173,2026-02-12T11:50:35.872210,vn,True,30,30,agent1,VLLMGptOss20B,một người hợp tác,0.0,232,0.0,1.0,0,,"P,P,P,P,P,P,P,P,P,P,P,P,P,P,P,P,P,P,P,P,P,P,P,P,P,P,P,P,P,P","P,P,P,P,P,P,P,P,P,P,P,P,P,P,P,P,P,P,P,P,P,P,P,P,P,P,P,P,P,P",agent2,VLLMGptOss20B,một người hợp tác,0.0,242,0.0333,0.9667,0,,"H,P,P,P,P,P,P,P,P,P,P,P,P,P,P,P,P,P,P,P,P,P,P,P,P,P,P,P,P,P","H,P,P,P,P,P,P,P,P,P,P,P,P,P,P,P,P,P,P,P,P,P,P,P,P,P,P,P,P,P",1.0,0.9762,0.0833,gpt-oss-20b,0,game_172
gpt-oss-20b__noise00__game_173,174,2026-02-12T11:51:01.209779,vn,True,30,30,agent1,VLLMGptOss20B,một người hợp tác,0.0,242,0.0333,0.9667,0,,"H,P,P,P,P,P,P,P,P,P,P,P,P,P,P,P,P,P,P,P,P,P,P,P,P,P,P,P,P,P","H,P,P,P,P,P,P,P,P,P,P,P,P,P,P,P,P,P,P,P,P,P,P,P,P,P,P,P,P,P",agent2,VLLMGptOss20B,một người ích kỷ,0.0,232,0.0,1.0,0,,"P,P,P,P,P,P,P,P,P,P,P,P,P,P,P,P,P,P,P,P,P,P,P,P,P,P,P,P,P,P","P,P,P,P,P,P,P,P,P,P,P,P,P,P,P,P,P,P,P,P,P,P,P,P,P,P,P,P,P,P",1.0,0.9048,0.0833,gpt-oss-20b,0,game_173
gpt-oss-20b__noise00__game_174,175,2026-02-12T11:51:11.391219,vn,True,30,30,agent1,VLLMGptOss20B,một người ích kỷ,0.0,240,0.0,1.0,0,,"P,P,P,P,P,P,P,P,P,P,P,P,P,P,P,P,P,P,P,P,P,P,P,P,P,P,P,P,P,P","P,P,P,P,P,P,P,P,P,P,P,P,P,P,P,P,P,P,P,P,P,P,P,P,P,P,P,P,P,P",agent2,VLLMGptOss20B,một người hợp tác,0.0,240,0.0,1.0,0,,"P,P,P,P,P,P,P,P,P,P,P,P,P,P,P,P,P,P,P,P,P,P,P,P,P,P,P,P,P,P","P,P,P,P,P,P,P,P,P,P,P,P,P,P,P,P,P,P,P,P,P,P,P,P,P,P,P,P,P,P",1.0,0.9286,0.2222,gpt-oss-20b,0,game_174
gpt-oss-20b__noise00__game_175,176,2026-02-12T11:51:32.926292,vn,True,30,30,agent1,VLLMGptOss20B,một người ích kỷ,0.0,240,0.0,1.0,0,,"P,P,P,P,P,P,P,P,P,P,P,P,P,P,P,P,P,P,P,P,P,P,P,P,P,P,P,P,P,P","P,P,P,P,P,P,P,P,P,P,P,P,P,P,P,P,P,P,P,P,P,P,P,P,P,P,P,P,P,P",agent2,VLLMGptOss20B,một người ích kỷ,0.0,240,0.0,1.0,0,,"P,P,P,P,P,P,P,P,P,P,P,P,P,P,P,P,P,P,P,P,P,P,P,P,P,P,P,P,P,P","P,P,P,P,P,P,P,P,P,P,P,P,P,P,P,P,P,P,P,P,P,P,P,P,P,P,P,P,P,P",1.0,0.9048,0.3333,gpt-oss-20b,0,game_175
gpt-oss-20b__noise00__game_177,178,2026-02-12T11:54:54.245970,vn,True,30,30,agent1,VLLMGptOss20B,một người hợp tác,0.0,240,0.0,1.0,0,,"P,P,P,P,P,P,P,P,P,P,P,P,P,P,P,P,P,P,P,P,P,P,P,P,P,P,P,P,P,P","P,P,P,P,P,P,P,P,P,P,P,P,P,P,P,P,P,P,P,P,P,P,P,P,P,P,P,P,P,P",agent2,VLLMGptOss20B,một người ích kỷ,0.0,240,0.0,1.0,0,,"P,P,P,P,P,P,P,P,P,P,P,P,P,P,P,P,P,P,P,P,P,P,P,P,P,P,P,P,P,P","P,P,P,P,P,P,P,P,P,P,P,P,P,P,P,P,P,P,P,P,P,P,P,P,P,P,P,P,P,P",1.0,0.9048,0.25,gpt-oss-20b,0,game_177
gpt-oss-20b__noise00__game_176,177,2026-02-12T11:55:15.028369,vn,True,30,30,agent1,VLLMGptOss20B,một người hợp tác,0.0,232,0.0,1.0,0,,"P,P,P,P,P,P,P,P,P,P,P,P,P,P,P,P,P,P,P,P,P,P,P,P,P,P,P,P,P,P","P,P,P,P,P,P,P,P,P,P,P,P,P,P,P,P,P,P,P,P,P,P,P,P,P,P,P,P,P,P",agent2,VLLMGptOss20B,một người hợp tác,0.0,242,0.0333,0.9667,0,,"H,P,P,P,P,P,P,P,P,P,P,P,P,P,P,P,P,P,P,P,P,P,P,P,P,P,P,P,P,P","H,P,P,P,P,P,P,P,P,P,P,P,P,P,P,P,P,P,P,P,P,P,P,P,P,P,P,P,P,P",1.0,0.9048,0.0556,gpt-oss-20b,0,game_176
gpt-oss-20b__noise00__game_178,179,2026-02-12T11:55:22.139433,vn,True,30,30,agent1,VLLMGptOss20B,một người ích kỷ,0.0,232,0.0,1.0,0,,"P,P,P,P,P,P,P,P,P,P,P,P,P,P,P,P,P,P,P,P,P,P,P,P,P,P,P,P,P,P","P,P,P,P,P,P,P,P,P,P,P,P,P,P,P,P,P,P,P,P,P,P,P,P,P,P,P,P,P,P",agent2,VLLMGptOss20B,một người hợp tác,0.0,242,0.0333,0.9667,0,,"H,P,P,P,P,P,P,P,P,P,P,P,P,P,P,P,P,P,P,P,P,P,P,P,P,P,P,P,P,P","H,P,P,P,P,P,P,P,P,P,P,P,P,P,P,P,P,P,P,P,P,P,P,P,P,P,P,P,P,P",1.0,0.9762,0.0556,gpt-oss-20b,0,game_178
gpt-oss-20b__noise00__game_179,180,2026-02-12T11:55:22.461468,vn,True,30,30,agent1,VLLMGptOss20B,một người ích kỷ,0.0,240,0.0,1.0,0,,"P,P,P,P,P,P,P,P,P,P,P,P,P,P,P,P,P,P,P,P,P,P,P,P,P,P,P,P,P,P","P,P,P,P,P,P,P,P,P,P,P,P,P,P,P,P,P,P,P,P,P,P,P,P,P,P,P,P,P,P",agent2,VLLMGptOss20B,một người ích kỷ,0.0,240,0.0,1.0,0,,"P,P,P,P,P,P,P,P,P,P,P,P,P,P,P,P,P,P,P,P,P,P,P,P,P,P,P,P,P,P","P,P,P,P,P,P,P,P,P,P,P,P,P,P,P,P,P,P,P,P,P,P,P,P,P,P,P,P,P,P",1.0,0.9762,0.25,gpt-oss-20b,0,game_179
gpt-oss-20b__noise00__game_180,181,2026-02-12T11:59:01.673778,vn,True,30,30,agent1,VLLMGptOss20B,một người hợp tác,0.0,240,0.0,1.0,0,,"P,P,P,P,P,P,P,P,P,P,P,P,P,P,P,P,P,P,P,P,P,P,P,P,P,P,P,P,P,P","P,P,P,P,P,P,P,P,P,P,P,P,P,P,P,P,P,P,P,P,P,P,P,P,P,P,P,P,P,P",agent2,VLLMGptOss20B,một người hợp tác,0.0,240,0.0,1.0,0,,"P,P,P,P,P,P,P,P,P,P,P,P,P,P,P,P,P,P,P,P,P,P,P,P,P,P,P,P,P,P","P,P,P,P,P,P,P,P,P,P,P,P,P,P,P,P,P,P,P,P,P,P,P,P,P,P,P,P,P,P",1.0,0.9286,0.3333,gpt-oss-20b,0,game_180
gpt-oss-20b__noise00__game_183,184,2026-02-12T11:59:04.083548,vn,True,30,30,agent1,VLLMGptOss20B,một người ích kỷ,0.0,240,0.0,1.0,0,,"P,P,P,P,P,P,P,P,P,P,P,P,P,P,P,P,P,P,P,P,P,P,P,P,P,P,P,P,P,P","P,P,P,P,P,P,P,P,P,P,P,P,P,P,P,P,P,P,P,P,P,P,P,P,P,P,P,P,P,P",agent2,VLLMGptOss20B,một người ích kỷ,0.0,240,0.0,1.0,0,,"P,P,P,P,P,P,P,P,P,P,P,P,P,P,P,P,P,P,P,P,P,P,P,P,P,P,P,P,P,P","P,P,P,P,P,P,P,P,P,P,P,P,P,P,P,P,P,P,P,P,P,P,P,P,P,P,P,P,P,P",1.0,0.9286,0.2778,gpt-oss-20b,0,game_183
gpt-oss-20b__noise00__game_182,183,2026-02-12T11:59:11.845390,vn,True,30,30,agent1,VLLMGptOss20B,một người ích kỷ,0.0,240,0.0,1.0,0,,"P,P,P,P,P,P,P,P,P,P,P,P,P,P,P,P,P,P,P,P,P,P,P,P,P,P,P,P,P,P","P,P,P,P,P,P,P,P,P,P,P,P,P,P,P,P,P,P,P,P,P,P,P,P,P,P,P,P,P,P",agent2,VLLMGptOss20B,một người hợp tác,0.0,240,0.0,1.0,0,,"P,P,P,P,P,P,P,P,P,P,P,P,P,P,P,P,P,P,P,P,P,P,P,P,P,P,P,P,P,P","P,P,P,P,P,P,P,P,P,P,P,P,P,P,P,P,P,P,P,P,P,P,P,P,P,P,P,P,P,P",1.0,1.0,0.2222,gpt-oss-20b,0,game_182
gpt-oss-20b__noise00__game_181,182,2026-02-12T11:59:16.350832,vn,True,30,30,agent1,VLLMGptOss20B,một người hợp tác,0.0,240,0.0,1.0,0,,"P,P,P,P,P,P,P,P,P,P,P,P,P,P,P,P,P,P,P,P,P,P,P,P,P,P,P,P,P,P","P,P,P,P,P,P,P,P,P,P,P,P,P,P,P,P,P,P,P,P,P,P,P,P,P,P,P,P,P,P",agent2,VLLMGptOss20B,một người ích kỷ,0.0,240,0.0,1.0,0,,"P,P,P,P,P,P,P,P,P,P,P,P,P,P,P,P,P,P,P,P,P,P,P,P,P,P,P,P,P,P","P,P,P,P,P,P,P,P,P,P,P,P,P,P,P,P,P,P,P,P,P,P,P,P,P,P,P,P,P,P",1.0,0.9524,0.1944,gpt-oss-20b,0,game_181
gpt-oss-20b__noise00__game_187,188,2026-02-12T12:02:55.892625,vn,True,30,30,agent1,VLLMGptOss20B,một người ích kỷ,0.0,240,0.0,1.0,0,,"P,P,P,P,P,P,P,P,P,P,P,P,P,P,P,P,P,P,P,P,P,P,P,P,P,P,P,P,P,P","P,P,P,P,P,P,P,P,P,P,P,P,P,P,P,P,P,P,P,P,P,P,P,P,P,P,P,P,P,P",agent2,VLLMGptOss20B,một người ích kỷ,0.0,240,0.0,1.0,0,,"P,P,P,P,P,P,P,P,P,P,P,P,P,P,P,P,P,P,P,P,P,P,P,P,P,P,P,P,P,P","P,P,P,P,P,P,P,P,P,P,P,P,P,P,P,P,P,P,P,P,P,P,P,P,P,P,P,P,P,P",1.0,0.9524,0.1944,gpt-oss-20b,0,game_187
gpt-oss-20b__noise00__game_185,186,2026-02-12T12:02:59.200019,vn,True,30,30,agent1,VLLMGptOss20B,một người hợp tác,0.0,242,0.0333,0.9667,0,,"H,P,P,P,P,P,P,P,P,P,P,P,P,P,P,P,P,P,P,P,P,P,P,P,P,P,P,P,P,P","H,P,P,P,P,P,P,P,P,P,P,P,P,P,P,P,P,P,P,P,P,P,P,P,P,P,P,P,P,P",agent2,VLLMGptOss20B,một người ích kỷ,0.0,232,0.0,1.0,0,,"P,P,P,P,P,P,P,P,P,P,P,P,P,P,P,P,P,P,P,P,P,P,P,P,P,P,P,P,P,P","P,P,P,P,P,P,P,P,P,P,P,P,P,P,P,P,P,P,P,P,P,P,P,P,P,P,P,P,P,P",1.0,0.9762,0.1389,gpt-oss-20b,0,game_185
gpt-oss-20b__noise00__game_186,187,2026-02-12T12:03:25.700276,vn,True,30,30,agent1,VLLMGptOss20B,một người ích kỷ,0.0,240,0.0,1.0,0,,"P,P,P,P,P,P,P,P,P,P,P,P,P,P,P,P,P,P,P,P,P,P,P,P,P,P,P,P,P,P","P,P,P,P,P,P,P,P,P,P,P,P,P,P,P,P,P,P,P,P,P,P,P,P,P,P,P,P,P,P",agent2,VLLMGptOss20B,một người hợp tác,0.0,240,0.0,1.0,0,,"P,P,P,P,P,P,P,P,P,P,P,P,P,P,P,P,P,P,P,P,P,P,P,P,P,P,P,P,P,P","P,P,P,P,P,P,P,P,P,P,P,P,P,P,P,P,P,P,P,P,P,P,P,P,P,P,P,P,P,P",1.0,0.9286,0.1667,gpt-oss-20b,0,game_186
gpt-oss-20b__noise00__game_184,185,2026-02-12T12:03:44.449104,vn,True,30,30,agent1,VLLMGptOss20B,một người hợp tác,0.0,234,0.0333,0.9667,0,,"H,P,P,P,P,P,P,P,P,P,P,P,P,P,P,P,P,P,P,P,P,P,P,P,P,P,P,P,P,P","H,P,P,P,P,P,P,P,P,P,P,P,P,P,P,P,P,P,P,P,P,P,P,P,P,P,P,P,P,P",agent2,VLLMGptOss20B,một người hợp tác,0.0,234,0.0333,0.9667,0,,"P,P,P,H,P,P,P,P,P,P,P,P,P,P,P,P,P,P,P,P,P,P,P,P,P,P,P,P,P,P","P,P,P,H,P,P,P,P,P,P,P,P,P,P,P,P,P,P,P,P,P,P,P,P,P,P,P,P,P,P",1.0,0.9524,0.0,gpt-oss-20b,0,game_184
gpt-oss-20b__noise00__game_189,190,2026-02-12T12:07:02.064471,vn,True,30,30,agent1,VLLMGptOss20B,một người hợp tác,0.0,242,0.0333,0.9667,0,,"H,P,P,P,P,P,P,P,P,P,P,P,P,P,P,P,P,P,P,P,P,P,P,P,P,P,P,P,P,P","H,P,P,P,P,P,P,P,P,P,P,P,P,P,P,P,P,P,P,P,P,P,P,P,P,P,P,P,P,P",agent2,VLLMGptOss20B,một người ích kỷ,0.0,232,0.0,1.0,0,,"P,P,P,P,P,P,P,P,P,P,P,P,P,P,P,P,P,P,P,P,P,P,P,P,P,P,P,P,P,P","P,P,P,P,P,P,P,P,P,P,P,P,P,P,P,P,P,P,P,P,P,P,P,P,P,P,P,P,P,P",1.0,0.9048,0.1389,gpt-oss-20b,0,game_189
gpt-oss-20b__noise00__game_191,192,2026-02-12T12:07:30.486976,vn,True,30,30,agent1,VLLMGptOss20B,một người ích kỷ,0.0,240,0.0,1.0,0,,"P,P,P,P,P,P,P,P,P,P,P,P,P,P,P,P,P,P,P,P,P,P,P,P,P,P,P,P,P,P","P,P,P,P,P,P,P,P,P,P,P,P,P,P,P,P,P,P,P,P,P,P,P,P,P,P,P,P,P,P",agent2,VLLMGptOss20B,một người ích kỷ,0.0,240,0.0,1.0,0,,"P,P,P,P,P,P,P,P,P,P,P,P,P,P,P,P,P,P,P,P,P,P,P,P,P,P,P,P,P,P","P,P,P,P,P,P,P,P,P,P,P,P,P,P,P,P,P,P,P,P,P,P,P,P,P,P,P,P,P,P",1.0,0.9286,0.2222,gpt-oss-20b,0,game_191
gpt-oss-20b__noise00__game_190,191,2026-02-12T12:07:37.237842,vn,True,30,30,agent1,VLLMGptOss20B,một người ích kỷ,0.0,232,0.0,1.0,0,,"P,P,P,P,P,P,P,P,P,P,P,P,P,P,P,P,P,P,P,P,P,P,P,P,P,P,P,P,P,P","P,P,P,P,P,P,P,P,P,P,P,P,P,P,P,P,P,P,P,P,P,P,P,P,P,P,P,P,P,P",agent2,VLLMGptOss20B,một người hợp tác,0.0,242,0.0333,0.9667,0,,"H,P,P,P,P,P,P,P,P,P,P,P,P,P,P,P,P,P,P,P,P,P,P,P,P,P,P,P,P,P","H,P,P,P,P,P,P,P,P,P,P,P,P,P,P,P,P,P,P,P,P,P,P,P,P,P,P,P,P,P",1.0,0.9524,0.0556,gpt-oss-20b,0,game_190
gpt-oss-20b__noise00__game_188,189,2026-02-12T12:11:01.429125,vn,True,30,30,agent1,VLLMGptOss20B,một người hợp tác,0.0,218,0.1667,0.8333,0,,"H,H,P,H,H,P,P,P,P,P,H,P,P,P,P,P,P,P,P,P,P,P,P,P,P,P,P,P,P,P","H,H,P,H,H,P,P,P,P,P,H,P,P,P,P,P,P,P,P,P,P,P,P,P,P,P,P,P,P,P",agent2,VLLMGptOss20B,một người hợp tác,0.0,208,0.1333,0.8667,0,,"H,H,H,P,P,P,P,P,P,P,P,H,P,P,P,P,P,P,P,P,P,P,P,P,P,P,P,P,P,P","H,H,H,P,P,P,P,P,P,P,P,H,P,P,P,P,P,P,P,P,P,P,P,P,P,P,P,P,P,P",1.0,0.881,0.0,gpt-oss-20b,0,game_188
gpt-oss-20b__noise00__game_193,194,2026-02-12T12:11:25.870125,vn,True,30,30,agent1,VLLMGptOss20B,một người hợp tác,0.0,240,0.0,1.0,0,,"P,P,P,P,P,P,P,P,P,P,P,P,P,P,P,P,P,P,P,P,P,P,P,P,P,P,P,P,P,P","P,P,P,P,P,P,P,P,P,P,P,P,P,P,P,P,P,P,P,P,P,P,P,P,P,P,P,P,P,P",agent2,VLLMGptOss20B,một người ích kỷ,0.0,240,0.0,1.0,0,,"P,P,P,P,P,P,P,P,P,P,P,P,P,P,P,P,P,P,P,P,P,P,P,P,P,P,P,P,P,P","P,P,P,P,P,P,P,P,P,P,P,P,P,P,P,P,P,P,P,P,P,P,P,P,P,P,P,P,P,P",1.0,0.9048,0.25,gpt-oss-20b,0,game_193
gpt-oss-20b__noise00__game_194,195,2026-02-12T12:11:45.102749,vn,True,30,30,agent1,VLLMGptOss20B,một người ích kỷ,0.0,240,0.0,1.0,0,,"P,P,P,P,P,P,P,P,P,P,P,P,P,P,P,P,P,P,P,P,P,P,P,P,P,P,P,P,P,P","P,P,P,P,P,P,P,P,P,P,P,P,P,P,P,P,P,P,P,P,P,P,P,P,P,P,P,P,P,P",agent2,VLLMGptOss20B,một người hợp tác,0.0,240,0.0,1.0,0,,"P,P,P,P,P,P,P,P,P,P,P,P,P,P,P,P,P,P,P,P,P,P,P,P,P,P,P,P,P,P","P,P,P,P,P,P,P,P,P,P,P,P,P,P,P,P,P,P,P,P,P,P,P,P,P,P,P,P,P,P",1.0,0.9762,0.2222,gpt-oss-20b,0,game_194
gpt-oss-20b__noise00__game_192,193,2026-02-12T12:12:14.424547,vn,True,30,30,agent1,VLLMGptOss20B,một người hợp tác,0.0,220,0.0667,0.9333,0,,"H,H,P,P,P,P,P,P,P,P,P,P,P,P,P,P,P,P,P,P,P,P,P,P,P,P,P,P,P,P","H,H,P,P,P,P,P,P,P,P,P,P,P,P,P,P,P,P,P,P,P,P,P,P,P,P,P,P,P,P",agent2,VLLMGptOss20B,một người hợp tác,0.0,230,0.1,0.9,0,,"H,P,H,P,H,P,P,P,P,P,P,P,P,P,P,P,P,P,P,P,P,P,P,P,P,P,P,P,P,P","H,P,H,P,H,P,P,P,P,P,P,P,P,P,P,P,P,P,P,P,P,P,P,P,P,P,P,P,P,P",1.0,0.9524,0.0,gpt-oss-20b,0,game_192
gpt-oss-20b__noise00__game_195,196,2026-02-12T12:14:41.730863,vn,True,30,30,agent1,VLLMGptOss20B,một người ích kỷ,0.0,240,0.0,1.0,0,,"P,P,P,P,P,P,P,P,P,P,P,P,P,P,P,P,P,P,P,P,P,P,P,P,P,P,P,P,P,P","P,P,P,P,P,P,P,P,P,P,P,P,P,P,P,P,P,P,P,P,P,P,P,P,P,P,P,P,P,P",agent2,VLLMGptOss20B,một người ích kỷ,0.0,240,0.0,1.0,0,,"P,P,P,P,P,P,P,P,P,P,P,P,P,P,P,P,P,P,P,P,P,P,P,P,P,P,P,P,P,P","P,P,P,P,P,P,P,P,P,P,P,P,P,P,P,P,P,P,P,P,P,P,P,P,P,P,P,P,P,P",1.0,0.9524,0.2222,gpt-oss-20b,0,game_195
gpt-oss-20b__noise00__game_196,197,2026-02-12T12:15:28.365387,vn,True,30,30,agent1,VLLMGptOss20B,một người hợp tác,0.0,232,0.0,1.0,0,,"P,P,P,P,P,P,P,P,P,P,P,P,P,P,P,P,P,P,P,P,P,P,P,P,P,P,P,P,P,P","P,P,P,P,P,P,P,P,P,P,P,P,P,P,P,P,P,P,P,P,P,P,P,P,P,P,P,P,P,P",agent2,VLLMGptOss20B,một người hợp tác,0.0,242,0.0333,0.9667,0,,"H,P,P,P,P,P,P,P,P,P,P,P,P,P,P,P,P,P,P,P,P,P,P,P,P,P,P,P,P,P","H,P,P,P,P,P,P,P,P,P,P,P,P,P,P,P,P,P,P,P,P,P,P,P,P,P,P,P,P,P",1.0,0.9286,0.1389,gpt-oss-20b,0,game_196
gpt-oss-20b__noise00__game_197,198,2026-02-12T12:15:42.248990,vn,True,30,30,agent1,VLLMGptOss20B,một người hợp tác,0.0,240,0.0,1.0,0,,"P,P,P,P,P,P,P,P,P,P,P,P,P,P,P,P,P,P,P,P,P,P,P,P,P,P,P,P,P,P","P,P,P,P,P,P,P,P,P,P,P,P,P,P,P,P,P,P,P,P,P,P,P,P,P,P,P,P,P,P",agent2,VLLMGptOss20B,một người ích kỷ,0.0,240,0.0,1.0,0,,"P,P,P,P,P,P,P,P,P,P,P,P,P,P,P,P,P,P,P,P,P,P,P,P,P,P,P,P,P,P","P,P,P,P,P,P,P,P,P,P,P,P,P,P,P,P,P,P,P,P,P,P,P,P,P,P,P,P,P,P",1.0,0.9048,0.1944,gpt-oss-20b,0,game_197
gpt-oss-20b__noise00__game_198,199,2026-02-12T12:16:19.040449,vn,True,30,30,agent1,VLLMGptOss20B,một người ích kỷ,0.0,232,0.0,1.0,0,,"P,P,P,P,P,P,P,P,P,P,P,P,P,P,P,P,P,P,P,P,P,P,P,P,P,P,P,P,P,P","P,P,P,P,P,P,P,P,P,P,P,P,P,P,P,P,P,P,P,P,P,P,P,P,P,P,P,P,P,P",agent2,VLLMGptOss20B,một người hợp tác,0.0,242,0.0333,0.9667,0,,"H,P,P,P,P,P,P,P,P,P,P,P,P,P,P,P,P,P,P,P,P,P,P,P,P,P,P,P,P,P","H,P,P,P,P,P,P,P,P,P,P,P,P,P,P,P,P,P,P,P,P,P,P,P,P,P,P,P,P,P",1.0,0.9286,0.1111,gpt-oss-20b,0,game_198
gpt-oss-20b__noise00__game_199,200,2026-02-12T12:18:10.952159,vn,True,30,30,agent1,VLLMGptOss20B,một người ích kỷ,0.0,240,0.0,1.0,0,,"P,P,P,P,P,P,P,P,P,P,P,P,P,P,P,P,P,P,P,P,P,P,P,P,P,P,P,P,P,P","P,P,P,P,P,P,P,P,P,P,P,P,P,P,P,P,P,P,P,P,P,P,P,P,P,P,P,P,P,P",agent2,VLLMGptOss20B,một người ích kỷ,0.0,240,0.0,1.0,0,,"P,P,P,P,P,P,P,P,P,P,P,P,P,P,P,P,P,P,P,P,P,P,P,P,P,P,P,P,P,P","P,P,P,P,P,P,P,P,P,P,P,P,P,P,P,P,P,P,P,P,P,P,P,P,P,P,P,P,P,P",1.0,0.9762,0.2778,gpt-oss-20b,0,game_199
gpt-oss-20b__noise00__game_202,203,2026-02-12T12:20:31.079977,it,True,30,30,agent1,VLLMGptOss20B,egoista,0.0,232,0.0,1.0,0,,"T,T,T,T,T,T,T,T,T,T,T,T,T,T,T,T,T,T,T,T,T,T,T,T,T,T,T,T,T,T","T,T,T,T,T,T,T,T,T,T,T,T,T,T,T,T,T,T,T,T,T,T,T,T,T,T,T,T,T,T",agent2,VLLMGptOss20B,cooperativo,0.0,242,0.0333,0.9667,0,,"C,T,T,T,T,T,T,T,T,T,T,T,T,T,T,T,T,T,T,T,T,T,T,T,T,T,T,T,T,T","C,T,T,T,T,T,T,T,T,T,T,T,T,T,T,T,T,T,T,T,T,T,T,T,T,T,T,T,T,T",1.0,1.0,0.1389,gpt-oss-20b,0,game_202
gpt-oss-20b__noise00__game_201,202,2026-02-12T12:21:24.734609,it,True,30,30,agent1,VLLMGptOss20B,cooperativo,0.0,262,0.3667,0.6333,0,,"C,T,T,T,T,T,T,T,T,T,C,T,C,T,C,T,T,C,C,C,C,T,C,T,T,T,T,C,C,T","C,T,T,T,T,T,T,T,T,T,C,T,C,T,C,T,T,C,C,C,C,T,C,T,T,T,T,C,C,T",agent2,VLLMGptOss20B,egoista,0.0,152,0.0,1.0,0,,"T,T,T,T,T,T,T,T,T,T,T,T,T,T,T,T,T,T,T,T,T,T,T,T,T,T,T,T,T,T","T,T,T,T,T,T,T,T,T,T,T,T,T,T,T,T,T,T,T,T,T,T,T,T,T,T,T,T,T,T",1.0,0.9286,0.1111,gpt-oss-20b,0,game_201
gpt-oss-20b__noise00__game_203,204,2026-02-12T12:21:50.869112,it,True,30,30,agent1,VLLMGptOss20B,egoista,0.0,240,0.0,1.0,0,,"T,T,T,T,T,T,T,T,T,T,T,T,T,T,T,T,T,T,T,T,T,T,T,T,T,T,T,T,T,T","T,T,T,T,T,T,T,T,T,T,T,T,T,T,T,T,T,T,T,T,T,T,T,T,T,T,T,T,T,T",agent2,VLLMGptOss20B,egoista,0.0,240,0.0,1.0,0,,"T,T,T,T,T,T,T,T,T,T,T,T,T,T,T,T,T,T,T,T,T,T,T,T,T,T,T,T,T,T","T,T,T,T,T,T,T,T,T,T,T,T,T,T,T,T,T,T,T,T,T,T,T,T,T,T,T,T,T,T",1.0,0.9524,0.4444,gpt-oss-20b,0,game_203
gpt-oss-20b__noise00__game_205,206,2026-02-12T12:25:26.632603,it,True,30,30,agent1,VLLMGptOss20B,cooperativo,0.0,242,0.0333,0.9667,0,,"C,T,T,T,T,T,T,T,T,T,T,T,T,T,T,T,T,T,T,T,T,T,T,T,T,T,T,T,T,T","C,T,T,T,T,T,T,T,T,T,T,T,T,T,T,T,T,T,T,T,T,T,T,T,T,T,T,T,T,T",agent2,VLLMGptOss20B,egoista,0.0,232,0.0,1.0,0,,"T,T,T,T,T,T,T,T,T,T,T,T,T,T,T,T,T,T,T,T,T,T,T,T,T,T,T,T,T,T","T,T,T,T,T,T,T,T,T,T,T,T,T,T,T,T,T,T,T,T,T,T,T,T,T,T,T,T,T,T",1.0,0.9762,0.1667,gpt-oss-20b,0,game_205
gpt-oss-20b__noise00__game_200,201,2026-02-12T12:25:27.122795,it,True,30,30,agent1,VLLMGptOss20B,cooperativo,0.0,204,0.3333,0.6667,0,,"T,C,C,C,C,T,C,T,T,T,C,T,T,T,C,C,T,T,T,T,C,C,T,T,T,T,T,T,T,T","T,C,C,C,C,T,C,T,T,T,C,T,T,T,C,C,T,T,T,T,C,C,T,T,T,T,T,T,T,T",agent2,VLLMGptOss20B,cooperativo,0.0,174,0.2333,0.7667,0,,"C,T,C,T,T,C,C,C,C,T,T,C,T,T,T,T,T,T,T,T,T,T,T,T,T,T,T,T,T,T","C,T,C,T,T,C,C,C,C,T,T,C,T,T,T,T,T,T,T,T,T,T,T,T,T,T,T,T,T,T",1.0,0.9762,0.0,gpt-oss-20b,0,game_200
gpt-oss-20b__noise00__game_206,207,2026-02-12T12:26:14.508622,it,True,30,30,agent1,VLLMGptOss20B,egoista,0.0,232,0.0,1.0,0,,"T,T,T,T,T,T,T,T,T,T,T,T,T,T,T,T,T,T,T,T,T,T,T,T,T,T,T,T,T,T","T,T,T,T,T,T,T,T,T,T,T,T,T,T,T,T,T,T,T,T,T,T,T,T,T,T,T,T,T,T",agent2,VLLMGptOss20B,cooperativo,0.0,242,0.0333,0.9667,0,,"C,T,T,T,T,T,T,T,T,T,T,T,T,T,T,T,T,T,T,T,T,T,T,T,T,T,T,T,T,T","C,T,T,T,T,T,T,T,T,T,T,T,T,T,T,T,T,T,T,T,T,T,T,T,T,T,T,T,T,T",1.0,0.9524,0.0833,gpt-oss-20b,0,game_206
gpt-oss-20b__noise00__game_204,205,2026-02-12T12:28:46.263515,it,True,30,30,agent1,VLLMGptOss20B,cooperativo,0.0,148,0.6,0.4,0,,"C,C,C,C,C,C,C,C,C,C,T,C,T,C,T,T,C,C,T,C,T,T,T,T,C,T,T,C,C,T","C,C,C,C,C,C,C,C,C,C,T,C,T,C,T,T,C,C,T,C,T,T,T,T,C,T,T,C,C,T",agent2,VLLMGptOss20B,cooperativo,0.0,128,0.5333,0.4667,0,,"C,C,C,C,C,C,C,C,C,C,C,T,T,T,T,C,C,T,C,T,T,T,T,T,T,T,T,T,C,C","C,C,C,C,C,C,C,C,C,C,C,T,T,T,T,C,C,T,C,T,T,T,T,T,T,T,T,T,C,C",1.0,0.9762,0.1667,gpt-oss-20b,0,game_204
gpt-oss-20b__noise00__game_207,208,2026-02-12T12:28:58.877239,it,True,30,30,agent1,VLLMGptOss20B,egoista,0.0,240,0.0,1.0,0,,"T,T,T,T,T,T,T,T,T,T,T,T,T,T,T,T,T,T,T,T,T,T,T,T,T,T,T,T,T,T","T,T,T,T,T,T,T,T,T,T,T,T,T,T,T,T,T,T,T,T,T,T,T,T,T,T,T,T,T,T",agent2,VLLMGptOss20B,egoista,0.0,240,0.0,1.0,0,,"T,T,T,T,T,T,T,T,T,T,T,T,T,T,T,T,T,T,T,T,T,T,T,T,T,T,T,T,T,T","T,T,T,T,T,T,T,T,T,T,T,T,T,T,T,T,T,T,T,T,T,T,T,T,T,T,T,T,T,T",1.0,1.0,0.5556,gpt-oss-20b,0,game_207
gpt-oss-20b__noise00__game_208,209,2026-02-12T12:29:32.198492,it,True,30,30,agent1,VLLMGptOss20B,cooperativo,0.0,58,0.9667,0.0333,0,,"C,C,C,C,C,C,C,C,C,C,C,C,C,C,C,C,C,C,C,C,C,C,C,C,C,C,C,C,C,T","C,C,C,C,C,C,C,C,C,C,C,C,C,C,C,C,C,C,C,C,C,C,C,C,C,C,C,C,C,T",agent2,VLLMGptOss20B,cooperativo,0.0,68,1.0,0.0,0,,"C,C,C,C,C,C,C,C,C,C,C,C,C,C,C,C,C,C,C,C,C,C,C,C,C,C,C,C,C,C","C,C,C,C,C,C,C,C,C,C,C,C,C,C,C,C,C,C,C,C,C,C,C,C,C,C,C,C,C,C",1.0,0.8571,0.3333,gpt-oss-20b,0,game_208
gpt-oss-20b__noise00__game_209,210,2026-02-12T12:31:49.118415,it,True,30,30,agent1,VLLMGptOss20B,cooperativo,0.0,252,0.2,0.8,0,,"C,T,T,T,T,T,T,C,T,T,T,T,T,C,T,T,T,T,C,C,T,T,T,T,T,T,T,T,T,C","C,T,T,T,T,T,T,C,T,T,T,T,T,C,T,T,T,T,C,C,T,T,T,T,T,T,T,T,T,C",agent2,VLLMGptOss20B,egoista,0.0,192,0.0,1.0,0,,"T,T,T,T,T,T,T,T,T,T,T,T,T,T,T,T,T,T,T,T,T,T,T,T,T,T,T,T,T,T","T,T,T,T,T,T,T,T,T,T,T,T,T,T,T,T,T,T,T,T,T,T,T,T,T,T,T,T,T,T",1.0,0.9762,0.1111,gpt-oss-20b,0,game_209
gpt-oss-20b__noise00__game_211,212,2026-02-12T12:32:57.531318,it,True,30,30,agent1,VLLMGptOss20B,egoista,0.0,240,0.0,1.0,0,,"T,T,T,T,T,T,T,T,T,T,T,T,T,T,T,T,T,T,T,T,T,T,T,T,T,T,T,T,T,T","T,T,T,T,T,T,T,T,T,T,T,T,T,T,T,T,T,T,T,T,T,T,T,T,T,T,T,T,T,T",agent2,VLLMGptOss20B,egoista,0.0,240,0.0,1.0,0,,"T,T,T,T,T,T,T,T,T,T,T,T,T,T,T,T,T,T,T,T,T,T,T,T,T,T,T,T,T,T","T,T,T,T,T,T,T,T,T,T,T,T,T,T,T,T,T,T,T,T,T,T,T,T,T,T,T,T,T,T",1.0,0.9762,0.3056,gpt-oss-20b,0,game_211
gpt-oss-20b__noise00__game_210,211,2026-02-12T12:33:01.886841,it,True,30,30,agent1,VLLMGptOss20B,egoista,0.0,224,0.0,1.0,0,,"T,T,T,T,T,T,T,T,T,T,T,T,T,T,T,T,T,T,T,T,T,T,T,T,T,T,T,T,T,T","T,T,T,T,T,T,T,T,T,T,T,T,T,T,T,T,T,T,T,T,T,T,T,T,T,T,T,T,T,T",agent2,VLLMGptOss20B,cooperativo,0.0,244,0.0667,0.9333,0,,"C,T,T,T,T,T,T,T,T,T,T,T,T,T,T,T,T,T,T,T,T,T,T,T,T,T,C,T,T,T","C,T,T,T,T,T,T,T,T,T,T,T,T,T,T,T,T,T,T,T,T,T,T,T,T,T,C,T,T,T",1.0,0.9762,0.1389,gpt-oss-20b,0,game_210
gpt-oss-20b__noise00__game_213,214,2026-02-12T12:36:20.921977,it,True,30,30,agent1,VLLMGptOss20B,cooperativo,0.0,244,0.0667,0.9333,0,,"C,T,T,T,T,C,T,T,T,T,T,T,T,T,T,T,T,T,T,T,T,T,T,T,T,T,T,T,T,T","C,T,T,T,T,C,T,T,T,T,T,T,T,T,T,T,T,T,T,T,T,T,T,T,T,T,T,T,T,T",agent2,VLLMGptOss20B,egoista,0.0,224,0.0,1.0,0,,"T,T,T,T,T,T,T,T,T,T,T,T,T,T,T,T,T,T,T,T,T,T,T,T,T,T,T,T,T,T","T,T,T,T,T,T,T,T,T,T,T,T,T,T,T,T,T,T,T,T,T,T,T,T,T,T,T,T,T,T",1.0,0.9286,0.1667,gpt-oss-20b,0,game_213
gpt-oss-20b__noise00__game_215,216,2026-02-12T12:36:27.773341,it,True,30,30,agent1,VLLMGptOss20B,egoista,0.0,240,0.0,1.0,0,,"T,T,T,T,T,T,T,T,T,T,T,T,T,T,T,T,T,T,T,T,T,T,T,T,T,T,T,T,T,T","T,T,T,T,T,T,T,T,T,T,T,T,T,T,T,T,T,T,T,T,T,T,T,T,T,T,T,T,T,T",agent2,VLLMGptOss20B,egoista,0.0,240,0.0,1.0,0,,"T,T,T,T,T,T,T,T,T,T,T,T,T,T,T,T,T,T,T,T,T,T,T,T,T,T,T,T,T,T","T,T,T,T,T,T,T,T,T,T,T,T,T,T,T,T,T,T,T,T,T,T,T,T,T,T,T,T,T,T",1.0,0.9762,0.3333,gpt-oss-20b,0,game_215
gpt-oss-20b__noise00__game_214,215,2026-02-12T12:37:07.933427,it,True,30,30,agent1,VLLMGptOss20B,egoista,0.0,232,0.0,1.0,0,,"T,T,T,T,T,T,T,T,T,T,T,T,T,T,T,T,T,T,T,T,T,T,T,T,T,T,T,T,T,T","T,T,T,T,T,T,T,T,T,T,T,T,T,T,T,T,T,T,T,T,T,T,T,T,T,T,T,T,T,T",agent2,VLLMGptOss20B,cooperativo,0.0,242,0.0333,0.9667,0,,"C,T,T,T,T,T,T,T,T,T,T,T,T,T,T,T,T,T,T,T,T,T,T,T,T,T,T,T,T,T","C,T,T,T,T,T,T,T,T,T,T,T,T,T,T,T,T,T,T,T,T,T,T,T,T,T,T,T,T,T",1.0,0.9524,0.1389,gpt-oss-20b,0,game_214
gpt-oss-20b__noise00__game_212,213,2026-02-12T12:38:25.132889,it,True,30,30,agent1,VLLMGptOss20B,cooperativo,0.0,218,0.1667,0.8333,0,,"C,T,T,T,T,T,T,T,T,C,T,C,T,T,C,C,T,T,T,T,T,T,T,T,T,T,T,T,T,T","C,T,T,T,T,T,T,T,T,C,T,C,T,T,C,C,T,T,T,T,T,T,T,T,T,T,T,T,T,T",agent2,VLLMGptOss20B,cooperativo,0.0,208,0.1333,0.8667,0,,"T,T,T,T,T,T,T,T,T,T,C,T,C,C,T,T,C,T,T,T,T,T,T,T,T,T,T,T,T,T","T,T,T,T,T,T,T,T,T,T,C,T,C,C,T,T,C,T,T,T,T,T,T,T,T,T,T,T,T,T",1.0,0.9524,0.0556,gpt-oss-20b,0,game_212
gpt-oss-20b__noise00__game_217,218,2026-02-12T12:41:05.728436,it,True,30,30,agent1,VLLMGptOss20B,cooperativo,0.0,244,0.0667,0.9333,0,,"C,T,T,T,T,T,T,C,T,T,T,T,T,T,T,T,T,T,T,T,T,T,T,T,T,T,T,T,T,T","C,T,T,T,T,T,T,C,T,T,T,T,T,T,T,T,T,T,T,T,T,T,T,T,T,T,T,T,T,T",agent2,VLLMGptOss20B,egoista,0.0,224,0.0,1.0,0,,"T,T,T,T,T,T,T,T,T,T,T,T,T,T,T,T,T,T,T,T,T,T,T,T,T,T,T,T,T,T","T,T,T,T,T,T,T,T,T,T,T,T,T,T,T,T,T,T,T,T,T,T,T,T,T,T,T,T,T,T",1.0,0.9524,0.1667,gpt-oss-20b,0,game_217
gpt-oss-20b__noise00__game_216,217,2026-02-12T12:41:09.588895,it,True,30,30,agent1,VLLMGptOss20B,cooperativo,0.0,234,0.0333,0.9667,0,,"C,T,T,T,T,T,T,T,T,T,T,T,T,T,T,T,T,T,T,T,T,T,T,T,T,T,T,T,T,T","C,T,T,T,T,T,T,T,T,T,T,T,T,T,T,T,T,T,T,T,T,T,T,T,T,T,T,T,T,T",agent2,VLLMGptOss20B,cooperativo,0.0,234,0.0333,0.9667,0,,"T,T,T,T,T,T,T,T,T,T,T,T,T,T,T,T,T,C,T,T,T,T,T,T,T,T,T,T,T,T","T,T,T,T,T,T,T,T,T,T,T,T,T,T,T,T,T,C,T,T,T,T,T,T,T,T,T,T,T,T",1.0,0.9762,0.0833,gpt-oss-20b,0,game_216
gpt-oss-20b__noise00__game_219,220,2026-02-12T12:42:09.349620,it,True,30,30,agent1,VLLMGptOss20B,egoista,0.0,240,0.0,1.0,0,,"T,T,T,T,T,T,T,T,T,T,T,T,T,T,T,T,T,T,T,T,T,T,T,T,T,T,T,T,T,T","T,T,T,T,T,T,T,T,T,T,T,T,T,T,T,T,T,T,T,T,T,T,T,T,T,T,T,T,T,T",agent2,VLLMGptOss20B,egoista,0.0,240,0.0,1.0,0,,"T,T,T,T,T,T,T,T,T,T,T,T,T,T,T,T,T,T,T,T,T,T,T,T,T,T,T,T,T,T","T,T,T,T,T,T,T,T,T,T,T,T,T,T,T,T,T,T,T,T,T,T,T,T,T,T,T,T,T,T",1.0,0.9048,0.3611,gpt-oss-20b,0,game_219
gpt-oss-20b__noise00__game_218,219,2026-02-12T12:43:26.175265,it,True,30,30,agent1,VLLMGptOss20B,egoista,0.0,218,0.0333,0.9667,0,,"T,T,T,T,T,T,T,T,T,C,T,T,T,T,T,T,T,T,T,T,T,T,T,T,T,T,T,T,T,T","T,T,T,T,T,T,T,T,T,C,T,T,T,T,T,T,T,T,T,T,T,T,T,T,T,T,T,T,T,T",agent2,VLLMGptOss20B,cooperativo,0.0,238,0.1,0.9,0,,"C,T,T,T,T,C,T,T,T,T,T,T,T,T,T,T,C,T,T,T,T,T,T,T,T,T,T,T,T,T","C,T,T,T,T,C,T,T,T,T,T,T,T,T,T,T,C,T,T,T,T,T,T,T,T,T,T,T,T,T",1.0,1.0,0.0,gpt-oss-20b,0,game_218
gpt-oss-20b__noise00__game_221,222,2026-02-12T12:46:16.334218,it,True,30,30,agent1,VLLMGptOss20B,cooperativo,0.0,246,0.1,0.9,0,,"C,C,T,T,T,C,T,T,T,T,T,T,T,T,T,T,T,T,T,T,T,T,T,T,T,T,T,T,T,T","C,C,T,T,T,C,T,T,T,T,T,T,T,T,T,T,T,T,T,T,T,T,T,T,T,T,T,T,T,T",agent2,VLLMGptOss20B,egoista,0.0,216,0.0,1.0,0,,"T,T,T,T,T,T,T,T,T,T,T,T,T,T,T,T,T,T,T,T,T,T,T,T,T,T,T,T,T,T","T,T,T,T,T,T,T,T,T,T,T,T,T,T,T,T,T,T,T,T,T,T,T,T,T,T,T,T,T,T",1.0,0.9762,0.1111,gpt-oss-20b,0,game_221
gpt-oss-20b__noise00__game_222,223,2026-02-12T12:46:31.679059,it,True,30,30,agent1,VLLMGptOss20B,egoista,0.0,224,0.0,1.0,0,,"T,T,T,T,T,T,T,T,T,T,T,T,T,T,T,T,T,T,T,T,T,T,T,T,T,T,T,T,T,T","T,T,T,T,T,T,T,T,T,T,T,T,T,T,T,T,T,T,T,T,T,T,T,T,T,T,T,T,T,T",agent2,VLLMGptOss20B,cooperativo,0.0,244,0.0667,0.9333,0,,"C,T,T,C,T,T,T,T,T,T,T,T,T,T,T,T,T,T,T,T,T,T,T,T,T,T,T,T,T,T","C,T,T,C,T,T,T,T,T,T,T,T,T,T,T,T,T,T,T,T,T,T,T,T,T,T,T,T,T,T",1.0,0.9524,0.1944,gpt-oss-20b,0,game_222
gpt-oss-20b__noise00__game_223,224,2026-02-12T12:47:16.197094,it,True,30,30,agent1,VLLMGptOss20B,egoista,0.0,240,0.0,1.0,0,,"T,T,T,T,T,T,T,T,T,T,T,T,T,T,T,T,T,T,T,T,T,T,T,T,T,T,T,T,T,T","T,T,T,T,T,T,T,T,T,T,T,T,T,T,T,T,T,T,T,T,T,T,T,T,T,T,T,T,T,T",agent2,VLLMGptOss20B,egoista,0.0,240,0.0,1.0,0,,"T,T,T,T,T,T,T,T,T,T,T,T,T,T,T,T,T,T,T,T,T,T,T,T,T,T,T,T,T,T","T,T,T,T,T,T,T,T,T,T,T,T,T,T,T,T,T,T,T,T,T,T,T,T,T,T,T,T,T,T",1.0,0.9286,0.3056,gpt-oss-20b,0,game_223
gpt-oss-20b__noise00__game_220,221,2026-02-12T12:47:28.415412,it,True,30,30,agent1,VLLMGptOss20B,cooperativo,0.0,208,0.1333,0.8667,0,,"C,C,C,T,C,T,T,T,T,T,T,T,T,T,T,T,T,T,T,T,T,T,T,T,T,T,T,T,T,T","C,C,C,T,C,T,T,T,T,T,T,T,T,T,T,T,T,T,T,T,T,T,T,T,T,T,T,T,T,T",agent2,VLLMGptOss20B,cooperativo,0.0,218,0.1667,0.8333,0,,"C,C,C,C,T,T,T,T,C,T,T,T,T,T,T,T,T,T,T,T,T,T,T,T,T,T,T,T,T,T","C,C,C,C,T,T,T,T,C,T,T,T,T,T,T,T,T,T,T,T,T,T,T,T,T,T,T,T,T,T",1.0,1.0,0.0,gpt-oss-20b,0,game_220
gpt-oss-20b__noise00__game_224,225,2026-02-12T12:50:30.839594,it,True,30,30,agent1,VLLMGptOss20B,cooperativo,0.0,180,0.3333,0.6667,0,,"C,C,C,C,C,C,C,C,C,C,T,T,T,T,T,T,T,T,T,T,T,T,T,T,T,T,T,T,T,T","C,C,C,C,C,C,C,C,C,C,T,T,T,T,T,T,T,T,T,T,T,T,T,T,T,T,T,T,T,T",agent2,VLLMGptOss20B,cooperativo,0.0,180,0.3333,0.6667,0,,"C,C,C,C,C,C,C,C,C,C,T,T,T,T,T,T,T,T,T,T,T,T,T,T,T,T,T,T,T,T","C,C,C,C,C,C,C,C,C,C,T,T,T,T,T,T,T,T,T,T,T,T,T,T,T,T,T,T,T,T",1.0,1.0,0.1111,gpt-oss-20b,0,game_224
gpt-oss-20b__noise00__game_225,226,2026-02-12T12:50:45.363268,it,True,30,30,agent1,VLLMGptOss20B,cooperativo,0.0,242,0.0333,0.9667,0,,"C,T,T,T,T,T,T,T,T,T,T,T,T,T,T,T,T,T,T,T,T,T,T,T,T,T,T,T,T,T","C,T,T,T,T,T,T,T,T,T,T,T,T,T,T,T,T,T,T,T,T,T,T,T,T,T,T,T,T,T",agent2,VLLMGptOss20B,egoista,0.0,232,0.0,1.0,0,,"T,T,T,T,T,T,T,T,T,T,T,T,T,T,T,T,T,T,T,T,T,T,T,T,T,T,T,T,T,T","T,T,T,T,T,T,T,T,T,T,T,T,T,T,T,T,T,T,T,T,T,T,T,T,T,T,T,T,T,T",1.0,0.9762,0.1667,gpt-oss-20b,0,game_225
gpt-oss-20b__noise00__game_227,228,2026-02-12T12:51:09.621630,it,True,30,30,agent1,VLLMGptOss20B,egoista,0.0,240,0.0,1.0,0,,"T,T,T,T,T,T,T,T,T,T,T,T,T,T,T,T,T,T,T,T,T,T,T,T,T,T,T,T,T,T","T,T,T,T,T,T,T,T,T,T,T,T,T,T,T,T,T,T,T,T,T,T,T,T,T,T,T,T,T,T",agent2,VLLMGptOss20B,egoista,0.0,240,0.0,1.0,0,,"T,T,T,T,T,T,T,T,T,T,T,T,T,T,T,T,T,T,T,T,T,T,T,T,T,T,T,T,T,T","T,T,T,T,T,T,T,T,T,T,T,T,T,T,T,T,T,T,T,T,T,T,T,T,T,T,T,T,T,T",1.0,0.9524,0.3889,gpt-oss-20b,0,game_227
gpt-oss-20b__noise00__game_226,227,2026-02-12T12:52:35.287430,it,True,30,30,agent1,VLLMGptOss20B,egoista,0.0,216,0.0,1.0,0,,"T,T,T,T,T,T,T,T,T,T,T,T,T,T,T,T,T,T,T,T,T,T,T,T,T,T,T,T,T,T","T,T,T,T,T,T,T,T,T,T,T,T,T,T,T,T,T,T,T,T,T,T,T,T,T,T,T,T,T,T",agent2,VLLMGptOss20B,cooperativo,0.0,246,0.1,0.9,0,,"T,T,T,C,T,T,T,T,T,T,T,T,T,T,T,T,T,C,T,T,T,T,T,T,T,T,T,T,T,C","T,T,T,C,T,T,T,T,T,T,T,T,T,T,T,T,T,C,T,T,T,T,T,T,T,T,T,T,T,C",1.0,0.9762,0.1111,gpt-oss-20b,0,game_226
gpt-oss-20b__noise00__game_229,230,2026-02-12T12:54:51.450287,it,True,30,30,agent1,VLLMGptOss20B,cooperativo,0.0,244,0.0667,0.9333,0,,"C,T,T,T,T,T,T,T,T,T,T,C,T,T,T,T,T,T,T,T,T,T,T,T,T,T,T,T,T,T","C,T,T,T,T,T,T,T,T,T,T,C,T,T,T,T,T,T,T,T,T,T,T,T,T,T,T,T,T,T",agent2,VLLMGptOss20B,egoista,0.0,224,0.0,1.0,0,,"T,T,T,T,T,T,T,T,T,T,T,T,T,T,T,T,T,T,T,T,T,T,T,T,T,T,T,T,T,T","T,T,T,T,T,T,T,T,T,T,T,T,T,T,T,T,T,T,T,T,T,T,T,T,T,T,T,T,T,T",1.0,0.9286,0.1667,gpt-oss-20b,0,game_229
gpt-oss-20b__noise00__game_230,231,2026-02-12T12:55:15.795934,it,True,30,30,agent1,VLLMGptOss20B,egoista,0.0,232,0.0,1.0,0,,"T,T,T,T,T,T,T,T,T,T,T,T,T,T,T,T,T,T,T,T,T,T,T,T,T,T,T,T,T,T","T,T,T,T,T,T,T,T,T,T,T,T,T,T,T,T,T,T,T,T,T,T,T,T,T,T,T,T,T,T",agent2,VLLMGptOss20B,cooperativo,0.0,242,0.0333,0.9667,0,,"C,T,T,T,T,T,T,T,T,T,T,T,T,T,T,T,T,T,T,T,T,T,T,T,T,T,T,T,T,T","C,T,T,T,T,T,T,T,T,T,T,T,T,T,T,T,T,T,T,T,T,T,T,T,T,T,T,T,T,T",1.0,0.9286,0.1111,gpt-oss-20b,0,game_230
gpt-oss-20b__noise00__game_228,229,2026-02-12T12:55:17.884239,it,True,30,30,agent1,VLLMGptOss20B,cooperativo,0.0,226,0.1667,0.8333,0,,"C,C,C,C,T,T,T,T,T,T,T,T,T,T,T,T,T,T,T,T,C,T,T,T,T,T,T,T,T,T","C,C,C,C,T,T,T,T,T,T,T,T,T,T,T,T,T,T,T,T,C,T,T,T,T,T,T,T,T,T",agent2,VLLMGptOss20B,cooperativo,0.0,206,0.1,0.9,0,,"C,C,C,T,T,T,T,T,T,T,T,T,T,T,T,T,T,T,T,T,T,T,T,T,T,T,T,T,T,T","C,C,C,T,T,T,T,T,T,T,T,T,T,T,T,T,T,T,T,T,T,T,T,T,T,T,T,T,T,T",1.0,0.9286,0.0,gpt-oss-20b,0,game_228
gpt-oss-20b__noise00__game_231,232,2026-02-12T12:56:58.614955,it,True,30,30,agent1,VLLMGptOss20B,egoista,0.0,232,0.0,1.0,0,,"T,T,T,T,T,T,T,T,T,T,T,T,T,T,T,T,T,T,T,T,T,T,T,T,T,T,T,T,T,T","T,T,T,T,T,T,T,T,T,T,T,T,T,T,T,T,T,T,T,T,T,T,T,T,T,T,T,T,T,T",agent2,VLLMGptOss20B,egoista,0.0,242,0.0333,0.9667,0,,"T,T,T,T,T,C,T,T,T,T,T,T,T,T,T,T,T,T,T,T,T,T,T,T,T,T,T,T,T,T","T,T,T,T,T,C,T,T,T,T,T,T,T,T,T,T,T,T,T,T,T,T,T,T,T,T,T,T,T,T",1.0,0.9762,0.1944,gpt-oss-20b,0,game_231
gpt-oss-20b__noise00__game_234,235,2026-02-12T12:59:22.508907,it,True,30,30,agent1,VLLMGptOss20B,egoista,0.0,232,0.0,1.0,0,,"T,T,T,T,T,T,T,T,T,T,T,T,T,T,T,T,T,T,T,T,T,T,T,T,T,T,T,T,T,T","T,T,T,T,T,T,T,T,T,T,T,T,T,T,T,T,T,T,T,T,T,T,T,T,T,T,T,T,T,T",agent2,VLLMGptOss20B,cooperativo,0.0,242,0.0333,0.9667,0,,"C,T,T,T,T,T,T,T,T,T,T,T,T,T,T,T,T,T,T,T,T,T,T,T,T,T,T,T,T,T","C,T,T,T,T,T,T,T,T,T,T,T,T,T,T,T,T,T,T,T,T,T,T,T,T,T,T,T,T,T",1.0,0.9524,0.1389,gpt-oss-20b,0,game_234
gpt-oss-20b__noise00__game_233,234,2026-02-12T12:59:42.977663,it,True,30,30,agent1,VLLMGptOss20B,cooperativo,0.0,244,0.0667,0.9333,0,,"C,C,T,T,T,T,T,T,T,T,T,T,T,T,T,T,T,T,T,T,T,T,T,T,T,T,T,T,T,T","C,C,T,T,T,T,T,T,T,T,T,T,T,T,T,T,T,T,T,T,T,T,T,T,T,T,T,T,T,T",agent2,VLLMGptOss20B,egoista,0.0,224,0.0,1.0,0,,"T,T,T,T,T,T,T,T,T,T,T,T,T,T,T,T,T,T,T,T,T,T,T,T,T,T,T,T,T,T","T,T,T,T,T,T,T,T,T,T,T,T,T,T,T,T,T,T,T,T,T,T,T,T,T,T,T,T,T,T",1.0,0.9048,0.1667,gpt-oss-20b,0,game_233
gpt-oss-20b__noise00__game_232,233,2026-02-12T13:00:20.408431,it,True,30,30,agent1,VLLMGptOss20B,cooperativo,0.0,214,0.1,0.9,0,,"C,C,T,C,T,T,T,T,T,T,T,T,T,T,T,T,T,T,T,T,T,T,T,T,T,T,T,T,T,T","C,C,T,C,T,T,T,T,T,T,T,T,T,T,T,T,T,T,T,T,T,T,T,T,T,T,T,T,T,T",agent2,VLLMGptOss20B,cooperativo,0.0,224,0.1333,0.8667,0,,"C,C,C,T,T,C,T,T,T,T,T,T,T,T,T,T,T,T,T,T,T,T,T,T,T,T,T,T,T,T","C,C,C,T,T,C,T,T,T,T,T,T,T,T,T,T,T,T,T,T,T,T,T,T,T,T,T,T,T,T",1.0,0.9762,0.0,gpt-oss-20b,0,game_232
gpt-oss-20b__noise00__game_235,236,2026-02-12T13:01:43.974165,it,True,30,30,agent1,VLLMGptOss20B,egoista,0.0,242,0.0333,0.9667,0,,"T,T,T,T,T,T,T,T,T,T,T,T,T,T,T,T,T,C,T,T,T,T,T,T,T,T,T,T,T,T","T,T,T,T,T,T,T,T,T,T,T,T,T,T,T,T,T,C,T,T,T,T,T,T,T,T,T,T,T,T",agent2,VLLMGptOss20B,egoista,0.0,232,0.0,1.0,0,,"T,T,T,T,T,T,T,T,T,T,T,T,T,T,T,T,T,T,T,T,T,T,T,T,T,T,T,T,T,T","T,T,T,T,T,T,T,T,T,T,T,T,T,T,T,T,T,T,T,T,T,T,T,T,T,T,T,T,T,T",1.0,1.0,0.2222,gpt-oss-20b,0,game_235
gpt-oss-20b__noise00__game_237,238,2026-02-12T13:04:08.538680,it,True,30,30,agent1,VLLMGptOss20B,cooperativo,0.0,244,0.0667,0.9333,0,,"C,T,T,T,T,T,C,T,T,T,T,T,T,T,T,T,T,T,T,T,T,T,T,T,T,T,T,T,T,T","C,T,T,T,T,T,C,T,T,T,T,T,T,T,T,T,T,T,T,T,T,T,T,T,T,T,T,T,T,T",agent2,VLLMGptOss20B,egoista,0.0,224,0.0,1.0,0,,"T,T,T,T,T,T,T,T,T,T,T,T,T,T,T,T,T,T,T,T,T,T,T,T,T,T,T,T,T,T","T,T,T,T,T,T,T,T,T,T,T,T,T,T,T,T,T,T,T,T,T,T,T,T,T,T,T,T,T,T",1.0,0.9524,0.1389,gpt-oss-20b,0,game_237
gpt-oss-20b__noise00__game_238,239,2026-02-12T13:05:07.372260,it,True,30,30,agent1,VLLMGptOss20B,egoista,0.0,224,0.0,1.0,0,,"T,T,T,T,T,T,T,T,T,T,T,T,T,T,T,T,T,T,T,T,T,T,T,T,T,T,T,T,T,T","T,T,T,T,T,T,T,T,T,T,T,T,T,T,T,T,T,T,T,T,T,T,T,T,T,T,T,T,T,T",agent2,VLLMGptOss20B,cooperativo,0.0,244,0.0667,0.9333,0,,"C,T,T,T,T,T,T,T,T,T,T,T,T,T,C,T,T,T,T,T,T,T,T,T,T,T,T,T,T,T","C,T,T,T,T,T,T,T,T,T,T,T,T,T,C,T,T,T,T,T,T,T,T,T,T,T,T,T,T,T",1.0,1.0,0.1667,gpt-oss-20b,0,game_238
gpt-oss-20b__noise00__game_239,240,2026-02-12T13:05:26.441237,it,True,30,30,agent1,VLLMGptOss20B,egoista,0.0,240,0.0,1.0,0,,"T,T,T,T,T,T,T,T,T,T,T,T,T,T,T,T,T,T,T,T,T,T,T,T,T,T,T,T,T,T","T,T,T,T,T,T,T,T,T,T,T,T,T,T,T,T,T,T,T,T,T,T,T,T,T,T,T,T,T,T",agent2,VLLMGptOss20B,egoista,0.0,240,0.0,1.0,0,,"T,T,T,T,T,T,T,T,T,T,T,T,T,T,T,T,T,T,T,T,T,T,T,T,T,T,T,T,T,T","T,T,T,T,T,T,T,T,T,T,T,T,T,T,T,T,T,T,T,T,T,T,T,T,T,T,T,T,T,T",1.0,0.9762,0.4167,gpt-oss-20b,0,game_239
gpt-oss-20b__noise00__game_236,237,2026-02-12T13:06:17.752963,it,True,30,30,agent1,VLLMGptOss20B,cooperativo,0.0,124,0.6,0.4,0,,"C,C,C,C,C,C,C,C,C,C,C,C,C,C,C,C,C,T,C,T,T,T,T,T,T,T,T,T,T,T","C,C,C,C,C,C,C,C,C,C,C,C,C,C,C,C,C,T,C,T,T,T,T,T,T,T,T,T,T,T",agent2,VLLMGptOss20B,cooperativo,0.0,134,0.6333,0.3667,0,,"T,C,C,C,C,C,C,C,C,C,C,C,C,C,C,C,C,C,T,C,T,C,T,T,T,T,T,T,T,T","T,C,C,C,C,C,C,C,C,C,C,C,C,C,C,C,C,C,T,C,T,C,T,T,T,T,T,T,T,T",1.0,0.9524,0.0833,gpt-oss-20b,0,game_236
gpt-oss-20b__noise05__game_3,4,2026-02-12T08:45:33.733570,en,True,30,30,agent1,VLLMGptOss20B,selfish,0.05,232,0.0,1.0,0,,"D,D,D,D,D,D,D,D,D,D,D,D,D,D,D,D,D,D,D,D,D,D,D,D,D,D,D,D,D,D","D,D,D,D,D,D,D,D,D,D,D,D,D,D,D,D,D,D,D,D,D,D,D,D,D,D,D,D,D,D",agent2,VLLMGptOss20B,selfish,0.05,242,0.0333,0.9667,1,10,"D,D,D,D,D,D,D,D,D,C,D,D,D,D,D,D,D,D,D,D,D,D,D,D,D,D,D,D,D,D","D,D,D,D,D,D,D,D,D,D,D,D,D,D,D,D,D,D,D,D,D,D,D,D,D,D,D,D,D,D",1.0,0.9762,0.1389,gpt-oss-20b,5,game_3
gpt-oss-20b__noise05__game_2,3,2026-02-12T08:46:02.330598,en,True,30,30,agent1,VLLMGptOss20B,selfish,0.05,242,0.0333,0.9667,1,17,"D,D,D,D,D,D,D,D,D,D,D,D,D,D,D,D,C,D,D,D,D,D,D,D,D,D,D,D,D,D","D,D,D,D,D,D,D,D,D,D,D,D,D,D,D,D,D,D,D,D,D,D,D,D,D,D,D,D,D,D",agent2,VLLMGptOss20B,cooperative,0.05,232,0.0,1.0,0,,"D,D,D,D,D,D,D,D,D,D,D,D,D,D,D,D,D,D,D,D,D,D,D,D,D,D,D,D,D,D","D,D,D,D,D,D,D,D,D,D,D,D,D,D,D,D,D,D,D,D,D,D,D,D,D,D,D,D,D,D",1.0,1.0,0.1389,gpt-oss-20b,5,game_2
gpt-oss-20b__noise05__game_1,2,2026-02-12T08:46:07.321402,en,True,30,30,agent1,VLLMGptOss20B,cooperative,0.05,224,0.0,1.0,0,,"D,D,D,D,D,D,D,D,D,D,D,D,D,D,D,D,D,D,D,D,D,D,D,D,D,D,D,D,D,D","D,D,D,D,D,D,D,D,D,D,D,D,D,D,D,D,D,D,D,D,D,D,D,D,D,D,D,D,D,D",agent2,VLLMGptOss20B,selfish,0.05,244,0.0667,0.9333,2,"12,27","D,D,D,D,D,D,D,D,D,D,D,C,D,D,D,D,D,D,D,D,D,D,D,D,D,D,C,D,D,D","D,D,D,D,D,D,D,D,D,D,D,D,D,D,D,D,D,D,D,D,D,D,D,D,D,D,D,D,D,D",1.0,0.9762,0.0833,gpt-oss-20b,5,game_1
gpt-oss-20b__noise05__game_0,1,2026-02-12T08:46:27.773968,en,True,30,30,agent1,VLLMGptOss20B,cooperative,0.05,232,0.0,1.0,0,,"D,D,D,D,D,D,D,D,D,D,D,D,D,D,D,D,D,D,D,D,D,D,D,D,D,D,D,D,D,D","D,D,D,D,D,D,D,D,D,D,D,D,D,D,D,D,D,D,D,D,D,D,D,D,D,D,D,D,D,D",agent2,VLLMGptOss20B,cooperative,0.05,242,0.0333,0.9667,1,16,"D,D,D,D,D,D,D,D,D,D,D,D,D,D,D,C,D,D,D,D,D,D,D,D,D,D,D,D,D,D","D,D,D,D,D,D,D,D,D,D,D,D,D,D,D,D,D,D,D,D,D,D,D,D,D,D,D,D,D,D",1.0,1.0,0.1389,gpt-oss-20b,5,game_0
gpt-oss-20b__noise05__game_6,7,2026-02-12T08:51:44.516247,en,True,30,30,agent1,VLLMGptOss20B,selfish,0.05,234,0.0333,0.9667,1,28,"D,D,D,D,D,D,D,D,D,D,D,D,D,D,D,D,D,D,D,D,D,D,D,D,D,D,D,C,D,D","D,D,D,D,D,D,D,D,D,D,D,D,D,D,D,D,D,D,D,D,D,D,D,D,D,D,D,D,D,D",agent2,VLLMGptOss20B,cooperative,0.05,234,0.0333,0.9667,1,25,"D,D,D,D,D,D,D,D,D,D,D,D,D,D,D,D,D,D,D,D,D,D,D,D,C,D,D,D,D,D","D,D,D,D,D,D,D,D,D,D,D,D,D,D,D,D,D,D,D,D,D,D,D,D,D,D,D,D,D,D",1.0,1.0,0.1944,gpt-oss-20b,5,game_6
gpt-oss-20b__noise05__game_7,8,2026-02-12T08:53:33.089906,en,True,30,30,agent1,VLLMGptOss20B,selfish,0.05,222,0.1,0.9,3,"12,13,28","D,D,D,D,D,D,D,D,D,D,D,C,C,D,D,D,D,D,D,D,D,D,D,D,D,D,D,C,D,D","D,D,D,D,D,D,D,D,D,D,D,D,D,D,D,D,D,D,D,D,D,D,D,D,D,D,D,D,D,D",agent2,VLLMGptOss20B,selfish,0.05,222,0.1,0.9,3,"2,15,16","D,C,D,D,D,D,D,D,D,D,D,D,D,D,C,C,D,D,D,D,D,D,D,D,D,D,D,D,D,D","D,D,D,D,D,D,D,D,D,D,D,D,D,D,D,D,D,D,D,D,D,D,D,D,D,D,D,D,D,D",1.0,1.0,0.0278,gpt-oss-20b,5,game_7
gpt-oss-20b__noise05__game_4,5,2026-02-12T08:53:57.132210,en,True,30,30,agent1,VLLMGptOss20B,cooperative,0.05,222,0.1,0.9,2,"7,27","C,D,D,D,D,D,C,D,D,D,D,D,D,D,D,D,D,D,D,D,D,D,D,D,D,D,C,D,D,D","C,D,D,D,D,D,D,D,D,D,D,D,D,D,D,D,D,D,D,D,D,D,D,D,D,D,D,D,D,D",agent2,VLLMGptOss20B,cooperative,0.05,222,0.1,0.9,3,"6,8,24","D,D,D,D,D,C,D,C,D,D,D,D,D,D,D,D,D,D,D,D,D,D,D,C,D,D,D,D,D,D","D,D,D,D,D,D,D,D,D,D,D,D,D,D,D,D,D,D,D,D,D,D,D,D,D,D,D,D,D,D",1.0,0.9762,0.0556,gpt-oss-20b,5,game_4
gpt-oss-20b__noise05__game_5,6,2026-02-12T08:55:12.815600,en,True,30,30,agent1,VLLMGptOss20B,cooperative,0.05,238,0.1,0.9,2,"10,24","C,D,D,D,D,D,D,D,D,C,D,D,D,D,D,D,D,D,D,D,D,D,D,C,D,D,D,D,D,D","C,D,D,D,D,D,D,D,D,D,D,D,D,D,D,D,D,D,D,D,D,D,D,D,D,D,D,D,D,D",agent2,VLLMGptOss20B,selfish,0.05,218,0.0333,0.9667,1,14,"D,D,D,D,D,D,D,D,D,D,D,D,D,C,D,D,D,D,D,D,D,D,D,D,D,D,D,D,D,D","D,D,D,D,D,D,D,D,D,D,D,D,D,D,D,D,D,D,D,D,D,D,D,D,D,D,D,D,D,D",1.0,1.0,0.0,gpt-oss-20b,5,game_5
gpt-oss-20b__noise05__game_8,9,2026-02-12T08:57:45.994505,en,True,30,30,agent1,VLLMGptOss20B,cooperative,0.05,232,0.0,1.0,0,,"D,D,D,D,D,D,D,D,D,D,D,D,D,D,D,D,D,D,D,D,D,D,D,D,D,D,D,D,D,D","D,D,D,D,D,D,D,D,D,D,D,D,D,D,D,D,D,D,D,D,D,D,D,D,D,D,D,D,D,D",agent2,VLLMGptOss20B,cooperative,0.05,242,0.0333,0.9667,1,23,"D,D,D,D,D,D,D,D,D,D,D,D,D,D,D,D,D,D,D,D,D,D,C,D,D,D,D,D,D,D","D,D,D,D,D,D,D,D,D,D,D,D,D,D,D,D,D,D,D,D,D,D,D,D,D,D,D,D,D,D",1.0,1.0,0.1944,gpt-oss-20b,5,game_8
gpt-oss-20b__noise05__game_10,11,2026-02-12T08:59:33.813554,en,True,30,30,agent1,VLLMGptOss20B,selfish,0.05,224,0.0,1.0,0,,"D,D,D,D,D,D,D,D,D,D,D,D,D,D,D,D,D,D,D,D,D,D,D,D,D,D,D,D,D,D","D,D,D,D,D,D,D,D,D,D,D,D,D,D,D,D,D,D,D,D,D,D,D,D,D,D,D,D,D,D",agent2,VLLMGptOss20B,cooperative,0.05,244,0.0667,0.9333,2,"19,25","D,D,D,D,D,D,D,D,D,D,D,D,D,D,D,D,D,D,C,D,D,D,D,D,C,D,D,D,D,D","D,D,D,D,D,D,D,D,D,D,D,D,D,D,D,D,D,D,D,D,D,D,D,D,D,D,D,D,D,D",1.0,1.0,0.1667,gpt-oss-20b,5,game_10
gpt-oss-20b__noise05__game_9,10,2026-02-12T08:59:37.166422,en,True,30,30,agent1,VLLMGptOss20B,cooperative,0.05,232,0.0,1.0,0,,"D,D,D,D,D,D,D,D,D,D,D,D,D,D,D,D,D,D,D,D,D,D,D,D,D,D,D,D,D,D","D,D,D,D,D,D,D,D,D,D,D,D,D,D,D,D,D,D,D,D,D,D,D,D,D,D,D,D,D,D",agent2,VLLMGptOss20B,selfish,0.05,242,0.0333,0.9667,0,,"D,D,D,D,D,D,D,D,D,D,D,D,C,D,D,D,D,D,D,D,D,D,D,D,D,D,D,D,D,D","D,D,D,D,D,D,D,D,D,D,D,D,C,D,D,D,D,D,D,D,D,D,D,D,D,D,D,D,D,D",1.0,1.0,0.1111,gpt-oss-20b,5,game_9
gpt-oss-20b__noise05__game_11,12,2026-02-12T09:01:36.316044,en,True,30,30,agent1,VLLMGptOss20B,selfish,0.05,226,0.0333,0.9667,1,14,"D,D,D,D,D,D,D,D,D,D,D,D,D,C,D,D,D,D,D,D,D,D,D,D,D,D,D,D,D,D","D,D,D,D,D,D,D,D,D,D,D,D,D,D,D,D,D,D,D,D,D,D,D,D,D,D,D,D,D,D",agent2,VLLMGptOss20B,selfish,0.05,236,0.0667,0.9333,2,"6,25","D,D,D,D,D,C,D,D,D,D,D,D,D,D,D,D,D,D,D,D,D,D,D,D,C,D,D,D,D,D","D,D,D,D,D,D,D,D,D,D,D,D,D,D,D,D,D,D,D,D,D,D,D,D,D,D,D,D,D,D",1.0,0.9762,0.0556,gpt-oss-20b,5,game_11
gpt-oss-20b__noise05__game_14,15,2026-02-12T09:05:06.207245,en,True,30,30,agent1,VLLMGptOss20B,selfish,0.05,226,0.0333,0.9667,1,1,"C,D,D,D,D,D,D,D,D,D,D,D,D,D,D,D,D,D,D,D,D,D,D,D,D,D,D,D,D,D","D,D,D,D,D,D,D,D,D,D,D,D,D,D,D,D,D,D,D,D,D,D,D,D,D,D,D,D,D,D",agent2,VLLMGptOss20B,cooperative,0.05,236,0.0667,0.9333,2,"25,29","D,D,D,D,D,D,D,D,D,D,D,D,D,D,D,D,D,D,D,D,D,D,D,D,C,D,D,D,C,D","D,D,D,D,D,D,D,D,D,D,D,D,D,D,D,D,D,D,D,D,D,D,D,D,D,D,D,D,D,D",1.0,1.0,0.1111,gpt-oss-20b,5,game_14
gpt-oss-20b__noise05__game_13,14,2026-02-12T09:05:35.209601,en,True,30,30,agent1,VLLMGptOss20B,cooperative,0.05,224,0.0,1.0,0,,"D,D,D,D,D,D,D,D,D,D,D,D,D,D,D,D,D,D,D,D,D,D,D,D,D,D,D,D,D,D","D,D,D,D,D,D,D,D,D,D,D,D,D,D,D,D,D,D,D,D,D,D,D,D,D,D,D,D,D,D",agent2,VLLMGptOss20B,selfish,0.05,244,0.0667,0.9333,2,"11,20","D,D,D,D,D,D,D,D,D,D,C,D,D,D,D,D,D,D,D,C,D,D,D,D,D,D,D,D,D,D","D,D,D,D,D,D,D,D,D,D,D,D,D,D,D,D,D,D,D,D,D,D,D,D,D,D,D,D,D,D",1.0,1.0,0.1389,gpt-oss-20b,5,game_13
gpt-oss-20b__noise05__game_12,13,2026-02-12T09:05:47.964588,en,True,30,30,agent1,VLLMGptOss20B,cooperative,0.05,218,0.0333,0.9667,0,,"C,D,D,D,D,D,D,D,D,D,D,D,D,D,D,D,D,D,D,D,D,D,D,D,D,D,D,D,D,D","C,D,D,D,D,D,D,D,D,D,D,D,D,D,D,D,D,D,D,D,D,D,D,D,D,D,D,D,D,D",agent2,VLLMGptOss20B,cooperative,0.05,238,0.1,0.9,2,"15,20","C,D,D,D,D,D,D,D,D,D,D,D,D,D,C,D,D,D,D,C,D,D,D,D,D,D,D,D,D,D","C,D,D,D,D,D,D,D,D,D,D,D,D,D,D,D,D,D,D,D,D,D,D,D,D,D,D,D,D,D",1.0,1.0,0.0,gpt-oss-20b,5,game_12
gpt-oss-20b__noise05__game_15,16,2026-02-12T09:07:13.687849,en,True,30,30,agent1,VLLMGptOss20B,selfish,0.05,236,0.0667,0.9333,2,"8,21","D,D,D,D,D,D,D,C,D,D,D,D,D,D,D,D,D,D,D,D,C,D,D,D,D,D,D,D,D,D","D,D,D,D,D,D,D,D,D,D,D,D,D,D,D,D,D,D,D,D,D,D,D,D,D,D,D,D,D,D",agent2,VLLMGptOss20B,selfish,0.05,226,0.0333,0.9667,1,28,"D,D,D,D,D,D,D,D,D,D,D,D,D,D,D,D,D,D,D,D,D,D,D,D,D,D,D,C,D,D","D,D,D,D,D,D,D,D,D,D,D,D,D,D,D,D,D,D,D,D,D,D,D,D,D,D,D,D,D,D",1.0,0.9762,0.2222,gpt-oss-20b,5,game_15
gpt-oss-20b__noise05__game_16,17,2026-02-12T09:11:05.407285,en,True,30,30,agent1,VLLMGptOss20B,cooperative,0.05,238,0.1,0.9,3,"11,14,17","D,D,D,D,D,D,D,D,D,D,C,D,D,C,D,D,C,D,D,D,D,D,D,D,D,D,D,D,D,D","D,D,D,D,D,D,D,D,D,D,D,D,D,D,D,D,D,D,D,D,D,D,D,D,D,D,D,D,D,D",agent2,VLLMGptOss20B,cooperative,0.05,218,0.0333,0.9667,1,17,"D,D,D,D,D,D,D,D,D,D,D,D,D,D,D,D,C,D,D,D,D,D,D,D,D,D,D,D,D,D","D,D,D,D,D,D,D,D,D,D,D,D,D,D,D,D,D,D,D,D,D,D,D,D,D,D,D,D,D,D",1.0,0.9762,0.1389,gpt-oss-20b,5,game_16
gpt-oss-20b__noise05__game_17,18,2026-02-12T09:11:56.480277,en,True,30,30,agent1,VLLMGptOss20B,cooperative,0.05,226,0.0333,0.9667,1,11,"D,D,D,D,D,D,D,D,D,D,C,D,D,D,D,D,D,D,D,D,D,D,D,D,D,D,D,D,D,D","D,D,D,D,D,D,D,D,D,D,D,D,D,D,D,D,D,D,D,D,D,D,D,D,D,D,D,D,D,D",agent2,VLLMGptOss20B,selfish,0.05,236,0.0667,0.9333,2,"3,17","D,D,C,D,D,D,D,D,D,D,D,D,D,D,D,D,C,D,D,D,D,D,D,D,D,D,D,D,D,D","D,D,D,D,D,D,D,D,D,D,D,D,D,D,D,D,D,D,D,D,D,D,D,D,D,D,D,D,D,D",1.0,0.9524,0.0,gpt-oss-20b,5,game_17
gpt-oss-20b__noise05__game_18,19,2026-02-12T09:12:12.919905,en,True,30,30,agent1,VLLMGptOss20B,selfish,0.05,196,0.0667,0.9333,2,"8,9","D,D,D,D,D,D,D,C,C,D,D,D,D,D,D,D,D,D,D,D,D,D,D,D,D,D,D,D,D,D","D,D,D,D,D,D,D,D,D,D,D,D,D,D,D,D,D,D,D,D,D,D,D,D,D,D,D,D,D,D",agent2,VLLMGptOss20B,cooperative,0.05,236,0.2,0.8,5,"3,9,25,26,30","D,D,C,D,D,D,D,D,C,D,D,D,D,D,D,D,D,D,D,D,C,D,D,D,C,C,D,D,D,C","D,D,D,D,D,D,D,D,D,D,D,D,D,D,D,D,D,D,D,D,C,D,D,D,D,D,D,D,D,D",1.0,0.9762,0.0556,gpt-oss-20b,5,game_18
gpt-oss-20b__noise05__game_19,20,2026-02-12T09:12:44.135830,en,True,30,30,agent1,VLLMGptOss20B,selfish,0.05,224,0.0,1.0,0,,"D,D,D,D,D,D,D,D,D,D,D,D,D,D,D,D,D,D,D,D,D,D,D,D,D,D,D,D,D,D","D,D,D,D,D,D,D,D,D,D,D,D,D,D,D,D,D,D,D,D,D,D,D,D,D,D,D,D,D,D",agent2,VLLMGptOss20B,selfish,0.05,244,0.0667,0.9333,2,"2,25","D,C,D,D,D,D,D,D,D,D,D,D,D,D,D,D,D,D,D,D,D,D,D,D,C,D,D,D,D,D","D,D,D,D,D,D,D,D,D,D,D,D,D,D,D,D,D,D,D,D,D,D,D,D,D,D,D,D,D,D",1.0,0.9762,0.0833,gpt-oss-20b,5,game_19
gpt-oss-20b__noise05__game_21,22,2026-02-12T09:17:35.815791,en,True,30,30,agent1,VLLMGptOss20B,cooperative,0.05,242,0.0333,0.9667,1,9,"D,D,D,D,D,D,D,D,C,D,D,D,D,D,D,D,D,D,D,D,D,D,D,D,D,D,D,D,D,D","D,D,D,D,D,D,D,D,D,D,D,D,D,D,D,D,D,D,D,D,D,D,D,D,D,D,D,D,D,D",agent2,VLLMGptOss20B,selfish,0.05,232,0.0,1.0,0,,"D,D,D,D,D,D,D,D,D,D,D,D,D,D,D,D,D,D,D,D,D,D,D,D,D,D,D,D,D,D","D,D,D,D,D,D,D,D,D,D,D,D,D,D,D,D,D,D,D,D,D,D,D,D,D,D,D,D,D,D",1.0,0.9524,0.1667,gpt-oss-20b,5,game_21
gpt-oss-20b__noise05__game_20,21,2026-02-12T09:17:45.869738,en,True,30,30,agent1,VLLMGptOss20B,cooperative,0.05,238,0.1,0.9,3,"2,8,13","D,C,D,D,D,D,D,C,D,D,D,D,C,D,D,D,D,D,D,D,D,D,D,D,D,D,D,D,D,D","D,D,D,D,D,D,D,D,D,D,D,D,D,D,D,D,D,D,D,D,D,D,D,D,D,D,D,D,D,D",agent2,VLLMGptOss20B,cooperative,0.05,218,0.0333,0.9667,1,30,"D,D,D,D,D,D,D,D,D,D,D,D,D,D,D,D,D,D,D,D,D,D,D,D,D,D,D,D,D,C","D,D,D,D,D,D,D,D,D,D,D,D,D,D,D,D,D,D,D,D,D,D,D,D,D,D,D,D,D,D",1.0,1.0,0.1389,gpt-oss-20b,5,game_20
gpt-oss-20b__noise05__game_22,23,2026-02-12T09:17:57.806469,en,True,30,30,agent1,VLLMGptOss20B,selfish,0.05,204,0.0667,0.9333,2,"20,29","D,D,D,D,D,D,D,D,D,D,D,D,D,D,D,D,D,D,D,C,D,D,D,D,D,D,D,D,C,D","D,D,D,D,D,D,D,D,D,D,D,D,D,D,D,D,D,D,D,D,D,D,D,D,D,D,D,D,D,D",agent2,VLLMGptOss20B,cooperative,0.05,234,0.1667,0.8333,5,"6,7,14,17,20","D,D,D,D,D,C,C,D,D,D,D,D,D,C,D,D,C,D,D,C,D,D,D,D,D,D,D,D,D,D","D,D,D,D,D,D,D,D,D,D,D,D,D,D,D,D,D,D,D,D,D,D,D,D,D,D,D,D,D,D",1.0,0.9762,0.0278,gpt-oss-20b,5,game_22
gpt-oss-20b__noise05__game_23,24,2026-02-12T09:19:01.286714,en,True,30,30,agent1,VLLMGptOss20B,selfish,0.05,226,0.0333,0.9667,1,26,"D,D,D,D,D,D,D,D,D,D,D,D,D,D,D,D,D,D,D,D,D,D,D,D,D,C,D,D,D,D","D,D,D,D,D,D,D,D,D,D,D,D,D,D,D,D,D,D,D,D,D,D,D,D,D,D,D,D,D,D",agent2,VLLMGptOss20B,selfish,0.05,236,0.0667,0.9333,2,"3,21","D,D,C,D,D,D,D,D,D,D,D,D,D,D,D,D,D,D,D,D,C,D,D,D,D,D,D,D,D,D","D,D,D,D,D,D,D,D,D,D,D,D,D,D,D,D,D,D,D,D,D,D,D,D,D,D,D,D,D,D",1.0,0.9762,0.0278,gpt-oss-20b,5,game_23
gpt-oss-20b__noise05__game_26,27,2026-02-12T09:23:29.402307,en,True,30,30,agent1,VLLMGptOss20B,selfish,0.05,232,0.0,1.0,0,,"D,D,D,D,D,D,D,D,D,D,D,D,D,D,D,D,D,D,D,D,D,D,D,D,D,D,D,D,D,D","D,D,D,D,D,D,D,D,D,D,D,D,D,D,D,D,D,D,D,D,D,D,D,D,D,D,D,D,D,D",agent2,VLLMGptOss20B,cooperative,0.05,242,0.0333,0.9667,1,15,"D,D,D,D,D,D,D,D,D,D,D,D,D,D,C,D,D,D,D,D,D,D,D,D,D,D,D,D,D,D","D,D,D,D,D,D,D,D,D,D,D,D,D,D,D,D,D,D,D,D,D,D,D,D,D,D,D,D,D,D",1.0,0.9524,0.1389,gpt-oss-20b,5,game_26
gpt-oss-20b__noise05__game_24,25,2026-02-12T09:24:25.552731,en,True,30,30,agent1,VLLMGptOss20B,cooperative,0.05,226,0.0333,0.9667,1,11,"D,D,D,D,D,D,D,D,D,D,C,D,D,D,D,D,D,D,D,D,D,D,D,D,D,D,D,D,D,D","D,D,D,D,D,D,D,D,D,D,D,D,D,D,D,D,D,D,D,D,D,D,D,D,D,D,D,D,D,D",agent2,VLLMGptOss20B,cooperative,0.05,236,0.0667,0.9333,1,22,"D,D,D,D,D,D,D,D,D,D,D,D,D,D,D,D,D,C,D,D,D,C,D,D,D,D,D,D,D,D","D,D,D,D,D,D,D,D,D,D,D,D,D,D,D,D,D,C,D,D,D,D,D,D,D,D,D,D,D,D",1.0,0.9762,0.1944,gpt-oss-20b,5,game_24
gpt-oss-20b__noise05__game_25,26,2026-02-12T09:25:12.548048,en,True,30,30,agent1,VLLMGptOss20B,cooperative,0.05,246,0.1,0.9,1,20,"D,D,D,D,D,C,D,D,D,D,D,C,D,D,D,D,D,D,D,C,D,D,D,D,D,D,D,D,D,D","D,D,D,D,D,C,D,D,D,D,D,C,D,D,D,D,D,D,D,D,D,D,D,D,D,D,D,D,D,D",agent2,VLLMGptOss20B,selfish,0.05,216,0.0,1.0,0,,"D,D,D,D,D,D,D,D,D,D,D,D,D,D,D,D,D,D,D,D,D,D,D,D,D,D,D,D,D,D","D,D,D,D,D,D,D,D,D,D,D,D,D,D,D,D,D,D,D,D,D,D,D,D,D,D,D,D,D,D",1.0,0.9762,0.1944,gpt-oss-20b,5,game_25
gpt-oss-20b__noise05__game_27,28,2026-02-12T09:25:31.841649,en,True,30,30,agent1,VLLMGptOss20B,selfish,0.05,222,0.1,0.9,3,"1,7,12","C,D,D,D,D,D,C,D,D,D,D,C,D,D,D,D,D,D,D,D,D,D,D,D,D,D,D,D,D,D","D,D,D,D,D,D,D,D,D,D,D,D,D,D,D,D,D,D,D,D,D,D,D,D,D,D,D,D,D,D",agent2,VLLMGptOss20B,selfish,0.05,222,0.1,0.9,3,"4,12,17","D,D,D,C,D,D,D,D,D,D,D,C,D,D,D,D,C,D,D,D,D,D,D,D,D,D,D,D,D,D","D,D,D,D,D,D,D,D,D,D,D,D,D,D,D,D,D,D,D,D,D,D,D,D,D,D,D,D,D,D",1.0,0.9762,0.0,gpt-oss-20b,5,game_27
gpt-oss-20b__noise05__game_28,29,2026-02-12T09:30:20.088972,en,True,30,30,agent1,VLLMGptOss20B,cooperative,0.05,224,0.0,1.0,0,,"D,D,D,D,D,D,D,D,D,D,D,D,D,D,D,D,D,D,D,D,D,D,D,D,D,D,D,D,D,D","D,D,D,D,D,D,D,D,D,D,D,D,D,D,D,D,D,D,D,D,D,D,D,D,D,D,D,D,D,D",agent2,VLLMGptOss20B,cooperative,0.05,244,0.0667,0.9333,2,"6,17","D,D,D,D,D,C,D,D,D,D,D,D,D,D,D,D,C,D,D,D,D,D,D,D,D,D,D,D,D,D","D,D,D,D,D,D,D,D,D,D,D,D,D,D,D,D,D,D,D,D,D,D,D,D,D,D,D,D,D,D",1.0,1.0,0.0556,gpt-oss-20b,5,game_28
gpt-oss-20b__noise05__game_30,31,2026-02-12T09:30:30.059420,en,True,30,30,agent1,VLLMGptOss20B,selfish,0.05,242,0.0333,0.9667,1,4,"D,D,D,C,D,D,D,D,D,D,D,D,D,D,D,D,D,D,D,D,D,D,D,D,D,D,D,D,D,D","D,D,D,D,D,D,D,D,D,D,D,D,D,D,D,D,D,D,D,D,D,D,D,D,D,D,D,D,D,D",agent2,VLLMGptOss20B,cooperative,0.05,232,0.0,1.0,0,,"D,D,D,D,D,D,D,D,D,D,D,D,D,D,D,D,D,D,D,D,D,D,D,D,D,D,D,D,D,D","D,D,D,D,D,D,D,D,D,D,D,D,D,D,D,D,D,D,D,D,D,D,D,D,D,D,D,D,D,D",1.0,0.9762,0.1667,gpt-oss-20b,5,game_30
gpt-oss-20b__noise05__game_29,30,2026-02-12T09:31:14.695478,en,True,30,30,agent1,VLLMGptOss20B,cooperative,0.05,234,0.0333,0.9667,1,17,"D,D,D,D,D,D,D,D,D,D,D,D,D,D,D,D,C,D,D,D,D,D,D,D,D,D,D,D,D,D","D,D,D,D,D,D,D,D,D,D,D,D,D,D,D,D,D,D,D,D,D,D,D,D,D,D,D,D,D,D",agent2,VLLMGptOss20B,selfish,0.05,234,0.0333,0.9667,1,26,"D,D,D,D,D,D,D,D,D,D,D,D,D,D,D,D,D,D,D,D,D,D,D,D,D,C,D,D,D,D","D,D,D,D,D,D,D,D,D,D,D,D,D,D,D,D,D,D,D,D,D,D,D,D,D,D,D,D,D,D",1.0,0.9762,0.1111,gpt-oss-20b,5,game_29
gpt-oss-20b__noise05__game_31,32,2026-02-12T09:31:42.693652,en,True,30,30,agent1,VLLMGptOss20B,selfish,0.05,230,0.1,0.9,3,"4,13,24","D,D,D,C,D,D,D,D,D,D,D,D,C,D,D,D,D,D,D,D,D,D,D,C,D,D,D,D,D,D","D,D,D,D,D,D,D,D,D,D,D,D,D,D,D,D,D,D,D,D,D,D,D,D,D,D,D,D,D,D",agent2,VLLMGptOss20B,selfish,0.05,220,0.0667,0.9333,2,"5,23","D,D,D,D,C,D,D,D,D,D,D,D,D,D,D,D,D,D,D,D,D,D,C,D,D,D,D,D,D,D","D,D,D,D,D,D,D,D,D,D,D,D,D,D,D,D,D,D,D,D,D,D,D,D,D,D,D,D,D,D",1.0,0.9762,0.0,gpt-oss-20b,5,game_31
gpt-oss-20b__noise05__game_32,33,2026-02-12T09:35:46.974897,en,True,30,30,agent1,VLLMGptOss20B,cooperative,0.05,240,0.0,1.0,0,,"D,D,D,D,D,D,D,D,D,D,D,D,D,D,D,D,D,D,D,D,D,D,D,D,D,D,D,D,D,D","D,D,D,D,D,D,D,D,D,D,D,D,D,D,D,D,D,D,D,D,D,D,D,D,D,D,D,D,D,D",agent2,VLLMGptOss20B,cooperative,0.05,240,0.0,1.0,0,,"D,D,D,D,D,D,D,D,D,D,D,D,D,D,D,D,D,D,D,D,D,D,D,D,D,D,D,D,D,D","D,D,D,D,D,D,D,D,D,D,D,D,D,D,D,D,D,D,D,D,D,D,D,D,D,D,D,D,D,D",1.0,1.0,0.3333,gpt-oss-20b,5,game_32
gpt-oss-20b__noise05__game_33,34,2026-02-12T09:36:41.373132,en,True,30,30,agent1,VLLMGptOss20B,cooperative,0.05,234,0.0333,0.9667,1,26,"D,D,D,D,D,D,D,D,D,D,D,D,D,D,D,D,D,D,D,D,D,D,D,D,D,C,D,D,D,D","D,D,D,D,D,D,D,D,D,D,D,D,D,D,D,D,D,D,D,D,D,D,D,D,D,D,D,D,D,D",agent2,VLLMGptOss20B,selfish,0.05,234,0.0333,0.9667,1,14,"D,D,D,D,D,D,D,D,D,D,D,D,D,C,D,D,D,D,D,D,D,D,D,D,D,D,D,D,D,D","D,D,D,D,D,D,D,D,D,D,D,D,D,D,D,D,D,D,D,D,D,D,D,D,D,D,D,D,D,D",1.0,0.9524,0.1389,gpt-oss-20b,5,game_33
gpt-oss-20b__noise05__game_34,35,2026-02-12T09:38:35.282666,en,True,30,30,agent1,VLLMGptOss20B,selfish,0.05,240,0.1333,0.8667,4,"2,4,14,24","D,C,D,C,D,D,D,D,D,D,D,D,D,C,D,D,D,D,D,D,D,D,D,C,D,D,D,D,D,D","D,D,D,D,D,D,D,D,D,D,D,D,D,D,D,D,D,D,D,D,D,D,D,D,D,D,D,D,D,D",agent2,VLLMGptOss20B,cooperative,0.05,210,0.0333,0.9667,1,9,"D,D,D,D,D,D,D,D,C,D,D,D,D,D,D,D,D,D,D,D,D,D,D,D,D,D,D,D,D,D","D,D,D,D,D,D,D,D,D,D,D,D,D,D,D,D,D,D,D,D,D,D,D,D,D,D,D,D,D,D",1.0,0.9762,0.1111,gpt-oss-20b,5,game_34
gpt-oss-20b__noise05__game_35,36,2026-02-12T09:39:14.275018,en,True,30,30,agent1,VLLMGptOss20B,selfish,0.05,210,0.0333,0.9667,1,24,"D,D,D,D,D,D,D,D,D,D,D,D,D,D,D,D,D,D,D,D,D,D,D,C,D,D,D,D,D,D","D,D,D,D,D,D,D,D,D,D,D,D,D,D,D,D,D,D,D,D,D,D,D,D,D,D,D,D,D,D",agent2,VLLMGptOss20B,selfish,0.05,240,0.1333,0.8667,4,"2,3,9,30","D,C,C,D,D,D,D,D,C,D,D,D,D,D,D,D,D,D,D,D,D,D,D,D,D,D,D,D,D,C","D,D,D,D,D,D,D,D,D,D,D,D,D,D,D,D,D,D,D,D,D,D,D,D,D,D,D,D,D,D",1.0,1.0,0.0556,gpt-oss-20b,5,game_35
gpt-oss-20b__noise05__game_36,37,2026-02-12T09:42:50.540632,en,True,30,30,agent1,VLLMGptOss20B,cooperative,0.05,236,0.0667,0.9333,1,11,"C,D,D,D,D,D,D,D,D,D,C,D,D,D,D,D,D,D,D,D,D,D,D,D,D,D,D,D,D,D","C,D,D,D,D,D,D,D,D,D,D,D,D,D,D,D,D,D,D,D,D,D,D,D,D,D,D,D,D,D",agent2,VLLMGptOss20B,cooperative,0.05,226,0.0333,0.9667,1,14,"D,D,D,D,D,D,D,D,D,D,D,D,D,C,D,D,D,D,D,D,D,D,D,D,D,D,D,D,D,D","D,D,D,D,D,D,D,D,D,D,D,D,D,D,D,D,D,D,D,D,D,D,D,D,D,D,D,D,D,D",1.0,1.0,0.0556,gpt-oss-20b,5,game_36
gpt-oss-20b__noise05__game_37,38,2026-02-12T09:43:07.696041,en,True,30,30,agent1,VLLMGptOss20B,cooperative,0.05,228,0.0667,0.9333,2,"6,24","D,D,D,D,D,C,D,D,D,D,D,D,D,D,D,D,D,D,D,D,D,D,D,C,D,D,D,D,D,D","D,D,D,D,D,D,D,D,D,D,D,D,D,D,D,D,D,D,D,D,D,D,D,D,D,D,D,D,D,D",agent2,VLLMGptOss20B,selfish,0.05,228,0.0667,0.9333,2,"13,20","D,D,D,D,D,D,D,D,D,D,D,D,C,D,D,D,D,D,D,C,D,D,D,D,D,D,D,D,D,D","D,D,D,D,D,D,D,D,D,D,D,D,D,D,D,D,D,D,D,D,D,D,D,D,D,D,D,D,D,D",1.0,1.0,0.0556,gpt-oss-20b,5,game_37
gpt-oss-20b__noise05__game_38,39,2026-02-12T09:44:29.710279,en,True,30,30,agent1,VLLMGptOss20B,selfish,0.05,242,0.0333,0.9667,1,3,"D,D,C,D,D,D,D,D,D,D,D,D,D,D,D,D,D,D,D,D,D,D,D,D,D,D,D,D,D,D","D,D,D,D,D,D,D,D,D,D,D,D,D,D,D,D,D,D,D,D,D,D,D,D,D,D,D,D,D,D",agent2,VLLMGptOss20B,cooperative,0.05,232,0.0,1.0,0,,"D,D,D,D,D,D,D,D,D,D,D,D,D,D,D,D,D,D,D,D,D,D,D,D,D,D,D,D,D,D","D,D,D,D,D,D,D,D,D,D,D,D,D,D,D,D,D,D,D,D,D,D,D,D,D,D,D,D,D,D",1.0,1.0,0.1944,gpt-oss-20b,5,game_38
gpt-oss-20b__noise05__game_39,40,2026-02-12T09:45:17.640426,en,True,30,30,agent1,VLLMGptOss20B,selfish,0.05,228,0.0667,0.9333,2,"12,20","D,D,D,D,D,D,D,D,D,D,D,C,D,D,D,D,D,D,D,C,D,D,D,D,D,D,D,D,D,D","D,D,D,D,D,D,D,D,D,D,D,D,D,D,D,D,D,D,D,D,D,D,D,D,D,D,D,D,D,D",agent2,VLLMGptOss20B,selfish,0.05,228,0.0667,0.9333,2,"9,24","D,D,D,D,D,D,D,D,C,D,D,D,D,D,D,D,D,D,D,D,D,D,D,C,D,D,D,D,D,D","D,D,D,D,D,D,D,D,D,D,D,D,D,D,D,D,D,D,D,D,D,D,D,D,D,D,D,D,D,D",1.0,0.9762,0.1111,gpt-oss-20b,5,game_39
gpt-oss-20b__noise05__game_40,41,2026-02-12T09:50:15.074351,fr,True,30,30,agent1,VLLMGptOss20B,coopératif,0.05,232,0.1333,0.8667,3,"3,4,18","C,T,C,C,T,T,T,T,T,T,T,T,T,T,T,T,T,C,T,T,T,T,T,T,T,T,T,T,T,T","C,T,T,T,T,T,T,T,T,T,T,T,T,T,T,T,T,T,T,T,T,T,T,T,T,T,T,T,T,T",agent2,VLLMGptOss20B,coopératif,0.05,212,0.0667,0.9333,0,,"T,C,T,T,T,T,T,T,T,T,T,T,T,T,T,T,T,T,T,C,T,T,T,T,T,T,T,T,T,T","T,C,T,T,T,T,T,T,T,T,T,T,T,T,T,T,T,T,T,C,T,T,T,T,T,T,T,T,T,T",1.0,0.9524,0.0,gpt-oss-20b,5,game_40
gpt-oss-20b__noise05__game_41,42,2026-02-12T09:50:27.498871,fr,True,30,30,agent1,VLLMGptOss20B,coopératif,0.05,228,0.0667,0.9333,0,,"C,T,T,T,T,T,T,T,T,T,T,T,T,T,T,T,C,T,T,T,T,T,T,T,T,T,T,T,T,T","C,T,T,T,T,T,T,T,T,T,T,T,T,T,T,T,C,T,T,T,T,T,T,T,T,T,T,T,T,T",agent2,VLLMGptOss20B,égoïste,0.05,228,0.0667,0.9333,2,"21,24","T,T,T,T,T,T,T,T,T,T,T,T,T,T,T,T,T,T,T,T,C,T,T,C,T,T,T,T,T,T","T,T,T,T,T,T,T,T,T,T,T,T,T,T,T,T,T,T,T,T,T,T,T,T,T,T,T,T,T,T",0.9868,0.9524,0.1111,gpt-oss-20b,5,game_41
gpt-oss-20b__noise05__game_42,43,2026-02-12T09:50:59.592183,fr,True,30,30,agent1,VLLMGptOss20B,égoïste,0.05,226,0.0333,0.9667,1,2,"T,C,T,T,T,T,T,T,T,T,T,T,T,T,T,T,T,T,T,T,T,T,T,T,T,T,T,T,T,T","T,T,T,T,T,T,T,T,T,T,T,T,T,T,T,T,T,T,T,T,T,T,T,T,T,T,T,T,T,T",agent2,VLLMGptOss20B,coopératif,0.05,236,0.0667,0.9333,1,2,"C,C,T,T,T,T,T,T,T,T,T,T,T,T,T,T,T,T,T,T,T,T,T,T,T,T,T,T,T,T","C,T,T,T,T,T,T,T,T,T,T,T,T,T,T,T,T,T,T,T,T,T,T,T,T,T,T,T,T,T",1.0,0.9524,0.0,gpt-oss-20b,5,game_42
gpt-oss-20b__noise05__game_43,44,2026-02-12T09:51:10.851526,fr,True,30,30,agent1,VLLMGptOss20B,égoïste,0.05,216,0.0,1.0,0,,"T,T,T,T,T,T,T,T,T,T,T,T,T,T,T,T,T,T,T,T,T,T,T,T,T,T,T,T,T,T","T,T,T,T,T,T,T,T,T,T,T,T,T,T,T,T,T,T,T,T,T,T,T,T,T,T,T,T,T,T",agent2,VLLMGptOss20B,égoïste,0.05,246,0.1,0.9,3,"7,9,12","T,T,T,T,T,T,C,T,C,T,T,C,T,T,T,T,T,T,T,T,T,T,T,T,T,T,T,T,T,T","T,T,T,T,T,T,T,T,T,T,T,T,T,T,T,T,T,T,T,T,T,T,T,T,T,T,T,T,T,T",0.9737,0.9524,0.0833,gpt-oss-20b,5,game_43
gpt-oss-20b__noise05__game_45,46,2026-02-12T09:56:37.749006,fr,True,30,30,agent1,VLLMGptOss20B,coopératif,0.05,246,0.1,0.9,0,,"C,T,T,T,T,T,T,T,T,T,T,T,T,T,T,T,T,C,T,T,T,T,T,T,T,T,T,T,C,T","C,T,T,T,T,T,T,T,T,T,T,T,T,T,T,T,T,C,T,T,T,T,T,T,T,T,T,T,C,T",agent2,VLLMGptOss20B,égoïste,0.05,216,0.0,1.0,0,,"T,T,T,T,T,T,T,T,T,T,T,T,T,T,T,T,T,T,T,T,T,T,T,T,T,T,T,T,T,T","T,T,T,T,T,T,T,T,T,T,T,T,T,T,T,T,T,T,T,T,T,T,T,T,T,T,T,T,T,T",1.0,0.9048,0.1667,gpt-oss-20b,5,game_45
gpt-oss-20b__noise05__game_47,48,2026-02-12T09:56:42.973725,fr,True,30,30,agent1,VLLMGptOss20B,égoïste,0.05,232,0.0,1.0,0,,"T,T,T,T,T,T,T,T,T,T,T,T,T,T,T,T,T,T,T,T,T,T,T,T,T,T,T,T,T,T","T,T,T,T,T,T,T,T,T,T,T,T,T,T,T,T,T,T,T,T,T,T,T,T,T,T,T,T,T,T",agent2,VLLMGptOss20B,égoïste,0.05,242,0.0333,0.9667,1,11,"T,T,T,T,T,T,T,T,T,T,C,T,T,T,T,T,T,T,T,T,T,T,T,T,T,T,T,T,T,T","T,T,T,T,T,T,T,T,T,T,T,T,T,T,T,T,T,T,T,T,T,T,T,T,T,T,T,T,T,T",1.0,0.9762,0.25,gpt-oss-20b,5,game_47
gpt-oss-20b__noise05__game_46,47,2026-02-12T09:57:57.723825,fr,True,30,30,agent1,VLLMGptOss20B,égoïste,0.05,200,0.0,1.0,0,,"T,T,T,T,T,T,T,T,T,T,T,T,T,T,T,T,T,T,T,T,T,T,T,T,T,T,T,T,T,T","T,T,T,T,T,T,T,T,T,T,T,T,T,T,T,T,T,T,T,T,T,T,T,T,T,T,T,T,T,T",agent2,VLLMGptOss20B,coopératif,0.05,250,0.1667,0.8333,2,"5,23","C,T,T,C,C,T,T,T,T,T,T,T,T,T,T,T,T,T,T,C,T,T,C,T,T,T,T,T,T,T","C,T,T,C,T,T,T,T,T,T,T,T,T,T,T,T,T,T,T,C,T,T,T,T,T,T,T,T,T,T",1.0,0.9286,0.1389,gpt-oss-20b,5,game_46
gpt-oss-20b__noise05__game_44,45,2026-02-12T09:58:15.550880,fr,True,30,30,agent1,VLLMGptOss20B,coopératif,0.05,218,0.0333,0.9667,1,7,"T,T,T,T,T,T,C,T,T,T,T,T,T,T,T,T,T,T,T,T,T,T,T,T,T,T,T,T,T,T","T,T,T,T,T,T,T,T,T,T,T,T,T,T,T,T,T,T,T,T,T,T,T,T,T,T,T,T,T,T",agent2,VLLMGptOss20B,coopératif,0.05,238,0.1,0.9,0,,"C,T,T,T,T,C,T,T,T,T,T,T,T,T,T,T,T,T,T,T,T,T,T,T,T,T,T,T,C,T","C,T,T,T,T,C,T,T,T,T,T,T,T,T,T,T,T,T,T,T,T,T,T,T,T,T,T,T,C,T",1.0,0.9762,0.0,gpt-oss-20b,5,game_44
gpt-oss-20b__noise05__game_49,50,2026-02-12T10:03:13.763799,fr,True,30,30,agent1,VLLMGptOss20B,coopératif,0.05,228,0.0667,0.9333,1,10,"C,T,T,T,T,T,T,T,T,C,T,T,T,T,T,T,T,T,T,T,T,T,T,T,T,T,T,T,T,T","C,T,T,T,T,T,T,T,T,T,T,T,T,T,T,T,T,T,T,T,T,T,T,T,T,T,T,T,T,T",agent2,VLLMGptOss20B,égoïste,0.05,228,0.0667,0.9333,2,"4,5","T,T,T,C,C,T,T,T,T,T,T,T,T,T,T,T,T,T,T,T,T,T,T,T,T,T,T,T,T,T","T,T,T,T,T,T,T,T,T,T,T,T,T,T,T,T,T,T,T,T,T,T,T,T,T,T,T,T,T,T",1.0,0.9286,0.0,gpt-oss-20b,5,game_49
gpt-oss-20b__noise05__game_48,49,2026-02-12T10:03:44.462749,fr,True,30,30,agent1,VLLMGptOss20B,coopératif,0.05,224,0.1333,0.8667,3,"3,19,27","C,C,T,T,T,T,T,T,T,T,T,T,T,T,T,T,T,T,C,T,T,T,T,T,T,T,C,T,T,T","C,C,C,T,T,T,T,T,T,T,T,T,T,T,T,T,T,T,T,T,T,T,T,T,T,T,T,T,T,T",agent2,VLLMGptOss20B,coopératif,0.05,214,0.1,0.9,3,"2,9,23","C,T,T,T,T,T,T,T,C,T,T,T,T,T,T,T,T,T,T,T,T,T,C,T,T,T,T,T,T,T","C,C,T,T,T,T,T,T,T,T,T,T,T,T,T,T,T,T,T,T,T,T,T,T,T,T,T,T,T,T",0.9737,0.9762,0.0,gpt-oss-20b,5,game_48
gpt-oss-20b__noise05__game_51,52,2026-02-12T10:03:58.418638,fr,True,30,30,agent1,VLLMGptOss20B,égoïste,0.05,234,0.0333,0.9667,1,13,"T,T,T,T,T,T,T,T,T,T,T,T,C,T,T,T,T,T,T,T,T,T,T,T,T,T,T,T,T,T","T,T,T,T,T,T,T,T,T,T,T,T,T,T,T,T,T,T,T,T,T,T,T,T,T,T,T,T,T,T",agent2,VLLMGptOss20B,égoïste,0.05,234,0.0333,0.9667,1,16,"T,T,T,T,T,T,T,T,T,T,T,T,T,T,T,C,T,T,T,T,T,T,T,T,T,T,T,T,T,T","T,T,T,T,T,T,T,T,T,T,T,T,T,T,T,T,T,T,T,T,T,T,T,T,T,T,T,T,T,T",0.9737,0.9524,0.1389,gpt-oss-20b,5,game_51
gpt-oss-20b__noise05__game_50,51,2026-02-12T10:07:53.438039,fr,True,30,30,agent1,VLLMGptOss20B,égoïste,0.05,176,0.1333,0.8667,2,"5,8","T,T,T,T,C,T,T,C,T,T,T,T,T,C,T,T,T,T,T,T,T,C,T,T,T,T,T,T,T,T","T,T,T,T,T,T,T,T,T,T,T,T,T,C,T,T,T,T,T,T,T,C,T,T,T,T,T,T,T,T",agent2,VLLMGptOss20B,coopératif,0.05,226,0.3,0.7,2,"19,22","C,T,T,T,T,T,T,T,T,T,T,T,T,C,C,T,T,C,C,T,T,C,T,T,C,T,C,T,T,C","C,T,T,T,T,T,T,T,T,T,T,T,T,C,C,T,T,C,T,T,T,T,T,T,C,T,C,T,T,C",1.0,0.9762,0.0,gpt-oss-20b,5,game_50
gpt-oss-20b__noise05__game_53,54,2026-02-12T10:10:14.095262,fr,True,30,30,agent1,VLLMGptOss20B,coopératif,0.05,228,0.0667,0.9333,1,25,"T,T,T,C,T,T,T,T,T,T,T,T,T,T,T,T,T,T,T,T,T,T,T,T,C,T,T,T,T,T","T,T,T,C,T,T,T,T,T,T,T,T,T,T,T,T,T,T,T,T,T,T,T,T,T,T,T,T,T,T",agent2,VLLMGptOss20B,égoïste,0.05,228,0.0667,0.9333,2,"15,30","T,T,T,T,T,T,T,T,T,T,T,T,T,T,C,T,T,T,T,T,T,T,T,T,T,T,T,T,T,C","T,T,T,T,T,T,T,T,T,T,T,T,T,T,T,T,T,T,T,T,T,T,T,T,T,T,T,T,T,T",1.0,0.9524,0.0556,gpt-oss-20b,5,game_53
gpt-oss-20b__noise05__game_52,53,2026-02-12T10:10:55.174571,fr,True,30,30,agent1,VLLMGptOss20B,coopératif,0.05,228,0.0667,0.9333,1,16,"C,T,T,T,T,T,T,T,T,T,T,T,T,T,T,C,T,T,T,T,T,T,T,T,T,T,T,T,T,T","C,T,T,T,T,T,T,T,T,T,T,T,T,T,T,T,T,T,T,T,T,T,T,T,T,T,T,T,T,T",agent2,VLLMGptOss20B,coopératif,0.05,228,0.0667,0.9333,2,"18,27","T,T,T,T,T,T,T,T,T,T,T,T,T,T,T,T,T,C,T,T,T,T,T,T,T,T,C,T,T,T","T,T,T,T,T,T,T,T,T,T,T,T,T,T,T,T,T,T,T,T,T,T,T,T,T,T,T,T,T,T",1.0,0.9286,0.0833,gpt-oss-20b,5,game_52
gpt-oss-20b__noise05__game_55,56,2026-02-12T10:13:49.113558,fr,True,30,30,agent1,VLLMGptOss20B,égoïste,0.05,226,0.0333,0.9667,1,5,"T,T,T,T,C,T,T,T,T,T,T,T,T,T,T,T,T,T,T,T,T,T,T,T,T,T,T,T,T,T","T,T,T,T,T,T,T,T,T,T,T,T,T,T,T,T,T,T,T,T,T,T,T,T,T,T,T,T,T,T",agent2,VLLMGptOss20B,égoïste,0.05,236,0.0667,0.9333,1,19,"T,T,T,T,T,T,T,T,T,T,T,T,T,T,T,T,T,T,C,T,T,T,T,T,C,T,T,T,T,T","T,T,T,T,T,T,T,T,T,T,T,T,T,T,T,T,T,T,T,T,T,T,T,T,C,T,T,T,T,T",1.0,0.9762,0.1111,gpt-oss-20b,5,game_55
gpt-oss-20b__noise05__game_54,55,2026-02-12T10:14:57.849173,fr,True,30,30,agent1,VLLMGptOss20B,égoïste,0.05,186,0.0333,0.9667,1,11,"T,T,T,T,T,T,T,T,T,T,C,T,T,T,T,T,T,T,T,T,T,T,T,T,T,T,T,T,T,T","T,T,T,T,T,T,T,T,T,T,T,T,T,T,T,T,T,T,T,T,T,T,T,T,T,T,T,T,T,T",agent2,VLLMGptOss20B,coopératif,0.05,246,0.2333,0.7667,0,,"C,T,C,C,T,C,T,T,T,T,T,T,T,C,T,C,T,T,C,T,T,T,T,T,T,T,T,T,T,T","C,T,C,C,T,C,T,T,T,T,T,T,T,C,T,C,T,T,C,T,T,T,T,T,T,T,T,T,T,T",1.0,0.9524,0.0556,gpt-oss-20b,5,game_54
gpt-oss-20b__noise05__game_57,58,2026-02-12T10:17:46.574646,fr,True,30,30,agent1,VLLMGptOss20B,coopératif,0.05,220,0.0667,0.9333,3,"1,12,19","T,T,T,T,T,T,T,T,T,T,T,C,T,T,T,T,T,T,C,T,T,T,T,T,T,T,T,T,T,T","C,T,T,T,T,T,T,T,T,T,T,T,T,T,T,T,T,T,T,T,T,T,T,T,T,T,T,T,T,T",agent2,VLLMGptOss20B,égoïste,0.05,230,0.1,0.9,3,"3,25,30","T,T,C,T,T,T,T,T,T,T,T,T,T,T,T,T,T,T,T,T,T,T,T,T,C,T,T,T,T,C","T,T,T,T,T,T,T,T,T,T,T,T,T,T,T,T,T,T,T,T,T,T,T,T,T,T,T,T,T,T",1.0,0.8333,0.0278,gpt-oss-20b,5,game_57
gpt-oss-20b__noise05__game_56,57,2026-02-12T10:19:19.311889,fr,True,30,30,agent1,VLLMGptOss20B,coopératif,0.05,224,0.1333,0.8667,3,"17,18,21","C,T,T,T,T,T,T,T,T,T,T,T,T,T,T,T,C,C,T,T,C,T,T,T,T,T,T,T,T,T","C,T,T,T,T,T,T,T,T,T,T,T,T,T,T,T,T,T,T,T,T,T,T,T,T,T,T,T,T,T",agent2,VLLMGptOss20B,coopératif,0.05,214,0.1,0.9,3,"6,19,25","T,T,T,T,T,C,T,T,T,T,T,T,T,T,T,T,T,T,C,T,T,T,T,T,C,T,T,T,T,T","T,T,T,T,T,T,T,T,T,T,T,T,T,T,T,T,T,T,T,T,T,T,T,T,T,T,T,T,T,T",1.0,0.9762,0.0278,gpt-oss-20b,5,game_56
gpt-oss-20b__noise05__game_58,59,2026-02-12T10:19:37.621966,fr,True,30,30,agent1,VLLMGptOss20B,égoïste,0.05,220,0.0667,0.9333,2,"19,27","T,T,T,T,T,T,T,T,T,T,T,T,T,T,T,T,T,T,C,T,T,T,T,T,T,T,C,T,T,T","T,T,T,T,T,T,T,T,T,T,T,T,T,T,T,T,T,T,T,T,T,T,T,T,T,T,T,T,T,T",agent2,VLLMGptOss20B,coopératif,0.05,230,0.1,0.9,2,"17,28","C,T,T,T,T,T,T,T,T,T,T,T,T,T,T,T,C,T,T,T,T,T,T,T,T,T,T,C,T,T","C,T,T,T,T,T,T,T,T,T,T,T,T,T,T,T,T,T,T,T,T,T,T,T,T,T,T,T,T,T",1.0,0.9524,0.0556,gpt-oss-20b,5,game_58
gpt-oss-20b__noise05__game_59,60,2026-02-12T10:19:55.226209,fr,True,30,30,agent1,VLLMGptOss20B,égoïste,0.05,244,0.0667,0.9333,2,"1,26","C,T,T,T,T,T,T,T,T,T,T,T,T,T,T,T,T,T,T,T,T,T,T,T,T,C,T,T,T,T","T,T,T,T,T,T,T,T,T,T,T,T,T,T,T,T,T,T,T,T,T,T,T,T,T,T,T,T,T,T",agent2,VLLMGptOss20B,égoïste,0.05,224,0.0,1.0,0,,"T,T,T,T,T,T,T,T,T,T,T,T,T,T,T,T,T,T,T,T,T,T,T,T,T,T,T,T,T,T","T,T,T,T,T,T,T,T,T,T,T,T,T,T,T,T,T,T,T,T,T,T,T,T,T,T,T,T,T,T",1.0,0.9524,0.1667,gpt-oss-20b,5,game_59
gpt-oss-20b__noise05__game_63,64,2026-02-12T10:25:03.783278,fr,True,30,30,agent1,VLLMGptOss20B,égoïste,0.05,242,0.0333,0.9667,1,24,"T,T,T,T,T,T,T,T,T,T,T,T,T,T,T,T,T,T,T,T,T,T,T,C,T,T,T,T,T,T","T,T,T,T,T,T,T,T,T,T,T,T,T,T,T,T,T,T,T,T,T,T,T,T,T,T,T,T,T,T",agent2,VLLMGptOss20B,égoïste,0.05,232,0.0,1.0,0,,"T,T,T,T,T,T,T,T,T,T,T,T,T,T,T,T,T,T,T,T,T,T,T,T,T,T,T,T,T,T","T,T,T,T,T,T,T,T,T,T,T,T,T,T,T,T,T,T,T,T,T,T,T,T,T,T,T,T,T,T",0.9868,0.9524,0.2778,gpt-oss-20b,5,game_63
gpt-oss-20b__noise05__game_62,63,2026-02-12T10:25:46.761452,fr,True,30,30,agent1,VLLMGptOss20B,égoïste,0.05,218,0.0333,0.9667,1,24,"T,T,T,T,T,T,T,T,T,T,T,T,T,T,T,T,T,T,T,T,T,T,T,C,T,T,T,T,T,T","T,T,T,T,T,T,T,T,T,T,T,T,T,T,T,T,T,T,T,T,T,T,T,T,T,T,T,T,T,T",agent2,VLLMGptOss20B,coopératif,0.05,238,0.1,0.9,2,"6,17","C,T,T,T,T,C,T,T,T,T,T,T,T,T,T,T,C,T,T,T,T,T,T,T,T,T,T,T,T,T","C,T,T,T,T,T,T,T,T,T,T,T,T,T,T,T,T,T,T,T,T,T,T,T,T,T,T,T,T,T",1.0,0.9286,0.1111,gpt-oss-20b,5,game_62
gpt-oss-20b__noise05__game_60,61,2026-02-12T10:26:01.426753,fr,True,30,30,agent1,VLLMGptOss20B,coopératif,0.05,234,0.1667,0.8333,4,"12,15,16,19","C,T,T,T,T,T,T,T,T,T,T,C,T,T,C,C,T,T,C,T,T,T,T,T,T,T,T,T,T,T","C,T,T,T,T,T,T,T,T,T,T,T,T,T,T,T,T,T,T,T,T,T,T,T,T,T,T,T,T,T",agent2,VLLMGptOss20B,coopératif,0.05,204,0.0667,0.9333,2,"1,18","T,C,T,T,T,T,T,T,T,T,T,T,T,T,T,T,T,C,T,T,T,T,T,T,T,T,T,T,T,T","C,C,T,T,T,T,T,T,T,T,T,T,T,T,T,T,T,T,T,T,T,T,T,T,T,T,T,T,T,T",1.0,0.9048,0.0,gpt-oss-20b,5,game_60
gpt-oss-20b__noise05__game_61,62,2026-02-12T10:27:44.297594,fr,True,30,30,agent1,VLLMGptOss20B,coopératif,0.05,248,0.1333,0.8667,1,28,"C,T,T,T,T,T,T,C,T,T,T,T,T,T,T,T,T,T,T,T,T,T,C,T,T,T,T,C,T,T","C,T,T,T,T,T,T,C,T,T,T,T,T,T,T,T,T,T,T,T,T,T,C,T,T,T,T,T,T,T",agent2,VLLMGptOss20B,égoïste,0.05,208,0.0,1.0,0,,"T,T,T,T,T,T,T,T,T,T,T,T,T,T,T,T,T,T,T,T,T,T,T,T,T,T,T,T,T,T","T,T,T,T,T,T,T,T,T,T,T,T,T,T,T,T,T,T,T,T,T,T,T,T,T,T,T,T,T,T",1.0,0.9048,0.1667,gpt-oss-20b,5,game_61
gpt-oss-20b__noise05__game_65,66,2026-02-12T10:32:24.204212,fr,True,30,30,agent1,VLLMGptOss20B,coopératif,0.05,224,0.1333,0.8667,2,"14,28","C,T,T,T,T,T,T,T,T,T,T,T,T,C,T,T,T,T,T,C,T,T,T,T,T,T,T,C,T,T","C,T,T,T,T,T,T,T,T,T,T,T,T,T,T,T,T,T,T,C,T,T,T,T,T,T,T,T,T,T",agent2,VLLMGptOss20B,égoïste,0.05,214,0.1,0.9,3,"5,17,28","T,T,T,T,C,T,T,T,T,T,T,T,T,T,T,T,C,T,T,T,T,T,T,T,T,T,T,C,T,T","T,T,T,T,T,T,T,T,T,T,T,T,T,T,T,T,T,T,T,T,T,T,T,T,T,T,T,T,T,T",1.0,0.9524,0.0,gpt-oss-20b,5,game_65
gpt-oss-20b__noise05__game_66,67,2026-02-12T10:32:42.578718,fr,True,30,30,agent1,VLLMGptOss20B,égoïste,0.05,228,0.0667,0.9333,2,"10,23","T,T,T,T,T,T,T,T,T,C,T,T,T,T,T,T,T,T,T,T,T,T,C,T,T,T,T,T,T,T","T,T,T,T,T,T,T,T,T,T,T,T,T,T,T,T,T,T,T,T,T,T,T,T,T,T,T,T,T,T",agent2,VLLMGptOss20B,coopératif,0.05,228,0.0667,0.9333,1,30,"C,T,T,T,T,T,T,T,T,T,T,T,T,T,T,C,T,T,T,T,T,T,T,T,T,T,T,T,T,T","C,T,T,T,T,T,T,T,T,T,T,T,T,T,T,C,T,T,T,T,T,T,T,T,T,T,T,T,T,C",0.9868,0.9762,0.0278,gpt-oss-20b,5,game_66
gpt-oss-20b__noise05__game_67,68,2026-02-12T10:33:00.453878,fr,True,30,30,agent1,VLLMGptOss20B,égoïste,0.05,236,0.0667,0.9333,2,"24,25","T,T,T,T,T,T,T,T,T,T,T,T,T,T,T,T,T,T,T,T,T,T,T,C,C,T,T,T,T,T","T,T,T,T,T,T,T,T,T,T,T,T,T,T,T,T,T,T,T,T,T,T,T,T,T,T,T,T,T,T",agent2,VLLMGptOss20B,égoïste,0.05,226,0.0333,0.9667,1,17,"T,T,T,T,T,T,T,T,T,T,T,T,T,T,T,T,C,T,T,T,T,T,T,T,T,T,T,T,T,T","T,T,T,T,T,T,T,T,T,T,T,T,T,T,T,T,T,T,T,T,T,T,T,T,T,T,T,T,T,T",1.0,0.9762,0.25,gpt-oss-20b,5,game_67
gpt-oss-20b__noise05__game_64,65,2026-02-12T10:34:41.699567,fr,True,30,30,agent1,VLLMGptOss20B,coopératif,0.05,194,0.0333,0.9667,1,2,"C,T,T,T,T,T,T,T,T,T,T,T,T,T,T,T,T,T,T,T,T,T,T,T,T,T,T,T,T,T","C,C,T,T,T,T,T,T,T,T,T,T,T,T,T,T,T,T,T,T,T,T,T,T,T,T,T,T,T,T",agent2,VLLMGptOss20B,coopératif,0.05,244,0.2,0.8,3,"7,15,26","T,C,C,T,T,T,C,T,T,T,T,T,T,T,C,T,C,T,T,T,T,T,T,T,T,C,T,T,T,T","T,C,C,T,T,T,T,T,T,T,T,T,T,T,T,T,C,T,T,T,T,T,T,T,T,T,T,T,T,T",1.0,0.9048,0.0,gpt-oss-20b,5,game_64
gpt-oss-20b__noise05__game_68,69,2026-02-12T10:38:24.169958,fr,True,30,30,agent1,VLLMGptOss20B,coopératif,0.05,240,0.0,1.0,1,1,"T,T,T,T,T,T,T,T,T,T,T,T,T,T,T,T,T,T,T,T,T,T,T,T,T,T,T,T,T,T","C,T,T,T,T,T,T,T,T,T,T,T,T,T,T,T,T,T,T,T,T,T,T,T,T,T,T,T,T,T",agent2,VLLMGptOss20B,coopératif,0.05,240,0.0,1.0,0,,"T,T,T,T,T,T,T,T,T,T,T,T,T,T,T,T,T,T,T,T,T,T,T,T,T,T,T,T,T,T","T,T,T,T,T,T,T,T,T,T,T,T,T,T,T,T,T,T,T,T,T,T,T,T,T,T,T,T,T,T",1.0,0.9048,0.3056,gpt-oss-20b,5,game_68
gpt-oss-20b__noise05__game_69,70,2026-02-12T10:38:28.430582,fr,True,30,30,agent1,VLLMGptOss20B,coopératif,0.05,228,0.0667,0.9333,0,,"C,C,T,T,T,T,T,T,T,T,T,T,T,T,T,T,T,T,T,T,T,T,T,T,T,T,T,T,T,T","C,C,T,T,T,T,T,T,T,T,T,T,T,T,T,T,T,T,T,T,T,T,T,T,T,T,T,T,T,T",agent2,VLLMGptOss20B,égoïste,0.05,228,0.0667,0.9333,2,"12,20","T,T,T,T,T,T,T,T,T,T,T,C,T,T,T,T,T,T,T,C,T,T,T,T,T,T,T,T,T,T","T,T,T,T,T,T,T,T,T,T,T,T,T,T,T,T,T,T,T,T,T,T,T,T,T,T,T,T,T,T",1.0,1.0,0.0556,gpt-oss-20b,5,game_69
gpt-oss-20b__noise05__game_70,71,2026-02-12T10:40:30.894900,fr,True,30,30,agent1,VLLMGptOss20B,égoïste,0.05,222,0.1,0.9,3,"18,19,24","T,T,T,T,T,T,T,T,T,T,T,T,T,T,T,T,T,C,C,T,T,T,T,C,T,T,T,T,T,T","T,T,T,T,T,T,T,T,T,T,T,T,T,T,T,T,T,T,T,T,T,T,T,T,T,T,T,T,T,T",agent2,VLLMGptOss20B,coopératif,0.05,222,0.1,0.9,0,,"C,T,T,T,T,C,T,T,T,C,T,T,T,T,T,T,T,T,T,T,T,T,T,T,T,T,T,T,T,T","C,T,T,T,T,C,T,T,T,C,T,T,T,T,T,T,T,T,T,T,T,T,T,T,T,T,T,T,T,T",1.0,0.9286,0.1111,gpt-oss-20b,5,game_70
gpt-oss-20b__noise05__game_71,72,2026-02-12T10:41:10.980504,fr,True,30,30,agent1,VLLMGptOss20B,égoïste,0.05,234,0.0333,0.9667,0,,"T,T,T,T,T,C,T,T,T,T,T,T,T,T,T,T,T,T,T,T,T,T,T,T,T,T,T,T,T,T","T,T,T,T,T,C,T,T,T,T,T,T,T,T,T,T,T,T,T,T,T,T,T,T,T,T,T,T,T,T",agent2,VLLMGptOss20B,égoïste,0.05,234,0.0333,0.9667,0,,"T,T,T,T,T,T,T,T,T,T,T,T,T,T,T,T,T,T,T,T,T,T,C,T,T,T,T,T,T,T","T,T,T,T,T,T,T,T,T,T,T,T,T,T,T,T,T,T,T,T,T,T,C,T,T,T,T,T,T,T",1.0,0.9048,0.1389,gpt-oss-20b,5,game_71
gpt-oss-20b__noise05__game_73,74,2026-02-12T10:43:56.417185,fr,True,30,30,agent1,VLLMGptOss20B,coopératif,0.05,242,0.0333,0.9667,1,20,"T,T,T,T,T,T,T,T,T,T,T,T,T,T,T,T,T,T,T,C,T,T,T,T,T,T,T,T,T,T","T,T,T,T,T,T,T,T,T,T,T,T,T,T,T,T,T,T,T,T,T,T,T,T,T,T,T,T,T,T",agent2,VLLMGptOss20B,égoïste,0.05,232,0.0,1.0,0,,"T,T,T,T,T,T,T,T,T,T,T,T,T,T,T,T,T,T,T,T,T,T,T,T,T,T,T,T,T,T","T,T,T,T,T,T,T,T,T,T,T,T,T,T,T,T,T,T,T,T,T,T,T,T,T,T,T,T,T,T",1.0,0.9524,0.25,gpt-oss-20b,5,game_73
gpt-oss-20b__noise05__game_75,76,2026-02-12T10:45:34.553597,fr,True,30,30,agent1,VLLMGptOss20B,égoïste,0.05,232,0.0,1.0,0,,"T,T,T,T,T,T,T,T,T,T,T,T,T,T,T,T,T,T,T,T,T,T,T,T,T,T,T,T,T,T","T,T,T,T,T,T,T,T,T,T,T,T,T,T,T,T,T,T,T,T,T,T,T,T,T,T,T,T,T,T",agent2,VLLMGptOss20B,égoïste,0.05,242,0.0333,0.9667,1,24,"T,T,T,T,T,T,T,T,T,T,T,T,T,T,T,T,T,T,T,T,T,T,T,C,T,T,T,T,T,T","T,T,T,T,T,T,T,T,T,T,T,T,T,T,T,T,T,T,T,T,T,T,T,T,T,T,T,T,T,T",1.0,0.9286,0.2222,gpt-oss-20b,5,game_75
gpt-oss-20b__noise05__game_74,75,2026-02-12T10:48:17.786994,fr,True,30,30,agent1,VLLMGptOss20B,égoïste,0.05,204,0.0667,0.9333,2,"10,25","T,T,T,T,T,T,T,T,T,C,T,T,T,T,T,T,T,T,T,T,T,T,T,T,C,T,T,T,T,T","T,T,T,T,T,T,T,T,T,T,T,T,T,T,T,T,T,T,T,T,T,T,T,T,T,T,T,T,T,T",agent2,VLLMGptOss20B,coopératif,0.05,234,0.1667,0.8333,2,"6,18","C,T,T,T,T,C,T,T,T,T,T,T,T,T,T,T,T,C,C,T,T,T,T,C,T,T,T,T,T,T","C,T,T,T,T,T,T,T,T,T,T,T,T,T,T,T,T,T,C,T,T,T,T,C,T,T,T,T,T,T",1.0,0.9524,0.0,gpt-oss-20b,5,game_74
gpt-oss-20b__noise05__game_72,73,2026-02-12T10:49:16.362634,fr,True,30,30,agent1,VLLMGptOss20B,coopératif,0.05,202,0.0333,0.9667,0,,"C,T,T,T,T,T,T,T,T,T,T,T,T,T,T,T,T,T,T,T,T,T,T,T,T,T,T,T,T,T","C,T,T,T,T,T,T,T,T,T,T,T,T,T,T,T,T,T,T,T,T,T,T,T,T,T,T,T,T,T",agent2,VLLMGptOss20B,coopératif,0.05,242,0.1667,0.8333,2,"20,27","T,C,T,T,T,T,T,T,T,T,T,T,T,T,T,T,C,T,T,C,T,T,T,T,C,T,C,T,T,T","T,C,T,T,T,T,T,T,T,T,T,T,T,T,T,T,C,T,T,T,T,T,T,T,C,T,T,T,T,T",1.0,0.9762,0.0,gpt-oss-20b,5,game_72
gpt-oss-20b__noise05__game_77,78,2026-02-12T10:51:18.146957,fr,True,30,30,agent1,VLLMGptOss20B,coopératif,0.05,244,0.0667,0.9333,0,,"C,T,T,T,T,T,T,T,T,T,T,T,T,T,T,T,T,T,T,T,T,T,T,T,T,T,T,T,C,T","C,T,T,T,T,T,T,T,T,T,T,T,T,T,T,T,T,T,T,T,T,T,T,T,T,T,T,T,C,T",agent2,VLLMGptOss20B,égoïste,0.05,224,0.0,1.0,0,,"T,T,T,T,T,T,T,T,T,T,T,T,T,T,T,T,T,T,T,T,T,T,T,T,T,T,T,T,T,T","T,T,T,T,T,T,T,T,T,T,T,T,T,T,T,T,T,T,T,T,T,T,T,T,T,T,T,T,T,T",0.9868,0.9286,0.1389,gpt-oss-20b,5,game_77
gpt-oss-20b__noise05__game_76,77,2026-02-12T10:52:46.958816,fr,True,30,30,agent1,VLLMGptOss20B,coopératif,0.05,178,0.1667,0.8333,1,3,"C,C,T,C,C,C,T,T,T,T,T,T,T,T,T,T,T,T,T,T,T,T,T,T,T,T,T,T,T,T","C,C,C,C,C,C,T,T,T,T,T,T,T,T,T,T,T,T,T,T,T,T,T,T,T,T,T,T,T,T",agent2,VLLMGptOss20B,coopératif,0.05,218,0.3,0.7,3,"2,21,27","C,T,C,C,C,C,C,T,T,T,T,T,T,T,T,T,T,T,T,T,C,T,T,T,T,T,C,T,T,C","C,C,C,C,C,C,C,T,T,T,T,T,T,T,T,T,T,T,T,T,T,T,T,T,T,T,T,T,T,C",1.0,0.9286,0.0,gpt-oss-20b,5,game_76
gpt-oss-20b__noise05__game_78,79,2026-02-12T10:54:36.589269,fr,True,30,30,agent1,VLLMGptOss20B,égoïste,0.05,228,0.0667,0.9333,2,"18,28","T,T,T,T,T,T,T,T,T,T,T,T,T,T,T,T,T,C,T,T,T,T,T,T,T,T,T,C,T,T","T,T,T,T,T,T,T,T,T,T,T,T,T,T,T,T,T,T,T,T,T,T,T,T,T,T,T,T,T,T",agent2,VLLMGptOss20B,coopératif,0.05,228,0.0667,0.9333,2,"4,9","T,T,T,C,T,T,T,T,C,T,T,T,T,T,T,T,T,T,T,T,T,T,T,T,T,T,T,T,T,T","T,T,T,T,T,T,T,T,T,T,T,T,T,T,T,T,T,T,T,T,T,T,T,T,T,T,T,T,T,T",1.0,0.9286,0.0556,gpt-oss-20b,5,game_78
gpt-oss-20b__noise05__game_79,80,2026-02-12T10:55:06.001159,fr,True,30,30,agent1,VLLMGptOss20B,égoïste,0.05,228,0.0667,0.9333,2,"7,19","T,T,T,T,T,T,C,T,T,T,T,T,T,T,T,T,T,T,C,T,T,T,T,T,T,T,T,T,T,T","T,T,T,T,T,T,T,T,T,T,T,T,T,T,T,T,T,T,T,T,T,T,T,T,T,T,T,T,T,T",agent2,VLLMGptOss20B,égoïste,0.05,228,0.0667,0.9333,2,"12,26","T,T,T,T,T,T,T,T,T,T,T,C,T,T,T,T,T,T,T,T,T,T,T,T,T,C,T,T,T,T","T,T,T,T,T,T,T,T,T,T,T,T,T,T,T,T,T,T,T,T,T,T,T,T,T,T,T,T,T,T",1.0,0.9762,0.1111,gpt-oss-20b,5,game_79
gpt-oss-20b__noise05__game_80,81,2026-02-12T10:58:09.327660,ar,True,30,30,agent1,VLLMGptOss20B,متعاون,0.05,236,0.0667,0.9333,1,28,"ت,خ,خ,خ,خ,خ,خ,خ,خ,خ,خ,خ,خ,خ,خ,خ,خ,خ,خ,خ,خ,خ,خ,خ,خ,خ,خ,ت,خ,خ","ت,خ,خ,خ,خ,خ,خ,خ,خ,خ,خ,خ,خ,خ,خ,خ,خ,خ,خ,خ,خ,خ,خ,خ,خ,خ,خ,خ,خ,خ",agent2,VLLMGptOss20B,متعاون,0.05,226,0.0333,0.9667,1,5,"خ,خ,خ,خ,ت,خ,خ,خ,خ,خ,خ,خ,خ,خ,خ,خ,خ,خ,خ,خ,خ,خ,خ,خ,خ,خ,خ,خ,خ,خ","خ,خ,خ,خ,خ,خ,خ,خ,خ,خ,خ,خ,خ,خ,خ,خ,خ,خ,خ,خ,خ,خ,خ,خ,خ,خ,خ,خ,خ,خ",1.0,0.9762,0.0,gpt-oss-20b,5,game_80
gpt-oss-20b__noise05__game_81,82,2026-02-12T11:00:12.542503,ar,True,30,30,agent1,VLLMGptOss20B,متعاون,0.05,234,0.0333,0.9667,1,19,"خ,خ,خ,خ,خ,خ,خ,خ,خ,خ,خ,خ,خ,خ,خ,خ,خ,خ,ت,خ,خ,خ,خ,خ,خ,خ,خ,خ,خ,خ","خ,خ,خ,خ,خ,خ,خ,خ,خ,خ,خ,خ,خ,خ,خ,خ,خ,خ,خ,خ,خ,خ,خ,خ,خ,خ,خ,خ,خ,خ",agent2,VLLMGptOss20B,أناني,0.05,234,0.0333,0.9667,1,18,"خ,خ,خ,خ,خ,خ,خ,خ,خ,خ,خ,خ,خ,خ,خ,خ,خ,ت,خ,خ,خ,خ,خ,خ,خ,خ,خ,خ,خ,خ","خ,خ,خ,خ,خ,خ,خ,خ,خ,خ,خ,خ,خ,خ,خ,خ,خ,خ,خ,خ,خ,خ,خ,خ,خ,خ,خ,خ,خ,خ",1.0,0.9524,0.1111,gpt-oss-20b,5,game_81
gpt-oss-20b__noise05__game_83,84,2026-02-12T11:00:34.415053,ar,True,30,30,agent1,VLLMGptOss20B,أناني,0.05,242,0.0333,0.9667,1,27,"خ,خ,خ,خ,خ,خ,خ,خ,خ,خ,خ,خ,خ,خ,خ,خ,خ,خ,خ,خ,خ,خ,خ,خ,خ,خ,ت,خ,خ,خ","خ,خ,خ,خ,خ,خ,خ,خ,خ,خ,خ,خ,خ,خ,خ,خ,خ,خ,خ,خ,خ,خ,خ,خ,خ,خ,خ,خ,خ,خ",agent2,VLLMGptOss20B,أناني,0.05,232,0.0,1.0,0,,"خ,خ,خ,خ,خ,خ,خ,خ,خ,خ,خ,خ,خ,خ,خ,خ,خ,خ,خ,خ,خ,خ,خ,خ,خ,خ,خ,خ,خ,خ","خ,خ,خ,خ,خ,خ,خ,خ,خ,خ,خ,خ,خ,خ,خ,خ,خ,خ,خ,خ,خ,خ,خ,خ,خ,خ,خ,خ,خ,خ",1.0,0.9762,0.1389,gpt-oss-20b,5,game_83
gpt-oss-20b__noise05__game_82,83,2026-02-12T11:01:58.555098,ar,True,30,30,agent1,VLLMGptOss20B,أناني,0.05,216,0.0,1.0,0,,"خ,خ,خ,خ,خ,خ,خ,خ,خ,خ,خ,خ,خ,خ,خ,خ,خ,خ,خ,خ,خ,خ,خ,خ,خ,خ,خ,خ,خ,خ","خ,خ,خ,خ,خ,خ,خ,خ,خ,خ,خ,خ,خ,خ,خ,خ,خ,خ,خ,خ,خ,خ,خ,خ,خ,خ,خ,خ,خ,خ",agent2,VLLMGptOss20B,متعاون,0.05,246,0.1,0.9,2,"8,30","خ,خ,خ,خ,خ,خ,خ,ت,خ,خ,خ,خ,خ,خ,خ,ت,خ,خ,خ,خ,خ,خ,خ,خ,خ,خ,خ,خ,خ,ت","خ,خ,خ,خ,خ,خ,خ,خ,خ,خ,خ,خ,خ,خ,خ,ت,خ,خ,خ,خ,خ,خ,خ,خ,خ,خ,خ,خ,خ,خ",1.0,1.0,0.0,gpt-oss-20b,5,game_82
gpt-oss-20b__noise05__game_85,86,2026-02-12T11:05:29.145796,ar,True,30,30,agent1,VLLMGptOss20B,متعاون,0.05,236,0.0667,0.9333,1,27,"ت,خ,خ,خ,خ,خ,خ,خ,خ,خ,خ,خ,خ,خ,خ,خ,خ,خ,خ,خ,خ,خ,خ,خ,خ,خ,ت,خ,خ,خ","ت,خ,خ,خ,خ,خ,خ,خ,خ,خ,خ,خ,خ,خ,خ,خ,خ,خ,خ,خ,خ,خ,خ,خ,خ,خ,خ,خ,خ,خ",agent2,VLLMGptOss20B,أناني,0.05,226,0.0333,0.9667,1,1,"ت,خ,خ,خ,خ,خ,خ,خ,خ,خ,خ,خ,خ,خ,خ,خ,خ,خ,خ,خ,خ,خ,خ,خ,خ,خ,خ,خ,خ,خ","خ,خ,خ,خ,خ,خ,خ,خ,خ,خ,خ,خ,خ,خ,خ,خ,خ,خ,خ,خ,خ,خ,خ,خ,خ,خ,خ,خ,خ,خ",1.0,0.9286,0.0,gpt-oss-20b,5,game_85
gpt-oss-20b__noise05__game_86,87,2026-02-12T11:07:53.912452,ar,True,30,30,agent1,VLLMGptOss20B,أناني,0.05,222,0.1,0.9,3,"16,21,23","خ,خ,خ,خ,خ,خ,خ,خ,خ,خ,خ,خ,خ,خ,خ,ت,خ,خ,خ,خ,ت,خ,ت,خ,خ,خ,خ,خ,خ,خ","خ,خ,خ,خ,خ,خ,خ,خ,خ,خ,خ,خ,خ,خ,خ,خ,خ,خ,خ,خ,خ,خ,خ,خ,خ,خ,خ,خ,خ,خ",agent2,VLLMGptOss20B,متعاون,0.05,222,0.1,0.9,2,"6,13","ت,خ,خ,خ,خ,ت,خ,خ,خ,خ,خ,خ,ت,خ,خ,خ,خ,خ,خ,خ,خ,خ,خ,خ,خ,خ,خ,خ,خ,خ","ت,خ,خ,خ,خ,خ,خ,خ,خ,خ,خ,خ,خ,خ,خ,خ,خ,خ,خ,خ,خ,خ,خ,خ,خ,خ,خ,خ,خ,خ",1.0,0.9048,0.0,gpt-oss-20b,5,game_86
gpt-oss-20b__noise05__game_84,85,2026-02-12T11:08:14.498275,ar,True,30,30,agent1,VLLMGptOss20B,متعاون,0.05,230,0.1,0.9,1,25,"خ,ت,خ,خ,خ,خ,خ,خ,خ,خ,خ,خ,خ,خ,ت,خ,خ,خ,خ,خ,خ,خ,خ,خ,ت,خ,خ,خ,خ,خ","خ,ت,خ,خ,خ,خ,خ,خ,خ,خ,خ,خ,خ,خ,ت,خ,خ,خ,خ,خ,خ,خ,خ,خ,خ,خ,خ,خ,خ,خ",agent2,VLLMGptOss20B,متعاون,0.05,220,0.0667,0.9333,1,13,"ت,خ,خ,خ,خ,خ,خ,خ,خ,خ,خ,خ,ت,خ,خ,خ,خ,خ,خ,خ,خ,خ,خ,خ,خ,خ,خ,خ,خ,خ","ت,خ,خ,خ,خ,خ,خ,خ,خ,خ,خ,خ,خ,خ,خ,خ,خ,خ,خ,خ,خ,خ,خ,خ,خ,خ,خ,خ,خ,خ",1.0,0.9286,0.0,gpt-oss-20b,5,game_84
gpt-oss-20b__noise05__game_88,89,2026-02-12T11:12:21.923591,ar,True,30,30,agent1,VLLMGptOss20B,متعاون,0.05,220,0.0667,0.9333,1,9,"خ,ت,خ,خ,خ,خ,خ,خ,ت,خ,خ,خ,خ,خ,خ,خ,خ,خ,خ,خ,خ,خ,خ,خ,خ,خ,خ,خ,خ,خ","خ,ت,خ,خ,خ,خ,خ,خ,خ,خ,خ,خ,خ,خ,خ,خ,خ,خ,خ,خ,خ,خ,خ,خ,خ,خ,خ,خ,خ,خ",agent2,VLLMGptOss20B,متعاون,0.05,230,0.1,0.9,1,13,"ت,خ,خ,خ,خ,خ,خ,خ,خ,خ,خ,خ,ت,خ,خ,خ,خ,خ,خ,خ,خ,خ,خ,خ,خ,خ,خ,ت,خ,خ","ت,خ,خ,خ,خ,خ,خ,خ,خ,خ,خ,خ,خ,خ,خ,خ,خ,خ,خ,خ,خ,خ,خ,خ,خ,خ,خ,ت,خ,خ",1.0,0.9286,0.0,gpt-oss-20b,5,game_88
gpt-oss-20b__noise05__game_87,88,2026-02-12T11:14:08.866422,ar,True,30,30,agent1,VLLMGptOss20B,أناني,0.05,224,0.1333,0.8667,3,"2,19,30","خ,ت,خ,خ,خ,خ,خ,ت,خ,خ,خ,خ,خ,خ,خ,خ,خ,خ,ت,خ,خ,خ,خ,خ,خ,خ,خ,خ,خ,ت","خ,خ,خ,خ,خ,خ,خ,ت,خ,خ,خ,خ,خ,خ,خ,خ,خ,خ,خ,خ,خ,خ,خ,خ,خ,خ,خ,خ,خ,خ",agent2,VLLMGptOss20B,أناني,0.05,214,0.1,0.9,2,"9,27","ت,خ,خ,خ,خ,خ,خ,خ,ت,خ,خ,خ,خ,خ,خ,خ,خ,خ,خ,خ,خ,خ,خ,خ,خ,خ,ت,خ,خ,خ","ت,خ,خ,خ,خ,خ,خ,خ,خ,خ,خ,خ,خ,خ,خ,خ,خ,خ,خ,خ,خ,خ,خ,خ,خ,خ,خ,خ,خ,خ",0.9868,1.0,0.0,gpt-oss-20b,5,game_87
gpt-oss-20b__noise05__game_90,91,2026-02-12T11:14:32.438565,ar,True,30,30,agent1,VLLMGptOss20B,أناني,0.05,240,0.0,1.0,0,,"خ,خ,خ,خ,خ,خ,خ,خ,خ,خ,خ,خ,خ,خ,خ,خ,خ,خ,خ,خ,خ,خ,خ,خ,خ,خ,خ,خ,خ,خ","خ,خ,خ,خ,خ,خ,خ,خ,خ,خ,خ,خ,خ,خ,خ,خ,خ,خ,خ,خ,خ,خ,خ,خ,خ,خ,خ,خ,خ,خ",agent2,VLLMGptOss20B,متعاون,0.05,240,0.0,1.0,1,2,"خ,خ,خ,خ,خ,خ,خ,خ,خ,خ,خ,خ,خ,خ,خ,خ,خ,خ,خ,خ,خ,خ,خ,خ,خ,خ,خ,خ,خ,خ","خ,ت,خ,خ,خ,خ,خ,خ,خ,خ,خ,خ,خ,خ,خ,خ,خ,خ,خ,خ,خ,خ,خ,خ,خ,خ,خ,خ,خ,خ",1.0,0.9762,0.1667,gpt-oss-20b,5,game_90
gpt-oss-20b__noise05__game_89,90,2026-02-12T11:16:36.992530,ar,True,30,30,agent1,VLLMGptOss20B,متعاون,0.05,242,0.1667,0.8333,3,"3,11,13","ت,خ,ت,خ,خ,خ,خ,خ,خ,خ,ت,خ,ت,خ,خ,خ,خ,خ,خ,خ,خ,خ,ت,خ,خ,خ,خ,خ,خ,خ","ت,خ,خ,خ,خ,خ,خ,خ,خ,خ,خ,خ,خ,خ,خ,خ,خ,خ,خ,خ,خ,خ,ت,خ,خ,خ,خ,خ,خ,خ",agent2,VLLMGptOss20B,أناني,0.05,202,0.0333,0.9667,0,,"خ,خ,خ,خ,خ,خ,خ,خ,خ,خ,خ,خ,خ,خ,خ,خ,خ,خ,ت,خ,خ,خ,خ,خ,خ,خ,خ,خ,خ,خ","خ,خ,خ,خ,خ,خ,خ,خ,خ,خ,خ,خ,خ,خ,خ,خ,خ,خ,ت,خ,خ,خ,خ,خ,خ,خ,خ,خ,خ,خ",1.0,0.9286,0.0556,gpt-oss-20b,5,game_89
gpt-oss-20b__noise05__game_91,92,2026-02-12T11:18:31.514131,ar,True,30,30,agent1,VLLMGptOss20B,أناني,0.05,234,0.0333,0.9667,1,8,"خ,خ,خ,خ,خ,خ,خ,ت,خ,خ,خ,خ,خ,خ,خ,خ,خ,خ,خ,خ,خ,خ,خ,خ,خ,خ,خ,خ,خ,خ","خ,خ,خ,خ,خ,خ,خ,خ,خ,خ,خ,خ,خ,خ,خ,خ,خ,خ,خ,خ,خ,خ,خ,خ,خ,خ,خ,خ,خ,خ",agent2,VLLMGptOss20B,أناني,0.05,234,0.0333,0.9667,1,14,"خ,خ,خ,خ,خ,خ,خ,خ,خ,خ,خ,خ,خ,ت,خ,خ,خ,خ,خ,خ,خ,خ,خ,خ,خ,خ,خ,خ,خ,خ","خ,خ,خ,خ,خ,خ,خ,خ,خ,خ,خ,خ,خ,خ,خ,خ,خ,خ,خ,خ,خ,خ,خ,خ,خ,خ,خ,خ,خ,خ",1.0,1.0,0.0278,gpt-oss-20b,5,game_91
gpt-oss-20b__noise05__game_93,94,2026-02-12T11:21:46.530587,ar,True,30,30,agent1,VLLMGptOss20B,متعاون,0.05,228,0.0667,0.9333,1,4,"ت,خ,خ,ت,خ,خ,خ,خ,خ,خ,خ,خ,خ,خ,خ,خ,خ,خ,خ,خ,خ,خ,خ,خ,خ,خ,خ,خ,خ,خ","ت,خ,خ,خ,خ,خ,خ,خ,خ,خ,خ,خ,خ,خ,خ,خ,خ,خ,خ,خ,خ,خ,خ,خ,خ,خ,خ,خ,خ,خ",agent2,VLLMGptOss20B,أناني,0.05,228,0.0667,0.9333,2,"29,30","خ,خ,خ,خ,خ,خ,خ,خ,خ,خ,خ,خ,خ,خ,خ,خ,خ,خ,خ,خ,خ,خ,خ,خ,خ,خ,خ,خ,ت,ت","خ,خ,خ,خ,خ,خ,خ,خ,خ,خ,خ,خ,خ,خ,خ,خ,خ,خ,خ,خ,خ,خ,خ,خ,خ,خ,خ,خ,خ,خ",1.0,0.9524,0.0833,gpt-oss-20b,5,game_93
gpt-oss-20b__noise05__game_94,95,2026-02-12T11:23:02.222279,ar,True,30,30,agent1,VLLMGptOss20B,أناني,0.05,234,0.0333,0.9667,1,13,"خ,خ,خ,خ,خ,خ,خ,خ,خ,خ,خ,خ,ت,خ,خ,خ,خ,خ,خ,خ,خ,خ,خ,خ,خ,خ,خ,خ,خ,خ","خ,خ,خ,خ,خ,خ,خ,خ,خ,خ,خ,خ,خ,خ,خ,خ,خ,خ,خ,خ,خ,خ,خ,خ,خ,خ,خ,خ,خ,خ",agent2,VLLMGptOss20B,متعاون,0.05,234,0.0333,0.9667,0,,"ت,خ,خ,خ,خ,خ,خ,خ,خ,خ,خ,خ,خ,خ,خ,خ,خ,خ,خ,خ,خ,خ,خ,خ,خ,خ,خ,خ,خ,خ","ت,خ,خ,خ,خ,خ,خ,خ,خ,خ,خ,خ,خ,خ,خ,خ,خ,خ,خ,خ,خ,خ,خ,خ,خ,خ,خ,خ,خ,خ",1.0,0.9524,0.0278,gpt-oss-20b,5,game_94
gpt-oss-20b__noise05__game_92,93,2026-02-12T11:23:33.681586,ar,True,30,30,agent1,VLLMGptOss20B,متعاون,0.05,246,0.1,0.9,2,"1,23","خ,خ,خ,خ,خ,ت,خ,خ,خ,خ,خ,خ,خ,خ,خ,ت,خ,خ,خ,خ,خ,خ,ت,خ,خ,خ,خ,خ,خ,خ","ت,خ,خ,خ,خ,ت,خ,خ,خ,خ,خ,خ,خ,خ,خ,ت,خ,خ,خ,خ,خ,خ,خ,خ,خ,خ,خ,خ,خ,خ",agent2,VLLMGptOss20B,متعاون,0.05,216,0.0,1.0,0,,"خ,خ,خ,خ,خ,خ,خ,خ,خ,خ,خ,خ,خ,خ,خ,خ,خ,خ,خ,خ,خ,خ,خ,خ,خ,خ,خ,خ,خ,خ","خ,خ,خ,خ,خ,خ,خ,خ,خ,خ,خ,خ,خ,خ,خ,خ,خ,خ,خ,خ,خ,خ,خ,خ,خ,خ,خ,خ,خ,خ",1.0,0.9524,0.0,gpt-oss-20b,5,game_92
gpt-oss-20b__noise05__game_95,96,2026-02-12T11:25:40.814230,ar,True,30,30,agent1,VLLMGptOss20B,أناني,0.05,218,0.0333,0.9667,0,,"خ,خ,خ,خ,خ,خ,خ,خ,خ,خ,خ,خ,خ,خ,خ,خ,خ,خ,خ,خ,خ,خ,خ,خ,خ,خ,خ,خ,خ,ت","خ,خ,خ,خ,خ,خ,خ,خ,خ,خ,خ,خ,خ,خ,خ,خ,خ,خ,خ,خ,خ,خ,خ,خ,خ,خ,خ,خ,خ,ت",agent2,VLLMGptOss20B,أناني,0.05,238,0.1,0.9,2,"23,28","خ,خ,خ,خ,خ,خ,خ,خ,خ,خ,خ,خ,خ,خ,خ,خ,خ,خ,خ,خ,ت,خ,ت,خ,خ,خ,خ,ت,خ,خ","خ,خ,خ,خ,خ,خ,خ,خ,خ,خ,خ,خ,خ,خ,خ,خ,خ,خ,خ,خ,ت,خ,خ,خ,خ,خ,خ,خ,خ,خ",1.0,0.9524,0.0833,gpt-oss-20b,5,game_95
gpt-oss-20b__noise05__game_97,98,2026-02-12T11:29:02.324119,ar,True,30,30,agent1,VLLMGptOss20B,متعاون,0.05,240,0.0,1.0,0,,"خ,خ,خ,خ,خ,خ,خ,خ,خ,خ,خ,خ,خ,خ,خ,خ,خ,خ,خ,خ,خ,خ,خ,خ,خ,خ,خ,خ,خ,خ","خ,خ,خ,خ,خ,خ,خ,خ,خ,خ,خ,خ,خ,خ,خ,خ,خ,خ,خ,خ,خ,خ,خ,خ,خ,خ,خ,خ,خ,خ",agent2,VLLMGptOss20B,أناني,0.05,240,0.0,1.0,0,,"خ,خ,خ,خ,خ,خ,خ,خ,خ,خ,خ,خ,خ,خ,خ,خ,خ,خ,خ,خ,خ,خ,خ,خ,خ,خ,خ,خ,خ,خ","خ,خ,خ,خ,خ,خ,خ,خ,خ,خ,خ,خ,خ,خ,خ,خ,خ,خ,خ,خ,خ,خ,خ,خ,خ,خ,خ,خ,خ,خ",1.0,0.9762,0.0833,gpt-oss-20b,5,game_97
gpt-oss-20b__noise05__game_96,97,2026-02-12T11:29:21.986002,ar,True,30,30,agent1,VLLMGptOss20B,متعاون,0.05,218,0.0333,0.9667,0,,"ت,خ,خ,خ,خ,خ,خ,خ,خ,خ,خ,خ,خ,خ,خ,خ,خ,خ,خ,خ,خ,خ,خ,خ,خ,خ,خ,خ,خ,خ","ت,خ,خ,خ,خ,خ,خ,خ,خ,خ,خ,خ,خ,خ,خ,خ,خ,خ,خ,خ,خ,خ,خ,خ,خ,خ,خ,خ,خ,خ",agent2,VLLMGptOss20B,متعاون,0.05,238,0.1,0.9,2,"13,26","خ,ت,خ,خ,خ,خ,خ,خ,خ,خ,خ,خ,ت,خ,خ,خ,خ,خ,خ,خ,خ,خ,خ,خ,خ,ت,خ,خ,خ,خ","خ,ت,خ,خ,خ,خ,خ,خ,خ,خ,خ,خ,خ,خ,خ,خ,خ,خ,خ,خ,خ,خ,خ,خ,خ,خ,خ,خ,خ,خ",1.0,0.9524,0.0,gpt-oss-20b,5,game_96
gpt-oss-20b__noise05__game_98,99,2026-02-12T11:31:30.110702,ar,True,30,30,agent1,VLLMGptOss20B,أناني,0.05,238,0.1,0.9,3,"2,22,23","خ,ت,خ,خ,خ,خ,خ,خ,خ,خ,خ,خ,خ,خ,خ,خ,خ,خ,خ,خ,خ,ت,ت,خ,خ,خ,خ,خ,خ,خ","خ,خ,خ,خ,خ,خ,خ,خ,خ,خ,خ,خ,خ,خ,خ,خ,خ,خ,خ,خ,خ,خ,خ,خ,خ,خ,خ,خ,خ,خ",agent2,VLLMGptOss20B,متعاون,0.05,218,0.0333,0.9667,1,10,"خ,خ,خ,خ,خ,خ,خ,خ,خ,ت,خ,خ,خ,خ,خ,خ,خ,خ,خ,خ,خ,خ,خ,خ,خ,خ,خ,خ,خ,خ","خ,خ,خ,خ,خ,خ,خ,خ,خ,خ,خ,خ,خ,خ,خ,خ,خ,خ,خ,خ,خ,خ,خ,خ,خ,خ,خ,خ,خ,خ",1.0,0.9762,0.0,gpt-oss-20b,5,game_98
gpt-oss-20b__noise05__game_99,100,2026-02-12T11:31:56.634707,ar,True,30,30,agent1,VLLMGptOss20B,أناني,0.05,236,0.0667,0.9333,1,18,"خ,خ,خ,خ,خ,خ,خ,خ,خ,خ,خ,خ,خ,خ,خ,خ,خ,ت,خ,خ,خ,خ,خ,خ,خ,خ,خ,خ,خ,ت","خ,خ,خ,خ,خ,خ,خ,خ,خ,خ,خ,خ,خ,خ,خ,خ,خ,خ,خ,خ,خ,خ,خ,خ,خ,خ,خ,خ,خ,ت",agent2,VLLMGptOss20B,أناني,0.05,226,0.0333,0.9667,0,,"خ,خ,خ,خ,خ,خ,خ,خ,خ,خ,خ,خ,خ,خ,خ,خ,خ,خ,خ,خ,خ,خ,خ,خ,خ,خ,خ,خ,ت,خ","خ,خ,خ,خ,خ,خ,خ,خ,خ,خ,خ,خ,خ,خ,خ,خ,خ,خ,خ,خ,خ,خ,خ,خ,خ,خ,خ,خ,ت,خ",1.0,0.9762,0.1111,gpt-oss-20b,5,game_99
gpt-oss-20b__noise05__game_100,101,2026-02-12T11:36:05.739668,ar,True,30,30,agent1,VLLMGptOss20B,متعاون,0.05,228,0.0667,0.9333,2,"17,22","خ,خ,خ,خ,خ,خ,خ,خ,خ,خ,خ,خ,خ,خ,خ,خ,ت,خ,خ,خ,خ,ت,خ,خ,خ,خ,خ,خ,خ,خ","خ,خ,خ,خ,خ,خ,خ,خ,خ,خ,خ,خ,خ,خ,خ,خ,خ,خ,خ,خ,خ,خ,خ,خ,خ,خ,خ,خ,خ,خ",agent2,VLLMGptOss20B,متعاون,0.05,228,0.0667,0.9333,3,"1,17,27","خ,خ,خ,خ,خ,خ,خ,خ,خ,خ,خ,خ,خ,خ,خ,خ,ت,خ,خ,خ,خ,خ,خ,خ,خ,خ,ت,خ,خ,خ","ت,خ,خ,خ,خ,خ,خ,خ,خ,خ,خ,خ,خ,خ,خ,خ,خ,خ,خ,خ,خ,خ,خ,خ,خ,خ,خ,خ,خ,خ",1.0,0.9762,0.0833,gpt-oss-20b,5,game_100
gpt-oss-20b__noise05__game_101,102,2026-02-12T11:36:28.383962,ar,True,30,30,agent1,VLLMGptOss20B,متعاون,0.05,228,0.2,0.8,5,"4,9,18,19,26","ت,خ,خ,ت,خ,خ,خ,خ,ت,خ,خ,خ,خ,خ,خ,خ,خ,ت,ت,خ,خ,خ,خ,خ,خ,ت,خ,خ,خ,خ","ت,خ,خ,خ,خ,خ,خ,خ,خ,خ,خ,خ,خ,خ,خ,خ,خ,خ,خ,خ,خ,خ,خ,خ,خ,خ,خ,خ,خ,خ",agent2,VLLMGptOss20B,أناني,0.05,198,0.1,0.9,3,"23,25,26","خ,خ,خ,خ,خ,خ,خ,خ,خ,خ,خ,خ,خ,خ,خ,خ,خ,خ,خ,خ,خ,خ,ت,خ,ت,ت,خ,خ,خ,خ","خ,خ,خ,خ,خ,خ,خ,خ,خ,خ,خ,خ,خ,خ,خ,خ,خ,خ,خ,خ,خ,خ,خ,خ,خ,خ,خ,خ,خ,خ",1.0,0.9524,0.0,gpt-oss-20b,5,game_101
gpt-oss-20b__noise05__game_103,104,2026-02-12T11:38:20.979660,ar,True,30,30,agent1,VLLMGptOss20B,أناني,0.05,226,0.0333,0.9667,0,,"ت,خ,خ,خ,خ,خ,خ,خ,خ,خ,خ,خ,خ,خ,خ,خ,خ,خ,خ,خ,خ,خ,خ,خ,خ,خ,خ,خ,خ,خ","ت,خ,خ,خ,خ,خ,خ,خ,خ,خ,خ,خ,خ,خ,خ,خ,خ,خ,خ,خ,خ,خ,خ,خ,خ,خ,خ,خ,خ,خ",agent2,VLLMGptOss20B,أناني,0.05,236,0.0667,0.9333,2,"22,24","خ,خ,خ,خ,خ,خ,خ,خ,خ,خ,خ,خ,خ,خ,خ,خ,خ,خ,خ,خ,خ,ت,خ,ت,خ,خ,خ,خ,خ,خ","خ,خ,خ,خ,خ,خ,خ,خ,خ,خ,خ,خ,خ,خ,خ,خ,خ,خ,خ,خ,خ,خ,خ,خ,خ,خ,خ,خ,خ,خ",1.0,0.9048,0.0278,gpt-oss-20b,5,game_103
gpt-oss-20b__noise05__game_102,103,2026-02-12T11:38:43.253911,ar,True,30,30,agent1,VLLMGptOss20B,أناني,0.05,246,0.1,0.9,3,"8,9,18","خ,خ,خ,خ,خ,خ,خ,ت,ت,خ,خ,خ,خ,خ,خ,خ,خ,ت,خ,خ,خ,خ,خ,خ,خ,خ,خ,خ,خ,خ","خ,خ,خ,خ,خ,خ,خ,خ,خ,خ,خ,خ,خ,خ,خ,خ,خ,خ,خ,خ,خ,خ,خ,خ,خ,خ,خ,خ,خ,خ",agent2,VLLMGptOss20B,متعاون,0.05,216,0.0,1.0,0,,"خ,خ,خ,خ,خ,خ,خ,خ,خ,خ,خ,خ,خ,خ,خ,خ,خ,خ,خ,خ,خ,خ,خ,خ,خ,خ,خ,خ,خ,خ","خ,خ,خ,خ,خ,خ,خ,خ,خ,خ,خ,خ,خ,خ,خ,خ,خ,خ,خ,خ,خ,خ,خ,خ,خ,خ,خ,خ,خ,خ",1.0,0.9762,0.0278,gpt-oss-20b,5,game_102
gpt-oss-20b__noise05__game_105,106,2026-02-12T11:43:35.786343,ar,True,30,30,agent1,VLLMGptOss20B,متعاون,0.05,238,0.1,0.9,2,"5,29","ت,خ,خ,خ,ت,خ,خ,خ,خ,خ,خ,خ,خ,خ,خ,خ,خ,خ,خ,خ,خ,خ,خ,خ,خ,خ,خ,خ,ت,خ","ت,خ,خ,خ,خ,خ,خ,خ,خ,خ,خ,خ,خ,خ,خ,خ,خ,خ,خ,خ,خ,خ,خ,خ,خ,خ,خ,خ,خ,خ",agent2,VLLMGptOss20B,أناني,0.05,218,0.0333,0.9667,1,14,"خ,خ,خ,خ,خ,خ,خ,خ,خ,خ,خ,خ,خ,ت,خ,خ,خ,خ,خ,خ,خ,خ,خ,خ,خ,خ,خ,خ,خ,خ","خ,خ,خ,خ,خ,خ,خ,خ,خ,خ,خ,خ,خ,خ,خ,خ,خ,خ,خ,خ,خ,خ,خ,خ,خ,خ,خ,خ,خ,خ",1.0,0.9524,0.0278,gpt-oss-20b,5,game_105
gpt-oss-20b__noise05__game_104,105,2026-02-12T11:43:44.493204,ar,True,30,30,agent1,VLLMGptOss20B,متعاون,0.05,236,0.0667,0.9333,1,7,"ت,خ,خ,خ,خ,خ,ت,خ,خ,خ,خ,خ,خ,خ,خ,خ,خ,خ,خ,خ,خ,خ,خ,خ,خ,خ,خ,خ,خ,خ","ت,خ,خ,خ,خ,خ,خ,خ,خ,خ,خ,خ,خ,خ,خ,خ,خ,خ,خ,خ,خ,خ,خ,خ,خ,خ,خ,خ,خ,خ",agent2,VLLMGptOss20B,متعاون,0.05,226,0.0333,0.9667,0,,"خ,ت,خ,خ,خ,خ,خ,خ,خ,خ,خ,خ,خ,خ,خ,خ,خ,خ,خ,خ,خ,خ,خ,خ,خ,خ,خ,خ,خ,خ","خ,ت,خ,خ,خ,خ,خ,خ,خ,خ,خ,خ,خ,خ,خ,خ,خ,خ,خ,خ,خ,خ,خ,خ,خ,خ,خ,خ,خ,خ",1.0,1.0,0.0,gpt-oss-20b,5,game_104
gpt-oss-20b__noise05__game_107,108,2026-02-12T11:44:28.937043,ar,True,30,30,agent1,VLLMGptOss20B,أناني,0.05,234,0.0333,0.9667,1,26,"خ,خ,خ,خ,خ,خ,خ,خ,خ,خ,خ,خ,خ,خ,خ,خ,خ,خ,خ,خ,خ,خ,خ,خ,خ,ت,خ,خ,خ,خ","خ,خ,خ,خ,خ,خ,خ,خ,خ,خ,خ,خ,خ,خ,خ,خ,خ,خ,خ,خ,خ,خ,خ,خ,خ,خ,خ,خ,خ,خ",agent2,VLLMGptOss20B,أناني,0.05,234,0.0333,0.9667,1,20,"خ,خ,خ,خ,خ,خ,خ,خ,خ,خ,خ,خ,خ,خ,خ,خ,خ,خ,خ,ت,خ,خ,خ,خ,خ,خ,خ,خ,خ,خ","خ,خ,خ,خ,خ,خ,خ,خ,خ,خ,خ,خ,خ,خ,خ,خ,خ,خ,خ,خ,خ,خ,خ,خ,خ,خ,خ,خ,خ,خ",1.0,0.9048,0.0556,gpt-oss-20b,5,game_107
gpt-oss-20b__noise05__game_106,107,2026-02-12T11:45:15.546028,ar,True,30,30,agent1,VLLMGptOss20B,أناني,0.05,236,0.0667,0.9333,2,"21,22","خ,خ,خ,خ,خ,خ,خ,خ,خ,خ,خ,خ,خ,خ,خ,خ,خ,خ,خ,خ,ت,ت,خ,خ,خ,خ,خ,خ,خ,خ","خ,خ,خ,خ,خ,خ,خ,خ,خ,خ,خ,خ,خ,خ,خ,خ,خ,خ,خ,خ,خ,خ,خ,خ,خ,خ,خ,خ,خ,خ",agent2,VLLMGptOss20B,متعاون,0.05,226,0.0333,0.9667,1,8,"خ,خ,خ,خ,خ,خ,خ,ت,خ,خ,خ,خ,خ,خ,خ,خ,خ,خ,خ,خ,خ,خ,خ,خ,خ,خ,خ,خ,خ,خ","خ,خ,خ,خ,خ,خ,خ,خ,خ,خ,خ,خ,خ,خ,خ,خ,خ,خ,خ,خ,خ,خ,خ,خ,خ,خ,خ,خ,خ,خ",1.0,0.9524,0.0556,gpt-oss-20b,5,game_106
gpt-oss-20b__noise05__game_111,112,2026-02-12T11:51:12.107966,ar,True,30,30,agent1,VLLMGptOss20B,أناني,0.05,234,0.0333,0.9667,1,4,"خ,خ,خ,ت,خ,خ,خ,خ,خ,خ,خ,خ,خ,خ,خ,خ,خ,خ,خ,خ,خ,خ,خ,خ,خ,خ,خ,خ,خ,خ","خ,خ,خ,خ,خ,خ,خ,خ,خ,خ,خ,خ,خ,خ,خ,خ,خ,خ,خ,خ,خ,خ,خ,خ,خ,خ,خ,خ,خ,خ",agent2,VLLMGptOss20B,أناني,0.05,234,0.0333,0.9667,1,22,"خ,خ,خ,خ,خ,خ,خ,خ,خ,خ,خ,خ,خ,خ,خ,خ,خ,خ,خ,خ,خ,ت,خ,خ,خ,خ,خ,خ,خ,خ","خ,خ,خ,خ,خ,خ,خ,خ,خ,خ,خ,خ,خ,خ,خ,خ,خ,خ,خ,خ,خ,خ,خ,خ,خ,خ,خ,خ,خ,خ",1.0,0.9762,0.0833,gpt-oss-20b,5,game_111
gpt-oss-20b__noise05__game_109,110,2026-02-12T11:52:05.163273,ar,True,30,30,agent1,VLLMGptOss20B,متعاون,0.05,228,0.0667,0.9333,2,"8,10","خ,خ,خ,خ,خ,خ,خ,ت,خ,ت,خ,خ,خ,خ,خ,خ,خ,خ,خ,خ,خ,خ,خ,خ,خ,خ,خ,خ,خ,خ","خ,خ,خ,خ,خ,خ,خ,خ,خ,خ,خ,خ,خ,خ,خ,خ,خ,خ,خ,خ,خ,خ,خ,خ,خ,خ,خ,خ,خ,خ",agent2,VLLMGptOss20B,أناني,0.05,228,0.0667,0.9333,1,30,"خ,خ,خ,خ,خ,خ,خ,خ,خ,خ,خ,خ,خ,خ,خ,خ,خ,خ,خ,خ,خ,خ,خ,ت,خ,خ,خ,خ,خ,ت","خ,خ,خ,خ,خ,خ,خ,خ,خ,خ,خ,خ,خ,خ,خ,خ,خ,خ,خ,خ,خ,خ,خ,ت,خ,خ,خ,خ,خ,خ",1.0,0.9762,0.0278,gpt-oss-20b,5,game_109
gpt-oss-20b__noise05__game_110,111,2026-02-12T11:52:21.455997,ar,True,30,30,agent1,VLLMGptOss20B,أناني,0.05,214,0.1,0.9,3,"6,21,23","خ,خ,خ,خ,خ,ت,خ,خ,خ,خ,خ,خ,خ,خ,خ,خ,خ,خ,خ,خ,ت,خ,ت,خ,خ,خ,خ,خ,خ,خ","خ,خ,خ,خ,خ,خ,خ,خ,خ,خ,خ,خ,خ,خ,خ,خ,خ,خ,خ,خ,خ,خ,خ,خ,خ,خ,خ,خ,خ,خ",agent2,VLLMGptOss20B,متعاون,0.05,224,0.1333,0.8667,2,"4,13","خ,خ,خ,ت,خ,ت,خ,ت,خ,خ,خ,خ,ت,خ,خ,خ,خ,خ,خ,خ,خ,خ,خ,خ,خ,خ,خ,خ,خ,خ","خ,خ,خ,خ,خ,ت,خ,ت,خ,خ,خ,خ,خ,خ,خ,خ,خ,خ,خ,خ,خ,خ,خ,خ,خ,خ,خ,خ,خ,خ",1.0,0.9048,0.0278,gpt-oss-20b,5,game_110
gpt-oss-20b__noise05__game_108,109,2026-02-12T11:56:11.863562,ar,True,30,30,agent1,VLLMGptOss20B,متعاون,0.05,212,0.0667,0.9333,0,,"ت,خ,خ,ت,خ,خ,خ,خ,خ,خ,خ,خ,خ,خ,خ,خ,خ,خ,خ,خ,خ,خ,خ,خ,خ,خ,خ,خ,خ,خ","ت,خ,خ,ت,خ,خ,خ,خ,خ,خ,خ,خ,خ,خ,خ,خ,خ,خ,خ,خ,خ,خ,خ,خ,خ,خ,خ,خ,خ,خ",agent2,VLLMGptOss20B,متعاون,0.05,232,0.1333,0.8667,4,"3,8,22,30","خ,ت,خ,خ,خ,خ,خ,ت,خ,خ,خ,خ,خ,خ,خ,خ,خ,خ,خ,خ,خ,ت,خ,خ,خ,خ,خ,خ,خ,ت","خ,ت,ت,خ,خ,خ,خ,خ,خ,خ,خ,خ,خ,خ,خ,خ,خ,خ,خ,خ,خ,خ,خ,خ,خ,خ,خ,خ,خ,خ",1.0,0.9524,0.0,gpt-oss-20b,5,game_108
gpt-oss-20b__noise05__game_113,114,2026-02-12T11:58:27.793041,ar,True,30,30,agent1,VLLMGptOss20B,متعاون,0.05,224,0.0,1.0,0,,"خ,خ,خ,خ,خ,خ,خ,خ,خ,خ,خ,خ,خ,خ,خ,خ,خ,خ,خ,خ,خ,خ,خ,خ,خ,خ,خ,خ,خ,خ","خ,خ,خ,خ,خ,خ,خ,خ,خ,خ,خ,خ,خ,خ,خ,خ,خ,خ,خ,خ,خ,خ,خ,خ,خ,خ,خ,خ,خ,خ",agent2,VLLMGptOss20B,أناني,0.05,244,0.0667,0.9333,2,"10,21","خ,خ,خ,خ,خ,خ,خ,خ,خ,ت,خ,خ,خ,خ,خ,خ,خ,خ,خ,خ,ت,خ,خ,خ,خ,خ,خ,خ,خ,خ","خ,خ,خ,خ,خ,خ,خ,خ,خ,خ,خ,خ,خ,خ,خ,خ,خ,خ,خ,خ,خ,خ,خ,خ,خ,خ,خ,خ,خ,خ",1.0,0.9286,0.0556,gpt-oss-20b,5,game_113
gpt-oss-20b__noise05__game_114,115,2026-02-12T11:58:37.941524,ar,True,30,30,agent1,VLLMGptOss20B,أناني,0.05,216,0.0,1.0,0,,"خ,خ,خ,خ,خ,خ,خ,خ,خ,خ,خ,خ,خ,خ,خ,خ,خ,خ,خ,خ,خ,خ,خ,خ,خ,خ,خ,خ,خ,خ","خ,خ,خ,خ,خ,خ,خ,خ,خ,خ,خ,خ,خ,خ,خ,خ,خ,خ,خ,خ,خ,خ,خ,خ,خ,خ,خ,خ,خ,خ",agent2,VLLMGptOss20B,متعاون,0.05,246,0.1,0.9,1,26,"خ,خ,خ,ت,خ,خ,خ,خ,خ,خ,خ,خ,خ,خ,خ,خ,خ,خ,خ,خ,خ,خ,خ,خ,ت,ت,خ,خ,خ,خ","خ,خ,خ,ت,خ,خ,خ,خ,خ,خ,خ,خ,خ,خ,خ,خ,خ,خ,خ,خ,خ,خ,خ,خ,ت,خ,خ,خ,خ,خ",1.0,0.9762,0.0556,gpt-oss-20b,5,game_114
gpt-oss-20b__noise05__game_112,113,2026-02-12T11:59:09.686126,ar,True,30,30,agent1,VLLMGptOss20B,متعاون,0.05,220,0.2,0.8,2,"7,21","ت,ت,ت,ت,خ,خ,ت,خ,خ,خ,خ,خ,خ,خ,خ,خ,خ,خ,خ,خ,ت,خ,خ,خ,خ,خ,خ,خ,خ,خ","ت,ت,ت,ت,خ,خ,خ,خ,خ,خ,خ,خ,خ,خ,خ,خ,خ,خ,خ,خ,خ,خ,خ,خ,خ,خ,خ,خ,خ,خ",agent2,VLLMGptOss20B,متعاون,0.05,200,0.1333,0.8667,0,,"ت,ت,ت,خ,خ,خ,خ,خ,خ,خ,ت,خ,خ,خ,خ,خ,خ,خ,خ,خ,خ,خ,خ,خ,خ,خ,خ,خ,خ,خ","ت,ت,ت,خ,خ,خ,خ,خ,خ,خ,ت,خ,خ,خ,خ,خ,خ,خ,خ,خ,خ,خ,خ,خ,خ,خ,خ,خ,خ,خ",1.0,0.9762,0.0,gpt-oss-20b,5,game_112
gpt-oss-20b__noise05__game_115,116,2026-02-12T12:02:59.958652,ar,True,30,30,agent1,VLLMGptOss20B,أناني,0.05,218,0.0333,0.9667,1,25,"خ,خ,خ,خ,خ,خ,خ,خ,خ,خ,خ,خ,خ,خ,خ,خ,خ,خ,خ,خ,خ,خ,خ,خ,ت,خ,خ,خ,خ,خ","خ,خ,خ,خ,خ,خ,خ,خ,خ,خ,خ,خ,خ,خ,خ,خ,خ,خ,خ,خ,خ,خ,خ,خ,خ,خ,خ,خ,خ,خ",agent2,VLLMGptOss20B,أناني,0.05,238,0.1,0.9,2,"19,28","خ,خ,خ,ت,خ,خ,خ,خ,خ,خ,خ,خ,خ,خ,خ,خ,خ,خ,ت,خ,خ,خ,خ,خ,خ,خ,خ,ت,خ,خ","خ,خ,خ,ت,خ,خ,خ,خ,خ,خ,خ,خ,خ,خ,خ,خ,خ,خ,خ,خ,خ,خ,خ,خ,خ,خ,خ,خ,خ,خ",1.0,0.9524,0.0,gpt-oss-20b,5,game_115
gpt-oss-20b__noise05__game_117,118,2026-02-12T12:05:18.119426,ar,True,30,30,agent1,VLLMGptOss20B,متعاون,0.05,230,0.1,0.9,3,"17,19,30","خ,خ,خ,خ,خ,خ,خ,خ,خ,خ,خ,خ,خ,خ,خ,خ,ت,خ,ت,خ,خ,خ,خ,خ,خ,خ,خ,خ,خ,ت","خ,خ,خ,خ,خ,خ,خ,خ,خ,خ,خ,خ,خ,خ,خ,خ,خ,خ,خ,خ,خ,خ,خ,خ,خ,خ,خ,خ,خ,خ",agent2,VLLMGptOss20B,أناني,0.05,220,0.0667,0.9333,2,"11,16","خ,خ,خ,خ,خ,خ,خ,خ,خ,خ,ت,خ,خ,خ,خ,ت,خ,خ,خ,خ,خ,خ,خ,خ,خ,خ,خ,خ,خ,خ","خ,خ,خ,خ,خ,خ,خ,خ,خ,خ,خ,خ,خ,خ,خ,خ,خ,خ,خ,خ,خ,خ,خ,خ,خ,خ,خ,خ,خ,خ",1.0,0.9286,0.0833,gpt-oss-20b,5,game_117
gpt-oss-20b__noise05__game_118,119,2026-02-12T12:05:29.897911,ar,True,30,30,agent1,VLLMGptOss20B,أناني,0.05,244,0.0667,0.9333,2,"15,25","خ,خ,خ,خ,خ,خ,خ,خ,خ,خ,خ,خ,خ,خ,ت,خ,خ,خ,خ,خ,خ,خ,خ,خ,ت,خ,خ,خ,خ,خ","خ,خ,خ,خ,خ,خ,خ,خ,خ,خ,خ,خ,خ,خ,خ,خ,خ,خ,خ,خ,خ,خ,خ,خ,خ,خ,خ,خ,خ,خ",agent2,VLLMGptOss20B,متعاون,0.05,224,0.0,1.0,0,,"خ,خ,خ,خ,خ,خ,خ,خ,خ,خ,خ,خ,خ,خ,خ,خ,خ,خ,خ,خ,خ,خ,خ,خ,خ,خ,خ,خ,خ,خ","خ,خ,خ,خ,خ,خ,خ,خ,خ,خ,خ,خ,خ,خ,خ,خ,خ,خ,خ,خ,خ,خ,خ,خ,خ,خ,خ,خ,خ,خ",1.0,0.9524,0.0833,gpt-oss-20b,5,game_118
gpt-oss-20b__noise05__game_116,117,2026-02-12T12:09:05.686767,ar,True,30,30,agent1,VLLMGptOss20B,متعاون,0.05,208,0.0,1.0,0,,"خ,خ,خ,خ,خ,خ,خ,خ,خ,خ,خ,خ,خ,خ,خ,خ,خ,خ,خ,خ,خ,خ,خ,خ,خ,خ,خ,خ,خ,خ","خ,خ,خ,خ,خ,خ,خ,خ,خ,خ,خ,خ,خ,خ,خ,خ,خ,خ,خ,خ,خ,خ,خ,خ,خ,خ,خ,خ,خ,خ",agent2,VLLMGptOss20B,متعاون,0.05,248,0.1333,0.8667,0,,"ت,خ,خ,خ,خ,خ,خ,خ,ت,خ,خ,خ,خ,خ,خ,ت,خ,خ,خ,خ,ت,خ,خ,خ,خ,خ,خ,خ,خ,خ","ت,خ,خ,خ,خ,خ,خ,خ,ت,خ,خ,خ,خ,خ,خ,ت,خ,خ,خ,خ,ت,خ,خ,خ,خ,خ,خ,خ,خ,خ",1.0,0.9048,0.0,gpt-oss-20b,5,game_116
gpt-oss-20b__noise05__game_119,120,2026-02-12T12:10:50.677077,ar,True,30,30,agent1,VLLMGptOss20B,أناني,0.05,238,0.1,0.9,2,"17,21","خ,خ,خ,خ,خ,خ,خ,خ,خ,خ,خ,خ,خ,خ,خ,خ,ت,خ,ت,خ,ت,خ,خ,خ,خ,خ,خ,خ,خ,خ","خ,خ,خ,خ,خ,خ,خ,خ,خ,خ,خ,خ,خ,خ,خ,خ,خ,خ,ت,خ,خ,خ,خ,خ,خ,خ,خ,خ,خ,خ",agent2,VLLMGptOss20B,أناني,0.05,218,0.0333,0.9667,1,15,"خ,خ,خ,خ,خ,خ,خ,خ,خ,خ,خ,خ,خ,خ,ت,خ,خ,خ,خ,خ,خ,خ,خ,خ,خ,خ,خ,خ,خ,خ","خ,خ,خ,خ,خ,خ,خ,خ,خ,خ,خ,خ,خ,خ,خ,خ,خ,خ,خ,خ,خ,خ,خ,خ,خ,خ,خ,خ,خ,خ",1.0,0.9524,0.0556,gpt-oss-20b,5,game_119
gpt-oss-20b__noise05__game_121,122,2026-02-12T12:11:48.736010,cn,True,30,30,agent1,VLLMGptOss20B,合作型的,0.05,242,0.0333,0.9667,1,9,"背,背,背,背,背,背,背,背,合,背,背,背,背,背,背,背,背,背,背,背,背,背,背,背,背,背,背,背,背,背","背,背,背,背,背,背,背,背,背,背,背,背,背,背,背,背,背,背,背,背,背,背,背,背,背,背,背,背,背,背",agent2,VLLMGptOss20B,自私型的,0.05,232,0.0,1.0,0,,"背,背,背,背,背,背,背,背,背,背,背,背,背,背,背,背,背,背,背,背,背,背,背,背,背,背,背,背,背,背","背,背,背,背,背,背,背,背,背,背,背,背,背,背,背,背,背,背,背,背,背,背,背,背,背,背,背,背,背,背",1.0,0.9048,0.0833,gpt-oss-20b,5,game_121
gpt-oss-20b__noise05__game_120,121,2026-02-12T12:13:36.011637,cn,True,30,30,agent1,VLLMGptOss20B,合作型的,0.05,228,0.0667,0.9333,1,25,"背,合,背,背,背,背,背,背,背,背,背,背,背,背,背,背,背,背,背,背,背,背,背,背,合,背,背,背,背,背","背,合,背,背,背,背,背,背,背,背,背,背,背,背,背,背,背,背,背,背,背,背,背,背,背,背,背,背,背,背",agent2,VLLMGptOss20B,合作型的,0.05,228,0.0667,0.9333,1,28,"合,背,背,背,背,背,背,背,背,背,背,背,背,背,背,背,背,背,背,背,背,背,背,背,背,背,背,合,背,背","合,背,背,背,背,背,背,背,背,背,背,背,背,背,背,背,背,背,背,背,背,背,背,背,背,背,背,背,背,背",1.0,0.9048,0.0,gpt-oss-20b,5,game_120
gpt-oss-20b__noise05__game_122,123,2026-02-12T12:15:09.105005,cn,True,30,30,agent1,VLLMGptOss20B,自私型的,0.05,242,0.0333,0.9667,1,25,"背,背,背,背,背,背,背,背,背,背,背,背,背,背,背,背,背,背,背,背,背,背,背,背,合,背,背,背,背,背","背,背,背,背,背,背,背,背,背,背,背,背,背,背,背,背,背,背,背,背,背,背,背,背,背,背,背,背,背,背",agent2,VLLMGptOss20B,合作型的,0.05,232,0.0,1.0,0,,"背,背,背,背,背,背,背,背,背,背,背,背,背,背,背,背,背,背,背,背,背,背,背,背,背,背,背,背,背,背","背,背,背,背,背,背,背,背,背,背,背,背,背,背,背,背,背,背,背,背,背,背,背,背,背,背,背,背,背,背",1.0,0.9286,0.1389,gpt-oss-20b,5,game_122
gpt-oss-20b__noise05__game_123,124,2026-02-12T12:17:11.743428,cn,True,30,30,agent1,VLLMGptOss20B,自私型的,0.05,226,0.0333,0.9667,1,9,"背,背,背,背,背,背,背,背,合,背,背,背,背,背,背,背,背,背,背,背,背,背,背,背,背,背,背,背,背,背","背,背,背,背,背,背,背,背,背,背,背,背,背,背,背,背,背,背,背,背,背,背,背,背,背,背,背,背,背,背",agent2,VLLMGptOss20B,自私型的,0.05,236,0.0667,0.9333,2,"14,30","背,背,背,背,背,背,背,背,背,背,背,背,背,合,背,背,背,背,背,背,背,背,背,背,背,背,背,背,背,合","背,背,背,背,背,背,背,背,背,背,背,背,背,背,背,背,背,背,背,背,背,背,背,背,背,背,背,背,背,背",1.0,0.9048,0.0,gpt-oss-20b,5,game_123
gpt-oss-20b__noise05__game_125,126,2026-02-12T12:19:30.369232,cn,True,30,30,agent1,VLLMGptOss20B,合作型的,0.05,242,0.0333,0.9667,0,,"合,背,背,背,背,背,背,背,背,背,背,背,背,背,背,背,背,背,背,背,背,背,背,背,背,背,背,背,背,背","合,背,背,背,背,背,背,背,背,背,背,背,背,背,背,背,背,背,背,背,背,背,背,背,背,背,背,背,背,背",agent2,VLLMGptOss20B,自私型的,0.05,232,0.0,1.0,0,,"背,背,背,背,背,背,背,背,背,背,背,背,背,背,背,背,背,背,背,背,背,背,背,背,背,背,背,背,背,背","背,背,背,背,背,背,背,背,背,背,背,背,背,背,背,背,背,背,背,背,背,背,背,背,背,背,背,背,背,背",1.0,0.9048,0.1111,gpt-oss-20b,5,game_125
gpt-oss-20b__noise05__game_124,125,2026-02-12T12:20:55.871879,cn,True,30,30,agent1,VLLMGptOss20B,合作型的,0.05,208,0.1333,0.8667,1,23,"合,合,合,背,背,背,背,背,背,背,背,背,背,背,背,背,背,背,背,背,背,背,合,背,背,背,背,背,背,背","合,合,合,背,背,背,背,背,背,背,背,背,背,背,背,背,背,背,背,背,背,背,背,背,背,背,背,背,背,背",agent2,VLLMGptOss20B,合作型的,0.05,218,0.1667,0.8333,1,29,"合,合,合,合,背,背,背,背,背,背,背,背,背,背,背,背,背,背,背,背,背,背,背,背,背,背,背,背,合,背","合,合,合,合,背,背,背,背,背,背,背,背,背,背,背,背,背,背,背,背,背,背,背,背,背,背,背,背,背,背",1.0,0.881,0.0,gpt-oss-20b,5,game_124
gpt-oss-20b__noise05__game_127,128,2026-02-12T12:22:27.055375,cn,True,30,30,agent1,VLLMGptOss20B,自私型的,0.05,232,0.0,1.0,0,,"背,背,背,背,背,背,背,背,背,背,背,背,背,背,背,背,背,背,背,背,背,背,背,背,背,背,背,背,背,背","背,背,背,背,背,背,背,背,背,背,背,背,背,背,背,背,背,背,背,背,背,背,背,背,背,背,背,背,背,背",agent2,VLLMGptOss20B,自私型的,0.05,242,0.0333,0.9667,1,29,"背,背,背,背,背,背,背,背,背,背,背,背,背,背,背,背,背,背,背,背,背,背,背,背,背,背,背,背,合,背","背,背,背,背,背,背,背,背,背,背,背,背,背,背,背,背,背,背,背,背,背,背,背,背,背,背,背,背,背,背",0.9868,0.9048,0.1944,gpt-oss-20b,5,game_127
gpt-oss-20b__noise05__game_126,127,2026-02-12T12:24:05.287102,cn,True,30,30,agent1,VLLMGptOss20B,自私型的,0.05,222,0.1,0.9,3,"8,15,21","背,背,背,背,背,背,背,合,背,背,背,背,背,背,合,背,背,背,背,背,合,背,背,背,背,背,背,背,背,背","背,背,背,背,背,背,背,背,背,背,背,背,背,背,背,背,背,背,背,背,背,背,背,背,背,背,背,背,背,背",agent2,VLLMGptOss20B,合作型的,0.05,222,0.1,0.9,3,"5,26,27","背,背,背,背,合,背,背,背,背,背,背,背,背,背,背,背,背,背,背,背,背,背,背,背,背,合,合,背,背,背","背,背,背,背,背,背,背,背,背,背,背,背,背,背,背,背,背,背,背,背,背,背,背,背,背,背,背,背,背,背",1.0,0.8333,0.0,gpt-oss-20b,5,game_126
gpt-oss-20b__noise05__game_128,129,2026-02-12T12:28:59.398515,cn,True,30,30,agent1,VLLMGptOss20B,合作型的,0.05,238,0.1,0.9,2,"19,23","合,背,背,背,背,背,背,背,背,背,背,背,背,背,背,背,背,背,合,背,背,背,合,背,背,背,背,背,背,背","合,背,背,背,背,背,背,背,背,背,背,背,背,背,背,背,背,背,背,背,背,背,背,背,背,背,背,背,背,背",agent2,VLLMGptOss20B,合作型的,0.05,218,0.0333,0.9667,0,,"背,背,背,背,背,背,背,背,合,背,背,背,背,背,背,背,背,背,背,背,背,背,背,背,背,背,背,背,背,背","背,背,背,背,背,背,背,背,合,背,背,背,背,背,背,背,背,背,背,背,背,背,背,背,背,背,背,背,背,背",1.0,0.9762,0.0,gpt-oss-20b,5,game_128
gpt-oss-20b__noise05__game_129,130,2026-02-12T12:29:02.056899,cn,True,30,30,agent1,VLLMGptOss20B,合作型的,0.05,230,0.1,0.9,0,,"背,背,背,背,背,背,合,背,背,背,背,背,背,背,背,背,背,背,背,背,背,背,背,背,合,背,背,背,背,合","背,背,背,背,背,背,合,背,背,背,背,背,背,背,背,背,背,背,背,背,背,背,背,背,合,背,背,背,背,合",agent2,VLLMGptOss20B,自私型的,0.05,220,0.0667,0.9333,2,"7,23","背,背,背,背,背,背,合,背,背,背,背,背,背,背,背,背,背,背,背,背,背,背,合,背,背,背,背,背,背,背","背,背,背,背,背,背,背,背,背,背,背,背,背,背,背,背,背,背,背,背,背,背,背,背,背,背,背,背,背,背",1.0,0.881,0.0278,gpt-oss-20b,5,game_129
gpt-oss-20b__noise05__game_131,132,2026-02-12T12:29:21.449635,cn,True,30,30,agent1,VLLMGptOss20B,自私型的,0.05,226,0.0333,0.9667,1,14,"背,背,背,背,背,背,背,背,背,背,背,背,背,合,背,背,背,背,背,背,背,背,背,背,背,背,背,背,背,背","背,背,背,背,背,背,背,背,背,背,背,背,背,背,背,背,背,背,背,背,背,背,背,背,背,背,背,背,背,背",agent2,VLLMGptOss20B,自私型的,0.05,236,0.0667,0.9333,2,"25,29","背,背,背,背,背,背,背,背,背,背,背,背,背,背,背,背,背,背,背,背,背,背,背,背,合,背,背,背,合,背","背,背,背,背,背,背,背,背,背,背,背,背,背,背,背,背,背,背,背,背,背,背,背,背,背,背,背,背,背,背",1.0,0.9286,0.0833,gpt-oss-20b,5,game_131
gpt-oss-20b__noise05__game_130,131,2026-02-12T12:29:34.033366,cn,True,30,30,agent1,VLLMGptOss20B,自私型的,0.05,226,0.0333,0.9667,1,23,"背,背,背,背,背,背,背,背,背,背,背,背,背,背,背,背,背,背,背,背,背,背,合,背,背,背,背,背,背,背","背,背,背,背,背,背,背,背,背,背,背,背,背,背,背,背,背,背,背,背,背,背,背,背,背,背,背,背,背,背",agent2,VLLMGptOss20B,合作型的,0.05,236,0.0667,0.9333,1,19,"合,背,背,背,背,背,背,背,背,背,背,背,背,背,背,背,背,背,合,背,背,背,背,背,背,背,背,背,背,背","合,背,背,背,背,背,背,背,背,背,背,背,背,背,背,背,背,背,背,背,背,背,背,背,背,背,背,背,背,背",1.0,0.9286,0.0278,gpt-oss-20b,5,game_130
gpt-oss-20b__noise05__game_135,136,2026-02-12T12:36:07.815425,cn,True,30,30,agent1,VLLMGptOss20B,自私型的,0.05,234,0.0333,0.9667,1,2,"背,合,背,背,背,背,背,背,背,背,背,背,背,背,背,背,背,背,背,背,背,背,背,背,背,背,背,背,背,背","背,背,背,背,背,背,背,背,背,背,背,背,背,背,背,背,背,背,背,背,背,背,背,背,背,背,背,背,背,背",agent2,VLLMGptOss20B,自私型的,0.05,234,0.0333,0.9667,1,11,"背,背,背,背,背,背,背,背,背,背,合,背,背,背,背,背,背,背,背,背,背,背,背,背,背,背,背,背,背,背","背,背,背,背,背,背,背,背,背,背,背,背,背,背,背,背,背,背,背,背,背,背,背,背,背,背,背,背,背,背",1.0,0.9524,0.0556,gpt-oss-20b,5,game_135
gpt-oss-20b__noise05__game_134,135,2026-02-12T12:36:08.046474,cn,True,30,30,agent1,VLLMGptOss20B,自私型的,0.05,224,0.0,1.0,0,,"背,背,背,背,背,背,背,背,背,背,背,背,背,背,背,背,背,背,背,背,背,背,背,背,背,背,背,背,背,背","背,背,背,背,背,背,背,背,背,背,背,背,背,背,背,背,背,背,背,背,背,背,背,背,背,背,背,背,背,背",agent2,VLLMGptOss20B,合作型的,0.05,244,0.0667,0.9333,1,21,"合,背,背,背,背,背,背,背,背,背,背,背,背,背,背,背,背,背,背,背,合,背,背,背,背,背,背,背,背,背","合,背,背,背,背,背,背,背,背,背,背,背,背,背,背,背,背,背,背,背,背,背,背,背,背,背,背,背,背,背",1.0,0.9048,0.0833,gpt-oss-20b,5,game_134
gpt-oss-20b__noise05__game_133,134,2026-02-12T12:36:14.317150,cn,True,30,30,agent1,VLLMGptOss20B,合作型的,0.05,232,0.1333,0.8667,2,"8,25","背,背,背,背,背,背,背,合,背,合,背,背,背,背,背,背,背,背,背,背,背,背,背,背,合,背,合,背,背,背","背,背,背,背,背,背,背,背,背,合,背,背,背,背,背,背,背,背,背,背,背,背,背,背,背,背,合,背,背,背",agent2,VLLMGptOss20B,自私型的,0.05,212,0.0667,0.9333,2,"4,15","背,背,背,合,背,背,背,背,背,背,背,背,背,背,合,背,背,背,背,背,背,背,背,背,背,背,背,背,背,背","背,背,背,背,背,背,背,背,背,背,背,背,背,背,背,背,背,背,背,背,背,背,背,背,背,背,背,背,背,背",1.0,0.881,0.0,gpt-oss-20b,5,game_133
gpt-oss-20b__noise05__game_132,133,2026-02-12T12:36:21.351956,cn,True,30,30,agent1,VLLMGptOss20B,合作型的,0.05,226,0.0333,0.9667,1,2,"背,合,背,背,背,背,背,背,背,背,背,背,背,背,背,背,背,背,背,背,背,背,背,背,背,背,背,背,背,背","背,背,背,背,背,背,背,背,背,背,背,背,背,背,背,背,背,背,背,背,背,背,背,背,背,背,背,背,背,背",agent2,VLLMGptOss20B,合作型的,0.05,236,0.0667,0.9333,2,"12,21","背,背,背,背,背,背,背,背,背,背,背,合,背,背,背,背,背,背,背,背,合,背,背,背,背,背,背,背,背,背","背,背,背,背,背,背,背,背,背,背,背,背,背,背,背,背,背,背,背,背,背,背,背,背,背,背,背,背,背,背",1.0,0.9286,0.0556,gpt-oss-20b,5,game_132
gpt-oss-20b__noise05__game_138,139,2026-02-12T12:42:10.072585,cn,True,30,30,agent1,VLLMGptOss20B,自私型的,0.05,232,0.0,1.0,0,,"背,背,背,背,背,背,背,背,背,背,背,背,背,背,背,背,背,背,背,背,背,背,背,背,背,背,背,背,背,背","背,背,背,背,背,背,背,背,背,背,背,背,背,背,背,背,背,背,背,背,背,背,背,背,背,背,背,背,背,背",agent2,VLLMGptOss20B,合作型的,0.05,242,0.0333,0.9667,2,"4,23","背,背,背,合,背,背,背,背,背,背,背,背,背,背,背,背,背,背,背,背,背,背,背,背,背,背,背,背,背,背","背,背,背,背,背,背,背,背,背,背,背,背,背,背,背,背,背,背,背,背,背,背,合,背,背,背,背,背,背,背",1.0,0.9048,0.0556,gpt-oss-20b,5,game_138
gpt-oss-20b__noise05__game_139,140,2026-02-12T12:43:52.400957,cn,True,30,30,agent1,VLLMGptOss20B,自私型的,0.05,226,0.0333,0.9667,1,11,"背,背,背,背,背,背,背,背,背,背,合,背,背,背,背,背,背,背,背,背,背,背,背,背,背,背,背,背,背,背","背,背,背,背,背,背,背,背,背,背,背,背,背,背,背,背,背,背,背,背,背,背,背,背,背,背,背,背,背,背",agent2,VLLMGptOss20B,自私型的,0.05,236,0.0667,0.9333,2,"5,22","背,背,背,背,合,背,背,背,背,背,背,背,背,背,背,背,背,背,背,背,背,合,背,背,背,背,背,背,背,背","背,背,背,背,背,背,背,背,背,背,背,背,背,背,背,背,背,背,背,背,背,背,背,背,背,背,背,背,背,背",1.0,0.9286,0.0278,gpt-oss-20b,5,game_139
gpt-oss-20b__noise05__game_137,138,2026-02-12T12:44:50.523861,cn,True,30,30,agent1,VLLMGptOss20B,合作型的,0.05,220,0.0667,0.9333,1,17,"背,背,合,背,背,背,背,背,背,背,背,背,背,背,背,背,合,背,背,背,背,背,背,背,背,背,背,背,背,背","背,背,合,背,背,背,背,背,背,背,背,背,背,背,背,背,背,背,背,背,背,背,背,背,背,背,背,背,背,背",agent2,VLLMGptOss20B,自私型的,0.05,230,0.1,0.9,3,"12,27,30","背,背,背,背,背,背,背,背,背,背,背,合,背,背,背,背,背,背,背,背,背,背,背,背,背,背,合,背,背,合","背,背,背,背,背,背,背,背,背,背,背,背,背,背,背,背,背,背,背,背,背,背,背,背,背,背,背,背,背,背",0.9737,0.9524,0.0556,gpt-oss-20b,5,game_137
gpt-oss-20b__noise05__game_136,137,2026-02-12T12:48:09.627132,cn,True,30,30,agent1,VLLMGptOss20B,合作型的,0.05,222,0.1,0.9,2,"4,13","背,合,背,合,背,背,背,背,背,背,背,背,合,背,背,背,背,背,背,背,背,背,背,背,背,背,背,背,背,背","背,合,背,背,背,背,背,背,背,背,背,背,背,背,背,背,背,背,背,背,背,背,背,背,背,背,背,背,背,背",agent2,VLLMGptOss20B,合作型的,0.05,222,0.1,0.9,2,"6,18","合,背,背,背,背,合,背,背,背,背,背,背,背,背,背,背,背,合,背,背,背,背,背,背,背,背,背,背,背,背","合,背,背,背,背,背,背,背,背,背,背,背,背,背,背,背,背,背,背,背,背,背,背,背,背,背,背,背,背,背",0.9868,0.9286,0.0,gpt-oss-20b,5,game_136
gpt-oss-20b__noise05__game_140,141,2026-02-12T12:49:14.794098,cn,True,30,30,agent1,VLLMGptOss20B,合作型的,0.05,242,0.0333,0.9667,0,,"合,背,背,背,背,背,背,背,背,背,背,背,背,背,背,背,背,背,背,背,背,背,背,背,背,背,背,背,背,背","合,背,背,背,背,背,背,背,背,背,背,背,背,背,背,背,背,背,背,背,背,背,背,背,背,背,背,背,背,背",agent2,VLLMGptOss20B,合作型的,0.05,232,0.0,1.0,0,,"背,背,背,背,背,背,背,背,背,背,背,背,背,背,背,背,背,背,背,背,背,背,背,背,背,背,背,背,背,背","背,背,背,背,背,背,背,背,背,背,背,背,背,背,背,背,背,背,背,背,背,背,背,背,背,背,背,背,背,背",1.0,0.9286,0.0833,gpt-oss-20b,5,game_140
gpt-oss-20b__noise05__game_142,143,2026-02-12T12:51:17.115783,cn,True,30,30,agent1,VLLMGptOss20B,自私型的,0.05,228,0.0667,0.9333,2,"2,19","背,合,背,背,背,背,背,背,背,背,背,背,背,背,背,背,背,背,合,背,背,背,背,背,背,背,背,背,背,背","背,背,背,背,背,背,背,背,背,背,背,背,背,背,背,背,背,背,背,背,背,背,背,背,背,背,背,背,背,背",agent2,VLLMGptOss20B,合作型的,0.05,228,0.0667,0.9333,2,"11,21","背,背,背,背,背,背,背,背,背,背,合,背,背,背,背,背,背,背,背,背,合,背,背,背,背,背,背,背,背,背","背,背,背,背,背,背,背,背,背,背,背,背,背,背,背,背,背,背,背,背,背,背,背,背,背,背,背,背,背,背",1.0,0.881,0.0556,gpt-oss-20b,5,game_142
gpt-oss-20b__noise05__game_141,142,2026-02-12T12:51:21.147521,cn,True,30,30,agent1,VLLMGptOss20B,合作型的,0.05,210,0.0333,0.9667,0,,"合,背,背,背,背,背,背,背,背,背,背,背,背,背,背,背,背,背,背,背,背,背,背,背,背,背,背,背,背,背","合,背,背,背,背,背,背,背,背,背,背,背,背,背,背,背,背,背,背,背,背,背,背,背,背,背,背,背,背,背",agent2,VLLMGptOss20B,自私型的,0.05,240,0.1333,0.8667,4,"7,12,16,20","背,背,背,背,背,背,合,背,背,背,背,合,背,背,背,合,背,背,背,合,背,背,背,背,背,背,背,背,背,背","背,背,背,背,背,背,背,背,背,背,背,背,背,背,背,背,背,背,背,背,背,背,背,背,背,背,背,背,背,背",1.0,0.9048,0.0278,gpt-oss-20b,5,game_141
gpt-oss-20b__noise05__game_143,144,2026-02-12T12:55:05.797320,cn,True,30,30,agent1,VLLMGptOss20B,自私型的,0.05,230,0.1,0.9,3,"6,11,21","背,背,背,背,背,合,背,背,背,背,合,背,背,背,背,背,背,背,背,背,合,背,背,背,背,背,背,背,背,背","背,背,背,背,背,背,背,背,背,背,背,背,背,背,背,背,背,背,背,背,背,背,背,背,背,背,背,背,背,背",agent2,VLLMGptOss20B,自私型的,0.05,220,0.0667,0.9333,2,"25,26","背,背,背,背,背,背,背,背,背,背,背,背,背,背,背,背,背,背,背,背,背,背,背,背,合,合,背,背,背,背","背,背,背,背,背,背,背,背,背,背,背,背,背,背,背,背,背,背,背,背,背,背,背,背,背,背,背,背,背,背",1.0,0.9286,0.0556,gpt-oss-20b,5,game_143
gpt-oss-20b__noise05__game_145,146,2026-02-12T12:58:56.286594,cn,True,30,30,agent1,VLLMGptOss20B,合作型的,0.05,248,0.1333,0.8667,3,"2,19,22","合,合,背,背,背,背,背,背,背,背,背,背,背,背,背,背,背,背,合,背,背,合,背,背,背,背,背,背,背,背","合,背,背,背,背,背,背,背,背,背,背,背,背,背,背,背,背,背,背,背,背,背,背,背,背,背,背,背,背,背",agent2,VLLMGptOss20B,自私型的,0.05,208,0.0,1.0,0,,"背,背,背,背,背,背,背,背,背,背,背,背,背,背,背,背,背,背,背,背,背,背,背,背,背,背,背,背,背,背","背,背,背,背,背,背,背,背,背,背,背,背,背,背,背,背,背,背,背,背,背,背,背,背,背,背,背,背,背,背",1.0,0.9524,0.0556,gpt-oss-20b,5,game_145
gpt-oss-20b__noise05__game_144,145,2026-02-12T12:59:20.858859,cn,True,30,30,agent1,VLLMGptOss20B,合作型的,0.05,232,0.1333,0.8667,3,"8,26,29","合,背,背,背,背,背,背,合,背,背,背,背,背,背,背,背,背,背,背,背,背,背,背,背,背,合,背,背,合,背","合,背,背,背,背,背,背,背,背,背,背,背,背,背,背,背,背,背,背,背,背,背,背,背,背,背,背,背,背,背",agent2,VLLMGptOss20B,合作型的,0.05,212,0.0667,0.9333,1,8,"背,合,背,背,背,背,背,合,背,背,背,背,背,背,背,背,背,背,背,背,背,背,背,背,背,背,背,背,背,背","背,合,背,背,背,背,背,背,背,背,背,背,背,背,背,背,背,背,背,背,背,背,背,背,背,背,背,背,背,背",1.0,0.9286,0.0,gpt-oss-20b,5,game_144
gpt-oss-20b__noise05__game_146,147,2026-02-12T12:59:38.995998,cn,True,30,30,agent1,VLLMGptOss20B,自私型的,0.05,224,0.0,1.0,0,,"背,背,背,背,背,背,背,背,背,背,背,背,背,背,背,背,背,背,背,背,背,背,背,背,背,背,背,背,背,背","背,背,背,背,背,背,背,背,背,背,背,背,背,背,背,背,背,背,背,背,背,背,背,背,背,背,背,背,背,背",agent2,VLLMGptOss20B,合作型的,0.05,244,0.0667,0.9333,1,9,"背,背,背,背,背,背,背,背,合,背,背,背,背,合,背,背,背,背,背,背,背,背,背,背,背,背,背,背,背,背","背,背,背,背,背,背,背,背,背,背,背,背,背,合,背,背,背,背,背,背,背,背,背,背,背,背,背,背,背,背",1.0,0.9286,0.0,gpt-oss-20b,5,game_146
gpt-oss-20b__noise05__game_147,148,2026-02-12T13:01:06.434981,cn,True,30,30,agent1,VLLMGptOss20B,自私型的,0.05,216,0.0,1.0,0,,"背,背,背,背,背,背,背,背,背,背,背,背,背,背,背,背,背,背,背,背,背,背,背,背,背,背,背,背,背,背","背,背,背,背,背,背,背,背,背,背,背,背,背,背,背,背,背,背,背,背,背,背,背,背,背,背,背,背,背,背",agent2,VLLMGptOss20B,自私型的,0.05,246,0.1,0.9,3,"17,19,30","背,背,背,背,背,背,背,背,背,背,背,背,背,背,背,背,合,背,合,背,背,背,背,背,背,背,背,背,背,合","背,背,背,背,背,背,背,背,背,背,背,背,背,背,背,背,背,背,背,背,背,背,背,背,背,背,背,背,背,背",1.0,0.9524,0.1389,gpt-oss-20b,5,game_147
gpt-oss-20b__noise05__game_149,150,2026-02-12T13:06:23.823195,cn,True,30,30,agent1,VLLMGptOss20B,合作型的,0.05,244,0.0667,0.9333,1,5,"合,背,背,背,合,背,背,背,背,背,背,背,背,背,背,背,背,背,背,背,背,背,背,背,背,背,背,背,背,背","合,背,背,背,背,背,背,背,背,背,背,背,背,背,背,背,背,背,背,背,背,背,背,背,背,背,背,背,背,背",agent2,VLLMGptOss20B,自私型的,0.05,224,0.0,1.0,0,,"背,背,背,背,背,背,背,背,背,背,背,背,背,背,背,背,背,背,背,背,背,背,背,背,背,背,背,背,背,背","背,背,背,背,背,背,背,背,背,背,背,背,背,背,背,背,背,背,背,背,背,背,背,背,背,背,背,背,背,背",1.0,0.9286,0.1389,gpt-oss-20b,5,game_149
gpt-oss-20b__noise05__game_150,151,2026-02-12T13:07:25.204714,cn,True,30,30,agent1,VLLMGptOss20B,自私型的,0.05,228,0.0667,0.9333,2,"3,14","背,背,合,背,背,背,背,背,背,背,背,背,背,合,背,背,背,背,背,背,背,背,背,背,背,背,背,背,背,背","背,背,背,背,背,背,背,背,背,背,背,背,背,背,背,背,背,背,背,背,背,背,背,背,背,背,背,背,背,背",agent2,VLLMGptOss20B,合作型的,0.05,228,0.0667,0.9333,0,,"合,背,背,背,背,背,背,背,背,背,背,背,背,背,背,背,背,背,背,背,背,背,背,背,背,背,背,背,合,背","合,背,背,背,背,背,背,背,背,背,背,背,背,背,背,背,背,背,背,背,背,背,背,背,背,背,背,背,合,背",1.0,0.9048,0.0,gpt-oss-20b,5,game_150
gpt-oss-20b__noise05__game_151,152,2026-02-12T13:09:26.559489,cn,True,30,30,agent1,VLLMGptOss20B,自私型的,0.05,234,0.1667,0.8333,5,"4,6,11,15,16","背,背,背,合,背,合,背,背,背,背,合,背,背,背,合,合,背,背,背,背,背,背,背,背,背,背,背,背,背,背","背,背,背,背,背,背,背,背,背,背,背,背,背,背,背,背,背,背,背,背,背,背,背,背,背,背,背,背,背,背",agent2,VLLMGptOss20B,自私型的,0.05,204,0.0667,0.9333,2,"5,16","背,背,背,背,合,背,背,背,背,背,背,背,背,背,背,合,背,背,背,背,背,背,背,背,背,背,背,背,背,背","背,背,背,背,背,背,背,背,背,背,背,背,背,背,背,背,背,背,背,背,背,背,背,背,背,背,背,背,背,背",1.0,0.9286,0.0,gpt-oss-20b,5,game_151
gpt-oss-20b__noise05__game_153,154,2026-02-12T13:14:06.034230,cn,True,30,30,agent1,VLLMGptOss20B,合作型的,0.05,244,0.0667,0.9333,1,19,"合,背,背,背,背,背,背,背,背,背,背,背,背,背,背,背,背,背,合,背,背,背,背,背,背,背,背,背,背,背","合,背,背,背,背,背,背,背,背,背,背,背,背,背,背,背,背,背,背,背,背,背,背,背,背,背,背,背,背,背",agent2,VLLMGptOss20B,自私型的,0.05,224,0.0,1.0,0,,"背,背,背,背,背,背,背,背,背,背,背,背,背,背,背,背,背,背,背,背,背,背,背,背,背,背,背,背,背,背","背,背,背,背,背,背,背,背,背,背,背,背,背,背,背,背,背,背,背,背,背,背,背,背,背,背,背,背,背,背",1.0,0.881,0.0833,gpt-oss-20b,5,game_153
gpt-oss-20b__noise05__game_148,149,2026-02-12T13:15:11.198982,cn,True,30,30,agent1,VLLMGptOss20B,合作型的,0.05,184,0.2667,0.7333,3,"7,20,29","合,背,背,合,背,合,合,合,背,背,合,背,背,背,背,背,背,背,背,合,背,背,背,背,背,背,背,背,合,背","合,背,背,合,背,合,背,合,背,背,合,背,背,背,背,背,背,背,背,背,背,背,背,背,背,背,背,背,背,背",agent2,VLLMGptOss20B,合作型的,0.05,194,0.3,0.7,5,"4,12,17,19,20","背,合,背,合,背,背,合,背,合,背,背,合,背,背,背,背,合,合,合,合,背,背,背,背,背,背,背,背,背,背","背,合,背,背,背,背,合,背,合,背,背,背,背,背,背,背,背,合,背,背,背,背,背,背,背,背,背,背,背,背",1.0,0.9524,0.0,gpt-oss-20b,5,game_148
gpt-oss-20b__noise05__game_154,155,2026-02-12T13:15:41.373596,cn,True,30,30,agent1,VLLMGptOss20B,自私型的,0.05,226,0.0333,0.9667,1,1,"合,背,背,背,背,背,背,背,背,背,背,背,背,背,背,背,背,背,背,背,背,背,背,背,背,背,背,背,背,背","背,背,背,背,背,背,背,背,背,背,背,背,背,背,背,背,背,背,背,背,背,背,背,背,背,背,背,背,背,背",agent2,VLLMGptOss20B,合作型的,0.05,236,0.0667,0.9333,1,27,"合,背,背,背,背,背,背,背,背,背,背,背,背,背,背,背,背,背,背,背,背,背,背,背,背,背,合,背,背,背","合,背,背,背,背,背,背,背,背,背,背,背,背,背,背,背,背,背,背,背,背,背,背,背,背,背,背,背,背,背",1.0,0.9048,0.0,gpt-oss-20b,5,game_154
gpt-oss-20b__noise05__game_152,153,2026-02-12T13:15:56.648564,cn,True,30,30,agent1,VLLMGptOss20B,合作型的,0.05,216,0.1333,0.8667,3,"8,9,18","合,背,背,背,背,背,背,合,合,背,背,背,背,背,背,背,背,合,背,背,背,背,背,背,背,背,背,背,背,背","合,背,背,背,背,背,背,背,背,背,背,背,背,背,背,背,背,背,背,背,背,背,背,背,背,背,背,背,背,背",agent2,VLLMGptOss20B,合作型的,0.05,216,0.1333,0.8667,4,"10,11,24,28","背,背,背,背,背,背,背,背,背,合,合,背,背,背,背,背,背,背,背,背,背,背,背,合,背,背,背,合,背,背","背,背,背,背,背,背,背,背,背,背,背,背,背,背,背,背,背,背,背,背,背,背,背,背,背,背,背,背,背,背",1.0,0.8571,0.0278,gpt-oss-20b,5,game_152
gpt-oss-20b__noise05__game_155,156,2026-02-12T13:20:20.572802,cn,True,30,30,agent1,VLLMGptOss20B,自私型的,0.05,238,0.1,0.9,3,"9,10,24","背,背,背,背,背,背,背,背,合,合,背,背,背,背,背,背,背,背,背,背,背,背,背,合,背,背,背,背,背,背","背,背,背,背,背,背,背,背,背,背,背,背,背,背,背,背,背,背,背,背,背,背,背,背,背,背,背,背,背,背",agent2,VLLMGptOss20B,自私型的,0.05,218,0.0333,0.9667,1,22,"背,背,背,背,背,背,背,背,背,背,背,背,背,背,背,背,背,背,背,背,背,合,背,背,背,背,背,背,背,背","背,背,背,背,背,背,背,背,背,背,背,背,背,背,背,背,背,背,背,背,背,背,背,背,背,背,背,背,背,背",1.0,0.881,0.0278,gpt-oss-20b,5,game_155
gpt-oss-20b__noise05__game_158,159,2026-02-12T13:23:06.164800,cn,True,30,30,agent1,VLLMGptOss20B,自私型的,0.05,224,0.0,1.0,0,,"背,背,背,背,背,背,背,背,背,背,背,背,背,背,背,背,背,背,背,背,背,背,背,背,背,背,背,背,背,背","背,背,背,背,背,背,背,背,背,背,背,背,背,背,背,背,背,背,背,背,背,背,背,背,背,背,背,背,背,背",agent2,VLLMGptOss20B,合作型的,0.05,244,0.0667,0.9333,0,,"合,背,背,背,背,背,背,背,背,背,背,背,背,背,背,背,背,背,背,背,背,合,背,背,背,背,背,背,背,背","合,背,背,背,背,背,背,背,背,背,背,背,背,背,背,背,背,背,背,背,背,合,背,背,背,背,背,背,背,背",1.0,0.9286,0.0833,gpt-oss-20b,5,game_158
gpt-oss-20b__noise05__game_157,158,2026-02-12T13:23:34.363647,cn,True,30,30,agent1,VLLMGptOss20B,合作型的,0.05,226,0.0333,0.9667,1,24,"背,背,背,背,背,背,背,背,背,背,背,背,背,背,背,背,背,背,背,背,背,背,背,合,背,背,背,背,背,背","背,背,背,背,背,背,背,背,背,背,背,背,背,背,背,背,背,背,背,背,背,背,背,背,背,背,背,背,背,背",agent2,VLLMGptOss20B,自私型的,0.05,236,0.0667,0.9333,1,13,"背,背,背,背,背,背,背,背,合,背,背,背,合,背,背,背,背,背,背,背,背,背,背,背,背,背,背,背,背,背","背,背,背,背,背,背,背,背,合,背,背,背,背,背,背,背,背,背,背,背,背,背,背,背,背,背,背,背,背,背",1.0,0.9048,0.0556,gpt-oss-20b,5,game_157
gpt-oss-20b__noise05__game_159,160,2026-02-12T13:25:56.629567,cn,True,30,30,agent1,VLLMGptOss20B,自私型的,0.05,236,0.0667,0.9333,2,"26,30","背,背,背,背,背,背,背,背,背,背,背,背,背,背,背,背,背,背,背,背,背,背,背,背,背,合,背,背,背,合","背,背,背,背,背,背,背,背,背,背,背,背,背,背,背,背,背,背,背,背,背,背,背,背,背,背,背,背,背,背",agent2,VLLMGptOss20B,自私型的,0.05,226,0.0333,0.9667,1,25,"背,背,背,背,背,背,背,背,背,背,背,背,背,背,背,背,背,背,背,背,背,背,背,背,合,背,背,背,背,背","背,背,背,背,背,背,背,背,背,背,背,背,背,背,背,背,背,背,背,背,背,背,背,背,背,背,背,背,背,背",1.0,0.9048,0.1389,gpt-oss-20b,5,game_159
gpt-oss-20b__noise05__game_156,157,2026-02-12T13:26:01.412951,cn,True,30,30,agent1,VLLMGptOss20B,合作型的,0.05,228,0.0667,0.9333,2,"3,17","背,背,合,背,背,背,背,背,背,背,背,背,背,背,背,背,合,背,背,背,背,背,背,背,背,背,背,背,背,背","背,背,背,背,背,背,背,背,背,背,背,背,背,背,背,背,背,背,背,背,背,背,背,背,背,背,背,背,背,背",agent2,VLLMGptOss20B,合作型的,0.05,228,0.0667,0.9333,1,8,"合,背,背,背,背,背,背,合,背,背,背,背,背,背,背,背,背,背,背,背,背,背,背,背,背,背,背,背,背,背","合,背,背,背,背,背,背,背,背,背,背,背,背,背,背,背,背,背,背,背,背,背,背,背,背,背,背,背,背,背",1.0,0.9762,0.0,gpt-oss-20b,5,game_156
gpt-oss-20b__noise05__game_161,162,2026-02-12T13:31:11.153308,vn,True,30,30,agent1,VLLMGptOss20B,một người hợp tác,0.05,234,0.0333,0.9667,1,20,"P,P,P,P,P,P,P,P,P,P,P,P,P,P,P,P,P,P,P,H,P,P,P,P,P,P,P,P,P,P","P,P,P,P,P,P,P,P,P,P,P,P,P,P,P,P,P,P,P,P,P,P,P,P,P,P,P,P,P,P",agent2,VLLMGptOss20B,một người ích kỷ,0.05,234,0.0333,0.9667,1,9,"P,P,P,P,P,P,P,P,H,P,P,P,P,P,P,P,P,P,P,P,P,P,P,P,P,P,P,P,P,P","P,P,P,P,P,P,P,P,P,P,P,P,P,P,P,P,P,P,P,P,P,P,P,P,P,P,P,P,P,P",1.0,0.9524,0.0556,gpt-oss-20b,5,game_161
gpt-oss-20b__noise05__game_163,164,2026-02-12T13:31:47.951863,vn,True,30,30,agent1,VLLMGptOss20B,một người ích kỷ,0.05,224,0.0,1.0,0,,"P,P,P,P,P,P,P,P,P,P,P,P,P,P,P,P,P,P,P,P,P,P,P,P,P,P,P,P,P,P","P,P,P,P,P,P,P,P,P,P,P,P,P,P,P,P,P,P,P,P,P,P,P,P,P,P,P,P,P,P",agent2,VLLMGptOss20B,một người ích kỷ,0.05,244,0.0667,0.9333,2,"26,29","P,P,P,P,P,P,P,P,P,P,P,P,P,P,P,P,P,P,P,P,P,P,P,P,P,H,P,P,H,P","P,P,P,P,P,P,P,P,P,P,P,P,P,P,P,P,P,P,P,P,P,P,P,P,P,P,P,P,P,P",1.0,0.881,0.1667,gpt-oss-20b,5,game_163
gpt-oss-20b__noise05__game_162,163,2026-02-12T13:31:54.677763,vn,True,30,30,agent1,VLLMGptOss20B,một người ích kỷ,0.05,224,0.0,1.0,0,,"P,P,P,P,P,P,P,P,P,P,P,P,P,P,P,P,P,P,P,P,P,P,P,P,P,P,P,P,P,P","P,P,P,P,P,P,P,P,P,P,P,P,P,P,P,P,P,P,P,P,P,P,P,P,P,P,P,P,P,P",agent2,VLLMGptOss20B,một người hợp tác,0.05,244,0.0667,0.9333,0,,"P,P,P,P,P,P,P,P,P,P,P,P,P,P,P,P,P,P,H,P,P,P,P,P,P,H,P,P,P,P","P,P,P,P,P,P,P,P,P,P,P,P,P,P,P,P,P,P,H,P,P,P,P,P,P,H,P,P,P,P",1.0,0.9286,0.1944,gpt-oss-20b,5,game_162
gpt-oss-20b__noise05__game_160,161,2026-02-12T13:33:24.716361,vn,True,30,30,agent1,VLLMGptOss20B,một người hợp tác,0.05,216,0.0,1.0,0,,"P,P,P,P,P,P,P,P,P,P,P,P,P,P,P,P,P,P,P,P,P,P,P,P,P,P,P,P,P,P","P,P,P,P,P,P,P,P,P,P,P,P,P,P,P,P,P,P,P,P,P,P,P,P,P,P,P,P,P,P",agent2,VLLMGptOss20B,một người hợp tác,0.05,246,0.1,0.9,2,"1,12","H,P,P,P,H,P,P,P,P,P,P,H,P,P,P,P,P,P,P,P,P,P,P,P,P,P,P,P,P,P","P,P,P,P,H,P,P,P,P,P,P,P,P,P,P,P,P,P,P,P,P,P,P,P,P,P,P,P,P,P",1.0,0.9762,0.1389,gpt-oss-20b,5,game_160
gpt-oss-20b__noise05__game_166,167,2026-02-12T13:38:01.385361,vn,True,30,30,agent1,VLLMGptOss20B,một người ích kỷ,0.05,244,0.0667,0.9333,2,"13,30","P,P,P,P,P,P,P,P,P,P,P,P,H,P,P,P,P,P,P,P,P,P,P,P,P,P,P,P,P,H","P,P,P,P,P,P,P,P,P,P,P,P,P,P,P,P,P,P,P,P,P,P,P,P,P,P,P,P,P,P",agent2,VLLMGptOss20B,một người hợp tác,0.05,224,0.0,1.0,0,,"P,P,P,P,P,P,P,P,P,P,P,P,P,P,P,P,P,P,P,P,P,P,P,P,P,P,P,P,P,P","P,P,P,P,P,P,P,P,P,P,P,P,P,P,P,P,P,P,P,P,P,P,P,P,P,P,P,P,P,P",1.0,0.9762,0.1667,gpt-oss-20b,5,game_166
gpt-oss-20b__noise05__game_165,166,2026-02-12T13:39:25.412212,vn,True,30,30,agent1,VLLMGptOss20B,một người hợp tác,0.05,244,0.0667,0.9333,1,24,"H,P,P,P,P,P,P,P,P,P,P,P,P,P,P,P,P,P,P,P,P,P,P,H,P,P,P,P,P,P","H,P,P,P,P,P,P,P,P,P,P,P,P,P,P,P,P,P,P,P,P,P,P,P,P,P,P,P,P,P",agent2,VLLMGptOss20B,một người ích kỷ,0.05,224,0.0,1.0,0,,"P,P,P,P,P,P,P,P,P,P,P,P,P,P,P,P,P,P,P,P,P,P,P,P,P,P,P,P,P,P","P,P,P,P,P,P,P,P,P,P,P,P,P,P,P,P,P,P,P,P,P,P,P,P,P,P,P,P,P,P",1.0,0.9762,0.1111,gpt-oss-20b,5,game_165
gpt-oss-20b__noise05__game_167,168,2026-02-12T13:40:10.359351,vn,True,30,30,agent1,VLLMGptOss20B,một người ích kỷ,0.05,246,0.1,0.9,3,"12,14,21","P,P,P,P,P,P,P,P,P,P,P,H,P,H,P,P,P,P,P,P,H,P,P,P,P,P,P,P,P,P","P,P,P,P,P,P,P,P,P,P,P,P,P,P,P,P,P,P,P,P,P,P,P,P,P,P,P,P,P,P",agent2,VLLMGptOss20B,một người ích kỷ,0.05,216,0.0,1.0,0,,"P,P,P,P,P,P,P,P,P,P,P,P,P,P,P,P,P,P,P,P,P,P,P,P,P,P,P,P,P,P","P,P,P,P,P,P,P,P,P,P,P,P,P,P,P,P,P,P,P,P,P,P,P,P,P,P,P,P,P,P",1.0,0.9762,0.1389,gpt-oss-20b,5,game_167
gpt-oss-20b__noise05__game_164,165,2026-02-12T13:41:02.819933,vn,True,30,30,agent1,VLLMGptOss20B,một người hợp tác,0.05,238,0.1,0.9,3,"4,17,24","P,P,P,H,P,P,P,P,P,P,P,P,P,P,P,P,H,P,P,P,P,P,P,H,P,P,P,P,P,P","P,P,P,P,P,P,P,P,P,P,P,P,P,P,P,P,P,P,P,P,P,P,P,P,P,P,P,P,P,P",agent2,VLLMGptOss20B,một người hợp tác,0.05,218,0.0333,0.9667,1,6,"P,P,P,P,P,H,P,P,P,P,P,P,P,P,P,P,P,P,P,P,P,P,P,P,P,P,P,P,P,P","P,P,P,P,P,P,P,P,P,P,P,P,P,P,P,P,P,P,P,P,P,P,P,P,P,P,P,P,P,P",1.0,0.9762,0.0278,gpt-oss-20b,5,game_164
gpt-oss-20b__noise05__game_168,169,2026-02-12T13:44:02.404548,vn,True,30,30,agent1,VLLMGptOss20B,một người hợp tác,0.05,234,0.0333,0.9667,0,,"H,P,P,P,P,P,P,P,P,P,P,P,P,P,P,P,P,P,P,P,P,P,P,P,P,P,P,P,P,P","H,P,P,P,P,P,P,P,P,P,P,P,P,P,P,P,P,P,P,P,P,P,P,P,P,P,P,P,P,P",agent2,VLLMGptOss20B,một người hợp tác,0.05,234,0.0333,0.9667,0,,"P,P,P,P,P,P,P,P,P,P,P,P,P,P,P,H,P,P,P,P,P,P,P,P,P,P,P,P,P,P","P,P,P,P,P,P,P,P,P,P,P,P,P,P,P,H,P,P,P,P,P,P,P,P,P,P,P,P,P,P",1.0,0.9286,0.1111,gpt-oss-20b,5,game_168
gpt-oss-20b__noise05__game_170,171,2026-02-12T13:47:46.124986,vn,True,30,30,agent1,VLLMGptOss20B,một người ích kỷ,0.05,218,0.0333,0.9667,1,3,"P,P,H,P,P,P,P,P,P,P,P,P,P,P,P,P,P,P,P,P,P,P,P,P,P,P,P,P,P,P","P,P,P,P,P,P,P,P,P,P,P,P,P,P,P,P,P,P,P,P,P,P,P,P,P,P,P,P,P,P",agent2,VLLMGptOss20B,một người hợp tác,0.05,238,0.1,0.9,3,"4,10,20","P,P,P,H,P,P,P,P,P,H,P,P,P,P,P,P,P,P,P,H,P,P,P,P,P,P,P,P,P,P","P,P,P,P,P,P,P,P,P,P,P,P,P,P,P,P,P,P,P,P,P,P,P,P,P,P,P,P,P,P",1.0,0.9524,0.0,gpt-oss-20b,5,game_170
gpt-oss-20b__noise05__game_171,172,2026-02-12T13:47:48.761891,vn,True,30,30,agent1,VLLMGptOss20B,một người ích kỷ,0.05,232,0.0,1.0,0,,"P,P,P,P,P,P,P,P,P,P,P,P,P,P,P,P,P,P,P,P,P,P,P,P,P,P,P,P,P,P","P,P,P,P,P,P,P,P,P,P,P,P,P,P,P,P,P,P,P,P,P,P,P,P,P,P,P,P,P,P",agent2,VLLMGptOss20B,một người ích kỷ,0.05,242,0.0333,0.9667,1,7,"P,P,P,P,P,P,H,P,P,P,P,P,P,P,P,P,P,P,P,P,P,P,P,P,P,P,P,P,P,P","P,P,P,P,P,P,P,P,P,P,P,P,P,P,P,P,P,P,P,P,P,P,P,P,P,P,P,P,P,P",1.0,0.9762,0.1389,gpt-oss-20b,5,game_171
gpt-oss-20b__noise05__game_169,170,2026-02-12T13:48:15.440036,vn,True,30,30,agent1,VLLMGptOss20B,một người hợp tác,0.05,230,0.1,0.9,2,"2,3","H,H,H,P,P,P,P,P,P,P,P,P,P,P,P,P,P,P,P,P,P,P,P,P,P,P,P,P,P,P","H,P,P,P,P,P,P,P,P,P,P,P,P,P,P,P,P,P,P,P,P,P,P,P,P,P,P,P,P,P",agent2,VLLMGptOss20B,một người ích kỷ,0.05,220,0.0667,0.9333,2,"20,29","P,P,P,P,P,P,P,P,P,P,P,P,P,P,P,P,P,P,P,H,P,P,P,P,P,P,P,P,H,P","P,P,P,P,P,P,P,P,P,P,P,P,P,P,P,P,P,P,P,P,P,P,P,P,P,P,P,P,P,P",1.0,0.9286,0.0833,gpt-oss-20b,5,game_169
gpt-oss-20b__noise05__game_172,173,2026-02-12T13:49:43.439725,vn,True,30,30,agent1,VLLMGptOss20B,một người hợp tác,0.05,232,0.0,1.0,0,,"P,P,P,P,P,P,P,P,P,P,P,P,P,P,P,P,P,P,P,P,P,P,P,P,P,P,P,P,P,P","P,P,P,P,P,P,P,P,P,P,P,P,P,P,P,P,P,P,P,P,P,P,P,P,P,P,P,P,P,P",agent2,VLLMGptOss20B,một người hợp tác,0.05,242,0.0333,0.9667,1,29,"P,P,P,P,P,P,P,P,P,P,P,P,P,P,P,P,P,P,P,P,P,P,P,P,P,P,P,P,H,P","P,P,P,P,P,P,P,P,P,P,P,P,P,P,P,P,P,P,P,P,P,P,P,P,P,P,P,P,P,P",1.0,0.9762,0.1944,gpt-oss-20b,5,game_172
gpt-oss-20b__noise05__game_175,176,2026-02-12T13:54:01.599720,vn,True,30,30,agent1,VLLMGptOss20B,một người ích kỷ,0.05,242,0.0333,0.9667,1,20,"P,P,P,P,P,P,P,P,P,P,P,P,P,P,P,P,P,P,P,H,P,P,P,P,P,P,P,P,P,P","P,P,P,P,P,P,P,P,P,P,P,P,P,P,P,P,P,P,P,P,P,P,P,P,P,P,P,P,P,P",agent2,VLLMGptOss20B,một người ích kỷ,0.05,232,0.0,1.0,0,,"P,P,P,P,P,P,P,P,P,P,P,P,P,P,P,P,P,P,P,P,P,P,P,P,P,P,P,P,P,P","P,P,P,P,P,P,P,P,P,P,P,P,P,P,P,P,P,P,P,P,P,P,P,P,P,P,P,P,P,P",1.0,0.9048,0.1667,gpt-oss-20b,5,game_175
gpt-oss-20b__noise05__game_174,175,2026-02-12T13:54:21.070410,vn,True,30,30,agent1,VLLMGptOss20B,một người ích kỷ,0.05,226,0.0333,0.9667,1,29,"P,P,P,P,P,P,P,P,P,P,P,P,P,P,P,P,P,P,P,P,P,P,P,P,P,P,P,P,H,P","P,P,P,P,P,P,P,P,P,P,P,P,P,P,P,P,P,P,P,P,P,P,P,P,P,P,P,P,P,P",agent2,VLLMGptOss20B,một người hợp tác,0.05,236,0.0667,0.9333,2,"9,19","P,P,P,P,P,P,P,P,H,P,P,P,P,P,P,P,P,P,H,P,P,P,P,P,P,P,P,P,P,P","P,P,P,P,P,P,P,P,P,P,P,P,P,P,P,P,P,P,P,P,P,P,P,P,P,P,P,P,P,P",1.0,0.9762,0.1111,gpt-oss-20b,5,game_174
gpt-oss-20b__noise05__game_173,174,2026-02-12T13:55:48.911975,vn,True,30,30,agent1,VLLMGptOss20B,một người hợp tác,0.05,220,0.0667,0.9333,2,"11,22","P,P,P,P,P,P,P,P,P,P,H,P,P,P,P,P,P,P,P,P,P,H,P,P,P,P,P,P,P,P","P,P,P,P,P,P,P,P,P,P,P,P,P,P,P,P,P,P,P,P,P,P,P,P,P,P,P,P,P,P",agent2,VLLMGptOss20B,một người ích kỷ,0.05,230,0.1,0.9,3,"2,14,21","P,H,P,P,P,P,P,P,P,P,P,P,P,H,P,P,P,P,P,P,H,P,P,P,P,P,P,P,P,P","P,P,P,P,P,P,P,P,P,P,P,P,P,P,P,P,P,P,P,P,P,P,P,P,P,P,P,P,P,P",1.0,0.8571,0.0278,gpt-oss-20b,5,game_173
gpt-oss-20b__noise05__game_176,177,2026-02-12T13:56:18.981377,vn,True,30,30,agent1,VLLMGptOss20B,một người hợp tác,0.05,236,0.0667,0.9333,2,"21,30","P,P,P,P,P,P,P,P,P,P,P,P,P,P,P,P,P,P,P,P,H,P,P,P,P,P,P,P,P,H","P,P,P,P,P,P,P,P,P,P,P,P,P,P,P,P,P,P,P,P,P,P,P,P,P,P,P,P,P,P",agent2,VLLMGptOss20B,một người hợp tác,0.05,226,0.0333,0.9667,1,26,"P,P,P,P,P,P,P,P,P,P,P,P,P,P,P,P,P,P,P,P,P,P,P,P,P,H,P,P,P,P","P,P,P,P,P,P,P,P,P,P,P,P,P,P,P,P,P,P,P,P,P,P,P,P,P,P,P,P,P,P",1.0,0.9762,0.2778,gpt-oss-20b,5,game_176
gpt-oss-20b__noise05__game_178,179,2026-02-12T14:00:29.346206,vn,True,30,30,agent1,VLLMGptOss20B,một người ích kỷ,0.05,224,0.0,1.0,0,,"P,P,P,P,P,P,P,P,P,P,P,P,P,P,P,P,P,P,P,P,P,P,P,P,P,P,P,P,P,P","P,P,P,P,P,P,P,P,P,P,P,P,P,P,P,P,P,P,P,P,P,P,P,P,P,P,P,P,P,P",agent2,VLLMGptOss20B,một người hợp tác,0.05,244,0.0667,0.9333,2,"4,20","P,P,P,H,P,P,P,P,P,P,P,P,P,P,P,P,P,P,P,H,P,P,P,P,P,P,P,P,P,P","P,P,P,P,P,P,P,P,P,P,P,P,P,P,P,P,P,P,P,P,P,P,P,P,P,P,P,P,P,P",1.0,0.9286,0.0556,gpt-oss-20b,5,game_178
gpt-oss-20b__noise05__game_177,178,2026-02-12T14:00:45.775306,vn,True,30,30,agent1,VLLMGptOss20B,một người hợp tác,0.05,234,0.0333,0.9667,1,12,"P,P,P,P,P,P,P,P,P,P,P,H,P,P,P,P,P,P,P,P,P,P,P,P,P,P,P,P,P,P","P,P,P,P,P,P,P,P,P,P,P,P,P,P,P,P,P,P,P,P,P,P,P,P,P,P,P,P,P,P",agent2,VLLMGptOss20B,một người ích kỷ,0.05,234,0.0333,0.9667,1,26,"P,P,P,P,P,P,P,P,P,P,P,P,P,P,P,P,P,P,P,P,P,P,P,P,P,H,P,P,P,P","P,P,P,P,P,P,P,P,P,P,P,P,P,P,P,P,P,P,P,P,P,P,P,P,P,P,P,P,P,P",1.0,0.9762,0.1667,gpt-oss-20b,5,game_177
gpt-oss-20b__noise05__game_179,180,2026-02-12T14:02:45.355307,vn,True,30,30,agent1,VLLMGptOss20B,một người ích kỷ,0.05,228,0.0667,0.9333,2,"3,17","P,P,H,P,P,P,P,P,P,P,P,P,P,P,P,P,H,P,P,P,P,P,P,P,P,P,P,P,P,P","P,P,P,P,P,P,P,P,P,P,P,P,P,P,P,P,P,P,P,P,P,P,P,P,P,P,P,P,P,P",agent2,VLLMGptOss20B,một người ích kỷ,0.05,228,0.0667,0.9333,2,"14,25","P,P,P,P,P,P,P,P,P,P,P,P,P,H,P,P,P,P,P,P,P,P,P,P,H,P,P,P,P,P","P,P,P,P,P,P,P,P,P,P,P,P,P,P,P,P,P,P,P,P,P,P,P,P,P,P,P,P,P,P",1.0,0.9524,0.0556,gpt-oss-20b,5,game_179
gpt-oss-20b__noise05__game_180,181,2026-02-12T14:04:39.146020,vn,True,30,30,agent1,VLLMGptOss20B,một người hợp tác,0.05,234,0.0333,0.9667,1,11,"P,P,P,P,P,P,P,P,P,P,H,P,P,P,P,P,P,P,P,P,P,P,P,P,P,P,P,P,P,P","P,P,P,P,P,P,P,P,P,P,P,P,P,P,P,P,P,P,P,P,P,P,P,P,P,P,P,P,P,P",agent2,VLLMGptOss20B,một người hợp tác,0.05,234,0.0333,0.9667,1,6,"P,P,P,P,P,H,P,P,P,P,P,P,P,P,P,P,P,P,P,P,P,P,P,P,P,P,P,P,P,P","P,P,P,P,P,P,P,P,P,P,P,P,P,P,P,P,P,P,P,P,P,P,P,P,P,P,P,P,P,P",1.0,0.9762,0.0556,gpt-oss-20b,5,game_180
gpt-oss-20b__noise05__game_182,183,2026-02-12T14:06:38.334610,vn,True,30,30,agent1,VLLMGptOss20B,một người ích kỷ,0.05,242,0.0333,0.9667,1,21,"P,P,P,P,P,P,P,P,P,P,P,P,P,P,P,P,P,P,P,P,H,P,P,P,P,P,P,P,P,P","P,P,P,P,P,P,P,P,P,P,P,P,P,P,P,P,P,P,P,P,P,P,P,P,P,P,P,P,P,P",agent2,VLLMGptOss20B,một người hợp tác,0.05,232,0.0,1.0,0,,"P,P,P,P,P,P,P,P,P,P,P,P,P,P,P,P,P,P,P,P,P,P,P,P,P,P,P,P,P,P","P,P,P,P,P,P,P,P,P,P,P,P,P,P,P,P,P,P,P,P,P,P,P,P,P,P,P,P,P,P",1.0,0.9762,0.2222,gpt-oss-20b,5,game_182
gpt-oss-20b__noise05__game_183,184,2026-02-12T14:07:45.012764,vn,True,30,30,agent1,VLLMGptOss20B,một người ích kỷ,0.05,240,0.0,1.0,0,,"P,P,P,P,P,P,P,P,P,P,P,P,P,P,P,P,P,P,P,P,P,P,P,P,P,P,P,P,P,P","P,P,P,P,P,P,P,P,P,P,P,P,P,P,P,P,P,P,P,P,P,P,P,P,P,P,P,P,P,P",agent2,VLLMGptOss20B,một người ích kỷ,0.05,240,0.0,1.0,0,,"P,P,P,P,P,P,P,P,P,P,P,P,P,P,P,P,P,P,P,P,P,P,P,P,P,P,P,P,P,P","P,P,P,P,P,P,P,P,P,P,P,P,P,P,P,P,P,P,P,P,P,P,P,P,P,P,P,P,P,P",1.0,0.9286,0.2778,gpt-oss-20b,5,game_183
gpt-oss-20b__noise05__game_181,182,2026-02-12T14:08:44.329870,vn,True,30,30,agent1,VLLMGptOss20B,một người hợp tác,0.05,222,0.1,0.9,3,"6,13,24","P,P,P,P,P,H,P,P,P,P,P,P,H,P,P,P,P,P,P,P,P,P,P,H,P,P,P,P,P,P","P,P,P,P,P,P,P,P,P,P,P,P,P,P,P,P,P,P,P,P,P,P,P,P,P,P,P,P,P,P",agent2,VLLMGptOss20B,một người ích kỷ,0.05,222,0.1,0.9,3,"1,13,28","H,P,P,P,P,P,P,P,P,P,P,P,H,P,P,P,P,P,P,P,P,P,P,P,P,P,P,H,P,P","P,P,P,P,P,P,P,P,P,P,P,P,P,P,P,P,P,P,P,P,P,P,P,P,P,P,P,P,P,P",1.0,0.9524,0.0,gpt-oss-20b,5,game_181
gpt-oss-20b__noise05__game_184,185,2026-02-12T14:12:04.536381,vn,True,30,30,agent1,VLLMGptOss20B,một người hợp tác,0.05,200,0.0,1.0,0,,"P,P,P,P,P,P,P,P,P,P,P,P,P,P,P,P,P,P,P,P,P,P,P,P,P,P,P,P,P,P","P,P,P,P,P,P,P,P,P,P,P,P,P,P,P,P,P,P,P,P,P,P,P,P,P,P,P,P,P,P",agent2,VLLMGptOss20B,một người hợp tác,0.05,250,0.1667,0.8333,4,"2,7,11,30","H,H,P,P,P,P,H,P,P,P,H,P,P,P,P,P,P,P,P,P,P,P,P,P,P,P,P,P,P,H","H,P,P,P,P,P,P,P,P,P,P,P,P,P,P,P,P,P,P,P,P,P,P,P,P,P,P,P,P,P",1.0,0.9524,0.0833,gpt-oss-20b,5,game_184
gpt-oss-20b__noise05__game_186,187,2026-02-12T14:14:46.582601,vn,True,30,30,agent1,VLLMGptOss20B,một người ích kỷ,0.05,232,0.0,1.0,0,,"P,P,P,P,P,P,P,P,P,P,P,P,P,P,P,P,P,P,P,P,P,P,P,P,P,P,P,P,P,P","P,P,P,P,P,P,P,P,P,P,P,P,P,P,P,P,P,P,P,P,P,P,P,P,P,P,P,P,P,P",agent2,VLLMGptOss20B,một người hợp tác,0.05,242,0.0333,0.9667,1,14,"P,P,P,P,P,P,P,P,P,P,P,P,P,H,P,P,P,P,P,P,P,P,P,P,P,P,P,P,P,P","P,P,P,P,P,P,P,P,P,P,P,P,P,P,P,P,P,P,P,P,P,P,P,P,P,P,P,P,P,P",1.0,0.9762,0.1389,gpt-oss-20b,5,game_186
gpt-oss-20b__noise05__game_185,186,2026-02-12T14:15:15.752602,vn,True,30,30,agent1,VLLMGptOss20B,một người hợp tác,0.05,240,0.1333,0.8667,3,"2,5,17","P,H,P,P,H,P,P,P,P,P,P,P,P,P,P,P,H,P,P,P,P,P,P,P,P,P,P,P,H,P","P,P,P,P,P,P,P,P,P,P,P,P,P,P,P,P,P,P,P,P,P,P,P,P,P,P,P,P,H,P",agent2,VLLMGptOss20B,một người ích kỷ,0.05,210,0.0333,0.9667,1,9,"P,P,P,P,P,P,P,P,H,P,P,P,P,P,P,P,P,P,P,P,P,P,P,P,P,P,P,P,P,P","P,P,P,P,P,P,P,P,P,P,P,P,P,P,P,P,P,P,P,P,P,P,P,P,P,P,P,P,P,P",1.0,0.9762,0.0556,gpt-oss-20b,5,game_185
gpt-oss-20b__noise05__game_187,188,2026-02-12T14:15:23.097084,vn,True,30,30,agent1,VLLMGptOss20B,một người ích kỷ,0.05,228,0.0667,0.9333,2,"7,25","P,P,P,P,P,P,H,P,P,P,P,P,P,P,P,P,P,P,P,P,P,P,P,P,H,P,P,P,P,P","P,P,P,P,P,P,P,P,P,P,P,P,P,P,P,P,P,P,P,P,P,P,P,P,P,P,P,P,P,P",agent2,VLLMGptOss20B,một người ích kỷ,0.05,228,0.0667,0.9333,2,"17,24","P,P,P,P,P,P,P,P,P,P,P,P,P,P,P,P,H,P,P,P,P,P,P,H,P,P,P,P,P,P","P,P,P,P,P,P,P,P,P,P,P,P,P,P,P,P,P,P,P,P,P,P,P,P,P,P,P,P,P,P",1.0,0.9048,0.0556,gpt-oss-20b,5,game_187
gpt-oss-20b__noise05__game_188,189,2026-02-12T14:20:42.858272,vn,True,30,30,agent1,VLLMGptOss20B,một người hợp tác,0.05,214,0.1,0.9,3,"3,20,22","P,P,H,P,P,P,P,P,P,P,P,P,P,P,P,P,P,P,P,H,P,H,P,P,P,P,P,P,P,P","P,P,P,P,P,P,P,P,P,P,P,P,P,P,P,P,P,P,P,P,P,P,P,P,P,P,P,P,P,P",agent2,VLLMGptOss20B,một người hợp tác,0.05,224,0.1333,0.8667,4,"4,17,20,29","P,P,P,H,P,P,P,P,P,P,P,P,P,P,P,P,H,P,P,H,P,P,P,P,P,P,P,P,H,P","P,P,P,P,P,P,P,P,P,P,P,P,P,P,P,P,P,P,P,P,P,P,P,P,P,P,P,P,P,P",1.0,0.9762,0.0,gpt-oss-20b,5,game_188
gpt-oss-20b__noise05__game_189,190,2026-02-12T14:21:00.272483,vn,True,30,30,agent1,VLLMGptOss20B,một người hợp tác,0.05,232,0.0,1.0,0,,"P,P,P,P,P,P,P,P,P,P,P,P,P,P,P,P,P,P,P,P,P,P,P,P,P,P,P,P,P,P","P,P,P,P,P,P,P,P,P,P,P,P,P,P,P,P,P,P,P,P,P,P,P,P,P,P,P,P,P,P",agent2,VLLMGptOss20B,một người ích kỷ,0.05,242,0.0333,0.9667,1,12,"P,P,P,P,P,P,P,P,P,P,P,H,P,P,P,P,P,P,P,P,P,P,P,P,P,P,P,P,P,P","P,P,P,P,P,P,P,P,P,P,P,P,P,P,P,P,P,P,P,P,P,P,P,P,P,P,P,P,P,P",1.0,0.881,0.1389,gpt-oss-20b,5,game_189
gpt-oss-20b__noise05__game_191,192,2026-02-12T14:21:42.163839,vn,True,30,30,agent1,VLLMGptOss20B,một người ích kỷ,0.05,216,0.0,1.0,0,,"P,P,P,P,P,P,P,P,P,P,P,P,P,P,P,P,P,P,P,P,P,P,P,P,P,P,P,P,P,P","P,P,P,P,P,P,P,P,P,P,P,P,P,P,P,P,P,P,P,P,P,P,P,P,P,P,P,P,P,P",agent2,VLLMGptOss20B,một người ích kỷ,0.05,246,0.1,0.9,3,"8,14,15","P,P,P,P,P,P,P,H,P,P,P,P,P,H,H,P,P,P,P,P,P,P,P,P,P,P,P,P,P,P","P,P,P,P,P,P,P,P,P,P,P,P,P,P,P,P,P,P,P,P,P,P,P,P,P,P,P,P,P,P",1.0,0.9524,0.0556,gpt-oss-20b,5,game_191
gpt-oss-20b__noise05__game_190,191,2026-02-12T14:22:49.521750,vn,True,30,30,agent1,VLLMGptOss20B,một người ích kỷ,0.05,228,0.0667,0.9333,2,"12,28","P,P,P,P,P,P,P,P,P,P,P,H,P,P,P,P,P,P,P,P,P,P,P,P,P,P,P,H,P,P","P,P,P,P,P,P,P,P,P,P,P,P,P,P,P,P,P,P,P,P,P,P,P,P,P,P,P,P,P,P",agent2,VLLMGptOss20B,một người hợp tác,0.05,228,0.0667,0.9333,1,14,"H,P,P,P,P,P,P,P,P,P,P,P,P,H,P,P,P,P,P,P,P,P,P,P,P,P,P,P,P,P","H,P,P,P,P,P,P,P,P,P,P,P,P,P,P,P,P,P,P,P,P,P,P,P,P,P,P,P,P,P",1.0,0.9762,0.0278,gpt-oss-20b,5,game_190
gpt-oss-20b__noise05__game_193,194,2026-02-12T14:27:33.675338,vn,True,30,30,agent1,VLLMGptOss20B,một người hợp tác,0.05,222,0.1,0.9,3,"1,3,4","H,P,H,H,P,P,P,P,P,P,P,P,P,P,P,P,P,P,P,P,P,P,P,P,P,P,P,P,P,P","P,P,P,P,P,P,P,P,P,P,P,P,P,P,P,P,P,P,P,P,P,P,P,P,P,P,P,P,P,P",agent2,VLLMGptOss20B,một người ích kỷ,0.05,222,0.1,0.9,3,"24,25,30","P,P,P,P,P,P,P,P,P,P,P,P,P,P,P,P,P,P,P,P,P,P,P,H,H,P,P,P,P,H","P,P,P,P,P,P,P,P,P,P,P,P,P,P,P,P,P,P,P,P,P,P,P,P,P,P,P,P,P,P",1.0,0.9524,0.0833,gpt-oss-20b,5,game_193
gpt-oss-20b__noise05__game_194,195,2026-02-12T14:28:05.913110,vn,True,30,30,agent1,VLLMGptOss20B,một người ích kỷ,0.05,246,0.1,0.9,3,"23,27,30","P,P,P,P,P,P,P,P,P,P,P,P,P,P,P,P,P,P,P,P,P,P,H,P,P,P,H,P,P,H","P,P,P,P,P,P,P,P,P,P,P,P,P,P,P,P,P,P,P,P,P,P,P,P,P,P,P,P,P,P",agent2,VLLMGptOss20B,một người hợp tác,0.05,216,0.0,1.0,0,,"P,P,P,P,P,P,P,P,P,P,P,P,P,P,P,P,P,P,P,P,P,P,P,P,P,P,P,P,P,P","P,P,P,P,P,P,P,P,P,P,P,P,P,P,P,P,P,P,P,P,P,P,P,P,P,P,P,P,P,P",1.0,0.9286,0.1944,gpt-oss-20b,5,game_194
gpt-oss-20b__noise05__game_192,193,2026-02-12T14:28:33.295721,vn,True,30,30,agent1,VLLMGptOss20B,một người hợp tác,0.05,234,0.0333,0.9667,0,,"P,P,P,P,P,P,P,P,P,P,P,P,P,P,P,P,P,H,P,P,P,P,P,P,P,P,P,P,P,P","P,P,P,P,P,P,P,P,P,P,P,P,P,P,P,P,P,H,P,P,P,P,P,P,P,P,P,P,P,P",agent2,VLLMGptOss20B,một người hợp tác,0.05,234,0.0333,0.9667,1,29,"P,P,P,P,P,P,P,P,P,P,P,P,P,P,P,P,P,P,P,P,P,P,P,P,P,P,P,P,H,P","P,P,P,P,P,P,P,P,P,P,P,P,P,P,P,P,P,P,P,P,P,P,P,P,P,P,P,P,P,P",0.9868,1.0,0.1944,gpt-oss-20b,5,game_192
gpt-oss-20b__noise05__game_195,196,2026-02-12T14:29:33.995177,vn,True,30,30,agent1,VLLMGptOss20B,một người ích kỷ,0.05,232,0.1333,0.8667,4,"1,10,19,20","H,P,P,P,P,P,P,P,P,H,P,P,P,P,P,P,P,P,H,H,P,P,P,P,P,P,P,P,P,P","P,P,P,P,P,P,P,P,P,P,P,P,P,P,P,P,P,P,P,P,P,P,P,P,P,P,P,P,P,P",agent2,VLLMGptOss20B,một người ích kỷ,0.05,212,0.0667,0.9333,2,"17,30","P,P,P,P,P,P,P,P,P,P,P,P,P,P,P,P,H,P,P,P,P,P,P,P,P,P,P,P,P,H","P,P,P,P,P,P,P,P,P,P,P,P,P,P,P,P,P,P,P,P,P,P,P,P,P,P,P,P,P,P",1.0,0.9048,0.0278,gpt-oss-20b,5,game_195
gpt-oss-20b__noise05__game_196,197,2026-02-12T14:33:40.020823,vn,True,30,30,agent1,VLLMGptOss20B,một người hợp tác,0.05,244,0.0667,0.9333,2,"3,5","P,P,H,P,H,P,P,P,P,P,P,P,P,P,P,P,P,P,P,P,P,P,P,P,P,P,P,P,P,P","P,P,P,P,P,P,P,P,P,P,P,P,P,P,P,P,P,P,P,P,P,P,P,P,P,P,P,P,P,P",agent2,VLLMGptOss20B,một người hợp tác,0.05,224,0.0,1.0,0,,"P,P,P,P,P,P,P,P,P,P,P,P,P,P,P,P,P,P,P,P,P,P,P,P,P,P,P,P,P,P","P,P,P,P,P,P,P,P,P,P,P,P,P,P,P,P,P,P,P,P,P,P,P,P,P,P,P,P,P,P",1.0,0.9762,0.1667,gpt-oss-20b,5,game_196
gpt-oss-20b__noise05__game_197,198,2026-02-12T14:33:43.467451,vn,True,30,30,agent1,VLLMGptOss20B,một người hợp tác,0.05,232,0.0,1.0,0,,"P,P,P,P,P,P,P,P,P,P,P,P,P,P,P,P,P,P,P,P,P,P,P,P,P,P,P,P,P,P","P,P,P,P,P,P,P,P,P,P,P,P,P,P,P,P,P,P,P,P,P,P,P,P,P,P,P,P,P,P",agent2,VLLMGptOss20B,một người ích kỷ,0.05,242,0.0333,0.9667,1,26,"P,P,P,P,P,P,P,P,P,P,P,P,P,P,P,P,P,P,P,P,P,P,P,P,P,H,P,P,P,P","P,P,P,P,P,P,P,P,P,P,P,P,P,P,P,P,P,P,P,P,P,P,P,P,P,P,P,P,P,P",1.0,0.881,0.2778,gpt-oss-20b,5,game_197
gpt-oss-20b__noise05__game_198,199,2026-02-12T14:34:49.060143,vn,True,30,30,agent1,VLLMGptOss20B,một người ích kỷ,0.05,216,0.0,1.0,0,,"P,P,P,P,P,P,P,P,P,P,P,P,P,P,P,P,P,P,P,P,P,P,P,P,P,P,P,P,P,P","P,P,P,P,P,P,P,P,P,P,P,P,P,P,P,P,P,P,P,P,P,P,P,P,P,P,P,P,P,P",agent2,VLLMGptOss20B,một người hợp tác,0.05,246,0.1,0.9,0,,"P,P,P,H,P,P,P,P,P,P,P,P,P,P,P,P,P,P,P,P,P,H,P,P,P,P,P,P,H,P","P,P,P,H,P,P,P,P,P,P,P,P,P,P,P,P,P,P,P,P,P,H,P,P,P,P,P,P,H,P",1.0,0.9762,0.1111,gpt-oss-20b,5,game_198
gpt-oss-20b__noise05__game_199,200,2026-02-12T14:37:11.998361,vn,True,30,30,agent1,VLLMGptOss20B,một người ích kỷ,0.05,218,0.0333,0.9667,1,1,"H,P,P,P,P,P,P,P,P,P,P,P,P,P,P,P,P,P,P,P,P,P,P,P,P,P,P,P,P,P","P,P,P,P,P,P,P,P,P,P,P,P,P,P,P,P,P,P,P,P,P,P,P,P,P,P,P,P,P,P",agent2,VLLMGptOss20B,một người ích kỷ,0.05,238,0.1,0.9,3,"2,8,10","P,H,P,P,P,P,P,H,P,H,P,P,P,P,P,P,P,P,P,P,P,P,P,P,P,P,P,P,P,P","P,P,P,P,P,P,P,P,P,P,P,P,P,P,P,P,P,P,P,P,P,P,P,P,P,P,P,P,P,P",0.9868,0.9286,0.0,gpt-oss-20b,5,game_199
gpt-oss-20b__noise05__game_201,202,2026-02-12T14:43:19.789727,it,True,30,30,agent1,VLLMGptOss20B,cooperativo,0.05,246,0.2333,0.7667,2,"3,10","C,T,C,T,T,T,T,T,T,C,T,T,C,T,T,T,T,T,T,T,C,T,T,T,C,T,C,T,T,T","C,T,T,T,T,T,T,T,T,T,T,T,C,T,T,T,T,T,T,T,C,T,T,T,C,T,C,T,T,T",agent2,VLLMGptOss20B,egoista,0.05,186,0.0333,0.9667,1,26,"T,T,T,T,T,T,T,T,T,T,T,T,T,T,T,T,T,T,T,T,T,T,T,T,T,C,T,T,T,T","T,T,T,T,T,T,T,T,T,T,T,T,T,T,T,T,T,T,T,T,T,T,T,T,T,T,T,T,T,T",1.0,0.9762,0.1389,gpt-oss-20b,5,game_201
gpt-oss-20b__noise05__game_202,203,2026-02-12T14:43:25.216210,it,True,30,30,agent1,VLLMGptOss20B,egoista,0.05,180,0.0667,0.9333,2,"9,27","T,T,T,T,T,T,T,T,C,T,T,T,T,T,T,T,T,T,T,T,T,T,T,T,T,T,C,T,T,T","T,T,T,T,T,T,T,T,T,T,T,T,T,T,T,T,T,T,T,T,T,T,T,T,T,T,T,T,T,T",agent2,VLLMGptOss20B,cooperativo,0.05,240,0.2667,0.7333,2,"9,28","C,T,T,C,C,T,T,T,C,T,T,T,T,T,T,C,T,T,T,T,T,T,T,T,C,T,C,C,T,T","C,T,T,C,C,T,T,T,T,T,T,T,T,T,T,C,T,T,T,T,T,T,T,T,C,T,C,T,T,T",1.0,1.0,0.0278,gpt-oss-20b,5,game_202
gpt-oss-20b__noise05__game_203,204,2026-02-12T14:43:29.219072,it,True,30,30,agent1,VLLMGptOss20B,egoista,0.05,234,0.0333,0.9667,1,9,"T,T,T,T,T,T,T,T,C,T,T,T,T,T,T,T,T,T,T,T,T,T,T,T,T,T,T,T,T,T","T,T,T,T,T,T,T,T,T,T,T,T,T,T,T,T,T,T,T,T,T,T,T,T,T,T,T,T,T,T",agent2,VLLMGptOss20B,egoista,0.05,234,0.0333,0.9667,1,2,"T,C,T,T,T,T,T,T,T,T,T,T,T,T,T,T,T,T,T,T,T,T,T,T,T,T,T,T,T,T","T,T,T,T,T,T,T,T,T,T,T,T,T,T,T,T,T,T,T,T,T,T,T,T,T,T,T,T,T,T",1.0,1.0,0.0278,gpt-oss-20b,5,game_203
gpt-oss-20b__noise05__game_200,201,2026-02-12T14:50:07.611713,it,True,30,30,agent1,VLLMGptOss20B,cooperativo,0.05,144,0.5333,0.4667,3,"18,23,25","C,T,T,T,T,T,C,C,T,C,C,C,T,C,C,C,C,C,T,C,T,T,C,C,C,T,T,C,T,T","C,T,T,T,T,T,C,C,T,C,C,C,T,C,C,C,C,T,T,C,T,T,T,C,T,T,T,C,T,T",agent2,VLLMGptOss20B,cooperativo,0.05,144,0.5333,0.4667,1,25,"T,C,T,C,C,C,C,T,C,C,T,C,C,C,T,C,T,C,T,T,T,C,C,T,C,T,T,T,C,T","T,C,T,C,C,C,C,T,C,C,T,C,C,C,T,C,T,C,T,T,T,C,C,T,T,T,T,T,C,T",1.0,0.9762,0.0,gpt-oss-20b,5,game_200
gpt-oss-20b__noise05__game_204,205,2026-02-12T14:54:58.443134,it,True,30,30,agent1,VLLMGptOss20B,cooperativo,0.05,212,0.2,0.8,1,23,"C,T,C,C,T,T,T,T,T,T,T,T,T,T,T,T,C,T,T,T,C,T,C,T,T,T,T,T,T,T","C,T,C,C,T,T,T,T,T,T,T,T,T,T,T,T,C,T,T,T,C,T,T,T,T,T,T,T,T,T",agent2,VLLMGptOss20B,cooperativo,0.05,202,0.1667,0.8333,2,"11,27","C,C,C,T,T,T,T,T,T,T,C,T,T,T,T,T,T,T,T,T,T,T,T,C,T,T,T,T,T,T","C,C,C,T,T,T,T,T,T,T,T,T,T,T,T,T,T,T,T,T,T,T,T,C,T,T,C,T,T,T",1.0,0.9524,0.0,gpt-oss-20b,5,game_204
gpt-oss-20b__noise05__game_205,206,2026-02-12T14:55:32.336413,it,True,30,30,agent1,VLLMGptOss20B,cooperativo,0.05,240,0.2667,0.7333,4,"3,7,15,26","C,T,C,T,C,T,C,T,T,C,T,T,T,T,C,T,T,T,T,T,C,T,T,T,T,C,T,T,T,T","C,T,T,T,C,T,T,T,T,C,T,T,T,T,T,T,T,T,T,T,C,T,T,T,T,T,T,T,T,T",agent2,VLLMGptOss20B,egoista,0.05,180,0.0667,0.9333,1,4,"T,T,T,C,T,T,T,T,T,T,T,T,T,T,T,T,T,T,T,T,T,T,T,T,C,T,T,T,T,T","T,T,T,T,T,T,T,T,T,T,T,T,T,T,T,T,T,T,T,T,T,T,T,T,C,T,T,T,T,T",1.0,1.0,0.0,gpt-oss-20b,5,game_205
gpt-oss-20b__noise05__game_206,207,2026-02-12T14:56:42.002206,it,True,30,30,agent1,VLLMGptOss20B,egoista,0.05,164,0.2,0.8,5,"9,18,20,28,30","T,T,T,T,T,T,T,T,C,T,T,T,T,T,T,T,T,C,T,C,T,T,T,T,T,T,C,C,T,C","T,T,T,T,T,T,T,T,T,T,T,T,T,T,T,T,T,T,T,T,T,T,T,T,T,T,C,T,T,T",agent2,VLLMGptOss20B,cooperativo,0.05,214,0.3667,0.6333,3,"4,14,27","C,T,T,C,C,T,T,T,T,C,C,T,T,T,T,C,T,C,T,T,C,T,T,T,T,T,C,T,C,C","C,T,T,T,C,T,T,T,T,C,C,T,T,C,T,C,T,C,T,T,C,T,T,T,T,T,T,T,C,C",1.0,1.0,0.0278,gpt-oss-20b,5,game_206
gpt-oss-20b__noise05__game_207,208,2026-02-12T14:58:05.883013,it,True,30,30,agent1,VLLMGptOss20B,egoista,0.05,222,0.1,0.9,2,"6,13","T,T,T,T,T,C,T,T,T,T,T,T,C,T,T,T,T,T,T,T,T,T,T,T,T,T,T,T,T,C","T,T,T,T,T,T,T,T,T,T,T,T,T,T,T,T,T,T,T,T,T,T,T,T,T,T,T,T,T,C",agent2,VLLMGptOss20B,egoista,0.05,222,0.1,0.9,2,"9,10","T,T,T,T,T,T,T,T,C,C,T,T,T,T,C,T,T,T,T,T,T,T,T,T,T,T,T,T,T,T","T,T,T,T,T,T,T,T,T,T,T,T,T,T,C,T,T,T,T,T,T,T,T,T,T,T,T,T,T,T",1.0,0.9286,0.0556,gpt-oss-20b,5,game_207
gpt-oss-20b__noise05__game_211,212,2026-02-12T15:03:55.206783,it,True,30,30,agent1,VLLMGptOss20B,egoista,0.05,234,0.0333,0.9667,1,12,"T,T,T,T,T,T,T,T,T,T,T,C,T,T,T,T,T,T,T,T,T,T,T,T,T,T,T,T,T,T","T,T,T,T,T,T,T,T,T,T,T,T,T,T,T,T,T,T,T,T,T,T,T,T,T,T,T,T,T,T",agent2,VLLMGptOss20B,egoista,0.05,234,0.0333,0.9667,1,15,"T,T,T,T,T,T,T,T,T,T,T,T,T,T,C,T,T,T,T,T,T,T,T,T,T,T,T,T,T,T","T,T,T,T,T,T,T,T,T,T,T,T,T,T,T,T,T,T,T,T,T,T,T,T,T,T,T,T,T,T",1.0,1.0,0.1389,gpt-oss-20b,5,game_211
gpt-oss-20b__noise05__game_210,211,2026-02-12T15:04:31.889942,it,True,30,30,agent1,VLLMGptOss20B,egoista,0.05,232,0.1333,0.8667,3,"10,16,28","T,T,T,T,T,T,T,T,T,C,T,T,T,T,T,C,T,T,T,T,T,T,T,T,T,T,T,C,C,T","T,T,T,T,T,T,T,T,T,T,T,T,T,T,T,T,T,T,T,T,T,T,T,T,T,T,T,T,C,T",agent2,VLLMGptOss20B,cooperativo,0.05,212,0.0667,0.9333,1,9,"C,T,T,T,T,T,T,T,C,T,T,T,T,T,T,T,T,T,T,T,T,T,T,T,T,T,T,T,T,T","C,T,T,T,T,T,T,T,T,T,T,T,T,T,T,T,T,T,T,T,T,T,T,T,T,T,T,T,T,T",1.0,0.9762,0.0556,gpt-oss-20b,5,game_210
gpt-oss-20b__noise05__game_209,210,2026-02-12T15:07:35.502346,it,True,30,30,agent1,VLLMGptOss20B,cooperativo,0.05,252,0.3333,0.6667,2,"15,22","C,C,T,T,C,T,C,C,C,T,T,T,T,T,T,T,T,T,T,C,C,C,T,T,T,T,T,T,T,C","C,C,T,T,C,T,C,C,C,T,T,T,T,T,C,T,T,T,T,C,C,T,T,T,T,T,T,T,T,C",agent2,VLLMGptOss20B,egoista,0.05,162,0.0333,0.9667,1,28,"T,T,T,T,T,T,T,T,T,T,T,T,T,T,T,T,T,T,T,T,T,T,T,T,T,T,T,C,T,T","T,T,T,T,T,T,T,T,T,T,T,T,T,T,T,T,T,T,T,T,T,T,T,T,T,T,T,T,T,T",1.0,1.0,0.1389,gpt-oss-20b,5,game_209
gpt-oss-20b__noise05__game_208,209,2026-02-12T15:08:15.438731,it,True,30,30,agent1,VLLMGptOss20B,cooperativo,0.05,170,0.3,0.7,0,,"C,C,C,C,C,C,T,T,C,T,C,T,T,T,T,T,T,T,T,T,T,T,T,C,T,T,T,T,T,T","C,C,C,C,C,C,T,T,C,T,C,T,T,T,T,T,T,T,T,T,T,T,T,C,T,T,T,T,T,T",agent2,VLLMGptOss20B,cooperativo,0.05,190,0.3667,0.6333,2,"9,12","C,C,C,C,C,T,C,T,C,T,T,T,T,T,T,T,T,T,C,T,T,T,T,T,T,C,T,C,T,C","C,C,C,C,C,T,C,T,T,T,T,C,T,T,T,T,T,T,C,T,T,T,T,T,T,C,T,C,T,C",1.0,0.9524,0.0556,gpt-oss-20b,5,game_208
gpt-oss-20b__noise05__game_213,214,2026-02-12T15:13:10.634637,it,True,30,30,agent1,VLLMGptOss20B,cooperativo,0.05,226,0.1667,0.8333,3,"8,9,22","C,T,T,T,T,T,T,C,C,T,T,T,T,T,T,C,T,T,T,T,T,C,T,T,T,T,T,T,T,T","C,T,T,T,T,T,T,T,T,T,T,T,T,T,T,C,T,T,T,T,T,T,T,T,T,T,T,T,T,T",agent2,VLLMGptOss20B,egoista,0.05,206,0.1,0.9,2,"2,24","T,C,T,T,T,T,T,T,T,T,T,T,T,T,C,T,T,T,T,T,T,T,T,C,T,T,T,T,T,T","T,T,T,T,T,T,T,T,T,T,T,T,T,T,C,T,T,T,T,T,T,T,T,T,T,T,T,T,T,T",1.0,0.9762,0.0,gpt-oss-20b,5,game_213
gpt-oss-20b__noise05__game_212,213,2026-02-12T15:13:43.156271,it,True,30,30,agent1,VLLMGptOss20B,cooperativo,0.05,132,0.6,0.4,0,,"C,C,C,C,C,C,C,C,C,C,C,C,C,C,C,C,C,T,T,T,T,T,T,T,T,T,T,T,T,C","C,C,C,C,C,C,C,C,C,C,C,C,C,C,C,C,C,T,T,T,T,T,T,T,T,T,T,T,T,C",agent2,VLLMGptOss20B,cooperativo,0.05,132,0.6,0.4,0,,"C,C,C,C,C,C,C,C,C,C,C,C,C,C,C,C,C,C,T,T,T,T,T,T,T,T,T,T,T,T","C,C,C,C,C,C,C,C,C,C,C,C,C,C,C,C,C,C,T,T,T,T,T,T,T,T,T,T,T,T",1.0,0.9762,0.25,gpt-oss-20b,5,game_212
gpt-oss-20b__noise05__game_215,216,2026-02-12T15:14:21.614393,it,True,30,30,agent1,VLLMGptOss20B,egoista,0.05,242,0.0333,0.9667,0,,"T,T,T,T,T,T,T,T,T,T,T,T,T,T,T,T,T,T,T,T,C,T,T,T,T,T,T,T,T,T","T,T,T,T,T,T,T,T,T,T,T,T,T,T,T,T,T,T,T,T,C,T,T,T,T,T,T,T,T,T",agent2,VLLMGptOss20B,egoista,0.05,232,0.0,1.0,0,,"T,T,T,T,T,T,T,T,T,T,T,T,T,T,T,T,T,T,T,T,T,T,T,T,T,T,T,T,T,T","T,T,T,T,T,T,T,T,T,T,T,T,T,T,T,T,T,T,T,T,T,T,T,T,T,T,T,T,T,T",1.0,1.0,0.1944,gpt-oss-20b,5,game_215
gpt-oss-20b__noise05__game_214,215,2026-02-12T15:16:22.569115,it,True,30,30,agent1,VLLMGptOss20B,egoista,0.05,168,0.0,1.0,0,,"T,T,T,T,T,T,T,T,T,T,T,T,T,T,T,T,T,T,T,T,T,T,T,T,T,T,T,T,T,T","T,T,T,T,T,T,T,T,T,T,T,T,T,T,T,T,T,T,T,T,T,T,T,T,T,T,T,T,T,T",agent2,VLLMGptOss20B,cooperativo,0.05,258,0.3,0.7,3,"4,19,23","C,T,T,C,T,C,T,T,T,T,T,T,T,T,T,T,C,T,C,C,C,C,T,C,T,T,T,T,T,T","C,T,T,T,T,C,T,T,T,T,T,T,T,T,T,T,C,T,T,C,C,C,C,C,T,T,T,T,T,T",1.0,0.9762,0.1667,gpt-oss-20b,5,game_214
gpt-oss-20b__noise05__game_218,219,2026-02-12T15:22:13.291888,it,True,30,30,agent1,VLLMGptOss20B,egoista,0.05,218,0.0333,0.9667,1,30,"T,T,T,T,T,T,T,T,T,T,T,T,T,T,T,T,T,T,T,T,T,T,T,T,T,T,T,T,T,C","T,T,T,T,T,T,T,T,T,T,T,T,T,T,T,T,T,T,T,T,T,T,T,T,T,T,T,T,T,T",agent2,VLLMGptOss20B,cooperativo,0.05,238,0.1,0.9,2,"16,28","C,C,T,T,T,T,T,T,T,T,T,T,T,T,T,T,T,T,T,T,T,T,T,T,T,T,T,C,T,T","C,C,T,T,T,T,T,T,T,T,T,T,T,T,T,C,T,T,T,T,T,T,T,T,T,T,T,T,T,T",1.0,1.0,0.1389,gpt-oss-20b,5,game_218
gpt-oss-20b__noise05__game_216,217,2026-02-12T15:22:40.971152,it,True,30,30,agent1,VLLMGptOss20B,cooperativo,0.05,168,0.4,0.6,1,18,"C,C,C,C,C,C,C,C,C,C,T,T,T,T,T,T,T,C,T,T,T,T,T,T,T,T,T,C,T,T","C,C,C,C,C,C,C,C,C,C,T,T,T,T,T,T,T,T,T,T,T,T,T,T,T,T,T,C,T,T",agent2,VLLMGptOss20B,cooperativo,0.05,168,0.4,0.6,1,24,"C,C,C,C,C,C,C,C,C,T,T,T,T,T,T,T,T,C,T,T,T,T,T,C,T,T,T,T,C,T","C,C,C,C,C,C,C,C,C,T,T,T,T,T,T,T,T,C,T,T,T,T,T,T,T,T,T,T,C,T",1.0,0.9762,0.0556,gpt-oss-20b,5,game_216
gpt-oss-20b__noise05__game_217,218,2026-02-12T15:23:59.822246,it,True,30,30,agent1,VLLMGptOss20B,cooperativo,0.05,254,0.2333,0.7667,1,18,"C,T,T,T,C,T,T,T,T,T,T,C,T,T,T,T,T,C,T,T,T,C,T,T,T,T,C,C,T,T","C,T,T,T,C,T,T,T,T,T,T,C,T,T,T,T,T,T,T,T,T,C,T,T,T,T,C,C,T,T",agent2,VLLMGptOss20B,egoista,0.05,184,0.0,1.0,0,,"T,T,T,T,T,T,T,T,T,T,T,T,T,T,T,T,T,T,T,T,T,T,T,T,T,T,T,T,T,T","T,T,T,T,T,T,T,T,T,T,T,T,T,T,T,T,T,T,T,T,T,T,T,T,T,T,T,T,T,T",1.0,0.9286,0.1389,gpt-oss-20b,5,game_217
gpt-oss-20b__noise05__game_219,220,2026-02-12T15:26:49.307252,it,True,30,30,agent1,VLLMGptOss20B,egoista,0.05,230,0.1,0.9,3,"18,26,27","T,T,T,T,T,T,T,T,T,T,T,T,T,T,T,T,T,C,T,T,T,T,T,T,T,C,C,T,T,T","T,T,T,T,T,T,T,T,T,T,T,T,T,T,T,T,T,T,T,T,T,T,T,T,T,T,T,T,T,T",agent2,VLLMGptOss20B,egoista,0.05,220,0.0667,0.9333,1,22,"T,T,T,T,T,C,T,T,T,T,T,T,T,T,T,T,T,T,T,T,T,C,T,T,T,T,T,T,T,T","T,T,T,T,T,C,T,T,T,T,T,T,T,T,T,T,T,T,T,T,T,T,T,T,T,T,T,T,T,T",1.0,0.9524,0.1389,gpt-oss-20b,5,game_219
gpt-oss-20b__noise05__game_222,223,2026-02-12T15:32:11.560110,it,True,30,30,agent1,VLLMGptOss20B,egoista,0.05,202,0.0333,0.9667,1,16,"T,T,T,T,T,T,T,T,T,T,T,T,T,T,T,C,T,T,T,T,T,T,T,T,T,T,T,T,T,T","T,T,T,T,T,T,T,T,T,T,T,T,T,T,T,T,T,T,T,T,T,T,T,T,T,T,T,T,T,T",agent2,VLLMGptOss20B,cooperativo,0.05,242,0.1667,0.8333,3,"5,15,29","C,T,T,T,C,T,T,T,T,T,T,T,T,T,T,C,T,T,T,T,T,T,C,T,T,T,T,T,C,T","C,T,T,T,T,T,T,T,T,T,T,T,T,T,C,C,T,T,T,T,T,T,C,T,T,T,T,T,T,T",1.0,0.9762,0.0278,gpt-oss-20b,5,game_222
gpt-oss-20b__noise05__game_221,222,2026-02-12T15:32:12.381279,it,True,30,30,agent1,VLLMGptOss20B,cooperativo,0.05,242,0.1667,0.8333,3,"5,13,23","C,T,T,T,C,T,T,T,T,T,T,T,C,T,T,T,T,T,T,T,T,T,C,T,T,T,T,C,T,T","C,T,T,T,T,T,T,T,T,T,T,T,T,T,T,T,T,T,T,T,T,T,T,T,T,T,T,C,T,T",agent2,VLLMGptOss20B,egoista,0.05,202,0.0333,0.9667,0,,"T,T,T,T,T,T,T,T,T,T,T,T,T,T,T,T,T,C,T,T,T,T,T,T,T,T,T,T,T,T","T,T,T,T,T,T,T,T,T,T,T,T,T,T,T,T,T,C,T,T,T,T,T,T,T,T,T,T,T,T",1.0,1.0,0.1111,gpt-oss-20b,5,game_221
gpt-oss-20b__noise05__game_223,224,2026-02-12T15:33:36.199931,it,True,30,30,agent1,VLLMGptOss20B,egoista,0.05,236,0.0667,0.9333,2,"3,14","T,T,C,T,T,T,T,T,T,T,T,T,T,C,T,T,T,T,T,T,T,T,T,T,T,T,T,T,T,T","T,T,T,T,T,T,T,T,T,T,T,T,T,T,T,T,T,T,T,T,T,T,T,T,T,T,T,T,T,T",agent2,VLLMGptOss20B,egoista,0.05,226,0.0333,0.9667,1,22,"T,T,T,T,T,T,T,T,T,T,T,T,T,T,T,T,T,T,T,T,T,C,T,T,T,T,T,T,T,T","T,T,T,T,T,T,T,T,T,T,T,T,T,T,T,T,T,T,T,T,T,T,T,T,T,T,T,T,T,T",1.0,1.0,0.1111,gpt-oss-20b,5,game_223
gpt-oss-20b__noise05__game_220,221,2026-02-12T15:37:37.977514,it,True,30,30,agent1,VLLMGptOss20B,cooperativo,0.05,174,0.3667,0.6333,2,"13,30","C,T,C,T,T,T,T,C,T,C,C,T,C,C,T,T,T,C,T,C,T,T,T,C,T,T,T,T,T,C","C,T,C,T,T,T,T,C,T,C,C,T,T,C,T,T,T,C,T,C,T,T,T,C,T,T,T,T,T,T",agent2,VLLMGptOss20B,cooperativo,0.05,174,0.3667,0.6333,1,4,"C,C,T,C,T,T,C,T,T,T,T,C,C,C,T,T,C,C,T,T,C,T,T,T,C,T,T,T,T,T","C,C,T,T,T,T,C,T,T,T,T,C,C,C,T,T,C,C,T,T,C,T,T,T,C,T,T,T,T,T",1.0,0.9762,0.0,gpt-oss-20b,5,game_220
gpt-oss-20b__noise05__game_226,227,2026-02-12T15:41:02.493660,it,True,30,30,agent1,VLLMGptOss20B,egoista,0.05,202,0.0333,0.9667,1,2,"T,C,T,T,T,T,T,T,T,T,T,T,T,T,T,T,T,T,T,T,T,T,T,T,T,T,T,T,T,T","T,T,T,T,T,T,T,T,T,T,T,T,T,T,T,T,T,T,T,T,T,T,T,T,T,T,T,T,T,T",agent2,VLLMGptOss20B,cooperativo,0.05,242,0.1667,0.8333,1,25,"C,T,T,T,T,T,C,T,T,T,T,T,T,T,T,T,T,T,T,T,T,C,T,T,C,T,T,T,T,C","C,T,T,T,T,T,C,T,T,T,T,T,T,T,T,T,T,T,T,T,T,C,T,T,T,T,T,T,T,C",1.0,0.9524,0.0,gpt-oss-20b,5,game_226
gpt-oss-20b__noise05__game_225,226,2026-02-12T15:41:22.155366,it,True,30,30,agent1,VLLMGptOss20B,cooperativo,0.05,242,0.1667,0.8333,1,6,"C,T,C,T,T,C,T,T,T,T,T,T,T,T,T,C,C,T,T,T,T,T,T,T,T,T,T,T,T,T","C,T,C,T,T,T,T,T,T,T,T,T,T,T,T,C,C,T,T,T,T,T,T,T,T,T,T,T,T,T",agent2,VLLMGptOss20B,egoista,0.05,202,0.0333,0.9667,1,3,"T,T,C,T,T,T,T,T,T,T,T,T,T,T,T,T,T,T,T,T,T,T,T,T,T,T,T,T,T,T","T,T,T,T,T,T,T,T,T,T,T,T,T,T,T,T,T,T,T,T,T,T,T,T,T,T,T,T,T,T",1.0,0.9762,0.0,gpt-oss-20b,5,game_225
gpt-oss-20b__noise05__game_227,228,2026-02-12T15:42:16.333836,it,True,30,30,agent1,VLLMGptOss20B,egoista,0.05,242,0.0333,0.9667,1,21,"T,T,T,T,T,T,T,T,T,T,T,T,T,T,T,T,T,T,T,T,C,T,T,T,T,T,T,T,T,T","T,T,T,T,T,T,T,T,T,T,T,T,T,T,T,T,T,T,T,T,T,T,T,T,T,T,T,T,T,T",agent2,VLLMGptOss20B,egoista,0.05,232,0.0,1.0,0,,"T,T,T,T,T,T,T,T,T,T,T,T,T,T,T,T,T,T,T,T,T,T,T,T,T,T,T,T,T,T","T,T,T,T,T,T,T,T,T,T,T,T,T,T,T,T,T,T,T,T,T,T,T,T,T,T,T,T,T,T",1.0,1.0,0.2778,gpt-oss-20b,5,game_227
gpt-oss-20b__noise05__game_224,225,2026-02-12T15:47:52.630034,it,True,30,30,agent1,VLLMGptOss20B,cooperativo,0.05,128,0.6667,0.3333,1,1,"C,C,T,C,T,C,T,C,C,C,C,T,C,C,C,T,T,T,C,C,C,T,C,C,C,C,T,T,C,C","T,C,T,C,T,C,T,C,C,C,C,T,C,C,C,T,T,T,C,C,C,T,C,C,C,C,T,T,C,C",agent2,VLLMGptOss20B,cooperativo,0.05,118,0.6333,0.3667,1,4,"C,C,C,C,T,T,C,C,C,C,T,C,T,C,T,C,C,T,T,C,C,C,C,C,T,C,T,C,T,T","C,C,C,T,T,T,C,C,C,C,T,C,T,C,T,C,C,T,T,C,C,C,C,C,T,C,T,C,T,T",1.0,0.9524,0.0,gpt-oss-20b,5,game_224
gpt-oss-20b__noise05__game_229,230,2026-02-12T15:49:42.090204,it,True,30,30,agent1,VLLMGptOss20B,cooperativo,0.05,242,0.1667,0.8333,0,,"C,T,T,T,T,T,T,T,T,T,T,T,T,T,C,C,T,T,C,T,C,T,T,T,T,T,T,T,T,T","C,T,T,T,T,T,T,T,T,T,T,T,T,T,C,C,T,T,C,T,C,T,T,T,T,T,T,T,T,T",agent2,VLLMGptOss20B,egoista,0.05,202,0.0333,0.9667,1,15,"T,T,T,T,T,T,T,T,T,T,T,T,T,T,C,T,T,T,T,T,T,T,T,T,T,T,T,T,T,T","T,T,T,T,T,T,T,T,T,T,T,T,T,T,T,T,T,T,T,T,T,T,T,T,T,T,T,T,T,T",1.0,1.0,0.0556,gpt-oss-20b,5,game_229
gpt-oss-20b__noise05__game_228,229,2026-02-12T15:51:47.020011,it,True,30,30,agent1,VLLMGptOss20B,cooperativo,0.05,200,0.1333,0.8667,1,17,"C,C,C,T,T,T,T,T,T,T,T,T,T,T,T,T,C,T,T,T,T,T,T,T,T,T,T,T,T,T","C,C,C,T,T,T,T,T,T,T,T,T,T,T,T,T,T,T,T,T,T,T,T,T,T,T,T,T,T,T",agent2,VLLMGptOss20B,cooperativo,0.05,220,0.2,0.8,1,10,"C,C,T,T,T,T,T,T,T,C,T,T,T,T,C,T,T,T,T,T,C,T,T,T,T,T,T,T,C,T","C,C,T,T,T,T,T,T,T,T,T,T,T,T,C,T,T,T,T,T,C,T,T,T,T,T,T,T,C,T",1.0,1.0,0.0,gpt-oss-20b,5,game_228
gpt-oss-20b__noise05__game_230,231,2026-02-12T15:53:57.996054,it,True,30,30,agent1,VLLMGptOss20B,egoista,0.05,176,0.1333,0.8667,3,"16,18,19","T,T,T,T,T,T,T,T,T,T,T,T,T,T,T,C,T,C,C,T,T,T,T,T,T,T,T,T,T,C","T,T,T,T,T,T,T,T,T,T,T,T,T,T,T,T,T,T,T,T,T,T,T,T,T,T,T,T,T,C",agent2,VLLMGptOss20B,cooperativo,0.05,226,0.3,0.7,1,14,"C,T,T,T,T,T,C,C,T,C,T,C,T,C,T,T,T,T,T,T,T,T,T,T,T,C,C,T,C,T","C,T,T,T,T,T,C,C,T,C,T,C,T,T,T,T,T,T,T,T,T,T,T,T,T,C,C,T,C,T",0.9868,0.9762,0.0556,gpt-oss-20b,5,game_230
gpt-oss-20b__noise05__game_231,232,2026-02-12T15:54:50.240105,it,True,30,30,agent1,VLLMGptOss20B,egoista,0.05,236,0.0667,0.9333,2,"15,16","T,T,T,T,T,T,T,T,T,T,T,T,T,T,C,C,T,T,T,T,T,T,T,T,T,T,T,T,T,T","T,T,T,T,T,T,T,T,T,T,T,T,T,T,T,T,T,T,T,T,T,T,T,T,T,T,T,T,T,T",agent2,VLLMGptOss20B,egoista,0.05,226,0.0333,0.9667,1,30,"T,T,T,T,T,T,T,T,T,T,T,T,T,T,T,T,T,T,T,T,T,T,T,T,T,T,T,T,T,C","T,T,T,T,T,T,T,T,T,T,T,T,T,T,T,T,T,T,T,T,T,T,T,T,T,T,T,T,T,T",1.0,1.0,0.1389,gpt-oss-20b,5,game_231
gpt-oss-20b__noise05__game_233,234,2026-02-12T15:59:13.383700,it,True,30,30,agent1,VLLMGptOss20B,cooperativo,0.05,236,0.0667,0.9333,2,"7,15","T,T,T,T,T,T,T,T,T,C,T,T,T,T,C,T,T,T,T,T,T,T,T,T,T,T,T,T,T,T","T,T,T,T,T,T,C,T,T,C,T,T,T,T,T,T,T,T,T,T,T,T,T,T,T,T,T,T,T,T",agent2,VLLMGptOss20B,egoista,0.05,226,0.0333,0.9667,1,27,"T,T,T,T,T,T,T,T,T,T,T,T,T,T,T,T,T,T,T,T,T,T,T,T,T,T,C,T,T,T","T,T,T,T,T,T,T,T,T,T,T,T,T,T,T,T,T,T,T,T,T,T,T,T,T,T,T,T,T,T",1.0,0.9524,0.1667,gpt-oss-20b,5,game_233
gpt-oss-20b__noise05__game_235,236,2026-02-12T16:02:45.892870,it,True,30,30,agent1,VLLMGptOss20B,egoista,0.05,238,0.1,0.9,3,"6,22,30","T,T,T,T,T,C,T,T,T,T,T,T,T,T,T,T,T,T,T,T,T,C,T,T,T,T,T,T,T,C","T,T,T,T,T,T,T,T,T,T,T,T,T,T,T,T,T,T,T,T,T,T,T,T,T,T,T,T,T,T",agent2,VLLMGptOss20B,egoista,0.05,218,0.0333,0.9667,0,,"T,T,T,T,T,T,T,T,C,T,T,T,T,T,T,T,T,T,T,T,T,T,T,T,T,T,T,T,T,T","T,T,T,T,T,T,T,T,C,T,T,T,T,T,T,T,T,T,T,T,T,T,T,T,T,T,T,T,T,T",1.0,0.9524,0.0,gpt-oss-20b,5,game_235
gpt-oss-20b__noise05__game_232,233,2026-02-12T16:03:20.882286,it,True,30,30,agent1,VLLMGptOss20B,cooperativo,0.05,106,0.5667,0.4333,0,,"C,T,C,C,C,C,C,C,C,C,T,C,C,T,C,C,C,C,T,T,C,C,T,T,T,T,T,T,T,T","C,T,C,C,C,C,C,C,C,C,T,C,C,T,C,C,C,C,T,T,C,C,T,T,T,T,T,T,T,T",agent2,VLLMGptOss20B,cooperativo,0.05,146,0.7,0.3,1,21,"C,C,C,C,C,C,C,C,C,T,C,T,T,C,C,C,C,T,C,C,C,T,T,T,T,C,T,C,C,C","C,C,C,C,C,C,C,C,C,T,C,T,T,C,C,C,C,T,C,C,T,T,T,T,T,C,T,C,C,C",1.0,0.9524,0.0556,gpt-oss-20b,5,game_232
gpt-oss-20b__noise05__game_234,235,2026-02-12T16:03:55.047990,it,True,30,30,agent1,VLLMGptOss20B,egoista,0.05,210,0.1667,0.8333,3,"9,11,23","T,C,T,T,C,T,T,T,C,T,C,T,T,T,T,T,T,T,T,T,T,T,C,T,T,T,T,T,T,T","T,C,T,T,C,T,T,T,T,T,T,T,T,T,T,T,T,T,T,T,T,T,T,T,T,T,T,T,T,T",agent2,VLLMGptOss20B,cooperativo,0.05,210,0.1667,0.8333,0,,"C,T,C,C,C,T,T,T,T,T,T,T,T,T,T,T,T,T,T,T,C,T,T,T,T,T,T,T,T,T","C,T,C,C,C,T,T,T,T,T,T,T,T,T,T,T,T,T,T,T,C,T,T,T,T,T,T,T,T,T",1.0,0.9762,0.0,gpt-oss-20b,5,game_234
gpt-oss-20b__noise05__game_236,237,2026-02-12T16:09:27.523320,it,True,30,30,agent1,VLLMGptOss20B,cooperativo,0.05,122,0.7,0.3,2,"9,29","C,C,C,C,C,C,C,C,T,C,C,C,C,C,C,C,C,C,C,T,C,T,T,T,C,T,T,T,C,T","C,C,C,C,C,C,C,C,C,C,C,C,C,C,C,C,C,C,C,T,C,T,T,T,C,T,T,T,T,T",agent2,VLLMGptOss20B,cooperativo,0.05,112,0.6667,0.3333,3,"1,20,22","T,C,C,C,C,C,C,C,C,C,C,C,C,C,T,C,C,C,C,T,C,T,T,T,C,T,T,T,T,C","C,C,C,C,C,C,C,C,C,C,C,C,C,C,T,C,C,C,C,C,C,C,T,T,C,T,T,T,T,C",1.0,0.9048,0.0556,gpt-oss-20b,5,game_236
gpt-oss-20b__noise05__game_239,240,2026-02-12T16:10:07.085110,it,True,30,30,agent1,VLLMGptOss20B,egoista,0.05,240,0.0,1.0,0,,"T,T,T,T,T,T,T,T,T,T,T,T,T,T,T,T,T,T,T,T,T,T,T,T,T,T,T,T,T,T","T,T,T,T,T,T,T,T,T,T,T,T,T,T,T,T,T,T,T,T,T,T,T,T,T,T,T,T,T,T",agent2,VLLMGptOss20B,egoista,0.05,240,0.0,1.0,0,,"T,T,T,T,T,T,T,T,T,T,T,T,T,T,T,T,T,T,T,T,T,T,T,T,T,T,T,T,T,T","T,T,T,T,T,T,T,T,T,T,T,T,T,T,T,T,T,T,T,T,T,T,T,T,T,T,T,T,T,T",1.0,0.9762,0.2778,gpt-oss-20b,5,game_239
gpt-oss-20b__noise05__game_238,239,2026-02-12T16:10:45.017919,it,True,30,30,agent1,VLLMGptOss20B,egoista,0.05,224,0.0,1.0,0,,"T,T,T,T,T,T,T,T,T,T,T,T,T,T,T,T,T,T,T,T,T,T,T,T,T,T,T,T,T,T","T,T,T,T,T,T,T,T,T,T,T,T,T,T,T,T,T,T,T,T,T,T,T,T,T,T,T,T,T,T",agent2,VLLMGptOss20B,cooperativo,0.05,244,0.0667,0.9333,1,27,"C,T,T,T,T,T,T,T,T,T,T,T,T,T,T,T,T,T,T,T,T,T,T,T,T,T,C,T,T,T","C,T,T,T,T,T,T,T,T,T,T,T,T,T,T,T,T,T,T,T,T,T,T,T,T,T,T,T,T,T",1.0,1.0,0.1389,gpt-oss-20b,5,game_238
gpt-oss-20b__noise05__game_237,238,2026-02-12T16:12:25.729941,it,True,30,30,agent1,VLLMGptOss20B,cooperativo,0.05,250,0.1667,0.8333,0,,"C,C,T,T,T,T,C,T,T,C,T,T,T,T,T,T,T,T,T,T,T,T,T,T,T,C,T,T,T,T","C,C,T,T,T,T,C,T,T,C,T,T,T,T,T,T,T,T,T,T,T,T,T,T,T,C,T,T,T,T",agent2,VLLMGptOss20B,egoista,0.05,200,0.0,1.0,0,,"T,T,T,T,T,T,T,T,T,T,T,T,T,T,T,T,T,T,T,T,T,T,T,T,T,T,T,T,T,T","T,T,T,T,T,T,T,T,T,T,T,T,T,T,T,T,T,T,T,T,T,T,T,T,T,T,T,T,T,T",1.0,0.9762,0.1389,gpt-oss-20b,5,game_237
